{
  "latest_date": "2026-04-08",
  "latest_values": {
    "Shanghai_Composite_Index": 3880.096923828125,
    "CSI_300_Index": 4440.7900390625,
    "Shenzhen_Component_Index": 13352.900390625,
    "ALUMINUM_future": 3412.5,
    "BTC_price": 71736.9296875,
    "OIL_price": 96.20999908447266,
    "USD_CNY_exchange_rate": 6.882299900054932,
    "Commodity_Index_ETF": 29.479999542236328,
    "US_Dollar_Index": 98.85900115966797,
    "ETH_price": 2242.75390625,
    "GOLD_spot_price": 4842.7998046875,
    "LEAN_HOGS_future": 90.7750015258789,
    "COPPER_future": 5.715000152587891,
    "High_Yield_Bond_ETF": 79.69999694824219,
    "LIVE_CATTLE_future": 248.1999969482422,
    "GOLD_near_month_future": 4842.7001953125,
    "NATURAL_GAS_future": 2.744999885559082,
    "PLATINUM_future": 2043.0,
    "SILVER_future": 76.96499633789062,
    "Long_Term_Treasury_ETF": 86.6500015258789,
    "CORN_future": 444.25,
    "SOYBEANS_future": 1156.0,
    "WHEAT_future": 580.75,
    "SP500_close": 6611.830078125,
    "NASDAQ_close": 21996.33984375,
    "US_10Y_Treasury_Yield": 4.335000038146973,
    "VIX_close": 24.170000076293945,
    "GOLD_basis_spot_vs_near": 0.099609375,
    "China_10Y_Treasury_Yield": 1.8171
  }
}