{
  "latest_date": "2026-05-06",
  "latest_values": {
    "Shanghai_Composite_Index": 4160.173828125,
    "CSI_300_Index": 4877.09326171875,
    "Shenzhen_Component_Index": 15459.6162109375,
    "ALUMINUM_future": 3491.5,
    "BTC_price": 80927.0546875,
    "OIL_price": 94.37999725341797,
    "USD_CNY_exchange_rate": 6.811500072479248,
    "Commodity_Index_ETF": 31.200000762939453,
    "US_Dollar_Index": 97.8949966430664,
    "ETH_price": 2361.1826171875,
    "GOLD_spot_price": 4699.5,
    "LEAN_HOGS_future": 92.80000305175781,
    "COPPER_future": 6.19950008392334,
    "High_Yield_Bond_ETF": 79.91999816894531,
    "LIVE_CATTLE_future": 253.22500610351562,
    "GOLD_near_month_future": 4699.2001953125,
    "NATURAL_GAS_future": 2.734999895095825,
    "PLATINUM_future": 2033.5,
    "SILVER_future": 77.13500213623047,
    "Long_Term_Treasury_ETF": 85.43000030517578,
    "CORN_future": 472.25,
    "SOYBEANS_future": 1206.0,
    "WHEAT_future": 613.25,
    "SP500_close": 7259.22021484375,
    "NASDAQ_close": 25326.130859375,
    "US_10Y_Treasury_Yield": 4.3580002784729,
    "VIX_close": 16.530000686645508,
    "GOLD_basis_spot_vs_near": 0.2998046875,
    "China_10Y_Treasury_Yield": 1.7654
  }
}