{
  "latest_date": "2026-02-23",
  "latest_values": {
    "Shanghai_Composite_Index": 4082.072998046875,
    "CSI_300_Index": 4660.41015625,
    "Shenzhen_Component_Index": 14100.1904296875,
    "ALUMINUM_future": 3068.5,
    "BTC_price": 66379.484375,
    "OIL_price": 66.16000366210938,
    "USD_CNY_exchange_rate": 6.903200149536133,
    "Commodity_Index_ETF": 24.600000381469727,
    "US_Dollar_Index": 97.65899658203125,
    "ETH_price": 1923.37744140625,
    "GOLD_spot_price": 5168.5,
    "LEAN_HOGS_future": 84.42500305175781,
    "COPPER_future": 5.8404998779296875,
    "High_Yield_Bond_ETF": 81.0,
    "LIVE_CATTLE_future": 246.5749969482422,
    "GOLD_near_month_future": 5168.5,
    "NATURAL_GAS_future": 3.0320000648498535,
    "PLATINUM_future": 2174.10009765625,
    "SILVER_future": 86.6050033569336,
    "Long_Term_Treasury_ETF": 89.41000366210938,
    "CORN_future": 438.75,
    "SOYBEANS_future": 1147.0,
    "WHEAT_future": 576.5,
    "SP500_close": 6909.509765625,
    "NASDAQ_close": 22886.0703125,
    "US_10Y_Treasury_Yield": 4.085999965667725,
    "VIX_close": 19.90999984741211,
    "GOLD_basis_spot_vs_near": 0.0,
    "China_10Y_Treasury_Yield": 1.7899
  }
}