{
  "latest_date": "2026-06-29",
  "latest_values": {
    "Shanghai_Composite_Index": 4027.264892578125,
    "CSI_300_Index": 4868.22021484375,
    "Shenzhen_Component_Index": 15782.2197265625,
    "ALUMINUM_future": 3264.5,
    "BTC_price": 60156.8515625,
    "OIL_price": 70.69999694824219,
    "USD_CNY_exchange_rate": 6.789999961853027,
    "Commodity_Index_ETF": 26.6200008392334,
    "US_Dollar_Index": 101.10199737548828,
    "ETH_price": 1594.27001953125,
    "GOLD_spot_price": 4039.39990234375,
    "LEAN_HOGS_future": 97.0250015258789,
    "COPPER_future": 6.168499946594238,
    "High_Yield_Bond_ETF": 79.98500061035156,
    "LIVE_CATTLE_future": 242.85000610351562,
    "GOLD_near_month_future": 4039.0,
    "NATURAL_GAS_future": 3.187000036239624,
    "PLATINUM_future": 1589.5999755859375,
    "SILVER_future": 58.650001525878906,
    "Long_Term_Treasury_ETF": 87.40809631347656,
    "CORN_future": 428.0,
    "SOYBEANS_future": 1138.25,
    "WHEAT_future": 581.75,
    "SP500_close": 7423.580078125,
    "NASDAQ_close": 25718.810546875,
    "US_10Y_Treasury_Yield": 4.377999782562256,
    "VIX_close": 17.8700008392334,
    "GOLD_basis_spot_vs_near": 0.39990234375,
    "China_10Y_Treasury_Yield": 1.717
  }
}