{
  "latest_date": "2025-11-05",
  "latest_values": {
    "Shanghai_Composite_Index": 3976.52099609375,
    "CSI_300_Index": 4653.39990234375,
    "Shenzhen_Component_Index": 13404.0595703125,
    "ALUMINUM_future": 2812.0,
    "BTC_price": 101746.9609375,
    "OIL_price": 60.52000045776367,
    "USD_CNY_exchange_rate": 7.125400066375732,
    "Commodity_Index_ETF": 22.889999389648438,
    "US_Dollar_Index": 100.16600036621094,
    "ETH_price": 3319.051513671875,
    "GOLD_spot_price": 3981.300048828125,
    "LEAN_HOGS_future": 80.8499984741211,
    "COPPER_future": 4.946499824523926,
    "High_Yield_Bond_ETF": 80.1500015258789,
    "LIVE_CATTLE_future": 227.39999389648438,
    "GOLD_near_month_future": 3981.39990234375,
    "PLATINUM_future": 1542.699951171875,
    "SILVER_future": 47.529998779296875,
    "Long_Term_Treasury_ETF": 89.94000244140625,
    "CORN_future": 431.5,
    "SOYBEANS_future": 1131.25,
    "WHEAT_future": 550.0,
    "SP500_close": 6771.5498046875,
    "NASDAQ_close": 23348.63671875,
    "US_10Y_Treasury_Yield": 4.0889997482299805,
    "VIX_close": 19.0,
    "GOLD_basis_spot_vs_near": -0.099853515625,
    "China_10Y_Treasury_Yield": 1.7984
  }
}