{
  "latest_date": "2025-10-22",
  "latest_values": {
    "Shanghai_Composite_Index": 3913.757568359375,
    "CSI_300_Index": 4592.56982421875,
    "Shenzhen_Component_Index": 12996.6083984375,
    "ALUMINUM_future": 2755.5,
    "BTC_price": 107453.4296875,
    "OIL_price": 59.380001068115234,
    "USD_CNY_exchange_rate": 7.125199794769287,
    "Commodity_Index_ETF": 22.459999084472656,
    "US_Dollar_Index": 98.88800048828125,
    "ETH_price": 3755.6142578125,
    "GOLD_spot_price": 4116.60009765625,
    "LEAN_HOGS_future": 82.375,
    "COPPER_future": 5.005000114440918,
    "High_Yield_Bond_ETF": 80.68000030517578,
    "LIVE_CATTLE_future": 239.97500610351562,
    "GOLD_near_month_future": 4116.60009765625,
    "NATURAL_GAS_future": 3.438999891281128,
    "PLATINUM_future": 1577.9000244140625,
    "SILVER_future": 48.18000030517578,
    "Long_Term_Treasury_ETF": 92.05999755859375,
    "CORN_future": 423.75,
    "SOYBEANS_future": 1049.75,
    "WHEAT_future": 503.75,
    "SP500_close": 6699.39990234375,
    "NASDAQ_close": 22740.396484375,
    "US_10Y_Treasury_Yield": 3.9529998302459717,
    "VIX_close": 18.600000381469727,
    "GOLD_basis_spot_vs_near": 0.0,
    "China_10Y_Treasury_Yield": 1.8293
  }
}