{
  "latest_date": "2025-11-26",
  "latest_values": {
    "Shanghai_Composite_Index": 3870.02294921875,
    "CSI_300_Index": 4490.41015625,
    "Shenzhen_Component_Index": 12777.3095703125,
    "ALUMINUM_future": 2740.5,
    "BTC_price": 87781.9375,
    "OIL_price": 58.099998474121094,
    "USD_CNY_exchange_rate": 7.079500198364258,
    "Commodity_Index_ETF": 22.520000457763672,
    "US_Dollar_Index": 99.70099639892578,
    "ETH_price": 2943.962890625,
    "GOLD_spot_price": 4184.89990234375,
    "LEAN_HOGS_future": 78.44999694824219,
    "COPPER_future": 5.124499797821045,
    "High_Yield_Bond_ETF": 80.87000274658203,
    "LIVE_CATTLE_future": 207.0,
    "GOLD_near_month_future": 4185.10009765625,
    "NATURAL_GAS_future": 4.535999774932861,
    "PLATINUM_future": 1566.4000244140625,
    "SILVER_future": 52.30500030517578,
    "Long_Term_Treasury_ETF": 90.23999786376953,
    "CORN_future": 438.75,
    "SOYBEANS_future": 1126.75,
    "WHEAT_future": 537.75,
    "SP500_close": 6765.8798828125,
    "NASDAQ_close": 23025.58984375,
    "US_10Y_Treasury_Yield": 4.001999855041504,
    "VIX_close": 18.559999465942383,
    "GOLD_basis_spot_vs_near": -0.2001953125,
    "China_10Y_Treasury_Yield": 1.8301
  }
}