{
  "latest_date": "2025-10-07",
  "latest_values": {
    "Shanghai_Composite_Index": 3882.777099609375,
    "CSI_300_Index": 4640.68994140625,
    "Shenzhen_Component_Index": 13526.509765625,
    "ALUMINUM_future": 2663.0,
    "BTC_price": 124149.1015625,
    "OIL_price": 61.459999084472656,
    "USD_CNY_exchange_rate": 7.11899995803833,
    "Commodity_Index_ETF": 22.639999389648438,
    "US_Dollar_Index": 98.43599700927734,
    "ETH_price": 4681.26171875,
    "GOLD_spot_price": 3978.300048828125,
    "LEAN_HOGS_future": 87.25,
    "COPPER_future": 5.058000087738037,
    "High_Yield_Bond_ETF": 80.86000061035156,
    "LIVE_CATTLE_future": 236.625,
    "GOLD_near_month_future": 3978.39990234375,
    "NATURAL_GAS_future": 3.4040000438690186,
    "PLATINUM_future": 1645.800048828125,
    "SILVER_future": 48.15999984741211,
    "Long_Term_Treasury_ETF": 88.66999816894531,
    "CORN_future": 422.25,
    "SOYBEANS_future": 1037.75,
    "WHEAT_future": 512.75,
    "SP500_close": 6740.27978515625,
    "NASDAQ_close": 22941.669921875,
    "US_10Y_Treasury_Yield": 4.1620001792907715,
    "VIX_close": 16.549999237060547,
    "GOLD_basis_spot_vs_near": -0.099853515625,
    "China_10Y_Treasury_Yield": 1.8605
  }
}