{
  "latest_date": "2026-03-30",
  "latest_values": {
    "Shanghai_Composite_Index": 3923.286865234375,
    "CSI_300_Index": 4491.9501953125,
    "Shenzhen_Component_Index": 13726.1904296875,
    "ALUMINUM_future": 3337.0,
    "BTC_price": 67793.9375,
    "OIL_price": 100.87999725341797,
    "USD_CNY_exchange_rate": 6.910699844360352,
    "Commodity_Index_ETF": 29.100000381469727,
    "US_Dollar_Index": 100.30599975585938,
    "ETH_price": 2070.791259765625,
    "GOLD_spot_price": 4589.60009765625,
    "LEAN_HOGS_future": 90.7750015258789,
    "COPPER_future": 5.53000020980835,
    "High_Yield_Bond_ETF": 78.72000122070312,
    "LIVE_CATTLE_future": 238.5,
    "GOLD_near_month_future": 4589.2001953125,
    "NATURAL_GAS_future": 2.9159998893737793,
    "PLATINUM_future": 1932.300048828125,
    "SILVER_future": 71.30999755859375,
    "Long_Term_Treasury_ETF": 85.63999938964844,
    "CORN_future": 461.25,
    "SOYBEANS_future": 1164.25,
    "WHEAT_future": 599.25,
    "SP500_close": 6368.85009765625,
    "NASDAQ_close": 20948.359375,
    "US_10Y_Treasury_Yield": 4.440000057220459,
    "VIX_close": 30.610000610351562,
    "GOLD_basis_spot_vs_near": 0.39990234375,
    "China_10Y_Treasury_Yield": 1.8063
  }
}