{
  "latest_date": "2026-01-29",
  "latest_values": {
    "Shanghai_Composite_Index": 4157.984375,
    "CSI_300_Index": 4753.86962890625,
    "Shenzhen_Component_Index": 14300.076171875,
    "ALUMINUM_future": 3208.0,
    "BTC_price": 83800.5546875,
    "OIL_price": 65.44000244140625,
    "USD_CNY_exchange_rate": 6.947500228881836,
    "Commodity_Index_ETF": 25.15999984741211,
    "US_Dollar_Index": 96.2750015258789,
    "ETH_price": 2788.7109375,
    "GOLD_spot_price": 5339.39990234375,
    "LEAN_HOGS_future": 87.7249984741211,
    "COPPER_future": 6.197999954223633,
    "High_Yield_Bond_ETF": 81.0250015258789,
    "LIVE_CATTLE_future": 235.4499969482422,
    "GOLD_near_month_future": 5339.2998046875,
    "NATURAL_GAS_future": 3.8910000324249268,
    "PLATINUM_future": 2597.199951171875,
    "SILVER_future": 113.68000030517578,
    "Long_Term_Treasury_ETF": 87.6500015258789,
    "CORN_future": 431.0,
    "SOYBEANS_future": 1072.0,
    "WHEAT_future": 541.75,
    "SP500_close": 6941.89013671875,
    "NASDAQ_close": 23554.255859375,
    "US_10Y_Treasury_Yield": 4.224999904632568,
    "VIX_close": 17.25,
    "GOLD_basis_spot_vs_near": 0.10009765625,
    "China_10Y_Treasury_Yield": 1.8174
  }
}