{
  "latest_date": "2025-11-05",
  "latest_values": {
    "Shanghai_Composite_Index": 3960.18603515625,
    "CSI_300_Index": 4618.7001953125,
    "Shenzhen_Component_Index": 13175.2197265625,
    "ALUMINUM_future": 2812.0,
    "BTC_price": 101726.1328125,
    "OIL_price": 60.209999084472656,
    "USD_CNY_exchange_rate": 7.127200126647949,
    "Commodity_Index_ETF": 22.889999389648438,
    "US_Dollar_Index": 100.13800048828125,
    "ETH_price": 3315.228759765625,
    "GOLD_spot_price": 3961.39990234375,
    "LEAN_HOGS_future": 79.82499694824219,
    "COPPER_future": 4.945499897003174,
    "High_Yield_Bond_ETF": 80.1500015258789,
    "LIVE_CATTLE_future": 227.39999389648438,
    "GOLD_near_month_future": 3961.5,
    "NATURAL_GAS_future": 4.315999984741211,
    "PLATINUM_future": 1539.4000244140625,
    "SILVER_future": 47.244998931884766,
    "Long_Term_Treasury_ETF": 89.94000244140625,
    "CORN_future": 429.75,
    "SOYBEANS_future": 1122.5,
    "WHEAT_future": 546.75,
    "SP500_close": 6771.5498046875,
    "NASDAQ_close": 23348.640625,
    "US_10Y_Treasury_Yield": 4.089000225067139,
    "VIX_close": 19.0,
    "GOLD_basis_spot_vs_near": -0.10009765625,
    "China_10Y_Treasury_Yield": 1.7984
  }
}