{
  "latest_date": "2026-02-18",
  "latest_values": {
    "Shanghai_Composite_Index": 4082.072998046875,
    "CSI_300_Index": 4660.41015625,
    "Shenzhen_Component_Index": 14100.1904296875,
    "ALUMINUM_future": 3023.25,
    "BTC_price": 67787.5,
    "OIL_price": 62.36000061035156,
    "USD_CNY_exchange_rate": 6.903200149536133,
    "Commodity_Index_ETF": 23.59000015258789,
    "US_Dollar_Index": 97.2229995727539,
    "ETH_price": 2000.4393310546875,
    "GOLD_spot_price": 4952.89990234375,
    "LEAN_HOGS_future": 92.2249984741211,
    "COPPER_future": 5.70550012588501,
    "High_Yield_Bond_ETF": 80.80999755859375,
    "LIVE_CATTLE_future": 242.625,
    "GOLD_near_month_future": 4953.0,
    "NATURAL_GAS_future": 3.009999990463257,
    "PLATINUM_future": 2065.0,
    "SILVER_future": 75.69000244140625,
    "Long_Term_Treasury_ETF": 89.87000274658203,
    "CORN_future": 427.5,
    "SOYBEANS_future": 1154.75,
    "WHEAT_future": 543.75,
    "SP500_close": 6843.22021484375,
    "NASDAQ_close": 22578.380859375,
    "US_10Y_Treasury_Yield": 4.052000045776367,
    "VIX_close": 20.290000915527344,
    "GOLD_basis_spot_vs_near": -0.10009765625,
    "China_10Y_Treasury_Yield": 1.7899
  }
}