{
  "latest_date": "2026-04-29",
  "latest_values": {
    "Shanghai_Composite_Index": 4107.51416015625,
    "CSI_300_Index": 4810.3466796875,
    "Shenzhen_Component_Index": 15120.9228515625,
    "ALUMINUM_future": 3444.5,
    "BTC_price": 75974.25,
    "OIL_price": 105.56999969482422,
    "USD_CNY_exchange_rate": 6.822800159454346,
    "Commodity_Index_ETF": 30.90999984741211,
    "US_Dollar_Index": 98.81700134277344,
    "ETH_price": 2275.199951171875,
    "GOLD_spot_price": 4555.89990234375,
    "LEAN_HOGS_future": 103.1500015258789,
    "COPPER_future": 5.94950008392334,
    "High_Yield_Bond_ETF": 80.21499633789062,
    "LIVE_CATTLE_future": 254.5,
    "GOLD_near_month_future": 4556.10009765625,
    "NATURAL_GAS_future": 2.6489999294281006,
    "PLATINUM_future": 1891.5999755859375,
    "SILVER_future": 72.08499908447266,
    "Long_Term_Treasury_ETF": 85.79000091552734,
    "CORN_future": 476.5,
    "SOYBEANS_future": 1194.0,
    "WHEAT_future": 658.75,
    "SP500_close": 7128.490234375,
    "NASDAQ_close": 24660.732421875,
    "US_10Y_Treasury_Yield": 4.395999908447266,
    "VIX_close": 18.170000076293945,
    "GOLD_basis_spot_vs_near": -0.2001953125,
    "China_10Y_Treasury_Yield": 1.7444
  }
}