{
  "latest_date": "2026-03-20",
  "latest_values": {
    "Shanghai_Composite_Index": 4062.98388671875,
    "CSI_300_Index": 4658.330078125,
    "Shenzhen_Component_Index": 14187.7998046875,
    "ALUMINUM_future": 3199.25,
    "BTC_price": 70466.8828125,
    "OIL_price": 93.66000366210938,
    "USD_CNY_exchange_rate": 6.89109992980957,
    "Commodity_Index_ETF": 28.84000015258789,
    "US_Dollar_Index": 99.38400268554688,
    "ETH_price": 2147.01904296875,
    "GOLD_spot_price": 4700.7998046875,
    "LEAN_HOGS_future": 104.7249984741211,
    "COPPER_future": 5.53849983215332,
    "High_Yield_Bond_ETF": 79.66000366210938,
    "LIVE_CATTLE_future": 231.75,
    "GOLD_near_month_future": 4700.2998046875,
    "NATURAL_GAS_future": 3.131999969482422,
    "PLATINUM_future": 2004.300048828125,
    "SILVER_future": 74.1449966430664,
    "Long_Term_Treasury_ETF": 87.48999786376953,
    "CORN_future": 467.75,
    "SOYBEANS_future": 1169.5,
    "WHEAT_future": 606.5,
    "SP500_close": 6606.490234375,
    "NASDAQ_close": 22090.69140625,
    "US_10Y_Treasury_Yield": 4.281000137329102,
    "VIX_close": 24.059999465942383,
    "GOLD_basis_spot_vs_near": 0.5,
    "China_10Y_Treasury_Yield": 1.8252
  }
}