{
  "latest_date": "2026-03-26",
  "latest_values": {
    "Shanghai_Composite_Index": 3931.8369140625,
    "CSI_300_Index": 4537.47021484375,
    "Shenzhen_Component_Index": 13801.0,
    "ALUMINUM_future": 3152.5,
    "BTC_price": 71296.453125,
    "OIL_price": 91.44000244140625,
    "USD_CNY_exchange_rate": 6.901599884033203,
    "Commodity_Index_ETF": 28.170000076293945,
    "US_Dollar_Index": 99.63099670410156,
    "ETH_price": 2167.26220703125,
    "GOLD_spot_price": 4530.7001953125,
    "LEAN_HOGS_future": 104.1500015258789,
    "COPPER_future": 5.513000011444092,
    "High_Yield_Bond_ETF": 79.41999816894531,
    "LIVE_CATTLE_future": 233.77499389648438,
    "GOLD_near_month_future": 4530.7001953125,
    "NATURAL_GAS_future": 2.9179999828338623,
    "PLATINUM_future": 1914.800048828125,
    "SILVER_future": 71.58999633789062,
    "Long_Term_Treasury_ETF": 86.83999633789062,
    "CORN_future": 466.75,
    "SOYBEANS_future": 1174.25,
    "WHEAT_future": 599.25,
    "SP500_close": 6591.89990234375,
    "NASDAQ_close": 21929.826171875,
    "US_10Y_Treasury_Yield": 4.328000068664551,
    "VIX_close": 25.329999923706055,
    "GOLD_basis_spot_vs_near": 0.0,
    "China_10Y_Treasury_Yield": 1.8233
  }
}