{
  "latest_date": "2026-04-15",
  "latest_values": {
    "Shanghai_Composite_Index": 4027.20947265625,
    "CSI_300_Index": 4685.24658203125,
    "Shenzhen_Component_Index": 14498.455078125,
    "ALUMINUM_future": 3521.25,
    "BTC_price": 73923.4921875,
    "OIL_price": 92.62000274658203,
    "USD_CNY_exchange_rate": 6.8302998542785645,
    "Commodity_Index_ETF": 28.84000015258789,
    "US_Dollar_Index": 98.21299743652344,
    "ETH_price": 2314.60009765625,
    "GOLD_spot_price": 4820.0,
    "LEAN_HOGS_future": 90.5,
    "COPPER_future": 6.079999923706055,
    "High_Yield_Bond_ETF": 80.5,
    "LIVE_CATTLE_future": 252.5500030517578,
    "GOLD_near_month_future": 4819.7001953125,
    "NATURAL_GAS_future": 2.5910000801086426,
    "PLATINUM_future": 2114.800048828125,
    "SILVER_future": 78.68000030517578,
    "Long_Term_Treasury_ETF": 87.20999908447266,
    "CORN_future": 447.0,
    "SOYBEANS_future": 1164.25,
    "WHEAT_future": 597.0,
    "SP500_close": 6967.3798828125,
    "NASDAQ_close": 23639.080078125,
    "US_10Y_Treasury_Yield": 4.25600004196167,
    "VIX_close": 18.280000686645508,
    "GOLD_basis_spot_vs_near": 0.2998046875,
    "China_10Y_Treasury_Yield": 1.7809
  }
}