{
  "latest_date": "2025-09-25",
  "latest_values": {
    "Shanghai_Composite_Index": 3853.64208984375,
    "CSI_300_Index": 4566.06982421875,
    "Shenzhen_Component_Index": 13356.1396484375,
    "ALUMINUM_future": 2569.25,
    "BTC_price": 112606.0390625,
    "OIL_price": 64.72000122070312,
    "USD_CNY_exchange_rate": 7.111599922180176,
    "Commodity_Index_ETF": 22.639999389648438,
    "US_Dollar_Index": 97.74299621582031,
    "ETH_price": 4058.15478515625,
    "GOLD_spot_price": 3767.199951171875,
    "LEAN_HOGS_future": 89.6500015258789,
    "COPPER_future": 4.871500015258789,
    "High_Yield_Bond_ETF": 81.1500015258789,
    "LIVE_CATTLE_future": 239.0749969482422,
    "GOLD_near_month_future": 3767.0,
    "NATURAL_GAS_future": 3.1600000858306885,
    "PLATINUM_future": 1485.5,
    "SILVER_future": 44.275001525878906,
    "Long_Term_Treasury_ETF": 88.9800033569336,
    "CORN_future": 425.25,
    "SOYBEANS_future": 1012.0,
    "WHEAT_future": 522.0,
    "SP500_close": 6637.97021484375,
    "NASDAQ_close": 22497.859375,
    "US_10Y_Treasury_Yield": 4.146999835968018,
    "VIX_close": 16.18000030517578,
    "GOLD_basis_spot_vs_near": 0.199951171875,
    "China_10Y_Treasury_Yield": 1.9022
  }
}