{
  "latest_date": "2025-10-14",
  "latest_values": {
    "Shanghai_Composite_Index": 3889.501953125,
    "CSI_300_Index": 4593.97998046875,
    "Shenzhen_Component_Index": 13231.4697265625,
    "ALUMINUM_future": 2670.0,
    "BTC_price": 112010.609375,
    "OIL_price": 58.36000061035156,
    "USD_CNY_exchange_rate": 7.099999904632568,
    "Commodity_Index_ETF": 22.350000381469727,
    "US_Dollar_Index": 99.35900115966797,
    "ETH_price": 4005.84423828125,
    "GOLD_spot_price": 4156.7001953125,
    "LEAN_HOGS_future": 84.82499694824219,
    "COPPER_future": 4.998499870300293,
    "High_Yield_Bond_ETF": 80.44999694824219,
    "LIVE_CATTLE_future": 244.5500030517578,
    "GOLD_near_month_future": 4156.60009765625,
    "NATURAL_GAS_future": 3.063999891281128,
    "PLATINUM_future": 1692.5,
    "SILVER_future": 50.845001220703125,
    "Long_Term_Treasury_ETF": 90.56999969482422,
    "CORN_future": 410.5,
    "SOYBEANS_future": 1021.5,
    "WHEAT_future": 494.25,
    "SP500_close": 6654.72021484375,
    "NASDAQ_close": 22694.609375,
    "US_10Y_Treasury_Yield": 4.051000118255615,
    "VIX_close": 21.670000076293945,
    "GOLD_basis_spot_vs_near": 0.10009765625,
    "China_10Y_Treasury_Yield": 1.8383
  }
}