{
  "latest_date": "2025-09-19",
  "latest_values": {
    "Shanghai_Composite_Index": 3820.08935546875,
    "CSI_300_Index": 4501.91943359375,
    "Shenzhen_Component_Index": 13070.86328125,
    "ALUMINUM_future": 2612.25,
    "BTC_price": 115478.6640625,
    "OIL_price": 62.720001220703125,
    "USD_CNY_exchange_rate": 7.103300094604492,
    "Commodity_Index_ETF": 22.281299591064453,
    "US_Dollar_Index": 97.63899993896484,
    "ETH_price": 4458.0791015625,
    "GOLD_spot_price": 3717.60009765625,
    "LEAN_HOGS_future": 97.9749984741211,
    "COPPER_future": 4.642000198364258,
    "High_Yield_Bond_ETF": 81.18499755859375,
    "LIVE_CATTLE_future": 233.4499969482422,
    "GOLD_near_month_future": 3717.39990234375,
    "NATURAL_GAS_future": 2.9010000228881836,
    "PLATINUM_future": 1420.9000244140625,
    "SILVER_future": 43.349998474121094,
    "Long_Term_Treasury_ETF": 88.94499969482422,
    "CORN_future": 424.25,
    "SOYBEANS_future": 1026.0,
    "WHEAT_future": 522.25,
    "SP500_close": 6659.4599609375,
    "NASDAQ_close": 22588.720703125,
    "US_10Y_Treasury_Yield": 4.138999938964844,
    "VIX_close": 15.630000114440918,
    "GOLD_basis_spot_vs_near": 0.2001953125,
    "China_10Y_Treasury_Yield": 1.8789
  }
}