{
  "latest_date": "2025-09-30",
  "latest_values": {
    "Shanghai_Composite_Index": 3882.77734375,
    "CSI_300_Index": 4640.693359375,
    "Shenzhen_Component_Index": 13526.5087890625,
    "ALUMINUM_future": 2583.5,
    "BTC_price": 114213.703125,
    "OIL_price": 62.529998779296875,
    "USD_CNY_exchange_rate": 7.133800029754639,
    "Commodity_Index_ETF": 22.530099868774414,
    "US_Dollar_Index": 97.80000305175781,
    "ETH_price": 4156.8427734375,
    "GOLD_spot_price": 3885.300048828125,
    "LEAN_HOGS_future": 90.42500305175781,
    "COPPER_future": 4.872000217437744,
    "High_Yield_Bond_ETF": 81.18499755859375,
    "LIVE_CATTLE_future": 234.8000030517578,
    "GOLD_near_month_future": 3885.5,
    "NATURAL_GAS_future": 3.328000068664551,
    "PLATINUM_future": 1613.0999755859375,
    "SILVER_future": 46.790000915527344,
    "Long_Term_Treasury_ETF": 89.37000274658203,
    "CORN_future": 416.0,
    "SOYBEANS_future": 1000.75,
    "WHEAT_future": 507.5,
    "SP500_close": 6688.4599609375,
    "NASDAQ_close": 22660.009765625,
    "US_10Y_Treasury_Yield": 4.1479997634887695,
    "VIX_close": 16.059999465942383,
    "GOLD_basis_spot_vs_near": -0.199951171875,
    "China_10Y_Treasury_Yield": 1.8605
  }
}