{
  "latest_date": "2025-09-19",
  "latest_values": {
    "Shanghai_Composite_Index": 3831.656005859375,
    "CSI_300_Index": 4498.10986328125,
    "Shenzhen_Component_Index": 13075.66015625,
    "ALUMINUM_future": 2609.5,
    "BTC_price": 116201.6328125,
    "OIL_price": 63.11000061035156,
    "USD_CNY_exchange_rate": 7.103300094604492,
    "Commodity_Index_ETF": 22.440000534057617,
    "US_Dollar_Index": 97.70899963378906,
    "ETH_price": 4528.3359375,
    "GOLD_spot_price": 3677.60009765625,
    "LEAN_HOGS_future": 97.5,
    "COPPER_future": 4.611000061035156,
    "High_Yield_Bond_ETF": 81.2300033569336,
    "LIVE_CATTLE_future": 232.39999389648438,
    "GOLD_near_month_future": 3677.5,
    "NATURAL_GAS_future": 2.8929998874664307,
    "PLATINUM_future": 1400.5,
    "SILVER_future": 42.27000045776367,
    "Long_Term_Treasury_ETF": 89.19000244140625,
    "CORN_future": 425.5,
    "SOYBEANS_future": 1040.5,
    "WHEAT_future": 524.0,
    "SP500_close": 6631.9599609375,
    "NASDAQ_close": 22470.720703125,
    "US_10Y_Treasury_Yield": 4.134999752044678,
    "VIX_close": 15.430000305175781,
    "GOLD_basis_spot_vs_near": 0.10009765625,
    "China_10Y_Treasury_Yield": 1.8789
  }
}