{
  "latest_date": "2026-03-19",
  "latest_values": {
    "Shanghai_Composite_Index": 4062.98388671875,
    "CSI_300_Index": 4658.330078125,
    "Shenzhen_Component_Index": 14187.7998046875,
    "ALUMINUM_future": 3240.75,
    "BTC_price": 70159.9609375,
    "OIL_price": 96.23999786376953,
    "USD_CNY_exchange_rate": 6.8993000984191895,
    "Commodity_Index_ETF": 29.270000457763672,
    "US_Dollar_Index": 100.072998046875,
    "ETH_price": 2169.041259765625,
    "GOLD_spot_price": 4689.89990234375,
    "LEAN_HOGS_future": 93.75,
    "COPPER_future": 5.434500217437744,
    "High_Yield_Bond_ETF": 79.4000015258789,
    "LIVE_CATTLE_future": 235.39999389648438,
    "GOLD_near_month_future": 4689.7998046875,
    "NATURAL_GAS_future": 3.1710000038146973,
    "PLATINUM_future": 1940.800048828125,
    "SILVER_future": 70.87000274658203,
    "Long_Term_Treasury_ETF": 86.95500183105469,
    "CORN_future": 468.5,
    "SOYBEANS_future": 1167.0,
    "WHEAT_future": 614.5,
    "SP500_close": 6624.7001953125,
    "NASDAQ_close": 22152.419921875,
    "US_10Y_Treasury_Yield": 4.258999824523926,
    "VIX_close": 25.549999237060547,
    "GOLD_basis_spot_vs_near": 0.10009765625,
    "China_10Y_Treasury_Yield": 1.8252
  }
}