{
  "latest_date": "2025-10-13",
  "latest_values": {
    "Shanghai_Composite_Index": 3897.028076171875,
    "CSI_300_Index": 4616.830078125,
    "Shenzhen_Component_Index": 13355.419921875,
    "ALUMINUM_future": 2682.75,
    "BTC_price": 115020.3046875,
    "OIL_price": 59.689998626708984,
    "USD_CNY_exchange_rate": 7.127500057220459,
    "Commodity_Index_ETF": 22.06999969482422,
    "US_Dollar_Index": 98.91200256347656,
    "ETH_price": 4146.62158203125,
    "GOLD_spot_price": 4070.60009765625,
    "LEAN_HOGS_future": 83.94999694824219,
    "COPPER_future": 4.978000164031982,
    "High_Yield_Bond_ETF": 79.94999694824219,
    "LIVE_CATTLE_future": 242.60000610351562,
    "GOLD_near_month_future": 4070.5,
    "NATURAL_GAS_future": 3.127000093460083,
    "PLATINUM_future": 1661.9000244140625,
    "SILVER_future": 49.18000030517578,
    "Long_Term_Treasury_ETF": 90.62000274658203,
    "CORN_future": 413.0,
    "SOYBEANS_future": 1023.25,
    "WHEAT_future": 498.5,
    "SP500_close": 6552.509765625,
    "NASDAQ_close": 22204.4296875,
    "US_10Y_Treasury_Yield": 4.051000118255615,
    "VIX_close": 21.65999984741211,
    "GOLD_basis_spot_vs_near": 0.10009765625,
    "China_10Y_Treasury_Yield": 1.8206
  }
}