{
  "latest_date": "2025-10-02",
  "latest_values": {
    "Shanghai_Composite_Index": 3882.777099609375,
    "CSI_300_Index": 4640.68994140625,
    "Shenzhen_Component_Index": 13526.509765625,
    "ALUMINUM_future": 2642.5,
    "BTC_price": 118647.046875,
    "OIL_price": 61.86000061035156,
    "USD_CNY_exchange_rate": 7.118500232696533,
    "Commodity_Index_ETF": 22.489999771118164,
    "US_Dollar_Index": 97.53700256347656,
    "ETH_price": 4384.697265625,
    "GOLD_spot_price": 3902.800048828125,
    "LEAN_HOGS_future": 88.92500305175781,
    "COPPER_future": 4.9679999351501465,
    "High_Yield_Bond_ETF": 80.95999908447266,
    "LIVE_CATTLE_future": 231.27499389648438,
    "GOLD_near_month_future": 3903.0,
    "NATURAL_GAS_future": 3.430999994277954,
    "PLATINUM_future": 1611.0999755859375,
    "SILVER_future": 47.595001220703125,
    "Long_Term_Treasury_ETF": 89.29000091552734,
    "CORN_future": 418.0,
    "SOYBEANS_future": 1013.25,
    "WHEAT_future": 510.5,
    "SP500_close": 6711.2001953125,
    "NASDAQ_close": 22755.16015625,
    "US_10Y_Treasury_Yield": 4.105999946594238,
    "VIX_close": 16.0,
    "GOLD_basis_spot_vs_near": -0.199951171875,
    "China_10Y_Treasury_Yield": 1.8605
  }
}