{
  "latest_date": "2025-09-29",
  "latest_values": {
    "Shanghai_Composite_Index": 3828.10595703125,
    "CSI_300_Index": 4550.0498046875,
    "Shenzhen_Component_Index": 13209.0,
    "ALUMINUM_future": 2612.75,
    "BTC_price": 112087.796875,
    "OIL_price": 64.33000183105469,
    "USD_CNY_exchange_rate": 7.119500160217285,
    "Commodity_Index_ETF": 22.809999465942383,
    "US_Dollar_Index": 97.85099792480469,
    "ETH_price": 4102.58642578125,
    "GOLD_spot_price": 3842.0,
    "LEAN_HOGS_future": 101.5,
    "COPPER_future": 4.805500030517578,
    "High_Yield_Bond_ETF": 81.08000183105469,
    "LIVE_CATTLE_future": 234.35000610351562,
    "GOLD_near_month_future": 3842.10009765625,
    "NATURAL_GAS_future": 3.1589999198913574,
    "PLATINUM_future": 1614.4000244140625,
    "SILVER_future": 46.7599983215332,
    "Long_Term_Treasury_ETF": 88.9000015258789,
    "CORN_future": 419.75,
    "SOYBEANS_future": 1008.75,
    "WHEAT_future": 518.75,
    "SP500_close": 6643.7001953125,
    "NASDAQ_close": 22484.0703125,
    "US_10Y_Treasury_Yield": 4.156000137329102,
    "VIX_close": 15.84000015258789,
    "GOLD_basis_spot_vs_near": -0.10009765625,
    "China_10Y_Treasury_Yield": 1.887
  }
}