{
  "latest_date": "2025-09-16",
  "latest_values": {
    "Shanghai_Composite_Index": 3861.864990234375,
    "CSI_300_Index": 4523.3369140625,
    "Shenzhen_Component_Index": 13005.76953125,
    "ALUMINUM_future": 2591.0,
    "BTC_price": 115093.9375,
    "OIL_price": 64.26000213623047,
    "USD_CNY_exchange_rate": 7.124199867248535,
    "Commodity_Index_ETF": 22.735000610351562,
    "US_Dollar_Index": 96.7300033569336,
    "ETH_price": 4435.0419921875,
    "GOLD_spot_price": 3723.0,
    "LEAN_HOGS_future": 97.875,
    "COPPER_future": 4.710999965667725,
    "High_Yield_Bond_ETF": 81.12999725341797,
    "LIVE_CATTLE_future": 233.47500610351562,
    "GOLD_near_month_future": 3723.0,
    "NATURAL_GAS_future": 3.071000099182129,
    "PLATINUM_future": 1405.9000244140625,
    "SILVER_future": 43.029998779296875,
    "Long_Term_Treasury_ETF": 90.25990295410156,
    "CORN_future": 428.25,
    "SOYBEANS_future": 1046.5,
    "WHEAT_future": 531.0,
    "SP500_close": 6606.64990234375,
    "NASDAQ_close": 22332.548828125,
    "US_10Y_Treasury_Yield": 4.033999919891357,
    "VIX_close": 16.149999618530273,
    "GOLD_basis_spot_vs_near": 0.0,
    "China_10Y_Treasury_Yield": 1.8527
  }
}