{
  "latest_date": "2026-02-12",
  "latest_values": {
    "Shanghai_Composite_Index": 4134.017578125,
    "CSI_300_Index": 4719.578125,
    "Shenzhen_Component_Index": 14282.998046875,
    "ALUMINUM_future": 3042.0,
    "BTC_price": 65932.8515625,
    "OIL_price": 62.95000076293945,
    "USD_CNY_exchange_rate": 6.9004998207092285,
    "Commodity_Index_ETF": 23.854999542236328,
    "US_Dollar_Index": 96.93000030517578,
    "ETH_price": 1929.205078125,
    "GOLD_spot_price": 4965.7998046875,
    "LEAN_HOGS_future": 92.05000305175781,
    "COPPER_future": 5.788000106811523,
    "High_Yield_Bond_ETF": 80.81500244140625,
    "LIVE_CATTLE_future": 240.77499389648438,
    "GOLD_near_month_future": 4965.89990234375,
    "NATURAL_GAS_future": 3.2219998836517334,
    "PLATINUM_future": 2033.0999755859375,
    "SILVER_future": 76.19999694824219,
    "Long_Term_Treasury_ETF": 89.2300033569336,
    "CORN_future": 431.25,
    "SOYBEANS_future": 1136.5,
    "WHEAT_future": 552.0,
    "SP500_close": 6863.22021484375,
    "NASDAQ_close": 22657.98046875,
    "US_10Y_Treasury_Yield": 4.104000091552734,
    "VIX_close": 19.579999923706055,
    "GOLD_basis_spot_vs_near": -0.10009765625,
    "China_10Y_Treasury_Yield": 1.7893
  }
}