{
  "latest_date": "2025-10-09",
  "latest_values": {
    "Shanghai_Composite_Index": 3933.972412109375,
    "CSI_300_Index": 4709.48193359375,
    "Shenzhen_Component_Index": 13725.556640625,
    "ALUMINUM_future": 2764.25,
    "BTC_price": 120938.1640625,
    "OIL_price": 61.369998931884766,
    "USD_CNY_exchange_rate": 7.127500057220459,
    "Commodity_Index_ETF": 22.520000457763672,
    "US_Dollar_Index": 99.53299713134766,
    "ETH_price": 4321.31298828125,
    "GOLD_spot_price": 3971.0,
    "LEAN_HOGS_future": 84.44999694824219,
    "COPPER_future": 5.107500076293945,
    "High_Yield_Bond_ETF": 80.3949966430664,
    "LIVE_CATTLE_future": 239.89999389648438,
    "GOLD_near_month_future": 3971.10009765625,
    "NATURAL_GAS_future": 3.265000104904175,
    "PLATINUM_future": 1657.0,
    "SILVER_future": 47.31999969482422,
    "Long_Term_Treasury_ETF": 89.1500015258789,
    "CORN_future": 418.5,
    "SOYBEANS_future": 1038.0,
    "WHEAT_future": 508.0,
    "SP500_close": 6725.740234375,
    "NASDAQ_close": 22976.404296875,
    "US_10Y_Treasury_Yield": 4.144000053405762,
    "VIX_close": 16.780000686645508,
    "GOLD_basis_spot_vs_near": -0.10009765625,
    "China_10Y_Treasury_Yield": 1.8466
  }
}