{
  "latest_date": "2026-04-16",
  "latest_values": {
    "Shanghai_Composite_Index": 4055.546875,
    "CSI_300_Index": 4736.60791015625,
    "Shenzhen_Component_Index": 14796.3349609375,
    "ALUMINUM_future": 3614.5,
    "BTC_price": 74818.0078125,
    "OIL_price": 89.2699966430664,
    "USD_CNY_exchange_rate": 6.815700054168701,
    "Commodity_Index_ETF": 28.889999389648438,
    "US_Dollar_Index": 98.20999908447266,
    "ETH_price": 2345.5,
    "GOLD_spot_price": 4837.0,
    "LEAN_HOGS_future": 90.69999694824219,
    "COPPER_future": 6.09499979019165,
    "High_Yield_Bond_ETF": 80.45999908447266,
    "LIVE_CATTLE_future": 252.60000610351562,
    "GOLD_near_month_future": 4837.0,
    "NATURAL_GAS_future": 2.61899995803833,
    "PLATINUM_future": 2144.199951171875,
    "SILVER_future": 79.79000091552734,
    "Long_Term_Treasury_ETF": 86.83000183105469,
    "CORN_future": 450.75,
    "SOYBEANS_future": 1183.0,
    "WHEAT_future": 609.5,
    "SP500_close": 7022.9501953125,
    "NASDAQ_close": 24016.01953125,
    "US_10Y_Treasury_Yield": 4.2820000648498535,
    "VIX_close": 18.09000015258789,
    "GOLD_basis_spot_vs_near": 0.0,
    "China_10Y_Treasury_Yield": 1.7809
  }
}