{
  "latest_date": "2026-03-13",
  "latest_values": {
    "Shanghai_Composite_Index": 4129.1025390625,
    "CSI_300_Index": 4687.56005859375,
    "Shenzhen_Component_Index": 14374.87109375,
    "ALUMINUM_future": 3517.5,
    "BTC_price": 71382.3671875,
    "OIL_price": 95.8499984741211,
    "USD_CNY_exchange_rate": 6.8684000968933105,
    "Commodity_Index_ETF": 28.860000610351562,
    "US_Dollar_Index": 99.61599731445312,
    "ETH_price": 2106.263671875,
    "GOLD_spot_price": 5106.7998046875,
    "LEAN_HOGS_future": 94.4749984741211,
    "COPPER_future": 5.832499980926514,
    "High_Yield_Bond_ETF": 79.3499984741211,
    "LIVE_CATTLE_future": 231.5749969482422,
    "GOLD_near_month_future": 5106.7001953125,
    "NATURAL_GAS_future": 3.2330000400543213,
    "PLATINUM_future": 2147.89990234375,
    "SILVER_future": 84.29499816894531,
    "Long_Term_Treasury_ETF": 86.97000122070312,
    "CORN_future": 462.5,
    "SOYBEANS_future": 1228.75,
    "WHEAT_future": 600.25,
    "SP500_close": 6672.6201171875,
    "NASDAQ_close": 22311.98046875,
    "US_10Y_Treasury_Yield": 4.2729997634887695,
    "VIX_close": 27.290000915527344,
    "GOLD_basis_spot_vs_near": 0.099609375,
    "China_10Y_Treasury_Yield": 1.8052
  }
}