{
  "latest_date": "2025-12-04",
  "latest_values": {
    "Shanghai_Composite_Index": 3878.0,
    "CSI_300_Index": 4531.0498046875,
    "Shenzhen_Component_Index": 12955.25,
    "ALUMINUM_future": 2740.5,
    "BTC_price": 92592.8359375,
    "OIL_price": 59.439998626708984,
    "USD_CNY_exchange_rate": 7.071400165557861,
    "Commodity_Index_ETF": 23.1299991607666,
    "US_Dollar_Index": 98.91600036621094,
    "ETH_price": 3173.156005859375,
    "GOLD_spot_price": 4223.89990234375,
    "LEAN_HOGS_future": 80.55000305175781,
    "COPPER_future": 5.361999988555908,
    "High_Yield_Bond_ETF": 80.69000244140625,
    "LIVE_CATTLE_future": 221.89999389648438,
    "GOLD_near_month_future": 4224.0,
    "NATURAL_GAS_future": 4.955999851226807,
    "PLATINUM_future": 1649.0,
    "SILVER_future": 57.80500030517578,
    "Long_Term_Treasury_ETF": 89.05999755859375,
    "CORN_future": 433.5,
    "SOYBEANS_future": 1119.75,
    "WHEAT_future": 535.75,
    "SP500_close": 6849.72021484375,
    "NASDAQ_close": 23454.08984375,
    "US_10Y_Treasury_Yield": 4.095999717712402,
    "VIX_close": 16.1299991607666,
    "GOLD_basis_spot_vs_near": -0.10009765625,
    "China_10Y_Treasury_Yield": 1.8718
  }
}