{
  "latest_date": "2026-06-18",
  "latest_values": {
    "Shanghai_Composite_Index": 4090.481201171875,
    "CSI_300_Index": 4941.5986328125,
    "Shenzhen_Component_Index": 16030.7021484375,
    "ALUMINUM_future": 3403.0,
    "BTC_price": 64344.26171875,
    "OIL_price": 74.05999755859375,
    "USD_CNY_exchange_rate": 6.757199764251709,
    "Commodity_Index_ETF": 27.709999084472656,
    "US_Dollar_Index": 100.72000122070312,
    "ETH_price": 1749.739990234375,
    "GOLD_spot_price": 4270.10009765625,
    "LEAN_HOGS_future": 94.6500015258789,
    "COPPER_future": 6.421500205993652,
    "High_Yield_Bond_ETF": 79.7300033569336,
    "LIVE_CATTLE_future": 255.72500610351562,
    "GOLD_near_month_future": 4270.2998046875,
    "NATURAL_GAS_future": 3.1449999809265137,
    "PLATINUM_future": 1720.699951171875,
    "SILVER_future": 66.79499816894531,
    "Long_Term_Treasury_ETF": 86.33000183105469,
    "CORN_future": 418.5,
    "SOYBEANS_future": 1143.0,
    "WHEAT_future": 618.0,
    "SP500_close": 7420.10009765625,
    "NASDAQ_close": 26021.66015625,
    "US_10Y_Treasury_Yield": 4.445000171661377,
    "VIX_close": 17.1200008392334,
    "GOLD_basis_spot_vs_near": -0.19970703125,
    "China_10Y_Treasury_Yield": 1.7299
  }
}