{
  "latest_date": "2026-03-12",
  "latest_values": {
    "Shanghai_Composite_Index": 4133.43310546875,
    "CSI_300_Index": 4704.49609375,
    "Shenzhen_Component_Index": 14465.41015625,
    "ALUMINUM_future": 3414.0,
    "BTC_price": 70315.765625,
    "OIL_price": 93.69999694824219,
    "USD_CNY_exchange_rate": 6.864999771118164,
    "Commodity_Index_ETF": 28.1299991607666,
    "US_Dollar_Index": 99.48799896240234,
    "ETH_price": 2053.962646484375,
    "GOLD_spot_price": 5137.60009765625,
    "LEAN_HOGS_future": 86.875,
    "COPPER_future": 5.887499809265137,
    "High_Yield_Bond_ETF": 79.86000061035156,
    "LIVE_CATTLE_future": 225.64999389648438,
    "GOLD_near_month_future": 5137.7001953125,
    "NATURAL_GAS_future": 3.257999897003174,
    "PLATINUM_future": 2142.800048828125,
    "SILVER_future": 84.44999694824219,
    "Long_Term_Treasury_ETF": 87.13999938964844,
    "CORN_future": 462.25,
    "SOYBEANS_future": 1219.5,
    "WHEAT_future": 600.75,
    "SP500_close": 6775.7998046875,
    "NASDAQ_close": 22716.134765625,
    "US_10Y_Treasury_Yield": 4.208000183105469,
    "VIX_close": 24.229999542236328,
    "GOLD_basis_spot_vs_near": -0.10009765625,
    "China_10Y_Treasury_Yield": 1.8075
  }
}