{
  "latest_date": "2026-07-01",
  "latest_values": {
    "Shanghai_Composite_Index": 4094.39697265625,
    "CSI_300_Index": 4868.22021484375,
    "Shenzhen_Component_Index": 16205.5595703125,
    "ALUMINUM_future": 3248.0,
    "BTC_price": 60131.23828125,
    "OIL_price": 68.0999984741211,
    "USD_CNY_exchange_rate": 6.793600082397461,
    "Commodity_Index_ETF": 26.514999389648438,
    "US_Dollar_Index": 101.34400177001953,
    "ETH_price": 1618.0400390625,
    "GOLD_spot_price": 4094.60009765625,
    "LEAN_HOGS_future": 98.9000015258789,
    "COPPER_future": 6.177999973297119,
    "High_Yield_Bond_ETF": 79.625,
    "LIVE_CATTLE_future": 242.375,
    "GOLD_near_month_future": 4094.39990234375,
    "NATURAL_GAS_future": 3.2209999561309814,
    "PLATINUM_future": 1596.5,
    "SILVER_future": 60.67499923706055,
    "Long_Term_Treasury_ETF": 85.7300033569336,
    "CORN_future": 440.0,
    "SOYBEANS_future": 1148.0,
    "WHEAT_future": 599.75,
    "SP500_close": 7516.89990234375,
    "NASDAQ_close": 26153.0078125,
    "US_10Y_Treasury_Yield": 4.459000110626221,
    "VIX_close": 16.1200008392334,
    "GOLD_basis_spot_vs_near": 0.2001953125,
    "China_10Y_Treasury_Yield": 1.7448
  }
}