{
  "latest_date": "2025-12-10",
  "latest_values": {
    "Shanghai_Composite_Index": 3900.49609375,
    "CSI_300_Index": 4591.8271484375,
    "Shenzhen_Component_Index": 13277.3603515625,
    "ALUMINUM_future": 2848.0,
    "BTC_price": 91977.5625,
    "OIL_price": 57.86000061035156,
    "USD_CNY_exchange_rate": 7.063300132751465,
    "Commodity_Index_ETF": 22.96500015258789,
    "US_Dollar_Index": 99.0780029296875,
    "ETH_price": 3329.408447265625,
    "GOLD_spot_price": 4223.39990234375,
    "LEAN_HOGS_future": 82.42500305175781,
    "COPPER_future": 5.355999946594238,
    "High_Yield_Bond_ETF": 80.51499938964844,
    "LIVE_CATTLE_future": 227.4499969482422,
    "GOLD_near_month_future": 4223.39990234375,
    "NATURAL_GAS_future": 4.605999946594238,
    "PLATINUM_future": 1656.800048828125,
    "SILVER_future": 60.91999816894531,
    "Long_Term_Treasury_ETF": 88.25,
    "CORN_future": 446.25,
    "SOYBEANS_future": 1086.25,
    "WHEAT_future": 530.25,
    "SP500_close": 6843.97998046875,
    "NASDAQ_close": 23537.31640625,
    "US_10Y_Treasury_Yield": 4.177999973297119,
    "VIX_close": 17.229999542236328,
    "GOLD_basis_spot_vs_near": 0.0,
    "China_10Y_Treasury_Yield": 1.8447
  }
}