{
  "latest_date": "2025-12-18",
  "latest_values": {
    "Shanghai_Composite_Index": 3870.278076171875,
    "CSI_300_Index": 4579.8798828125,
    "Shenzhen_Component_Index": 13224.509765625,
    "ALUMINUM_future": 2905.0,
    "BTC_price": 86358.2265625,
    "OIL_price": 56.209999084472656,
    "USD_CNY_exchange_rate": 7.041800022125244,
    "Commodity_Index_ETF": 22.850000381469727,
    "US_Dollar_Index": 98.3949966430664,
    "ETH_price": 2828.5576171875,
    "GOLD_spot_price": 4367.2998046875,
    "LEAN_HOGS_future": 83.125,
    "COPPER_future": 5.395999908447266,
    "High_Yield_Bond_ETF": 80.55999755859375,
    "LIVE_CATTLE_future": 229.52499389648438,
    "GOLD_near_month_future": 4367.39990234375,
    "NATURAL_GAS_future": 4.10699987411499,
    "PLATINUM_future": 1991.699951171875,
    "SILVER_future": 66.57499694824219,
    "Long_Term_Treasury_ETF": 87.80000305175781,
    "CORN_future": 441.75,
    "SOYBEANS_future": 1059.25,
    "WHEAT_future": 506.25,
    "SP500_close": 6721.43017578125,
    "NASDAQ_close": 22693.3203125,
    "US_10Y_Treasury_Yield": 4.151000022888184,
    "VIX_close": 17.6200008392334,
    "GOLD_basis_spot_vs_near": -0.10009765625,
    "China_10Y_Treasury_Yield": 1.834
  }
}