{
  "latest_date": "2026-05-15",
  "latest_values": {
    "Shanghai_Composite_Index": 4177.9169921875,
    "CSI_300_Index": 4914.60009765625,
    "Shenzhen_Component_Index": 15745.740234375,
    "ALUMINUM_future": 3516.5,
    "BTC_price": 79382.1328125,
    "OIL_price": 100.5,
    "USD_CNY_exchange_rate": 6.790800094604492,
    "Commodity_Index_ETF": 31.165000915527344,
    "US_Dollar_Index": 99.19000244140625,
    "ETH_price": 2226.77001953125,
    "GOLD_spot_price": 4562.89990234375,
    "LEAN_HOGS_future": 103.07499694824219,
    "COPPER_future": 6.299499988555908,
    "High_Yield_Bond_ETF": 79.63500213623047,
    "LIVE_CATTLE_future": 247.375,
    "GOLD_near_month_future": 4563.2001953125,
    "NATURAL_GAS_future": 2.9649999141693115,
    "PLATINUM_future": 1993.800048828125,
    "SILVER_future": 77.15499877929688,
    "Long_Term_Treasury_ETF": 83.73500061035156,
    "CORN_future": 456.75,
    "SOYBEANS_future": 1175.5,
    "WHEAT_future": 635.0,
    "SP500_close": 7447.66015625,
    "NASDAQ_close": 26413.607421875,
    "US_10Y_Treasury_Yield": 4.5889997482299805,
    "VIX_close": 17.989999771118164,
    "GOLD_basis_spot_vs_near": -0.30029296875,
    "China_10Y_Treasury_Yield": 1.7658
  }
}