{
  "latest_date": "2025-12-08",
  "latest_values": {
    "Shanghai_Composite_Index": 3902.80810546875,
    "CSI_300_Index": 4584.5400390625,
    "Shenzhen_Component_Index": 13147.6796875,
    "ALUMINUM_future": 2911.5,
    "BTC_price": 91913.6015625,
    "OIL_price": 59.63999938964844,
    "USD_CNY_exchange_rate": 7.068600177764893,
    "Commodity_Index_ETF": 23.329999923706055,
    "US_Dollar_Index": 98.9739990234375,
    "ETH_price": 3160.455810546875,
    "GOLD_spot_price": 4239.10009765625,
    "LEAN_HOGS_future": 82.2750015258789,
    "COPPER_future": 5.444499969482422,
    "High_Yield_Bond_ETF": 80.75,
    "LIVE_CATTLE_future": 227.14999389648438,
    "GOLD_near_month_future": 4238.7998046875,
    "NATURAL_GAS_future": 5.076000213623047,
    "PLATINUM_future": 1673.800048828125,
    "SILVER_future": 58.165000915527344,
    "Long_Term_Treasury_ETF": 88.16999816894531,
    "CORN_future": 437.0,
    "SOYBEANS_future": 1098.25,
    "WHEAT_future": 540.5,
    "SP500_close": 6870.39990234375,
    "NASDAQ_close": 23578.130859375,
    "US_10Y_Treasury_Yield": 4.138999938964844,
    "VIX_close": 16.209999084472656,
    "GOLD_basis_spot_vs_near": 0.30029296875,
    "China_10Y_Treasury_Yield": 1.8499
  }
}