{
  "latest_date": "2026-03-23",
  "latest_values": {
    "Shanghai_Composite_Index": 3813.282958984375,
    "CSI_300_Index": 4417.9970703125,
    "Shenzhen_Component_Index": 13866.2001953125,
    "ALUMINUM_future": 3127.0,
    "BTC_price": 71069.1328125,
    "OIL_price": 85.77999877929688,
    "USD_CNY_exchange_rate": 6.880199909210205,
    "Commodity_Index_ETF": 27.545000076293945,
    "US_Dollar_Index": 99.01000213623047,
    "ETH_price": 2168.806884765625,
    "GOLD_spot_price": 4467.2998046875,
    "LEAN_HOGS_future": 85.5,
    "COPPER_future": 5.53000020980835,
    "High_Yield_Bond_ETF": 79.6500015258789,
    "LIVE_CATTLE_future": 229.4499969482422,
    "GOLD_near_month_future": 4467.2001953125,
    "NATURAL_GAS_future": 2.8980000019073486,
    "PLATINUM_future": 1892.699951171875,
    "SILVER_future": 70.44499969482422,
    "Long_Term_Treasury_ETF": 86.63999938964844,
    "CORN_future": 457.75,
    "SOYBEANS_future": 1161.25,
    "WHEAT_future": 579.75,
    "SP500_close": 6645.2099609375,
    "NASDAQ_close": 22160.29296875,
    "US_10Y_Treasury_Yield": 4.314000129699707,
    "VIX_close": 24.100000381469727,
    "GOLD_basis_spot_vs_near": 0.099609375,
    "China_10Y_Treasury_Yield": 1.8316
  }
}