{
  "latest_date": "2025-10-16",
  "latest_values": {
    "Shanghai_Composite_Index": 3912.208984375,
    "CSI_300_Index": 4606.2900390625,
    "Shenzhen_Component_Index": 13118.75,
    "ALUMINUM_future": 2671.75,
    "BTC_price": 110541.1640625,
    "OIL_price": 59.029998779296875,
    "USD_CNY_exchange_rate": 7.138400077819824,
    "Commodity_Index_ETF": 22.18000030517578,
    "US_Dollar_Index": 98.69300079345703,
    "ETH_price": 3997.346923828125,
    "GOLD_spot_price": 4242.10009765625,
    "LEAN_HOGS_future": 83.4749984741211,
    "COPPER_future": 4.995999813079834,
    "High_Yield_Bond_ETF": 80.80000305175781,
    "LIVE_CATTLE_future": 246.64999389648438,
    "GOLD_near_month_future": 4242.89990234375,
    "NATURAL_GAS_future": 3.0460000038146973,
    "PLATINUM_future": 1687.699951171875,
    "SILVER_future": 51.93000030517578,
    "Long_Term_Treasury_ETF": 90.66000366210938,
    "CORN_future": 417.25,
    "SOYBEANS_future": 1027.5,
    "WHEAT_future": 496.75,
    "SP500_close": 6671.06005859375,
    "NASDAQ_close": 22670.080078125,
    "US_10Y_Treasury_Yield": 4.046000003814697,
    "VIX_close": 20.479999542236328,
    "GOLD_basis_spot_vs_near": -0.7998046875,
    "China_10Y_Treasury_Yield": 1.8449
  }
}