{
  "latest_date": "2025-11-21",
  "latest_values": {
    "Shanghai_Composite_Index": 3834.890869140625,
    "CSI_300_Index": 4453.607421875,
    "Shenzhen_Component_Index": 12538.0712890625,
    "ALUMINUM_future": 2763.25,
    "BTC_price": 84384.765625,
    "OIL_price": 57.79999923706055,
    "USD_CNY_exchange_rate": 7.106599807739258,
    "Commodity_Index_ETF": 22.549999237060547,
    "US_Dollar_Index": 100.24099731445312,
    "ETH_price": 2767.809814453125,
    "GOLD_spot_price": 4084.60009765625,
    "LEAN_HOGS_future": 78.07499694824219,
    "COPPER_future": 5.019499778747559,
    "High_Yield_Bond_ETF": 80.2750015258789,
    "LIVE_CATTLE_future": 216.39999389648438,
    "GOLD_near_month_future": 4084.300048828125,
    "NATURAL_GAS_future": 4.769000053405762,
    "PLATINUM_future": 1525.9000244140625,
    "SILVER_future": 50.0,
    "Long_Term_Treasury_ETF": 89.33000183105469,
    "CORN_future": 425.25,
    "SOYBEANS_future": 1122.75,
    "WHEAT_future": 541.0,
    "SP500_close": 6600.669921875,
    "NASDAQ_close": 22240.623046875,
    "US_10Y_Treasury_Yield": 4.081000328063965,
    "VIX_close": 23.920000076293945,
    "GOLD_basis_spot_vs_near": 0.300048828125,
    "China_10Y_Treasury_Yield": 1.8166
  }
}