{
  "latest_date": "2026-07-17",
  "latest_values": {
    "Shanghai_Composite_Index": 3882.4130859375,
    "CSI_300_Index": 4780.7900390625,
    "Shenzhen_Component_Index": 14488.650390625,
    "ALUMINUM_future": 3362.0,
    "BTC_price": 62818.73828125,
    "OIL_price": 78.7300033569336,
    "USD_CNY_exchange_rate": 6.768199920654297,
    "Commodity_Index_ETF": 28.459999084472656,
    "US_Dollar_Index": 100.70899963378906,
    "ETH_price": 1828.199951171875,
    "GOLD_spot_price": 3997.199951171875,
    "LEAN_HOGS_future": 100.2750015258789,
    "COPPER_future": 6.238500118255615,
    "High_Yield_Bond_ETF": 79.80000305175781,
    "LIVE_CATTLE_future": 227.0749969482422,
    "GOLD_near_month_future": 3997.10009765625,
    "NATURAL_GAS_future": 2.8610000610351562,
    "PLATINUM_future": 1594.0999755859375,
    "SILVER_future": 55.69499969482422,
    "Long_Term_Treasury_ETF": 84.20999908447266,
    "CORN_future": 461.25,
    "SOYBEANS_future": 1189.25,
    "WHEAT_future": 670.25,
    "SP500_close": 7533.77001953125,
    "NASDAQ_close": 25881.94921875,
    "US_10Y_Treasury_Yield": 4.568999767303467,
    "VIX_close": 17.950000762939453,
    "GOLD_basis_spot_vs_near": 0.099853515625,
    "China_10Y_Treasury_Yield": 1.7437
  }
}