{
  "latest_date": "2025-11-17",
  "latest_values": {
    "Shanghai_Composite_Index": 3990.491943359375,
    "CSI_300_Index": 4628.14013671875,
    "Shenzhen_Component_Index": 13216.0302734375,
    "ALUMINUM_future": 2823.0,
    "BTC_price": 95506.3515625,
    "OIL_price": 60.02000045776367,
    "USD_CNY_exchange_rate": 7.106599807739258,
    "Commodity_Index_ETF": 22.969999313354492,
    "US_Dollar_Index": 99.44000244140625,
    "ETH_price": 3191.40185546875,
    "GOLD_spot_price": 4073.10009765625,
    "LEAN_HOGS_future": 79.375,
    "COPPER_future": 5.026500225067139,
    "High_Yield_Bond_ETF": 80.22000122070312,
    "LIVE_CATTLE_future": 219.14999389648438,
    "GOLD_near_month_future": 4073.0,
    "NATURAL_GAS_future": 4.495999813079834,
    "PLATINUM_future": 1555.0,
    "SILVER_future": 50.68000030517578,
    "Long_Term_Treasury_ETF": 88.87000274658203,
    "CORN_future": 431.0,
    "SOYBEANS_future": 1130.75,
    "WHEAT_future": 530.75,
    "SP500_close": 6734.10986328125,
    "NASDAQ_close": 22900.58984375,
    "US_10Y_Treasury_Yield": 4.1479997634887695,
    "VIX_close": 20.510000228881836,
    "GOLD_basis_spot_vs_near": 0.10009765625,
    "China_10Y_Treasury_Yield": 1.8109
  }
}