{
  "latest_date": "2026-01-29",
  "latest_values": {
    "Shanghai_Composite_Index": 4157.984375,
    "CSI_300_Index": 4753.86962890625,
    "Shenzhen_Component_Index": 14342.8896484375,
    "ALUMINUM_future": 3202.75,
    "BTC_price": 84441.390625,
    "OIL_price": 65.3499984741211,
    "USD_CNY_exchange_rate": 6.947500228881836,
    "Commodity_Index_ETF": 25.084999084472656,
    "US_Dollar_Index": 96.41899871826172,
    "ETH_price": 2805.238037109375,
    "GOLD_spot_price": 5259.89990234375,
    "LEAN_HOGS_future": 87.875,
    "COPPER_future": 6.158999919891357,
    "High_Yield_Bond_ETF": 80.9749984741211,
    "LIVE_CATTLE_future": 235.97500610351562,
    "GOLD_near_month_future": 5260.2998046875,
    "NATURAL_GAS_future": 3.802999973297119,
    "PLATINUM_future": 2590.0,
    "SILVER_future": 111.62999725341797,
    "Long_Term_Treasury_ETF": 87.4800033569336,
    "CORN_future": 429.5,
    "SOYBEANS_future": 1073.75,
    "WHEAT_future": 535.5,
    "SP500_close": 6899.35986328125,
    "NASDAQ_close": 23349.185546875,
    "US_10Y_Treasury_Yield": 4.241000175476074,
    "VIX_close": 19.309999465942383,
    "GOLD_basis_spot_vs_near": -0.39990234375,
    "China_10Y_Treasury_Yield": 1.8174
  }
}