{
  "latest_date": "2026-06-22",
  "latest_values": {
    "Shanghai_Composite_Index": 4090.48095703125,
    "CSI_300_Index": 4941.60009765625,
    "Shenzhen_Component_Index": 16030.7001953125,
    "ALUMINUM_future": 3475.25,
    "BTC_price": 63769.51171875,
    "OIL_price": 74.44999694824219,
    "USD_CNY_exchange_rate": 6.768599987030029,
    "Commodity_Index_ETF": 27.40999984741211,
    "US_Dollar_Index": 100.99600219726562,
    "ETH_price": 1717.3499755859375,
    "GOLD_spot_price": 4210.89990234375,
    "LEAN_HOGS_future": 96.69999694824219,
    "COPPER_future": 6.357999801635742,
    "High_Yield_Bond_ETF": 79.94000244140625,
    "LIVE_CATTLE_future": 247.6750030517578,
    "GOLD_near_month_future": 4210.7001953125,
    "NATURAL_GAS_future": 3.2699999809265137,
    "PLATINUM_future": 1680.699951171875,
    "SILVER_future": 65.1500015258789,
    "Long_Term_Treasury_ETF": 86.08999633789062,
    "CORN_future": 411.25,
    "SOYBEANS_future": 1141.5,
    "WHEAT_future": 607.0,
    "SP500_close": 7472.7900390625,
    "NASDAQ_close": 26166.6015625,
    "US_10Y_Treasury_Yield": 4.508999824523926,
    "VIX_close": 17.280000686645508,
    "GOLD_basis_spot_vs_near": 0.19970703125,
    "China_10Y_Treasury_Yield": 1.7375
  }
}