{
  "latest_date": "2026-03-04",
  "latest_values": {
    "Shanghai_Composite_Index": 4122.67578125,
    "CSI_300_Index": 4655.89990234375,
    "Shenzhen_Component_Index": 14022.3896484375,
    "ALUMINUM_future": 3214.0,
    "BTC_price": 68341.890625,
    "OIL_price": 75.19999694824219,
    "USD_CNY_exchange_rate": 6.916600227355957,
    "Commodity_Index_ETF": 25.90999984741211,
    "US_Dollar_Index": 99.14700317382812,
    "ETH_price": 1980.641845703125,
    "GOLD_spot_price": 5186.0,
    "LEAN_HOGS_future": 95.7750015258789,
    "COPPER_future": 5.9085001945495605,
    "High_Yield_Bond_ETF": 80.12000274658203,
    "LIVE_CATTLE_future": 234.3000030517578,
    "GOLD_near_month_future": 5186.2998046875,
    "NATURAL_GAS_future": 3.0250000953674316,
    "PLATINUM_future": 2152.699951171875,
    "SILVER_future": 85.05000305175781,
    "Long_Term_Treasury_ETF": 89.43000030517578,
    "CORN_future": 445.75,
    "SOYBEANS_future": 1167.5,
    "WHEAT_future": 574.5,
    "SP500_close": 6816.6298828125,
    "NASDAQ_close": 22516.689453125,
    "US_10Y_Treasury_Yield": 4.056000232696533,
    "VIX_close": 23.56999969482422,
    "GOLD_basis_spot_vs_near": -0.2998046875,
    "China_10Y_Treasury_Yield": 1.7807
  }
}