{
  "latest_date": "2026-04-13",
  "latest_values": {
    "Shanghai_Composite_Index": 3986.22509765625,
    "CSI_300_Index": 4636.56982421875,
    "Shenzhen_Component_Index": 14309.4697265625,
    "ALUMINUM_future": 3567.25,
    "BTC_price": 72254.65625,
    "OIL_price": 102.12999725341797,
    "USD_CNY_exchange_rate": 6.831399917602539,
    "Commodity_Index_ETF": 29.25,
    "US_Dollar_Index": 98.76200103759766,
    "ETH_price": 2226.279541015625,
    "GOLD_spot_price": 4749.2001953125,
    "LEAN_HOGS_future": 103.0250015258789,
    "COPPER_future": 5.9644999504089355,
    "High_Yield_Bond_ETF": 80.1050033569336,
    "LIVE_CATTLE_future": 248.75,
    "GOLD_near_month_future": 4749.2001953125,
    "NATURAL_GAS_future": 2.631999969482422,
    "PLATINUM_future": 2055.0,
    "SILVER_future": 74.5,
    "Long_Term_Treasury_ETF": 86.54000091552734,
    "CORN_future": 444.25,
    "SOYBEANS_future": 1167.25,
    "WHEAT_future": 589.0,
    "SP500_close": 6837.9501953125,
    "NASDAQ_close": 23027.28125,
    "US_10Y_Treasury_Yield": 4.333000183105469,
    "VIX_close": 19.829999923706055,
    "GOLD_basis_spot_vs_near": 0.0,
    "China_10Y_Treasury_Yield": 1.7933
  }
}