{
  "latest_date": "2026-01-26",
  "latest_values": {
    "Shanghai_Composite_Index": 4136.1640625,
    "CSI_300_Index": 4702.5,
    "Shenzhen_Component_Index": 14439.66015625,
    "ALUMINUM_future": 3161.5,
    "BTC_price": 87620.4375,
    "OIL_price": 61.27000045776367,
    "USD_CNY_exchange_rate": 6.955399990081787,
    "Commodity_Index_ETF": 24.18000030517578,
    "US_Dollar_Index": 97.19200134277344,
    "ETH_price": 2877.874267578125,
    "GOLD_spot_price": 5068.5,
    "LEAN_HOGS_future": 96.17500305175781,
    "COPPER_future": 5.966000080108643,
    "High_Yield_Bond_ETF": 81.13999938964844,
    "LIVE_CATTLE_future": 236.9250030517578,
    "GOLD_near_month_future": 5068.39990234375,
    "NATURAL_GAS_future": 3.8259999752044678,
    "PLATINUM_future": 2885.60009765625,
    "SILVER_future": 107.80500030517578,
    "Long_Term_Treasury_ETF": 87.93000030517578,
    "CORN_future": 430.75,
    "SOYBEANS_future": 1071.5,
    "WHEAT_future": 531.75,
    "SP500_close": 6915.60986328125,
    "NASDAQ_close": 23501.240234375,
    "US_10Y_Treasury_Yield": 4.238999843597412,
    "VIX_close": 16.09000015258789,
    "GOLD_basis_spot_vs_near": 0.10009765625,
    "China_10Y_Treasury_Yield": 1.8298
  }
}