{
  "latest_date": "2025-11-05",
  "latest_values": {
    "Shanghai_Composite_Index": 3976.52099609375,
    "CSI_300_Index": 4653.39990234375,
    "Shenzhen_Component_Index": 13404.0595703125,
    "ALUMINUM_future": 2775.25,
    "BTC_price": 102971.171875,
    "OIL_price": 60.2599983215332,
    "USD_CNY_exchange_rate": 7.127299785614014,
    "Commodity_Index_ETF": 22.889999389648438,
    "US_Dollar_Index": 100.27300262451172,
    "ETH_price": 3367.020751953125,
    "GOLD_spot_price": 3989.10009765625,
    "LEAN_HOGS_future": 80.8499984741211,
    "COPPER_future": 4.9644999504089355,
    "High_Yield_Bond_ETF": 80.1500015258789,
    "LIVE_CATTLE_future": 227.39999389648438,
    "GOLD_near_month_future": 3988.60009765625,
    "PLATINUM_future": 1552.5,
    "SILVER_future": 47.81999969482422,
    "Long_Term_Treasury_ETF": 89.94000244140625,
    "CORN_future": 431.25,
    "SOYBEANS_future": 1124.75,
    "WHEAT_future": 548.0,
    "SP500_close": 6771.5498046875,
    "NASDAQ_close": 23348.63671875,
    "US_10Y_Treasury_Yield": 4.111999988555908,
    "VIX_close": 18.950000762939453,
    "GOLD_basis_spot_vs_near": 0.5,
    "China_10Y_Treasury_Yield": 1.7964
  }
}