{
  "latest_date": "2026-03-16",
  "latest_values": {
    "Shanghai_Composite_Index": 4084.785888671875,
    "CSI_300_Index": 4671.55908203125,
    "Shenzhen_Component_Index": 14307.5771484375,
    "ALUMINUM_future": 3353.75,
    "BTC_price": 74110.953125,
    "OIL_price": 93.95999908447266,
    "USD_CNY_exchange_rate": 6.894999980926514,
    "Commodity_Index_ETF": 28.395099639892578,
    "ETH_price": 2331.75439453125,
    "GOLD_spot_price": 5018.0,
    "LEAN_HOGS_future": 93.5,
    "COPPER_future": 5.839000225067139,
    "High_Yield_Bond_ETF": 79.53500366210938,
    "LIVE_CATTLE_future": 233.1999969482422,
    "GOLD_near_month_future": 5018.2998046875,
    "NATURAL_GAS_future": 3.0239999294281006,
    "PLATINUM_future": 2116.199951171875,
    "SILVER_future": 81.20999908447266,
    "Long_Term_Treasury_ETF": 87.29000091552734,
    "CORN_future": 454.75,
    "SOYBEANS_future": 1155.25,
    "WHEAT_future": 597.0,
    "SP500_close": 6699.5498046875,
    "NASDAQ_close": 22373.93359375,
    "US_10Y_Treasury_Yield": 4.220000267028809,
    "VIX_close": 23.229999542236328,
    "GOLD_basis_spot_vs_near": -0.2998046875,
    "China_10Y_Treasury_Yield": 1.8312
  }
}