{
  "latest_date": "2026-04-24",
  "latest_values": {
    "Shanghai_Composite_Index": 4093.25,
    "CSI_300_Index": 4786.330078125,
    "Shenzhen_Component_Index": 15043.4501953125,
    "ALUMINUM_future": 3557.5,
    "BTC_price": 77515.3125,
    "OIL_price": 94.0999984741211,
    "USD_CNY_exchange_rate": 6.835899829864502,
    "Commodity_Index_ETF": 29.704999923706055,
    "US_Dollar_Index": 98.58499908447266,
    "ETH_price": 2313.81005859375,
    "GOLD_spot_price": 4737.7001953125,
    "LEAN_HOGS_future": 101.9000015258789,
    "COPPER_future": 6.026500225067139,
    "High_Yield_Bond_ETF": 80.45500183105469,
    "LIVE_CATTLE_future": 244.875,
    "GOLD_near_month_future": 4737.60009765625,
    "NATURAL_GAS_future": 2.696000099182129,
    "PLATINUM_future": 2022.5,
    "SILVER_future": 76.36499786376953,
    "Long_Term_Treasury_ETF": 86.625,
    "CORN_future": 463.5,
    "SOYBEANS_future": 1178.5,
    "WHEAT_future": 615.75,
    "SP500_close": 7158.25,
    "NASDAQ_close": 24809.828125,
    "US_10Y_Treasury_Yield": 4.309999942779541,
    "VIX_close": 18.579999923706055,
    "GOLD_basis_spot_vs_near": 0.10009765625,
    "China_10Y_Treasury_Yield": 1.7601
  }
}