{
  "latest_date": "2025-09-23",
  "latest_values": {
    "Shanghai_Composite_Index": 3821.832763671875,
    "CSI_300_Index": 4519.7783203125,
    "Shenzhen_Component_Index": 13119.8173828125,
    "ALUMINUM_future": 2579.75,
    "BTC_price": 112130.3046875,
    "OIL_price": 63.25,
    "USD_CNY_exchange_rate": 7.111100196838379,
    "Commodity_Index_ETF": 22.40999984741211,
    "US_Dollar_Index": 97.24700164794922,
    "ETH_price": 4150.40576171875,
    "GOLD_spot_price": 3809.39990234375,
    "LEAN_HOGS_future": 91.94999694824219,
    "COPPER_future": 4.640500068664551,
    "High_Yield_Bond_ETF": 81.2655029296875,
    "LIVE_CATTLE_future": 235.75,
    "GOLD_near_month_future": 3809.39990234375,
    "NATURAL_GAS_future": 2.8540000915527344,
    "PLATINUM_future": 1493.199951171875,
    "SILVER_future": 44.47999954223633,
    "Long_Term_Treasury_ETF": 89.18499755859375,
    "CORN_future": 425.75,
    "SOYBEANS_future": 1010.5,
    "WHEAT_future": 520.0,
    "SP500_close": 6655.97998046875,
    "NASDAQ_close": 22586.271484375,
    "US_10Y_Treasury_Yield": 4.111999988555908,
    "VIX_close": 16.8700008392334,
    "GOLD_basis_spot_vs_near": 0.0,
    "China_10Y_Treasury_Yield": 1.877
  }
}