{
  "latest_date": "2026-07-15",
  "latest_values": {
    "Shanghai_Composite_Index": 3955.578125,
    "CSI_300_Index": 4786.78271484375,
    "Shenzhen_Component_Index": 14779.396484375,
    "ALUMINUM_future": 3448.0,
    "BTC_price": 64780.96875,
    "OIL_price": 80.06999969482422,
    "USD_CNY_exchange_rate": 6.7795000076293945,
    "Commodity_Index_ETF": 28.329999923706055,
    "US_Dollar_Index": 100.96900177001953,
    "ETH_price": 1883.9599609375,
    "GOLD_spot_price": 4032.300048828125,
    "LEAN_HOGS_future": 95.0999984741211,
    "COPPER_future": 6.370500087738037,
    "High_Yield_Bond_ETF": 79.5199966430664,
    "LIVE_CATTLE_future": 231.4250030517578,
    "GOLD_near_month_future": 4032.199951171875,
    "NATURAL_GAS_future": 2.9240000247955322,
    "PLATINUM_future": 1641.199951171875,
    "SILVER_future": 58.564998626708984,
    "Long_Term_Treasury_ETF": 83.97000122070312,
    "CORN_future": 466.75,
    "SOYBEANS_future": 1197.25,
    "WHEAT_future": 668.25,
    "SP500_close": 7515.33984375,
    "NASDAQ_close": 25873.1796875,
    "US_10Y_Treasury_Yield": 4.609000205993652,
    "VIX_close": 16.260000228881836,
    "GOLD_basis_spot_vs_near": 0.10009765625,
    "China_10Y_Treasury_Yield": 1.7406
  }
}