{
  "latest_date": "2026-05-28",
  "latest_values": {
    "Shanghai_Composite_Index": 4093.72705078125,
    "CSI_300_Index": 4908.169921875,
    "Shenzhen_Component_Index": 15736.4697265625,
    "ALUMINUM_future": 3608.0,
    "BTC_price": 73277.5625,
    "OIL_price": 90.41999816894531,
    "USD_CNY_exchange_rate": 6.785999774932861,
    "Commodity_Index_ETF": 29.489999771118164,
    "US_Dollar_Index": 99.3030014038086,
    "ETH_price": 1987.7900390625,
    "GOLD_spot_price": 4418.10009765625,
    "LEAN_HOGS_future": 97.5999984741211,
    "COPPER_future": 6.335000038146973,
    "High_Yield_Bond_ETF": 80.12999725341797,
    "LIVE_CATTLE_future": 251.4250030517578,
    "GOLD_near_month_future": 4418.10009765625,
    "NATURAL_GAS_future": 3.059999942779541,
    "PLATINUM_future": 1896.0999755859375,
    "SILVER_future": 73.55000305175781,
    "Long_Term_Treasury_ETF": 85.30000305175781,
    "CORN_future": 455.0,
    "SOYBEANS_future": 1192.25,
    "WHEAT_future": 625.5,
    "SP500_close": 7520.35986328125,
    "NASDAQ_close": 26674.73046875,
    "US_10Y_Treasury_Yield": 4.480999946594238,
    "VIX_close": 16.690000534057617,
    "GOLD_basis_spot_vs_near": 0.0,
    "China_10Y_Treasury_Yield": 1.7216
  }
}