{
  "latest_date": "2025-11-15",
  "latest_values": {
    "Shanghai_Composite_Index": 3990.491943359375,
    "CSI_300_Index": 4628.14013671875,
    "Shenzhen_Component_Index": 13216.0302734375,
    "ALUMINUM_future": 2812.75,
    "BTC_price": 96282.7890625,
    "OIL_price": 59.95000076293945,
    "USD_CNY_exchange_rate": 7.111999988555908,
    "Commodity_Index_ETF": 22.969999313354492,
    "US_Dollar_Index": 99.27300262451172,
    "ETH_price": 3178.209716796875,
    "GOLD_spot_price": 4084.39990234375,
    "LEAN_HOGS_future": 78.2249984741211,
    "COPPER_future": 5.050000190734863,
    "High_Yield_Bond_ETF": 80.22000122070312,
    "LIVE_CATTLE_future": 219.1750030517578,
    "GOLD_near_month_future": 4084.199951171875,
    "NATURAL_GAS_future": 4.508999824523926,
    "PLATINUM_future": 1558.4000244140625,
    "SILVER_future": 50.400001525878906,
    "Long_Term_Treasury_ETF": 88.87000274658203,
    "CORN_future": 430.25,
    "SOYBEANS_future": 1122.5,
    "WHEAT_future": 526.75,
    "SP500_close": 6734.10986328125,
    "NASDAQ_close": 22900.58984375,
    "US_10Y_Treasury_Yield": 4.1479997634887695,
    "VIX_close": 19.829999923706055,
    "GOLD_basis_spot_vs_near": 0.199951171875,
    "China_10Y_Treasury_Yield": 1.814
  }
}