{
  "latest_date": "2026-01-30",
  "latest_values": {
    "Shanghai_Composite_Index": 4157.98388671875,
    "CSI_300_Index": 4753.8701171875,
    "Shenzhen_Component_Index": 14300.080078125,
    "ALUMINUM_future": 3133.75,
    "BTC_price": 82825.7578125,
    "OIL_price": 64.19999694824219,
    "USD_CNY_exchange_rate": 6.948500156402588,
    "Commodity_Index_ETF": 25.299999237060547,
    "US_Dollar_Index": 96.54499816894531,
    "ETH_price": 2743.030517578125,
    "GOLD_spot_price": 5199.7001953125,
    "LEAN_HOGS_future": 95.32499694824219,
    "COPPER_future": 5.997000217437744,
    "High_Yield_Bond_ETF": 81.02999877929688,
    "LIVE_CATTLE_future": 237.27499389648438,
    "GOLD_near_month_future": 5199.89990234375,
    "NATURAL_GAS_future": 3.875,
    "PLATINUM_future": 2434.39990234375,
    "SILVER_future": 108.70500183105469,
    "Long_Term_Treasury_ETF": 87.62000274658203,
    "CORN_future": 430.0,
    "SOYBEANS_future": 1066.75,
    "WHEAT_future": 540.25,
    "SP500_close": 6969.009765625,
    "NASDAQ_close": 23685.119140625,
    "US_10Y_Treasury_Yield": 4.2270002365112305,
    "VIX_close": 16.8799991607666,
    "GOLD_basis_spot_vs_near": -0.19970703125,
    "China_10Y_Treasury_Yield": 1.8174
  }
}