{
  "latest_date": "2025-12-19",
  "latest_values": {
    "Shanghai_Composite_Index": 3890.447509765625,
    "CSI_300_Index": 4568.17822265625,
    "Shenzhen_Component_Index": 13140.21484375,
    "ALUMINUM_future": 2966.75,
    "BTC_price": 87048.671875,
    "OIL_price": 56.47999954223633,
    "USD_CNY_exchange_rate": 7.040900230407715,
    "Commodity_Index_ETF": 22.875,
    "US_Dollar_Index": 98.62899780273438,
    "ETH_price": 2947.423095703125,
    "GOLD_spot_price": 4386.0,
    "LEAN_HOGS_future": 84.5999984741211,
    "COPPER_future": 5.517000198364258,
    "High_Yield_Bond_ETF": 80.375,
    "LIVE_CATTLE_future": 231.1999969482422,
    "GOLD_near_month_future": 4386.10009765625,
    "NATURAL_GAS_future": 3.9860000610351562,
    "PLATINUM_future": 2019.199951171875,
    "SILVER_future": 67.56500244140625,
    "Long_Term_Treasury_ETF": 87.52469635009766,
    "CORN_future": 443.25,
    "SOYBEANS_future": 1059.5,
    "WHEAT_future": 509.5,
    "SP500_close": 6836.75,
    "NASDAQ_close": 23285.396484375,
    "US_10Y_Treasury_Yield": 4.144999980926514,
    "VIX_close": 15.270000457763672,
    "GOLD_basis_spot_vs_near": -0.10009765625,
    "China_10Y_Treasury_Yield": 1.8308
  }
}