{
  "latest_date": "2026-06-08",
  "latest_values": {
    "Shanghai_Composite_Index": 3959.337890625,
    "CSI_300_Index": 4713.6357421875,
    "Shenzhen_Component_Index": 14821.1865234375,
    "ALUMINUM_future": 3667.5,
    "BTC_price": 64058.1796875,
    "OIL_price": 92.04000091552734,
    "USD_CNY_exchange_rate": 6.773499965667725,
    "Commodity_Index_ETF": 29.530000686645508,
    "US_Dollar_Index": 99.93199920654297,
    "ETH_price": 1698.489990234375,
    "GOLD_spot_price": 4349.89990234375,
    "LEAN_HOGS_future": 98.7750015258789,
    "COPPER_future": 6.380499839782715,
    "High_Yield_Bond_ETF": 79.58499908447266,
    "LIVE_CATTLE_future": 239.3000030517578,
    "GOLD_near_month_future": 4350.2001953125,
    "NATURAL_GAS_future": 3.1029999256134033,
    "PLATINUM_future": 1752.800048828125,
    "SILVER_future": 68.43499755859375,
    "Long_Term_Treasury_ETF": 85.0250015258789,
    "CORN_future": 419.0,
    "SOYBEANS_future": 1119.75,
    "WHEAT_future": 586.5,
    "SP500_close": 7461.43017578125,
    "NASDAQ_close": 26167.765625,
    "US_10Y_Treasury_Yield": 4.546000003814697,
    "VIX_close": 18.010000228881836,
    "GOLD_basis_spot_vs_near": -0.30029296875,
    "China_10Y_Treasury_Yield": 1.7275
  }
}