{
  "latest_date": "2026-02-24",
  "latest_values": {
    "Shanghai_Composite_Index": 4082.072998046875,
    "CSI_300_Index": 4660.41015625,
    "Shenzhen_Component_Index": 14100.1904296875,
    "ALUMINUM_future": 3067.5,
    "BTC_price": 63272.1171875,
    "OIL_price": 66.41000366210938,
    "USD_CNY_exchange_rate": 6.879199981689453,
    "Commodity_Index_ETF": 24.75,
    "US_Dollar_Index": 97.87000274658203,
    "ETH_price": 1828.7320556640625,
    "GOLD_spot_price": 5188.5,
    "LEAN_HOGS_future": 85.05000305175781,
    "COPPER_future": 5.924499988555908,
    "High_Yield_Bond_ETF": 80.87000274658203,
    "LIVE_CATTLE_future": 244.6750030517578,
    "GOLD_near_month_future": 5188.39990234375,
    "NATURAL_GAS_future": 2.86899995803833,
    "PLATINUM_future": 2168.5,
    "SILVER_future": 87.94999694824219,
    "Long_Term_Treasury_ETF": 89.73999786376953,
    "CORN_future": 440.0,
    "SOYBEANS_future": 1145.75,
    "WHEAT_future": 573.5,
    "SP500_close": 6837.75,
    "NASDAQ_close": 22627.26953125,
    "US_10Y_Treasury_Yield": 4.0289998054504395,
    "VIX_close": 20.979999542236328,
    "GOLD_basis_spot_vs_near": 0.10009765625,
    "China_10Y_Treasury_Yield": 1.8023
  }
}