{
  "latest_date": "2026-02-06",
  "latest_values": {
    "Shanghai_Composite_Index": 4065.58349609375,
    "CSI_300_Index": 4643.595703125,
    "Shenzhen_Component_Index": 13906.734375,
    "ALUMINUM_future": 3038.75,
    "BTC_price": 70549.9921875,
    "OIL_price": 63.400001525878906,
    "USD_CNY_exchange_rate": 6.938300132751465,
    "Commodity_Index_ETF": 23.9950008392334,
    "US_Dollar_Index": 97.63800048828125,
    "ETH_price": 2058.81494140625,
    "GOLD_spot_price": 4981.10009765625,
    "LEAN_HOGS_future": 87.375,
    "COPPER_future": 5.881999969482422,
    "High_Yield_Bond_ETF": 80.74500274658203,
    "LIVE_CATTLE_future": 238.0,
    "GOLD_near_month_future": 4980.89990234375,
    "NATURAL_GAS_future": 3.430000066757202,
    "PLATINUM_future": 2100.0,
    "SILVER_future": 77.16500091552734,
    "Long_Term_Treasury_ETF": 87.44999694824219,
    "CORN_future": 430.75,
    "SOYBEANS_future": 1114.75,
    "WHEAT_future": 530.75,
    "SP500_close": 6918.259765625,
    "NASDAQ_close": 22973.2890625,
    "US_10Y_Treasury_Yield": 4.208000183105469,
    "VIX_close": 17.899999618530273,
    "GOLD_basis_spot_vs_near": 0.2001953125,
    "China_10Y_Treasury_Yield": 1.8102
  }
}