{
  "latest_date": "2026-05-20",
  "latest_values": {
    "Shanghai_Composite_Index": 4169.5380859375,
    "CSI_300_Index": 4852.8798828125,
    "Shenzhen_Component_Index": 15569.91015625,
    "ALUMINUM_future": 3549.5,
    "BTC_price": 77337.0390625,
    "OIL_price": 101.95999908447266,
    "USD_CNY_exchange_rate": 6.800000190734863,
    "Commodity_Index_ETF": 31.610000610351562,
    "US_Dollar_Index": 99.4209976196289,
    "ETH_price": 2127.419921875,
    "GOLD_spot_price": 4487.7998046875,
    "LEAN_HOGS_future": 97.92500305175781,
    "COPPER_future": 6.236999988555908,
    "High_Yield_Bond_ETF": 79.3499984741211,
    "LIVE_CATTLE_future": 254.5500030517578,
    "GOLD_near_month_future": 4487.7001953125,
    "NATURAL_GAS_future": 3.0810000896453857,
    "PLATINUM_future": 1945.5999755859375,
    "SILVER_future": 75.75499725341797,
    "Long_Term_Treasury_ETF": 83.0199966430664,
    "CORN_future": 471.25,
    "SOYBEANS_future": 1202.25,
    "WHEAT_future": 661.75,
    "SP500_close": 7353.60986328125,
    "NASDAQ_close": 25870.7109375,
    "US_10Y_Treasury_Yield": 4.666999816894531,
    "VIX_close": 17.979999542236328,
    "GOLD_basis_spot_vs_near": 0.099609375,
    "China_10Y_Treasury_Yield": 1.7345
  }
}