{
  "latest_date": "2026-03-17",
  "latest_values": {
    "Shanghai_Composite_Index": 4049.9072265625,
    "CSI_300_Index": 4637.43896484375,
    "Shenzhen_Component_Index": 14039.73046875,
    "ALUMINUM_future": 3304.25,
    "BTC_price": 74715.4765625,
    "OIL_price": 95.18000030517578,
    "USD_CNY_exchange_rate": 6.885799884796143,
    "Commodity_Index_ETF": 28.719999313354492,
    "ETH_price": 2337.361083984375,
    "GOLD_spot_price": 5006.2001953125,
    "LEAN_HOGS_future": 107.80000305175781,
    "COPPER_future": 5.769999980926514,
    "High_Yield_Bond_ETF": 79.76499938964844,
    "LIVE_CATTLE_future": 233.52499389648438,
    "GOLD_near_month_future": 5006.39990234375,
    "NATURAL_GAS_future": 3.0320000648498535,
    "PLATINUM_future": 2123.800048828125,
    "SILVER_future": 79.41000366210938,
    "Long_Term_Treasury_ETF": 87.45500183105469,
    "CORN_future": 454.5,
    "SOYBEANS_future": 1156.5,
    "WHEAT_future": 590.5,
    "SP500_close": 6720.4501953125,
    "NASDAQ_close": 22470.798828125,
    "US_10Y_Treasury_Yield": 4.202000141143799,
    "VIX_close": 22.360000610351562,
    "GOLD_basis_spot_vs_near": -0.19970703125,
    "China_10Y_Treasury_Yield": 1.8314
  }
}