{
  "latest_date": "2025-11-07",
  "latest_values": {
    "Shanghai_Composite_Index": 3997.5556640625,
    "CSI_300_Index": 4678.79443359375,
    "Shenzhen_Component_Index": 13452.419921875,
    "ALUMINUM_future": 2790.5,
    "BTC_price": 100551.9609375,
    "OIL_price": 59.93000030517578,
    "USD_CNY_exchange_rate": 7.121399879455566,
    "Commodity_Index_ETF": 22.914499282836914,
    "US_Dollar_Index": 99.53199768066406,
    "ETH_price": 3274.42138671875,
    "GOLD_spot_price": 4002.0,
    "LEAN_HOGS_future": 79.3499984741211,
    "COPPER_future": 4.9629998207092285,
    "High_Yield_Bond_ETF": 80.17749786376953,
    "LIVE_CATTLE_future": 218.89999389648438,
    "GOLD_near_month_future": 4001.800048828125,
    "NATURAL_GAS_future": 4.353000164031982,
    "PLATINUM_future": 1552.199951171875,
    "SILVER_future": 48.220001220703125,
    "Long_Term_Treasury_ETF": 89.58999633789062,
    "CORN_future": 428.75,
    "SOYBEANS_future": 1115.75,
    "WHEAT_future": 533.75,
    "SP500_close": 6661.9599609375,
    "NASDAQ_close": 22703.087890625,
    "US_10Y_Treasury_Yield": 4.1020002365112305,
    "VIX_close": 20.940000534057617,
    "GOLD_basis_spot_vs_near": 0.199951171875,
    "China_10Y_Treasury_Yield": 1.8142
  }
}