{
  "latest_date": "2025-11-13",
  "latest_values": {
    "Shanghai_Composite_Index": 4000.139892578125,
    "CSI_300_Index": 4645.91015625,
    "Shenzhen_Component_Index": 13240.6201171875,
    "ALUMINUM_future": 2858.25,
    "BTC_price": 102901.2734375,
    "OIL_price": 58.2599983215332,
    "USD_CNY_exchange_rate": 7.096700191497803,
    "Commodity_Index_ETF": 23.040000915527344,
    "US_Dollar_Index": 99.25299835205078,
    "ETH_price": 3492.071044921875,
    "GOLD_spot_price": 4237.2998046875,
    "LEAN_HOGS_future": 80.5250015258789,
    "COPPER_future": 5.125,
    "High_Yield_Bond_ETF": 80.52999877929688,
    "LIVE_CATTLE_future": 225.0749969482422,
    "GOLD_near_month_future": 4237.0,
    "NATURAL_GAS_future": 4.486999988555908,
    "PLATINUM_future": 1654.5999755859375,
    "SILVER_future": 54.03499984741211,
    "Long_Term_Treasury_ETF": 90.12000274658203,
    "CORN_future": 434.5,
    "SOYBEANS_future": 1134.75,
    "WHEAT_future": 531.75,
    "SP500_close": 6850.919921875,
    "NASDAQ_close": 23406.4609375,
    "US_10Y_Treasury_Yield": 4.065000057220459,
    "VIX_close": 17.8700008392334,
    "GOLD_basis_spot_vs_near": 0.2998046875,
    "China_10Y_Treasury_Yield": 1.8126
  }
}