{
  "latest_date": "2026-04-24",
  "latest_values": {
    "Shanghai_Composite_Index": 4079.900390625,
    "CSI_300_Index": 4769.36865234375,
    "Shenzhen_Component_Index": 14940.30078125,
    "ALUMINUM_future": 3571.5,
    "BTC_price": 78308.4375,
    "OIL_price": 95.0199966430664,
    "USD_CNY_exchange_rate": 6.82420015335083,
    "Commodity_Index_ETF": 29.889999389648438,
    "US_Dollar_Index": 98.64600372314453,
    "ETH_price": 2331.080078125,
    "GOLD_spot_price": 4711.0,
    "LEAN_HOGS_future": 95.6500015258789,
    "COPPER_future": 6.01200008392334,
    "High_Yield_Bond_ETF": 80.37000274658203,
    "LIVE_CATTLE_future": 247.0749969482422,
    "GOLD_near_month_future": 4710.7001953125,
    "NATURAL_GAS_future": 2.703000068664551,
    "PLATINUM_future": 2000.0,
    "SILVER_future": 75.63999938964844,
    "Long_Term_Treasury_ETF": 86.55000305175781,
    "CORN_future": 464.5,
    "SOYBEANS_future": 1175.75,
    "WHEAT_future": 619.5,
    "SP500_close": 7108.39990234375,
    "NASDAQ_close": 24438.5,
    "US_10Y_Treasury_Yield": 4.322999954223633,
    "VIX_close": 18.809999465942383,
    "GOLD_basis_spot_vs_near": 0.2998046875,
    "China_10Y_Treasury_Yield": 1.7601
  }
}