{
  "latest_date": "2026-04-29",
  "latest_values": {
    "Shanghai_Composite_Index": 4078.636962890625,
    "CSI_300_Index": 4758.2099609375,
    "Shenzhen_Component_Index": 14830.4599609375,
    "ALUMINUM_future": 3434.75,
    "BTC_price": 75954.390625,
    "OIL_price": 107.29000091552734,
    "USD_CNY_exchange_rate": 6.836999893188477,
    "Commodity_Index_ETF": 30.934999465942383,
    "US_Dollar_Index": 98.88600158691406,
    "ETH_price": 2273.239990234375,
    "GOLD_spot_price": 4567.60009765625,
    "LEAN_HOGS_future": 103.6500015258789,
    "COPPER_future": 5.933499813079834,
    "High_Yield_Bond_ETF": 80.16000366210938,
    "LIVE_CATTLE_future": 254.77499389648438,
    "GOLD_near_month_future": 4567.5,
    "NATURAL_GAS_future": 2.632999897003174,
    "PLATINUM_future": 1900.9000244140625,
    "SILVER_future": 72.06500244140625,
    "Long_Term_Treasury_ETF": 85.79499816894531,
    "CORN_future": 477.75,
    "SOYBEANS_future": 1196.25,
    "WHEAT_future": 662.75,
    "SP500_close": 7124.0,
    "NASDAQ_close": 24598.73046875,
    "US_10Y_Treasury_Yield": 4.404000282287598,
    "VIX_close": 18.760000228881836,
    "GOLD_basis_spot_vs_near": 0.10009765625,
    "China_10Y_Treasury_Yield": 1.7444
  }
}