{
  "latest_date": "2026-06-04",
  "latest_values": {
    "Shanghai_Composite_Index": 4083.97412109375,
    "CSI_300_Index": 4938.81005859375,
    "Shenzhen_Component_Index": 15704.7099609375,
    "ALUMINUM_future": 3710.0,
    "BTC_price": 63614.87890625,
    "OIL_price": 92.80000305175781,
    "USD_CNY_exchange_rate": 6.762199878692627,
    "Commodity_Index_ETF": 29.829999923706055,
    "US_Dollar_Index": 99.30899810791016,
    "ETH_price": 1771.4000244140625,
    "GOLD_spot_price": 4510.89990234375,
    "LEAN_HOGS_future": 101.0250015258789,
    "COPPER_future": 6.535999774932861,
    "High_Yield_Bond_ETF": 79.80500030517578,
    "LIVE_CATTLE_future": 241.5,
    "GOLD_near_month_future": 4511.0,
    "NATURAL_GAS_future": 3.3410000801086426,
    "PLATINUM_future": 1901.199951171875,
    "SILVER_future": 74.17500305175781,
    "Long_Term_Treasury_ETF": 85.57499694824219,
    "CORN_future": 423.0,
    "SOYBEANS_future": 1122.75,
    "WHEAT_future": 580.0,
    "SP500_close": 7578.14013671875,
    "NASDAQ_close": 26796.814453125,
    "US_10Y_Treasury_Yield": 4.465000152587891,
    "VIX_close": 15.600000381469727,
    "GOLD_basis_spot_vs_near": -0.10009765625,
    "China_10Y_Treasury_Yield": 1.7081
  }
}