{
  "latest_date": "2026-05-08",
  "latest_values": {
    "Shanghai_Composite_Index": 4179.95263671875,
    "CSI_300_Index": 4871.912109375,
    "Shenzhen_Component_Index": 15563.796875,
    "ALUMINUM_future": 3458.25,
    "BTC_price": 79771.0234375,
    "OIL_price": 94.23999786376953,
    "USD_CNY_exchange_rate": 6.810999870300293,
    "Commodity_Index_ETF": 30.149999618530273,
    "US_Dollar_Index": 97.9020004272461,
    "ETH_price": 2277.5,
    "GOLD_spot_price": 4736.2001953125,
    "LEAN_HOGS_future": 91.5,
    "COPPER_future": 6.297999858856201,
    "High_Yield_Bond_ETF": 80.03500366210938,
    "LIVE_CATTLE_future": 250.0500030517578,
    "GOLD_near_month_future": 4735.89990234375,
    "NATURAL_GAS_future": 2.8259999752044678,
    "PLATINUM_future": 2045.0,
    "SILVER_future": 81.63999938964844,
    "Long_Term_Treasury_ETF": 86.1500015258789,
    "CORN_future": 466.75,
    "SOYBEANS_future": 1198.0,
    "WHEAT_future": 614.0,
    "SP500_close": 7374.83984375,
    "NASDAQ_close": 26011.939453125,
    "US_10Y_Treasury_Yield": 4.354000091552734,
    "VIX_close": 17.1299991607666,
    "GOLD_basis_spot_vs_near": 0.30029296875,
    "China_10Y_Treasury_Yield": 1.7648
  }
}