{
  "latest_date": "2026-01-26",
  "latest_values": {
    "Shanghai_Composite_Index": 4136.1640625,
    "CSI_300_Index": 4702.5,
    "Shenzhen_Component_Index": 14439.66015625,
    "ALUMINUM_future": 3143.75,
    "BTC_price": 87701.828125,
    "OIL_price": 61.150001525878906,
    "USD_CNY_exchange_rate": 6.954699993133545,
    "Commodity_Index_ETF": 24.18000030517578,
    "US_Dollar_Index": 97.0510025024414,
    "ETH_price": 2870.080322265625,
    "GOLD_spot_price": 5072.7001953125,
    "LEAN_HOGS_future": 96.17500305175781,
    "COPPER_future": 5.952000141143799,
    "High_Yield_Bond_ETF": 81.13999938964844,
    "LIVE_CATTLE_future": 236.9250030517578,
    "GOLD_near_month_future": 5072.10009765625,
    "NATURAL_GAS_future": 3.7660000324249268,
    "PLATINUM_future": 2871.300048828125,
    "SILVER_future": 107.86000061035156,
    "Long_Term_Treasury_ETF": 87.93000030517578,
    "CORN_future": 431.0,
    "SOYBEANS_future": 1074.0,
    "WHEAT_future": 532.5,
    "SP500_close": 6915.60986328125,
    "NASDAQ_close": 23501.240234375,
    "US_10Y_Treasury_Yield": 4.238999843597412,
    "VIX_close": 16.09000015258789,
    "GOLD_basis_spot_vs_near": 0.60009765625,
    "China_10Y_Treasury_Yield": 1.8298
  }
}