{
  "latest_date": "2025-11-03",
  "latest_values": {
    "Shanghai_Composite_Index": 3954.7900390625,
    "CSI_300_Index": 4640.669921875,
    "Shenzhen_Component_Index": 13378.2099609375,
    "ALUMINUM_future": 2829.25,
    "BTC_price": 107650.4921875,
    "OIL_price": 61.15999984741211,
    "USD_CNY_exchange_rate": 7.11460018157959,
    "Commodity_Index_ETF": 22.8799991607666,
    "US_Dollar_Index": 99.72699737548828,
    "ETH_price": 3729.728515625,
    "GOLD_spot_price": 4021.800048828125,
    "LEAN_HOGS_future": 81.3499984741211,
    "COPPER_future": 5.089000225067139,
    "High_Yield_Bond_ETF": 80.80000305175781,
    "LIVE_CATTLE_future": 229.6999969482422,
    "GOLD_near_month_future": 4021.60009765625,
    "NATURAL_GAS_future": 4.098999977111816,
    "PLATINUM_future": 1591.199951171875,
    "SILVER_future": 48.56999969482422,
    "Long_Term_Treasury_ETF": 90.29000091552734,
    "CORN_future": 433.5,
    "SOYBEANS_future": 1126.0,
    "WHEAT_future": 539.25,
    "SP500_close": 6840.2001953125,
    "NASDAQ_close": 23724.9609375,
    "US_10Y_Treasury_Yield": 4.10099983215332,
    "VIX_close": 17.440000534057617,
    "GOLD_basis_spot_vs_near": 0.199951171875,
    "China_10Y_Treasury_Yield": 1.7954
  }
}