{
  "latest_date": "2026-05-27",
  "latest_values": {
    "Shanghai_Composite_Index": 4093.7265625,
    "CSI_300_Index": 4908.17138671875,
    "Shenzhen_Component_Index": 15876.16015625,
    "ALUMINUM_future": 3654.75,
    "BTC_price": 75838.1328125,
    "OIL_price": 90.19000244140625,
    "USD_CNY_exchange_rate": 6.79449987411499,
    "Commodity_Index_ETF": 30.030000686645508,
    "US_Dollar_Index": 99.11599731445312,
    "ETH_price": 2079.27001953125,
    "GOLD_spot_price": 4481.5,
    "LEAN_HOGS_future": 96.125,
    "COPPER_future": 6.360000133514404,
    "High_Yield_Bond_ETF": 80.18000030517578,
    "LIVE_CATTLE_future": 248.22500610351562,
    "GOLD_near_month_future": 4481.89990234375,
    "NATURAL_GAS_future": 3.0299999713897705,
    "PLATINUM_future": 1931.800048828125,
    "SILVER_future": 74.80000305175781,
    "Long_Term_Treasury_ETF": 85.0999984741211,
    "CORN_future": 456.0,
    "SOYBEANS_future": 1184.75,
    "WHEAT_future": 626.5,
    "SP500_close": 7519.1201171875,
    "NASDAQ_close": 26656.1796875,
    "US_10Y_Treasury_Yield": 4.493000030517578,
    "VIX_close": 16.8799991607666,
    "GOLD_basis_spot_vs_near": -0.39990234375,
    "China_10Y_Treasury_Yield": 1.7216
  }
}