{
  "latest_date": "2025-12-03",
  "latest_values": {
    "Shanghai_Composite_Index": 3897.7119140625,
    "CSI_300_Index": 4554.330078125,
    "Shenzhen_Component_Index": 13056.7001953125,
    "ALUMINUM_future": 2902.25,
    "BTC_price": 92961.671875,
    "OIL_price": 59.36000061035156,
    "USD_CNY_exchange_rate": 7.063300132751465,
    "Commodity_Index_ETF": 23.020000457763672,
    "US_Dollar_Index": 98.9520034790039,
    "ETH_price": 3083.689453125,
    "GOLD_spot_price": 4247.39990234375,
    "LEAN_HOGS_future": 80.125,
    "COPPER_future": 5.366499900817871,
    "High_Yield_Bond_ETF": 80.62000274658203,
    "LIVE_CATTLE_future": 220.5500030517578,
    "GOLD_near_month_future": 4247.2998046875,
    "NATURAL_GAS_future": 4.978000164031982,
    "PLATINUM_future": 1650.9000244140625,
    "SILVER_future": 59.33000183105469,
    "Long_Term_Treasury_ETF": 88.80999755859375,
    "CORN_future": 446.75,
    "SOYBEANS_future": 1126.5,
    "WHEAT_future": 539.5,
    "SP500_close": 6829.3701171875,
    "NASDAQ_close": 23413.669921875,
    "US_10Y_Treasury_Yield": 4.085999965667725,
    "VIX_close": 16.299999237060547,
    "GOLD_basis_spot_vs_near": 0.10009765625,
    "China_10Y_Treasury_Yield": 1.8519
  }
}