{
  "latest_date": "2026-05-01",
  "latest_values": {
    "Shanghai_Composite_Index": 4112.1591796875,
    "CSI_300_Index": 4807.31005859375,
    "Shenzhen_Component_Index": 15107.5498046875,
    "ALUMINUM_future": 3488.0,
    "BTC_price": 77704.6796875,
    "OIL_price": 104.16000366210938,
    "USD_CNY_exchange_rate": 6.8267998695373535,
    "Commodity_Index_ETF": 31.100000381469727,
    "US_Dollar_Index": 97.947998046875,
    "ETH_price": 2298.68994140625,
    "GOLD_spot_price": 4587.2001953125,
    "LEAN_HOGS_future": 93.44999694824219,
    "COPPER_future": 5.9695000648498535,
    "High_Yield_Bond_ETF": 80.37999725341797,
    "LIVE_CATTLE_future": 258.4750061035156,
    "GOLD_near_month_future": 4588.2001953125,
    "NATURAL_GAS_future": 2.811000108718872,
    "PLATINUM_future": 1990.5,
    "SILVER_future": 74.25,
    "Long_Term_Treasury_ETF": 85.62000274658203,
    "CORN_future": 478.25,
    "SOYBEANS_future": 1201.5,
    "WHEAT_future": 641.5,
    "SP500_close": 7209.009765625,
    "NASDAQ_close": 24892.310546875,
    "US_10Y_Treasury_Yield": 4.389999866485596,
    "VIX_close": 16.81999969482422,
    "GOLD_basis_spot_vs_near": -1.0,
    "China_10Y_Treasury_Yield": 1.7473
  }
}