{
  "latest_date": "2026-01-27",
  "latest_values": {
    "Shanghai_Composite_Index": 4132.60498046875,
    "CSI_300_Index": 4706.9599609375,
    "Shenzhen_Component_Index": 14316.6396484375,
    "ALUMINUM_future": 3155.75,
    "BTC_price": 88334.40625,
    "OIL_price": 60.5099983215332,
    "USD_CNY_exchange_rate": 6.956500053405762,
    "Commodity_Index_ETF": 24.290000915527344,
    "US_Dollar_Index": 97.1259994506836,
    "ETH_price": 2929.008544921875,
    "GOLD_spot_price": 5080.10009765625,
    "LEAN_HOGS_future": 96.67500305175781,
    "COPPER_future": 5.920499801635742,
    "High_Yield_Bond_ETF": 81.18000030517578,
    "LIVE_CATTLE_future": 237.9499969482422,
    "GOLD_near_month_future": 5080.10009765625,
    "NATURAL_GAS_future": 3.765000104904175,
    "PLATINUM_future": 2707.199951171875,
    "SILVER_future": 109.96499633789062,
    "Long_Term_Treasury_ETF": 88.3499984741211,
    "CORN_future": 429.0,
    "SOYBEANS_future": 1063.25,
    "WHEAT_future": 521.25,
    "SP500_close": 6950.22998046875,
    "NASDAQ_close": 23601.359375,
    "US_10Y_Treasury_Yield": 4.2129998207092285,
    "VIX_close": 16.149999618530273,
    "GOLD_basis_spot_vs_near": 0.0,
    "China_10Y_Treasury_Yield": 1.8242
  }
}