{
  "latest_date": "2025-12-11",
  "latest_values": {
    "Shanghai_Composite_Index": 3873.317626953125,
    "CSI_300_Index": 4552.1845703125,
    "Shenzhen_Component_Index": 13147.38671875,
    "ALUMINUM_future": 2888.0,
    "BTC_price": 90785.71875,
    "OIL_price": 57.400001525878906,
    "USD_CNY_exchange_rate": 7.0578999519348145,
    "Commodity_Index_ETF": 23.05500030517578,
    "US_Dollar_Index": 98.21399688720703,
    "ETH_price": 3209.636474609375,
    "GOLD_spot_price": 4301.89990234375,
    "LEAN_HOGS_future": 83.375,
    "COPPER_future": 5.494500160217285,
    "High_Yield_Bond_ETF": 80.69000244140625,
    "LIVE_CATTLE_future": 230.75,
    "GOLD_near_month_future": 4302.10009765625,
    "NATURAL_GAS_future": 4.223999977111816,
    "PLATINUM_future": 1714.199951171875,
    "SILVER_future": 64.125,
    "Long_Term_Treasury_ETF": 88.27999877929688,
    "CORN_future": 446.25,
    "SOYBEANS_future": 1093.5,
    "WHEAT_future": 533.5,
    "SP500_close": 6892.1298828125,
    "NASDAQ_close": 23552.7109375,
    "US_10Y_Treasury_Yield": 4.125,
    "VIX_close": 15.350000381469727,
    "GOLD_basis_spot_vs_near": -0.2001953125,
    "China_10Y_Treasury_Yield": 1.8404
  }
}