{
  "latest_date": "2026-06-15",
  "latest_values": {
    "Shanghai_Composite_Index": 4031.512939453125,
    "CSI_300_Index": 4777.31982421875,
    "Shenzhen_Component_Index": 14963.41015625,
    "ALUMINUM_future": 3571.5,
    "BTC_price": 65661.46875,
    "OIL_price": 80.16000366210938,
    "Commodity_Index_ETF": 28.549999237060547,
    "US_Dollar_Index": 99.55400085449219,
    "ETH_price": 1720.5999755859375,
    "GOLD_spot_price": 4345.0,
    "LEAN_HOGS_future": 97.44999694824219,
    "COPPER_future": 6.542500019073486,
    "High_Yield_Bond_ETF": 79.94000244140625,
    "LIVE_CATTLE_future": 241.1750030517578,
    "GOLD_near_month_future": 4345.10009765625,
    "NATURAL_GAS_future": 3.0490000247955322,
    "PLATINUM_future": 1780.0999755859375,
    "SILVER_future": 70.46499633789062,
    "Long_Term_Treasury_ETF": 85.7699966430664,
    "CORN_future": 409.25,
    "SOYBEANS_future": 1133.25,
    "WHEAT_future": 579.75,
    "NASDAQ_close": 25888.83984375,
    "US_10Y_Treasury_Yield": 4.486999988555908,
    "VIX_close": 17.68000030517578,
    "GOLD_basis_spot_vs_near": -0.10009765625,
    "China_10Y_Treasury_Yield": 1.7427
  }
}