{
  "latest_date": "2025-12-12",
  "latest_values": {
    "Shanghai_Composite_Index": 3873.318115234375,
    "CSI_300_Index": 4552.18994140625,
    "Shenzhen_Component_Index": 13147.3896484375,
    "ALUMINUM_future": 2878.5,
    "BTC_price": 92474.28125,
    "OIL_price": 57.599998474121094,
    "USD_CNY_exchange_rate": 7.054200172424316,
    "Commodity_Index_ETF": 23.110000610351562,
    "US_Dollar_Index": 98.46399688720703,
    "ETH_price": 3245.447998046875,
    "GOLD_spot_price": 4363.5,
    "LEAN_HOGS_future": 84.125,
    "COPPER_future": 5.472499847412109,
    "High_Yield_Bond_ETF": 80.72000122070312,
    "LIVE_CATTLE_future": 230.9499969482422,
    "GOLD_near_month_future": 4363.39990234375,
    "NATURAL_GAS_future": 4.195000171661377,
    "PLATINUM_future": 1753.300048828125,
    "SILVER_future": 64.63999938964844,
    "Long_Term_Treasury_ETF": 88.19000244140625,
    "CORN_future": 445.25,
    "SOYBEANS_future": 1085.5,
    "WHEAT_future": 530.75,
    "SP500_close": 6901.0,
    "NASDAQ_close": 23593.859375,
    "US_10Y_Treasury_Yield": 4.140999794006348,
    "VIX_close": 15.170000076293945,
    "GOLD_basis_spot_vs_near": 0.10009765625,
    "China_10Y_Treasury_Yield": 1.8396
  }
}