{
  "latest_date": "2025-11-06",
  "latest_values": {
    "Shanghai_Composite_Index": 3960.18603515625,
    "CSI_300_Index": 4618.7001953125,
    "Shenzhen_Component_Index": 13223.5595703125,
    "ALUMINUM_future": 2840.25,
    "BTC_price": 102829.140625,
    "OIL_price": 60.0099983215332,
    "USD_CNY_exchange_rate": 7.118500232696533,
    "Commodity_Index_ETF": 22.81999969482422,
    "US_Dollar_Index": 99.83100128173828,
    "ETH_price": 3360.78173828125,
    "GOLD_spot_price": 4014.60009765625,
    "LEAN_HOGS_future": 80.5,
    "COPPER_future": 5.014999866485596,
    "High_Yield_Bond_ETF": 80.2300033569336,
    "LIVE_CATTLE_future": 218.125,
    "GOLD_near_month_future": 4014.60009765625,
    "NATURAL_GAS_future": 4.329999923706055,
    "PLATINUM_future": 1562.9000244140625,
    "SILVER_future": 48.35499954223633,
    "Long_Term_Treasury_ETF": 88.95999908447266,
    "CORN_future": 433.25,
    "SOYBEANS_future": 1124.75,
    "WHEAT_future": 547.25,
    "SP500_close": 6796.2900390625,
    "NASDAQ_close": 23499.80078125,
    "US_10Y_Treasury_Yield": 4.1570000648498535,
    "VIX_close": 17.829999923706055,
    "GOLD_basis_spot_vs_near": 0.0,
    "China_10Y_Treasury_Yield": 1.81
  }
}