{
  "latest_date": "2026-05-26",
  "latest_values": {
    "Shanghai_Composite_Index": 4145.373046875,
    "CSI_300_Index": 4947.84912109375,
    "Shenzhen_Component_Index": 15876.1630859375,
    "ALUMINUM_future": 3682.5,
    "BTC_price": 77028.8984375,
    "OIL_price": 92.66000366210938,
    "USD_CNY_exchange_rate": 6.7845001220703125,
    "Commodity_Index_ETF": 30.540000915527344,
    "US_Dollar_Index": 99.11000061035156,
    "ETH_price": 2123.31005859375,
    "GOLD_spot_price": 4519.10009765625,
    "LEAN_HOGS_future": 95.75,
    "COPPER_future": 6.381499767303467,
    "High_Yield_Bond_ETF": 79.91000366210938,
    "LIVE_CATTLE_future": 249.3000030517578,
    "GOLD_near_month_future": 4519.2001953125,
    "NATURAL_GAS_future": 3.061000108718872,
    "PLATINUM_future": 1947.5,
    "SILVER_future": 76.40499877929688,
    "Long_Term_Treasury_ETF": 84.68000030517578,
    "CORN_future": 460.0,
    "SOYBEANS_future": 1190.75,
    "WHEAT_future": 642.25,
    "SP500_close": 7473.47021484375,
    "NASDAQ_close": 26343.970703125,
    "US_10Y_Treasury_Yield": 4.484999656677246,
    "VIX_close": 16.709999084472656,
    "GOLD_basis_spot_vs_near": -0.10009765625,
    "China_10Y_Treasury_Yield": 1.7405
  }
}