{
  "latest_date": "2026-07-20",
  "latest_values": {
    "Shanghai_Composite_Index": 3796.281494140625,
    "CSI_300_Index": 4598.32080078125,
    "Shenzhen_Component_Index": 13610.2314453125,
    "ALUMINUM_future": 3435.5,
    "BTC_price": 64898.0,
    "OIL_price": 81.80999755859375,
    "USD_CNY_exchange_rate": 6.772500038146973,
    "Commodity_Index_ETF": 29.010000228881836,
    "US_Dollar_Index": 101.00299835205078,
    "ETH_price": 1882.5699462890625,
    "GOLD_spot_price": 4012.60009765625,
    "LEAN_HOGS_future": 88.0999984741211,
    "COPPER_future": 6.32450008392334,
    "High_Yield_Bond_ETF": 79.69999694824219,
    "LIVE_CATTLE_future": 221.375,
    "GOLD_near_month_future": 4012.300048828125,
    "NATURAL_GAS_future": 2.8410000801086426,
    "PLATINUM_future": 1597.199951171875,
    "SILVER_future": 57.060001373291016,
    "Long_Term_Treasury_ETF": 84.09500122070312,
    "CORN_future": 473.25,
    "SOYBEANS_future": 1228.75,
    "WHEAT_future": 677.75,
    "SP500_close": 7477.14013671875,
    "NASDAQ_close": 25653.876953125,
    "US_10Y_Treasury_Yield": 4.581999778747559,
    "VIX_close": 18.399999618530273,
    "GOLD_basis_spot_vs_near": 0.300048828125,
    "China_10Y_Treasury_Yield": 1.7453
  }
}