{
  "latest_date": "2026-02-04",
  "latest_values": {
    "Shanghai_Composite_Index": 4102.2021484375,
    "CSI_300_Index": 4698.68310546875,
    "Shenzhen_Component_Index": 14127.1103515625,
    "ALUMINUM_future": 3016.25,
    "BTC_price": 73879.5,
    "OIL_price": 63.189998626708984,
    "USD_CNY_exchange_rate": 6.940999984741211,
    "Commodity_Index_ETF": 24.05500030517578,
    "US_Dollar_Index": 97.68199920654297,
    "ETH_price": 2143.621826171875,
    "GOLD_spot_price": 4945.2998046875,
    "LEAN_HOGS_future": 88.3499984741211,
    "COPPER_future": 5.916500091552734,
    "High_Yield_Bond_ETF": 80.625,
    "LIVE_CATTLE_future": 241.6750030517578,
    "GOLD_near_month_future": 4945.10009765625,
    "NATURAL_GAS_future": 3.4539999961853027,
    "PLATINUM_future": 2219.89990234375,
    "SILVER_future": 86.69000244140625,
    "Long_Term_Treasury_ETF": 86.63999938964844,
    "CORN_future": 432.0,
    "SOYBEANS_future": 1103.0,
    "WHEAT_future": 529.25,
    "SP500_close": 6896.02978515625,
    "NASDAQ_close": 22984.59765625,
    "US_10Y_Treasury_Yield": 4.279000282287598,
    "VIX_close": 18.899999618530273,
    "GOLD_basis_spot_vs_near": 0.19970703125,
    "China_10Y_Treasury_Yield": 1.8193
  }
}