{
  "latest_date": "2025-11-06",
  "latest_values": {
    "Shanghai_Composite_Index": 3969.248046875,
    "CSI_300_Index": 4627.259765625,
    "Shenzhen_Component_Index": 13223.5595703125,
    "ALUMINUM_future": 2788.75,
    "BTC_price": 103605.8046875,
    "OIL_price": 59.790000915527344,
    "USD_CNY_exchange_rate": 7.123300075531006,
    "Commodity_Index_ETF": 22.81999969482422,
    "US_Dollar_Index": 100.04399871826172,
    "ETH_price": 3431.23193359375,
    "GOLD_spot_price": 3995.10009765625,
    "LEAN_HOGS_future": 80.5,
    "COPPER_future": 5.01200008392334,
    "High_Yield_Bond_ETF": 80.2300033569336,
    "LIVE_CATTLE_future": 218.125,
    "GOLD_near_month_future": 3995.0,
    "NATURAL_GAS_future": 4.276000022888184,
    "PLATINUM_future": 1564.5999755859375,
    "SILVER_future": 48.02000045776367,
    "Long_Term_Treasury_ETF": 88.95999908447266,
    "CORN_future": 432.75,
    "SOYBEANS_future": 1122.5,
    "WHEAT_future": 550.0,
    "SP500_close": 6796.2900390625,
    "NASDAQ_close": 23499.80078125,
    "US_10Y_Treasury_Yield": 4.1570000648498535,
    "VIX_close": 18.010000228881836,
    "GOLD_basis_spot_vs_near": 0.10009765625,
    "China_10Y_Treasury_Yield": 1.7964
  }
}