{
  "latest_date": "2026-07-17",
  "latest_values": {
    "Shanghai_Composite_Index": 3764.15478515625,
    "CSI_300_Index": 4529.09521484375,
    "Shenzhen_Component_Index": 13706.8837890625,
    "ALUMINUM_future": 3374.25,
    "BTC_price": 63060.8984375,
    "OIL_price": 80.18000030517578,
    "USD_CNY_exchange_rate": 6.768199920654297,
    "Commodity_Index_ETF": 28.459999084472656,
    "US_Dollar_Index": 100.81600189208984,
    "ETH_price": 1834.8599853515625,
    "GOLD_spot_price": 3996.5,
    "LEAN_HOGS_future": 100.2750015258789,
    "COPPER_future": 6.21150016784668,
    "High_Yield_Bond_ETF": 79.80000305175781,
    "LIVE_CATTLE_future": 227.0749969482422,
    "GOLD_near_month_future": 3996.0,
    "NATURAL_GAS_future": 2.865999937057495,
    "PLATINUM_future": 1583.9000244140625,
    "SILVER_future": 55.52000045776367,
    "Long_Term_Treasury_ETF": 84.20999908447266,
    "CORN_future": 463.75,
    "SOYBEANS_future": 1195.5,
    "WHEAT_future": 678.0,
    "SP500_close": 7533.77001953125,
    "NASDAQ_close": 25881.94921875,
    "US_10Y_Treasury_Yield": 4.568999767303467,
    "VIX_close": 18.149999618530273,
    "GOLD_basis_spot_vs_near": 0.5,
    "China_10Y_Treasury_Yield": 1.7404
  }
}