{
  "latest_date": "2025-10-30",
  "latest_values": {
    "Shanghai_Composite_Index": 3986.90087890625,
    "CSI_300_Index": 4709.9111328125,
    "Shenzhen_Component_Index": 13532.1259765625,
    "ALUMINUM_future": 2823.75,
    "BTC_price": 107462.8125,
    "OIL_price": 60.310001373291016,
    "USD_CNY_exchange_rate": 7.1092000007629395,
    "Commodity_Index_ETF": 22.719999313354492,
    "US_Dollar_Index": 99.53199768066406,
    "ETH_price": 3750.496826171875,
    "GOLD_spot_price": 4039.0,
    "LEAN_HOGS_future": 80.875,
    "COPPER_future": 5.104000091552734,
    "High_Yield_Bond_ETF": 80.80000305175781,
    "LIVE_CATTLE_future": 229.5749969482422,
    "GOLD_near_month_future": 4038.89990234375,
    "NATURAL_GAS_future": 4.066999912261963,
    "PLATINUM_future": 1610.0,
    "SILVER_future": 48.7599983215332,
    "Long_Term_Treasury_ETF": 90.55999755859375,
    "CORN_future": 429.5,
    "SOYBEANS_future": 1107.0,
    "WHEAT_future": 524.25,
    "SP500_close": 6822.33984375,
    "NASDAQ_close": 23581.14453125,
    "US_10Y_Treasury_Yield": 4.0929999351501465,
    "VIX_close": 16.90999984741211,
    "GOLD_basis_spot_vs_near": 0.10009765625,
    "China_10Y_Treasury_Yield": 1.8098
  }
}