{
  "latest_date": "2026-05-28",
  "latest_values": {
    "Shanghai_Composite_Index": 4093.72705078125,
    "CSI_300_Index": 4908.169921875,
    "Shenzhen_Component_Index": 15736.4697265625,
    "ALUMINUM_future": 3616.25,
    "BTC_price": 74418.8671875,
    "OIL_price": 90.63999938964844,
    "USD_CNY_exchange_rate": 6.778299808502197,
    "Commodity_Index_ETF": 29.489999771118164,
    "US_Dollar_Index": 99.2770004272461,
    "ETH_price": 2023.9100341796875,
    "GOLD_spot_price": 4476.60009765625,
    "LEAN_HOGS_future": 102.05000305175781,
    "COPPER_future": 6.3379998207092285,
    "High_Yield_Bond_ETF": 80.12999725341797,
    "LIVE_CATTLE_future": 242.47500610351562,
    "GOLD_near_month_future": 4476.2001953125,
    "NATURAL_GAS_future": 3.0850000381469727,
    "PLATINUM_future": 1930.0,
    "SILVER_future": 74.78500366210938,
    "Long_Term_Treasury_ETF": 85.30000305175781,
    "CORN_future": 453.25,
    "SOYBEANS_future": 1189.0,
    "WHEAT_future": 622.75,
    "SP500_close": 7520.35986328125,
    "NASDAQ_close": 26674.734375,
    "US_10Y_Treasury_Yield": 4.480999946594238,
    "VIX_close": 16.290000915527344,
    "GOLD_basis_spot_vs_near": 0.39990234375,
    "China_10Y_Treasury_Yield": 1.7216
  }
}