{
  "latest_date": "2025-12-03",
  "latest_values": {
    "Shanghai_Composite_Index": 3897.7119140625,
    "CSI_300_Index": 4554.330078125,
    "Shenzhen_Component_Index": 13056.7001953125,
    "ALUMINUM_future": 2740.5,
    "BTC_price": 93018.3203125,
    "OIL_price": 59.41999816894531,
    "USD_CNY_exchange_rate": 7.063300132751465,
    "Commodity_Index_ETF": 23.020000457763672,
    "US_Dollar_Index": 98.96900177001953,
    "ETH_price": 3075.270751953125,
    "GOLD_spot_price": 4238.7998046875,
    "LEAN_HOGS_future": 80.125,
    "COPPER_future": 5.348499774932861,
    "High_Yield_Bond_ETF": 80.62000274658203,
    "LIVE_CATTLE_future": 220.5500030517578,
    "GOLD_near_month_future": 4238.7001953125,
    "NATURAL_GAS_future": 4.9629998207092285,
    "PLATINUM_future": 1653.5,
    "SILVER_future": 58.95000076293945,
    "Long_Term_Treasury_ETF": 88.80999755859375,
    "CORN_future": 447.75,
    "SOYBEANS_future": 1127.25,
    "WHEAT_future": 540.75,
    "SP500_close": 6829.3701171875,
    "NASDAQ_close": 23413.669921875,
    "US_10Y_Treasury_Yield": 4.085999965667725,
    "VIX_close": 16.479999542236328,
    "GOLD_basis_spot_vs_near": 0.099609375,
    "China_10Y_Treasury_Yield": 1.8519
  }
}