{
  "latest_date": "2026-03-17",
  "latest_values": {
    "Shanghai_Composite_Index": 4049.9072265625,
    "CSI_300_Index": 4637.43896484375,
    "Shenzhen_Component_Index": 14039.73046875,
    "ALUMINUM_future": 3304.25,
    "BTC_price": 74470.3203125,
    "OIL_price": 95.5,
    "USD_CNY_exchange_rate": 6.885799884796143,
    "Commodity_Index_ETF": 28.760000228881836,
    "ETH_price": 2320.990234375,
    "GOLD_spot_price": 5005.60009765625,
    "LEAN_HOGS_future": 107.80000305175781,
    "COPPER_future": 5.769499778747559,
    "High_Yield_Bond_ETF": 79.81500244140625,
    "LIVE_CATTLE_future": 233.52499389648438,
    "GOLD_near_month_future": 5005.5,
    "NATURAL_GAS_future": 3.0380001068115234,
    "PLATINUM_future": 2123.699951171875,
    "SILVER_future": 79.30999755859375,
    "Long_Term_Treasury_ETF": 87.44999694824219,
    "CORN_future": 454.5,
    "SOYBEANS_future": 1156.5,
    "WHEAT_future": 590.5,
    "SP500_close": 6716.08984375,
    "NASDAQ_close": 22479.52734375,
    "US_10Y_Treasury_Yield": 4.202000141143799,
    "VIX_close": 22.5,
    "GOLD_basis_spot_vs_near": 0.10009765625,
    "China_10Y_Treasury_Yield": 1.8314
  }
}