{
  "latest_date": "2025-09-19",
  "latest_values": {
    "Shanghai_Composite_Index": 3831.656005859375,
    "CSI_300_Index": 4498.10986328125,
    "Shenzhen_Component_Index": 13075.66015625,
    "ALUMINUM_future": 2654.75,
    "BTC_price": 116468.6796875,
    "OIL_price": 63.25,
    "USD_CNY_exchange_rate": 7.103300094604492,
    "Commodity_Index_ETF": 22.440000534057617,
    "US_Dollar_Index": 97.75199890136719,
    "ETH_price": 4519.39990234375,
    "GOLD_spot_price": 3678.5,
    "LEAN_HOGS_future": 97.5,
    "COPPER_future": 4.607999801635742,
    "High_Yield_Bond_ETF": 81.2300033569336,
    "LIVE_CATTLE_future": 232.39999389648438,
    "GOLD_near_month_future": 3678.300048828125,
    "NATURAL_GAS_future": 2.924999952316284,
    "PLATINUM_future": 1389.5,
    "SILVER_future": 42.26499938964844,
    "Long_Term_Treasury_ETF": 89.19000244140625,
    "CORN_future": 425.0,
    "SOYBEANS_future": 1042.0,
    "WHEAT_future": 524.5,
    "SP500_close": 6631.9599609375,
    "NASDAQ_close": 22470.720703125,
    "US_10Y_Treasury_Yield": 4.104000091552734,
    "VIX_close": 15.529999732971191,
    "GOLD_basis_spot_vs_near": 0.199951171875,
    "China_10Y_Treasury_Yield": 1.8789
  }
}