{
  "latest_date": "2025-10-27",
  "latest_values": {
    "Shanghai_Composite_Index": 3950.31201171875,
    "CSI_300_Index": 4660.68017578125,
    "Shenzhen_Component_Index": 13289.1796875,
    "ALUMINUM_future": 2821.25,
    "BTC_price": 114941.4375,
    "OIL_price": 60.779998779296875,
    "USD_CNY_exchange_rate": 7.105800151824951,
    "Commodity_Index_ETF": 22.850000381469727,
    "US_Dollar_Index": 98.91500091552734,
    "ETH_price": 4165.24267578125,
    "GOLD_spot_price": 4043.5,
    "LEAN_HOGS_future": 81.80000305175781,
    "COPPER_future": 5.165999889373779,
    "High_Yield_Bond_ETF": 81.08000183105469,
    "LIVE_CATTLE_future": 233.9250030517578,
    "GOLD_near_month_future": 4043.10009765625,
    "NATURAL_GAS_future": 3.303999900817871,
    "PLATINUM_future": 1568.9000244140625,
    "SILVER_future": 47.45500183105469,
    "Long_Term_Treasury_ETF": 91.47000122070312,
    "CORN_future": 429.25,
    "SOYBEANS_future": 1077.5,
    "WHEAT_future": 523.5,
    "SP500_close": 6791.68994140625,
    "NASDAQ_close": 23204.869140625,
    "US_10Y_Treasury_Yield": 3.996999979019165,
    "VIX_close": 15.729999542236328,
    "GOLD_basis_spot_vs_near": 0.39990234375,
    "China_10Y_Treasury_Yield": 1.8486
  }
}