{
  "latest_date": "2026-02-05",
  "latest_values": {
    "Shanghai_Composite_Index": 4102.2021484375,
    "CSI_300_Index": 4698.68017578125,
    "Shenzhen_Component_Index": 14156.26953125,
    "ALUMINUM_future": 2956.0,
    "BTC_price": 70823.53125,
    "OIL_price": 63.72999954223633,
    "USD_CNY_exchange_rate": 6.9446001052856445,
    "Commodity_Index_ETF": 24.190000534057617,
    "US_Dollar_Index": 97.7699966430664,
    "ETH_price": 2096.37548828125,
    "GOLD_spot_price": 4898.60009765625,
    "LEAN_HOGS_future": 87.9000015258789,
    "COPPER_future": 5.80649995803833,
    "High_Yield_Bond_ETF": 80.62000274658203,
    "LIVE_CATTLE_future": 240.52499389648438,
    "GOLD_near_month_future": 4899.0,
    "NATURAL_GAS_future": 3.4630000591278076,
    "PLATINUM_future": 2057.0,
    "SILVER_future": 77.05000305175781,
    "Long_Term_Treasury_ETF": 86.54000091552734,
    "CORN_future": 428.0,
    "SOYBEANS_future": 1100.25,
    "WHEAT_future": 525.0,
    "SP500_close": 6882.72021484375,
    "NASDAQ_close": 22904.580078125,
    "US_10Y_Treasury_Yield": 4.275000095367432,
    "VIX_close": 18.639999389648438,
    "GOLD_basis_spot_vs_near": -0.39990234375,
    "China_10Y_Treasury_Yield": 1.8193
  }
}