{
  "latest_date": "2026-04-21",
  "latest_values": {
    "Shanghai_Composite_Index": 4051.425048828125,
    "CSI_300_Index": 4728.669921875,
    "Shenzhen_Component_Index": 14885.419921875,
    "ALUMINUM_future": 3493.75,
    "BTC_price": 75878.21875,
    "OIL_price": 86.31999969482422,
    "USD_CNY_exchange_rate": 6.816999912261963,
    "Commodity_Index_ETF": 28.670000076293945,
    "US_Dollar_Index": 98.08599853515625,
    "ETH_price": 2315.52001953125,
    "GOLD_spot_price": 4847.60009765625,
    "LEAN_HOGS_future": 101.7750015258789,
    "COPPER_future": 6.040500164031982,
    "High_Yield_Bond_ETF": 80.58000183105469,
    "LIVE_CATTLE_future": 246.14999389648438,
    "GOLD_near_month_future": 4847.7998046875,
    "NATURAL_GAS_future": 2.6610000133514404,
    "PLATINUM_future": 2101.5,
    "SILVER_future": 79.98999786376953,
    "Long_Term_Treasury_ETF": 87.05000305175781,
    "CORN_future": 459.75,
    "SOYBEANS_future": 1182.5,
    "WHEAT_future": 605.75,
    "SP500_close": 7109.14013671875,
    "NASDAQ_close": 24404.392578125,
    "US_10Y_Treasury_Yield": 4.25,
    "VIX_close": 18.8700008392334,
    "GOLD_basis_spot_vs_near": -0.19970703125,
    "China_10Y_Treasury_Yield": 1.7627
  }
}