{
  "latest_date": "2026-04-22",
  "latest_values": {
    "Shanghai_Composite_Index": 4085.076904296875,
    "CSI_300_Index": 4768.0,
    "Shenzhen_Component_Index": 14982.1396484375,
    "ALUMINUM_future": 3584.75,
    "BTC_price": 78562.4375,
    "OIL_price": 92.58999633789062,
    "USD_CNY_exchange_rate": 6.827000141143799,
    "Commodity_Index_ETF": 29.510000228881836,
    "US_Dollar_Index": 98.63700103759766,
    "ETH_price": 2395.199951171875,
    "GOLD_spot_price": 4755.5,
    "LEAN_HOGS_future": 102.5,
    "COPPER_future": 6.136000156402588,
    "High_Yield_Bond_ETF": 80.5,
    "LIVE_CATTLE_future": 243.22500610351562,
    "GOLD_near_month_future": 4755.5,
    "NATURAL_GAS_future": 2.7100000381469727,
    "PLATINUM_future": 2087.5,
    "SILVER_future": 77.73999786376953,
    "Long_Term_Treasury_ETF": 86.73999786376953,
    "CORN_future": 462.5,
    "SOYBEANS_future": 1179.0,
    "WHEAT_future": 607.25,
    "SP500_close": 7137.89990234375,
    "NASDAQ_close": 24657.56640625,
    "US_10Y_Treasury_Yield": 4.293999671936035,
    "VIX_close": 18.84000015258789,
    "GOLD_basis_spot_vs_near": 0.0,
    "China_10Y_Treasury_Yield": 1.7389
  }
}