{
  "latest_date": "2026-01-28",
  "latest_values": {
    "Shanghai_Composite_Index": 4139.90380859375,
    "CSI_300_Index": 4705.68994140625,
    "Shenzhen_Component_Index": 14329.91015625,
    "ALUMINUM_future": 3252.5,
    "BTC_price": 89361.5390625,
    "OIL_price": 62.189998626708984,
    "USD_CNY_exchange_rate": 6.945700168609619,
    "Commodity_Index_ETF": 24.6200008392334,
    "US_Dollar_Index": 96.11199951171875,
    "ETH_price": 3012.046875,
    "GOLD_spot_price": 5310.39990234375,
    "LEAN_HOGS_future": 89.125,
    "COPPER_future": 5.944499969482422,
    "High_Yield_Bond_ETF": 81.16999816894531,
    "LIVE_CATTLE_future": 235.6999969482422,
    "GOLD_near_month_future": 5310.0,
    "NATURAL_GAS_future": 3.6040000915527344,
    "PLATINUM_future": 2627.39990234375,
    "SILVER_future": 112.91500091552734,
    "Long_Term_Treasury_ETF": 87.80000305175781,
    "CORN_future": 429.5,
    "SOYBEANS_future": 1076.25,
    "WHEAT_future": 532.25,
    "SP500_close": 6978.60009765625,
    "NASDAQ_close": 23817.099609375,
    "US_10Y_Treasury_Yield": 4.2230000495910645,
    "VIX_close": 16.229999542236328,
    "GOLD_basis_spot_vs_near": 0.39990234375,
    "China_10Y_Treasury_Yield": 1.8164
  }
}