{
  "latest_date": "2026-02-18",
  "latest_values": {
    "Shanghai_Composite_Index": 4082.072998046875,
    "CSI_300_Index": 4660.41015625,
    "Shenzhen_Component_Index": 14100.1904296875,
    "ALUMINUM_future": 3056.0,
    "BTC_price": 67331.40625,
    "OIL_price": 64.19999694824219,
    "USD_CNY_exchange_rate": 6.90749979019165,
    "Commodity_Index_ETF": 24.06999969482422,
    "US_Dollar_Index": 97.40899658203125,
    "ETH_price": 1986.892333984375,
    "GOLD_spot_price": 5020.0,
    "LEAN_HOGS_future": 82.8499984741211,
    "COPPER_future": 5.78000020980835,
    "High_Yield_Bond_ETF": 80.92990112304688,
    "LIVE_CATTLE_future": 246.22500610351562,
    "GOLD_near_month_future": 5019.5,
    "NATURAL_GAS_future": 3.0260000228881836,
    "PLATINUM_future": 2117.10009765625,
    "SILVER_future": 77.83999633789062,
    "Long_Term_Treasury_ETF": 89.68499755859375,
    "CORN_future": 426.75,
    "SOYBEANS_future": 1155.25,
    "WHEAT_future": 552.0,
    "SP500_close": 6899.31982421875,
    "NASDAQ_close": 22842.181640625,
    "US_10Y_Treasury_Yield": 4.083000183105469,
    "VIX_close": 19.15999984741211,
    "GOLD_basis_spot_vs_near": 0.5,
    "China_10Y_Treasury_Yield": 1.7899
  }
}