{
  "latest_date": "2025-12-05",
  "latest_values": {
    "Shanghai_Composite_Index": 3902.8076171875,
    "CSI_300_Index": 4584.53662109375,
    "Shenzhen_Component_Index": 13147.6767578125,
    "ALUMINUM_future": 2877.75,
    "BTC_price": 89386.0625,
    "OIL_price": 60.099998474121094,
    "USD_CNY_exchange_rate": 7.0696001052856445,
    "Commodity_Index_ETF": 23.350000381469727,
    "US_Dollar_Index": 99.0,
    "ETH_price": 3030.34912109375,
    "GOLD_spot_price": 4230.7998046875,
    "LEAN_HOGS_future": 81.5999984741211,
    "COPPER_future": 5.452499866485596,
    "High_Yield_Bond_ETF": 80.73500061035156,
    "LIVE_CATTLE_future": 227.25,
    "GOLD_near_month_future": 4230.7998046875,
    "NATURAL_GAS_future": 5.296999931335449,
    "PLATINUM_future": 1658.5,
    "SILVER_future": 58.834999084472656,
    "Long_Term_Treasury_ETF": 88.16999816894531,
    "CORN_future": 445.0,
    "SOYBEANS_future": 1105.25,
    "WHEAT_future": 537.25,
    "SP500_close": 6870.39990234375,
    "NASDAQ_close": 23578.12890625,
    "US_10Y_Treasury_Yield": 4.138999938964844,
    "VIX_close": 15.5,
    "GOLD_basis_spot_vs_near": 0.0,
    "China_10Y_Treasury_Yield": 1.848
  }
}