{
  "latest_date": "2026-02-16",
  "latest_values": {
    "Shanghai_Composite_Index": 4082.072998046875,
    "CSI_300_Index": 4660.41015625,
    "Shenzhen_Component_Index": 14100.1904296875,
    "ALUMINUM_future": 3019.25,
    "BTC_price": 68694.0390625,
    "OIL_price": 62.939998626708984,
    "USD_CNY_exchange_rate": 6.903200149536133,
    "Commodity_Index_ETF": 23.8799991607666,
    "US_Dollar_Index": 96.96600341796875,
    "ETH_price": 1965.904052734375,
    "GOLD_spot_price": 4992.5,
    "LEAN_HOGS_future": 91.32499694824219,
    "COPPER_future": 5.753499984741211,
    "High_Yield_Bond_ETF": 80.8499984741211,
    "LIVE_CATTLE_future": 240.39999389648438,
    "GOLD_near_month_future": 4992.60009765625,
    "NATURAL_GAS_future": 3.0139999389648438,
    "PLATINUM_future": 2054.5,
    "SILVER_future": 74.93000030517578,
    "Long_Term_Treasury_ETF": 89.72000122070312,
    "CORN_future": 431.75,
    "SOYBEANS_future": 1134.75,
    "WHEAT_future": 549.0,
    "SP500_close": 6836.169921875,
    "NASDAQ_close": 22546.669921875,
    "US_10Y_Treasury_Yield": 4.056000232696533,
    "VIX_close": 20.600000381469727,
    "GOLD_basis_spot_vs_near": -0.10009765625,
    "China_10Y_Treasury_Yield": 1.7899
  }
}