{
  "latest_date": "2025-09-22",
  "latest_values": {
    "Shanghai_Composite_Index": 3828.576416015625,
    "CSI_300_Index": 4522.60791015625,
    "Shenzhen_Component_Index": 13070.8603515625,
    "ALUMINUM_future": 2568.75,
    "BTC_price": 112944.046875,
    "OIL_price": 62.16999816894531,
    "USD_CNY_exchange_rate": 7.1128997802734375,
    "Commodity_Index_ETF": 22.205400466918945,
    "US_Dollar_Index": 97.49400329589844,
    "ETH_price": 4192.845703125,
    "GOLD_spot_price": 3759.800048828125,
    "LEAN_HOGS_future": 98.80000305175781,
    "COPPER_future": 4.616000175476074,
    "High_Yield_Bond_ETF": 81.23999786376953,
    "LIVE_CATTLE_future": 236.4250030517578,
    "GOLD_near_month_future": 3759.800048828125,
    "NATURAL_GAS_future": 2.878000020980835,
    "PLATINUM_future": 1414.800048828125,
    "SILVER_future": 44.04499816894531,
    "Long_Term_Treasury_ETF": 88.86609649658203,
    "CORN_future": 419.75,
    "SOYBEANS_future": 1010.0,
    "WHEAT_future": 509.75,
    "SP500_close": 6675.259765625,
    "NASDAQ_close": 22690.427734375,
    "US_10Y_Treasury_Yield": 4.13700008392334,
    "VIX_close": 15.8100004196167,
    "GOLD_basis_spot_vs_near": 0.0,
    "China_10Y_Treasury_Yield": 1.8647
  }
}