{
  "latest_date": "2026-03-24",
  "latest_values": {
    "Shanghai_Composite_Index": 3813.282958984375,
    "CSI_300_Index": 4418.0,
    "Shenzhen_Component_Index": 13345.509765625,
    "ALUMINUM_future": 3088.25,
    "BTC_price": 70160.7109375,
    "OIL_price": 91.72000122070312,
    "USD_CNY_exchange_rate": 6.885700225830078,
    "Commodity_Index_ETF": 27.75,
    "US_Dollar_Index": 99.40899658203125,
    "ETH_price": 2129.9306640625,
    "GOLD_spot_price": 4342.39990234375,
    "LEAN_HOGS_future": 90.80000305175781,
    "COPPER_future": 5.370999813079834,
    "High_Yield_Bond_ETF": 79.44000244140625,
    "LIVE_CATTLE_future": 235.3000030517578,
    "GOLD_near_month_future": 4342.2998046875,
    "NATURAL_GAS_future": 2.934999942779541,
    "PLATINUM_future": 1827.199951171875,
    "SILVER_future": 66.84500122070312,
    "Long_Term_Treasury_ETF": 86.38500213623047,
    "CORN_future": 462.75,
    "SOYBEANS_future": 1164.0,
    "WHEAT_future": 593.5,
    "SP500_close": 6581.0,
    "NASDAQ_close": 21946.759765625,
    "US_10Y_Treasury_Yield": 4.334000110626221,
    "VIX_close": 26.149999618530273,
    "GOLD_basis_spot_vs_near": 0.10009765625,
    "China_10Y_Treasury_Yield": 1.8316
  }
}