{
  "latest_date": "2025-12-03",
  "latest_values": {
    "Shanghai_Composite_Index": 3897.7119140625,
    "CSI_300_Index": 4554.330078125,
    "Shenzhen_Component_Index": 13056.7001953125,
    "ALUMINUM_future": 2884.75,
    "BTC_price": 93826.734375,
    "OIL_price": 58.66999816894531,
    "USD_CNY_exchange_rate": 7.062699794769287,
    "Commodity_Index_ETF": 23.020000457763672,
    "US_Dollar_Index": 99.19599914550781,
    "ETH_price": 3071.9345703125,
    "GOLD_spot_price": 4238.89990234375,
    "LEAN_HOGS_future": 80.125,
    "COPPER_future": 5.269499778747559,
    "High_Yield_Bond_ETF": 80.62000274658203,
    "LIVE_CATTLE_future": 220.5500030517578,
    "GOLD_near_month_future": 4238.7001953125,
    "NATURAL_GAS_future": 4.910999774932861,
    "PLATINUM_future": 1646.5,
    "SILVER_future": 58.540000915527344,
    "Long_Term_Treasury_ETF": 88.80999755859375,
    "CORN_future": 449.75,
    "SOYBEANS_future": 1129.25,
    "WHEAT_future": 541.5,
    "SP500_close": 6829.3701171875,
    "NASDAQ_close": 23413.669921875,
    "US_10Y_Treasury_Yield": 4.085999965667725,
    "VIX_close": 16.59000015258789,
    "GOLD_basis_spot_vs_near": 0.19970703125,
    "China_10Y_Treasury_Yield": 1.8442
  }
}