{
  "latest_date": "2025-11-07",
  "latest_values": {
    "Shanghai_Composite_Index": 3997.5556640625,
    "CSI_300_Index": 4678.79443359375,
    "Shenzhen_Component_Index": 13404.0556640625,
    "ALUMINUM_future": 2790.5,
    "BTC_price": 102473.2421875,
    "OIL_price": 59.45000076293945,
    "USD_CNY_exchange_rate": 7.121399879455566,
    "Commodity_Index_ETF": 22.850000381469727,
    "US_Dollar_Index": 99.44400024414062,
    "ETH_price": 3387.763427734375,
    "GOLD_spot_price": 4010.39990234375,
    "LEAN_HOGS_future": 79.67500305175781,
    "COPPER_future": 4.958000183105469,
    "High_Yield_Bond_ETF": 80.13999938964844,
    "LIVE_CATTLE_future": 220.22500610351562,
    "GOLD_near_month_future": 4010.5,
    "NATURAL_GAS_future": 4.355999946594238,
    "PLATINUM_future": 1546.9000244140625,
    "SILVER_future": 48.064998626708984,
    "Long_Term_Treasury_ETF": 89.80999755859375,
    "CORN_future": 428.0,
    "SOYBEANS_future": 1114.75,
    "WHEAT_future": 527.5,
    "SP500_close": 6659.81982421875,
    "NASDAQ_close": 22700.69921875,
    "US_10Y_Treasury_Yield": 4.071000099182129,
    "VIX_close": 22.260000228881836,
    "GOLD_basis_spot_vs_near": -0.10009765625,
    "China_10Y_Treasury_Yield": 1.8142
  }
}