{
  "latest_date": "2026-01-28",
  "latest_values": {
    "Shanghai_Composite_Index": 4151.23779296875,
    "CSI_300_Index": 4717.9912109375,
    "Shenzhen_Component_Index": 14342.89453125,
    "ALUMINUM_future": 3224.0,
    "BTC_price": 89287.3046875,
    "OIL_price": 63.5,
    "USD_CNY_exchange_rate": 6.945700168609619,
    "Commodity_Index_ETF": 24.940000534057617,
    "US_Dollar_Index": 96.35099792480469,
    "ETH_price": 3018.4345703125,
    "GOLD_spot_price": 5451.39990234375,
    "LEAN_HOGS_future": 95.25,
    "COPPER_future": 5.998000144958496,
    "High_Yield_Bond_ETF": 81.04000091552734,
    "LIVE_CATTLE_future": 238.625,
    "GOLD_near_month_future": 5451.2001953125,
    "NATURAL_GAS_future": 3.7139999866485596,
    "PLATINUM_future": 2700.0,
    "SILVER_future": 116.875,
    "Long_Term_Treasury_ETF": 87.5999984741211,
    "CORN_future": 430.75,
    "SOYBEANS_future": 1074.75,
    "WHEAT_future": 535.25,
    "SP500_close": 6978.02978515625,
    "NASDAQ_close": 23857.447265625,
    "US_10Y_Treasury_Yield": 4.250999927520752,
    "VIX_close": 16.350000381469727,
    "GOLD_basis_spot_vs_near": 0.19970703125,
    "China_10Y_Treasury_Yield": 1.8164
  }
}