{
  "latest_date": "2026-03-04",
  "latest_values": {
    "Shanghai_Composite_Index": 4082.47412109375,
    "CSI_300_Index": 4602.62451171875,
    "Shenzhen_Component_Index": 13917.751953125,
    "ALUMINUM_future": 3305.0,
    "BTC_price": 73083.7890625,
    "OIL_price": 75.33000183105469,
    "USD_CNY_exchange_rate": 6.896399974822998,
    "Commodity_Index_ETF": 26.149999618530273,
    "US_Dollar_Index": 98.77999877929688,
    "ETH_price": 2149.4921875,
    "GOLD_spot_price": 5149.2001953125,
    "LEAN_HOGS_future": 97.125,
    "COPPER_future": 5.895500183105469,
    "High_Yield_Bond_ETF": 80.41000366210938,
    "LIVE_CATTLE_future": 238.52499389648438,
    "GOLD_near_month_future": 5149.2001953125,
    "NATURAL_GAS_future": 2.924999952316284,
    "PLATINUM_future": 2161.60009765625,
    "SILVER_future": 83.37999725341797,
    "Long_Term_Treasury_ETF": 89.1500015258789,
    "CORN_future": 443.75,
    "SOYBEANS_future": 1166.25,
    "WHEAT_future": 567.75,
    "SP500_close": 6869.5,
    "NASDAQ_close": 22807.484375,
    "US_10Y_Treasury_Yield": 4.079999923706055,
    "VIX_close": 21.170000076293945,
    "GOLD_basis_spot_vs_near": 0.0,
    "China_10Y_Treasury_Yield": 1.7768
  }
}