{
  "latest_date": "2026-04-07",
  "latest_values": {
    "Shanghai_Composite_Index": 3890.16455078125,
    "CSI_300_Index": 4440.6162109375,
    "Shenzhen_Component_Index": 13400.412109375,
    "ALUMINUM_future": 3428.5,
    "BTC_price": 68969.3984375,
    "OIL_price": 112.68000030517578,
    "USD_CNY_exchange_rate": 6.882400035858154,
    "Commodity_Index_ETF": 29.479999542236328,
    "US_Dollar_Index": 99.90599822998047,
    "ETH_price": 2120.7939453125,
    "GOLD_spot_price": 4702.5,
    "LEAN_HOGS_future": 90.4749984741211,
    "COPPER_future": 5.620500087738037,
    "High_Yield_Bond_ETF": 79.69999694824219,
    "LIVE_CATTLE_future": 248.02499389648438,
    "GOLD_near_month_future": 4702.7001953125,
    "NATURAL_GAS_future": 2.7850000858306885,
    "PLATINUM_future": 1976.800048828125,
    "SILVER_future": 72.86499786376953,
    "Long_Term_Treasury_ETF": 86.6500015258789,
    "CORN_future": 451.0,
    "SOYBEANS_future": 1165.25,
    "WHEAT_future": 590.0,
    "SP500_close": 6611.830078125,
    "NASDAQ_close": 21996.33984375,
    "US_10Y_Treasury_Yield": 4.335000038146973,
    "VIX_close": 24.579999923706055,
    "GOLD_basis_spot_vs_near": -0.2001953125,
    "China_10Y_Treasury_Yield": 1.8171
  }
}