{
  "latest_date": "2026-03-02",
  "latest_values": {
    "Shanghai_Composite_Index": 4162.880859375,
    "CSI_300_Index": 4710.64990234375,
    "Shenzhen_Component_Index": 14495.08984375,
    "ALUMINUM_future": 3104.25,
    "BTC_price": 66635.640625,
    "OIL_price": 70.23999786376953,
    "USD_CNY_exchange_rate": 6.864799976348877,
    "Commodity_Index_ETF": 25.100000381469727,
    "US_Dollar_Index": 97.90399932861328,
    "ETH_price": 1970.98486328125,
    "GOLD_spot_price": 5339.89990234375,
    "LEAN_HOGS_future": 95.625,
    "COPPER_future": 6.0295000076293945,
    "High_Yield_Bond_ETF": 80.72000122070312,
    "LIVE_CATTLE_future": 232.22500610351562,
    "GOLD_near_month_future": 5339.39990234375,
    "NATURAL_GAS_future": 2.8889999389648438,
    "PLATINUM_future": 2390.39990234375,
    "SILVER_future": 93.77999877929688,
    "Long_Term_Treasury_ETF": 90.81999969482422,
    "CORN_future": 448.0,
    "SOYBEANS_future": 1172.5,
    "WHEAT_future": 589.25,
    "SP500_close": 6878.8798828125,
    "NASDAQ_close": 22668.2109375,
    "US_10Y_Treasury_Yield": 3.9619998931884766,
    "VIX_close": 19.860000610351562,
    "GOLD_basis_spot_vs_near": 0.5,
    "China_10Y_Treasury_Yield": 1.7753
  }
}