{
  "latest_date": "2026-05-04",
  "latest_values": {
    "Shanghai_Composite_Index": 4112.1591796875,
    "CSI_300_Index": 4807.31005859375,
    "Shenzhen_Component_Index": 15107.5498046875,
    "ALUMINUM_future": 3470.75,
    "BTC_price": 79684.4921875,
    "OIL_price": 102.41999816894531,
    "USD_CNY_exchange_rate": 6.829500198364258,
    "Commodity_Index_ETF": 31.08989906311035,
    "US_Dollar_Index": 98.2750015258789,
    "ETH_price": 2356.56005859375,
    "GOLD_spot_price": 4589.5,
    "LEAN_HOGS_future": 100.80000305175781,
    "COPPER_future": 5.912499904632568,
    "High_Yield_Bond_ETF": 79.98500061035156,
    "LIVE_CATTLE_future": 252.6750030517578,
    "GOLD_near_month_future": 4589.7001953125,
    "NATURAL_GAS_future": 2.8570001125335693,
    "PLATINUM_future": 1990.300048828125,
    "SILVER_future": 74.91000366210938,
    "Long_Term_Treasury_ETF": 85.28500366210938,
    "CORN_future": 480.25,
    "SOYBEANS_future": 1218.75,
    "WHEAT_future": 636.0,
    "SP500_close": 7241.419921875,
    "NASDAQ_close": 25194.697265625,
    "US_10Y_Treasury_Yield": 4.414000034332275,
    "VIX_close": 17.18000030517578,
    "GOLD_basis_spot_vs_near": -0.2001953125,
    "China_10Y_Treasury_Yield": 1.7473
  }
}