{
  "latest_date": "2026-02-24",
  "latest_values": {
    "Shanghai_Composite_Index": 4082.072998046875,
    "CSI_300_Index": 4660.41015625,
    "Shenzhen_Component_Index": 14100.1904296875,
    "ALUMINUM_future": 3080.25,
    "BTC_price": 64050.34765625,
    "OIL_price": 66.7300033569336,
    "USD_CNY_exchange_rate": 6.8958001136779785,
    "Commodity_Index_ETF": 24.75,
    "US_Dollar_Index": 97.76200103759766,
    "ETH_price": 1841.087158203125,
    "GOLD_spot_price": 5207.89990234375,
    "LEAN_HOGS_future": 93.75,
    "COPPER_future": 5.9019999504089355,
    "High_Yield_Bond_ETF": 80.87000274658203,
    "LIVE_CATTLE_future": 239.1999969482422,
    "GOLD_near_month_future": 5207.5,
    "NATURAL_GAS_future": 2.921999931335449,
    "PLATINUM_future": 2145.89990234375,
    "SILVER_future": 87.24500274658203,
    "Long_Term_Treasury_ETF": 89.73999786376953,
    "CORN_future": 440.25,
    "SOYBEANS_future": 1147.75,
    "WHEAT_future": 577.0,
    "SP500_close": 6837.75,
    "NASDAQ_close": 22627.26953125,
    "US_10Y_Treasury_Yield": 4.0289998054504395,
    "VIX_close": 21.010000228881836,
    "GOLD_basis_spot_vs_near": 0.39990234375,
    "China_10Y_Treasury_Yield": 1.7899
  }
}