{
  "latest_date": "2026-03-17",
  "latest_values": {
    "Shanghai_Composite_Index": 4084.785888671875,
    "CSI_300_Index": 4671.56005859375,
    "Shenzhen_Component_Index": 14307.580078125,
    "ALUMINUM_future": 3340.5,
    "BTC_price": 73765.4921875,
    "OIL_price": 94.69000244140625,
    "USD_CNY_exchange_rate": 6.885799884796143,
    "Commodity_Index_ETF": 28.689899444580078,
    "ETH_price": 2331.322265625,
    "GOLD_spot_price": 5020.7001953125,
    "LEAN_HOGS_future": 86.19999694824219,
    "COPPER_future": 5.783999919891357,
    "High_Yield_Bond_ETF": 79.73500061035156,
    "LIVE_CATTLE_future": 228.5749969482422,
    "GOLD_near_month_future": 5020.7001953125,
    "NATURAL_GAS_future": 3.075000047683716,
    "PLATINUM_future": 2147.300048828125,
    "SILVER_future": 81.12000274658203,
    "Long_Term_Treasury_ETF": 87.4198989868164,
    "CORN_future": 452.0,
    "SOYBEANS_future": 1161.0,
    "WHEAT_future": 591.0,
    "SP500_close": 6732.85009765625,
    "NASDAQ_close": 22511.3125,
    "US_10Y_Treasury_Yield": 4.202000141143799,
    "VIX_close": 22.479999542236328,
    "GOLD_basis_spot_vs_near": 0.0,
    "China_10Y_Treasury_Yield": 1.8314
  }
}