{
  "latest_date": "2025-10-21",
  "latest_values": {
    "Shanghai_Composite_Index": 3863.89306640625,
    "CSI_300_Index": 4538.22021484375,
    "Shenzhen_Component_Index": 12813.2099609375,
    "ALUMINUM_future": 2730.25,
    "BTC_price": 109420.609375,
    "OIL_price": 56.79999923706055,
    "USD_CNY_exchange_rate": 7.126399993896484,
    "Commodity_Index_ETF": 22.34000015258789,
    "US_Dollar_Index": 98.71199798583984,
    "ETH_price": 3934.24365234375,
    "GOLD_spot_price": 4361.10009765625,
    "LEAN_HOGS_future": 82.25,
    "COPPER_future": 5.051000118255615,
    "High_Yield_Bond_ETF": 80.87999725341797,
    "LIVE_CATTLE_future": 244.60000610351562,
    "GOLD_near_month_future": 4361.2001953125,
    "NATURAL_GAS_future": 3.3910000324249268,
    "PLATINUM_future": 1648.199951171875,
    "SILVER_future": 50.76499938964844,
    "Long_Term_Treasury_ETF": 91.55000305175781,
    "CORN_future": 423.75,
    "SOYBEANS_future": 1052.75,
    "WHEAT_future": 505.25,
    "SP500_close": 6735.1298828125,
    "NASDAQ_close": 22990.5390625,
    "US_10Y_Treasury_Yield": 3.9860000610351562,
    "VIX_close": 18.229999542236328,
    "GOLD_basis_spot_vs_near": -0.10009765625,
    "China_10Y_Treasury_Yield": 1.8498
  }
}