{
  "latest_date": "2025-12-01",
  "latest_values": {
    "Shanghai_Composite_Index": 3914.006103515625,
    "CSI_300_Index": 4576.48583984375,
    "Shenzhen_Component_Index": 13146.7158203125,
    "ALUMINUM_future": 2740.5,
    "BTC_price": 84783.296875,
    "OIL_price": 59.150001525878906,
    "USD_CNY_exchange_rate": 7.071199893951416,
    "Commodity_Index_ETF": 23.1200008392334,
    "US_Dollar_Index": 99.30000305175781,
    "ETH_price": 2739.239013671875,
    "GOLD_spot_price": 4262.39990234375,
    "LEAN_HOGS_future": 81.2249984741211,
    "COPPER_future": 5.30649995803833,
    "High_Yield_Bond_ETF": 80.45500183105469,
    "LIVE_CATTLE_future": 215.8249969482422,
    "GOLD_near_month_future": 4262.39990234375,
    "NATURAL_GAS_future": 4.807000160217285,
    "PLATINUM_future": 1673.5,
    "SILVER_future": 58.83000183105469,
    "Long_Term_Treasury_ETF": 88.80000305175781,
    "CORN_future": 446.75,
    "SOYBEANS_future": 1132.5,
    "WHEAT_future": 537.75,
    "SP500_close": 6835.830078125,
    "NASDAQ_close": 23326.05859375,
    "US_10Y_Treasury_Yield": 4.093999862670898,
    "VIX_close": 16.850000381469727,
    "GOLD_basis_spot_vs_near": 0.0,
    "China_10Y_Treasury_Yield": 1.8366
  }
}