{
  "latest_date": "2025-11-25",
  "latest_values": {
    "Shanghai_Composite_Index": 3870.022705078125,
    "CSI_300_Index": 4490.40478515625,
    "Shenzhen_Component_Index": 12585.080078125,
    "ALUMINUM_future": 2740.5,
    "BTC_price": 87002.1640625,
    "OIL_price": 57.119998931884766,
    "USD_CNY_exchange_rate": 7.084000110626221,
    "Commodity_Index_ETF": 22.404399871826172,
    "US_Dollar_Index": 99.83000183105469,
    "ETH_price": 2897.27978515625,
    "GOLD_spot_price": 4117.5,
    "LEAN_HOGS_future": 78.8499984741211,
    "COPPER_future": 5.0894999504089355,
    "High_Yield_Bond_ETF": 80.66000366210938,
    "LIVE_CATTLE_future": 206.3249969482422,
    "GOLD_near_month_future": 4155.7001953125,
    "NATURAL_GAS_future": 4.451000213623047,
    "PLATINUM_future": 1547.5999755859375,
    "SILVER_future": 50.494998931884766,
    "Long_Term_Treasury_ETF": 90.4198989868164,
    "CORN_future": 437.5,
    "SOYBEANS_future": 1121.0,
    "WHEAT_future": 537.25,
    "SP500_close": 6707.22998046875,
    "NASDAQ_close": 22752.107421875,
    "US_10Y_Treasury_Yield": 4.013000011444092,
    "VIX_close": 20.1200008392334,
    "GOLD_basis_spot_vs_near": -38.2001953125,
    "China_10Y_Treasury_Yield": 1.8301
  }
}