{
  "latest_date": "2025-12-17",
  "latest_values": {
    "Shanghai_Composite_Index": 3824.81201171875,
    "CSI_300_Index": 4497.56005859375,
    "Shenzhen_Component_Index": 12914.669921875,
    "ALUMINUM_future": 2853.75,
    "BTC_price": 86879.8359375,
    "OIL_price": 55.88999938964844,
    "USD_CNY_exchange_rate": 7.044600009918213,
    "Commodity_Index_ETF": 22.579999923706055,
    "US_Dollar_Index": 98.60299682617188,
    "ETH_price": 2942.67431640625,
    "GOLD_spot_price": 4347.2998046875,
    "LEAN_HOGS_future": 84.6500015258789,
    "COPPER_future": 5.392499923706055,
    "High_Yield_Bond_ETF": 80.66000366210938,
    "LIVE_CATTLE_future": 230.72500610351562,
    "GOLD_near_month_future": 4347.10009765625,
    "NATURAL_GAS_future": 3.934999942779541,
    "PLATINUM_future": 1937.9000244140625,
    "SILVER_future": 65.77999877929688,
    "Long_Term_Treasury_ETF": 87.87999725341797,
    "CORN_future": 438.0,
    "SOYBEANS_future": 1065.75,
    "WHEAT_future": 511.25,
    "SP500_close": 6800.259765625,
    "NASDAQ_close": 23111.4609375,
    "US_10Y_Treasury_Yield": 4.14900016784668,
    "VIX_close": 16.479999542236328,
    "GOLD_basis_spot_vs_near": 0.19970703125,
    "China_10Y_Treasury_Yield": 1.8458
  }
}