{
  "latest_date": "2025-12-15",
  "latest_values": {
    "Shanghai_Composite_Index": 3867.9208984375,
    "CSI_300_Index": 4552.0595703125,
    "Shenzhen_Component_Index": 13112.0888671875,
    "ALUMINUM_future": 2840.0,
    "BTC_price": 86464.5625,
    "OIL_price": 56.529998779296875,
    "USD_CNY_exchange_rate": 7.0467000007629395,
    "Commodity_Index_ETF": 22.805599212646484,
    "US_Dollar_Index": 98.35600280761719,
    "ETH_price": 2958.059814453125,
    "GOLD_spot_price": 4342.89990234375,
    "LEAN_HOGS_future": 83.82499694824219,
    "COPPER_future": 5.41949987411499,
    "High_Yield_Bond_ETF": 80.62999725341797,
    "LIVE_CATTLE_future": 230.4499969482422,
    "GOLD_near_month_future": 4342.60009765625,
    "NATURAL_GAS_future": 4.026000022888184,
    "PLATINUM_future": 1816.4000244140625,
    "SILVER_future": 63.80500030517578,
    "Long_Term_Treasury_ETF": 87.43009948730469,
    "CORN_future": 439.75,
    "SOYBEANS_future": 1071.75,
    "WHEAT_future": 520.75,
    "SP500_close": 6822.9501953125,
    "NASDAQ_close": 23126.53125,
    "US_10Y_Treasury_Yield": 4.179999828338623,
    "VIX_close": 16.6299991607666,
    "GOLD_basis_spot_vs_near": 0.2998046875,
    "China_10Y_Treasury_Yield": 1.8488
  }
}