{
  "latest_date": "2026-03-26",
  "latest_values": {
    "Shanghai_Composite_Index": 3931.8369140625,
    "CSI_300_Index": 4537.47021484375,
    "Shenzhen_Component_Index": 13801.0,
    "ALUMINUM_future": 3185.25,
    "BTC_price": 69517.90625,
    "OIL_price": 93.20999908447266,
    "USD_CNY_exchange_rate": 6.908100128173828,
    "Commodity_Index_ETF": 28.170000076293945,
    "US_Dollar_Index": 99.69200134277344,
    "ETH_price": 2070.185791015625,
    "GOLD_spot_price": 4438.39990234375,
    "LEAN_HOGS_future": 90.9000015258789,
    "COPPER_future": 5.5269999504089355,
    "High_Yield_Bond_ETF": 79.41999816894531,
    "LIVE_CATTLE_future": 234.4250030517578,
    "GOLD_near_month_future": 4437.89990234375,
    "NATURAL_GAS_future": 2.9019999504089355,
    "PLATINUM_future": 1867.9000244140625,
    "SILVER_future": 68.36000061035156,
    "Long_Term_Treasury_ETF": 86.83999633789062,
    "CORN_future": 467.0,
    "SOYBEANS_future": 1172.5,
    "WHEAT_future": 594.5,
    "SP500_close": 6591.89990234375,
    "NASDAQ_close": 21929.826171875,
    "US_10Y_Treasury_Yield": 4.328000068664551,
    "VIX_close": 27.139999389648438,
    "GOLD_basis_spot_vs_near": 0.5,
    "China_10Y_Treasury_Yield": 1.8194
  }
}