{
  "latest_date": "2026-03-25",
  "latest_values": {
    "Shanghai_Composite_Index": 3881.280029296875,
    "CSI_300_Index": 4474.72021484375,
    "Shenzhen_Component_Index": 13536.5595703125,
    "ALUMINUM_future": 3159.25,
    "BTC_price": 70815.140625,
    "OIL_price": 88.19999694824219,
    "USD_CNY_exchange_rate": 6.896599769592285,
    "Commodity_Index_ETF": 28.239999771118164,
    "US_Dollar_Index": 99.37000274658203,
    "ETH_price": 2164.769287109375,
    "GOLD_spot_price": 4546.7001953125,
    "LEAN_HOGS_future": 91.05000305175781,
    "COPPER_future": 5.521500110626221,
    "High_Yield_Bond_ETF": 79.16999816894531,
    "LIVE_CATTLE_future": 235.375,
    "GOLD_near_month_future": 4546.89990234375,
    "NATURAL_GAS_future": 2.8480000495910645,
    "PLATINUM_future": 1948.300048828125,
    "SILVER_future": 73.20999908447266,
    "Long_Term_Treasury_ETF": 86.01000213623047,
    "CORN_future": 458.75,
    "SOYBEANS_future": 1153.25,
    "WHEAT_future": 579.75,
    "SP500_close": 6556.3701171875,
    "NASDAQ_close": 21761.89453125,
    "US_10Y_Treasury_Yield": 4.3919997215271,
    "VIX_close": 25.59000015258789,
    "GOLD_basis_spot_vs_near": -0.19970703125,
    "China_10Y_Treasury_Yield": 1.8272
  }
}