{
  "latest_date": "2026-04-15",
  "latest_values": {
    "Shanghai_Composite_Index": 4026.625,
    "CSI_300_Index": 4701.27978515625,
    "Shenzhen_Component_Index": 14639.9501953125,
    "ALUMINUM_future": 3542.0,
    "BTC_price": 73975.359375,
    "OIL_price": 91.70999908447266,
    "USD_CNY_exchange_rate": 6.8302998542785645,
    "Commodity_Index_ETF": 28.84000015258789,
    "US_Dollar_Index": 98.14399719238281,
    "ETH_price": 2318.949951171875,
    "GOLD_spot_price": 4843.2998046875,
    "LEAN_HOGS_future": 90.5,
    "COPPER_future": 6.0929999351501465,
    "High_Yield_Bond_ETF": 80.5,
    "LIVE_CATTLE_future": 252.5500030517578,
    "GOLD_near_month_future": 4843.39990234375,
    "NATURAL_GAS_future": 2.5999999046325684,
    "PLATINUM_future": 2116.0,
    "SILVER_future": 79.4749984741211,
    "Long_Term_Treasury_ETF": 87.20999908447266,
    "CORN_future": 446.0,
    "SOYBEANS_future": 1162.25,
    "WHEAT_future": 603.0,
    "SP500_close": 6967.3798828125,
    "NASDAQ_close": 23639.080078125,
    "US_10Y_Treasury_Yield": 4.25600004196167,
    "VIX_close": 18.360000610351562,
    "GOLD_basis_spot_vs_near": -0.10009765625,
    "China_10Y_Treasury_Yield": 1.7829
  }
}