{
  "latest_date": "2026-05-15",
  "latest_values": {
    "Shanghai_Composite_Index": 4177.9169921875,
    "CSI_300_Index": 4914.60009765625,
    "Shenzhen_Component_Index": 15745.740234375,
    "ALUMINUM_future": 3527.0,
    "BTC_price": 79170.671875,
    "OIL_price": 100.88999938964844,
    "USD_CNY_exchange_rate": 6.809199810028076,
    "Commodity_Index_ETF": 31.235000610351562,
    "US_Dollar_Index": 99.2760009765625,
    "ETH_price": 2225.2099609375,
    "GOLD_spot_price": 4563.7998046875,
    "LEAN_HOGS_future": 103.3499984741211,
    "COPPER_future": 6.302999973297119,
    "High_Yield_Bond_ETF": 79.55999755859375,
    "LIVE_CATTLE_future": 248.02499389648438,
    "GOLD_near_month_future": 4563.5,
    "NATURAL_GAS_future": 2.9570000171661377,
    "PLATINUM_future": 1995.0999755859375,
    "SILVER_future": 77.44999694824219,
    "Long_Term_Treasury_ETF": 83.61979675292969,
    "CORN_future": 455.25,
    "SOYBEANS_future": 1177.25,
    "WHEAT_future": 635.5,
    "SP500_close": 7428.41015625,
    "NASDAQ_close": 26330.404296875,
    "US_10Y_Treasury_Yield": 4.591000080108643,
    "VIX_close": 18.270000457763672,
    "GOLD_basis_spot_vs_near": 0.2998046875,
    "China_10Y_Treasury_Yield": 1.7658
  }
}