{
  "latest_date": "2026-07-20",
  "latest_values": {
    "Shanghai_Composite_Index": 3764.155029296875,
    "CSI_300_Index": 4529.10009765625,
    "Shenzhen_Component_Index": 13706.8798828125,
    "ALUMINUM_future": 3452.0,
    "BTC_price": 64798.08984375,
    "OIL_price": 83.68000030517578,
    "USD_CNY_exchange_rate": 6.772500038146973,
    "Commodity_Index_ETF": 28.979999542236328,
    "US_Dollar_Index": 100.75,
    "ETH_price": 1875.47998046875,
    "GOLD_spot_price": 4012.199951171875,
    "LEAN_HOGS_future": 87.94999694824219,
    "COPPER_future": 6.2829999923706055,
    "High_Yield_Bond_ETF": 79.6500015258789,
    "LIVE_CATTLE_future": 220.6999969482422,
    "GOLD_near_month_future": 4012.0,
    "NATURAL_GAS_future": 2.885999917984009,
    "PLATINUM_future": 1602.5,
    "SILVER_future": 57.0099983215332,
    "Long_Term_Treasury_ETF": 84.5199966430664,
    "CORN_future": 471.5,
    "SOYBEANS_future": 1210.5,
    "WHEAT_future": 684.25,
    "SP500_close": 7457.68994140625,
    "NASDAQ_close": 25520.240234375,
    "US_10Y_Treasury_Yield": 4.540999889373779,
    "VIX_close": 18.770000457763672,
    "GOLD_basis_spot_vs_near": 0.199951171875,
    "China_10Y_Treasury_Yield": 1.7404
  }
}