{
  "latest_date": "2026-02-23",
  "latest_values": {
    "Shanghai_Composite_Index": 4082.072998046875,
    "CSI_300_Index": 4660.41015625,
    "Shenzhen_Component_Index": 14100.1904296875,
    "ALUMINUM_future": 3059.75,
    "BTC_price": 65352.4765625,
    "OIL_price": 66.70999908447266,
    "USD_CNY_exchange_rate": 6.90749979019165,
    "Commodity_Index_ETF": 24.80500030517578,
    "US_Dollar_Index": 97.66699981689453,
    "ETH_price": 1888.1439208984375,
    "GOLD_spot_price": 5219.5,
    "LEAN_HOGS_future": 94.25,
    "COPPER_future": 5.763000011444092,
    "High_Yield_Bond_ETF": 80.88349914550781,
    "LIVE_CATTLE_future": 238.9499969482422,
    "GOLD_near_month_future": 5219.60009765625,
    "NATURAL_GAS_future": 2.9809999465942383,
    "PLATINUM_future": 2137.10009765625,
    "SILVER_future": 86.69000244140625,
    "Long_Term_Treasury_ETF": 89.88999938964844,
    "CORN_future": 443.75,
    "SOYBEANS_future": 1161.5,
    "WHEAT_future": 580.0,
    "SP500_close": 6833.93017578125,
    "NASDAQ_close": 22597.435546875,
    "US_10Y_Treasury_Yield": 4.034999847412109,
    "VIX_close": 21.93000030517578,
    "GOLD_basis_spot_vs_near": -0.10009765625,
    "China_10Y_Treasury_Yield": 1.7899
  }
}