{
  "latest_date": "2026-01-27",
  "latest_values": {
    "Shanghai_Composite_Index": 4132.60498046875,
    "CSI_300_Index": 4706.9599609375,
    "Shenzhen_Component_Index": 14316.6396484375,
    "ALUMINUM_future": 3147.75,
    "BTC_price": 88624.71875,
    "OIL_price": 60.33000183105469,
    "USD_CNY_exchange_rate": 6.956299781799316,
    "Commodity_Index_ETF": 24.290000915527344,
    "US_Dollar_Index": 96.96099853515625,
    "ETH_price": 2937.132080078125,
    "GOLD_spot_price": 5069.2001953125,
    "LEAN_HOGS_future": 96.67500305175781,
    "COPPER_future": 5.9039998054504395,
    "High_Yield_Bond_ETF": 81.18000030517578,
    "LIVE_CATTLE_future": 237.9499969482422,
    "GOLD_near_month_future": 5068.39990234375,
    "NATURAL_GAS_future": 3.803999900817871,
    "PLATINUM_future": 2688.10009765625,
    "SILVER_future": 110.83499908447266,
    "Long_Term_Treasury_ETF": 88.3499984741211,
    "CORN_future": 428.25,
    "SOYBEANS_future": 1059.0,
    "WHEAT_future": 521.0,
    "SP500_close": 6950.22998046875,
    "NASDAQ_close": 23601.359375,
    "US_10Y_Treasury_Yield": 4.2129998207092285,
    "VIX_close": 16.149999618530273,
    "GOLD_basis_spot_vs_near": 0.80029296875,
    "China_10Y_Treasury_Yield": 1.8242
  }
}