{
  "latest_date": "2025-12-04",
  "latest_values": {
    "Shanghai_Composite_Index": 3875.793212890625,
    "CSI_300_Index": 4546.56640625,
    "Shenzhen_Component_Index": 13006.716796875,
    "ALUMINUM_future": 2740.5,
    "BTC_price": 92315.1640625,
    "OIL_price": 59.77000045776367,
    "USD_CNY_exchange_rate": 7.070899963378906,
    "Commodity_Index_ETF": 23.207000732421875,
    "US_Dollar_Index": 98.95899963378906,
    "ETH_price": 3155.9306640625,
    "GOLD_spot_price": 4246.7998046875,
    "LEAN_HOGS_future": 81.07499694824219,
    "COPPER_future": 5.36899995803833,
    "High_Yield_Bond_ETF": 80.68499755859375,
    "LIVE_CATTLE_future": 223.89999389648438,
    "GOLD_near_month_future": 4246.60009765625,
    "NATURAL_GAS_future": 4.940000057220459,
    "PLATINUM_future": 1659.800048828125,
    "SILVER_future": 57.619998931884766,
    "Long_Term_Treasury_ETF": 88.68070220947266,
    "CORN_future": 447.0,
    "SOYBEANS_future": 1121.75,
    "WHEAT_future": 541.0,
    "SP500_close": 6848.31005859375,
    "NASDAQ_close": 23452.62890625,
    "US_10Y_Treasury_Yield": 4.099999904632568,
    "VIX_close": 16.020000457763672,
    "GOLD_basis_spot_vs_near": 0.19970703125,
    "China_10Y_Treasury_Yield": 1.8718
  }
}