{
  "latest_date": "2026-04-06",
  "latest_values": {
    "Shanghai_Composite_Index": 3880.096923828125,
    "CSI_300_Index": 4440.7900390625,
    "Shenzhen_Component_Index": 13352.900390625,
    "ALUMINUM_future": 3425.0,
    "BTC_price": 69428.234375,
    "OIL_price": 112.23999786376953,
    "USD_CNY_exchange_rate": 6.881899833679199,
    "Commodity_Index_ETF": 29.315000534057617,
    "US_Dollar_Index": 99.87300109863281,
    "ETH_price": 2147.25732421875,
    "GOLD_spot_price": 4693.89990234375,
    "LEAN_HOGS_future": 106.55000305175781,
    "COPPER_future": 5.588500022888184,
    "High_Yield_Bond_ETF": 79.625,
    "LIVE_CATTLE_future": 246.8000030517578,
    "GOLD_near_month_future": 4693.7001953125,
    "NATURAL_GAS_future": 2.822999954223633,
    "PLATINUM_future": 1965.300048828125,
    "SILVER_future": 72.5,
    "Long_Term_Treasury_ETF": 86.7249984741211,
    "CORN_future": 453.0,
    "SOYBEANS_future": 1166.0,
    "WHEAT_future": 592.0,
    "SP500_close": 6611.18017578125,
    "NASDAQ_close": 22007.814453125,
    "US_10Y_Treasury_Yield": 4.35099983215332,
    "VIX_close": 24.760000228881836,
    "GOLD_basis_spot_vs_near": 0.19970703125,
    "China_10Y_Treasury_Yield": 1.8199
  }
}