{
  "latest_date": "2026-04-23",
  "latest_values": {
    "Shanghai_Composite_Index": 4106.2578125,
    "CSI_300_Index": 4799.6298828125,
    "Shenzhen_Component_Index": 15177.2900390625,
    "ALUMINUM_future": 3556.0,
    "BTC_price": 77917.03125,
    "OIL_price": 96.18000030517578,
    "USD_CNY_exchange_rate": 6.820799827575684,
    "Commodity_Index_ETF": 29.885000228881836,
    "US_Dollar_Index": 98.7969970703125,
    "ETH_price": 2315.25,
    "GOLD_spot_price": 4713.39990234375,
    "LEAN_HOGS_future": 103.42500305175781,
    "COPPER_future": 6.042500019073486,
    "High_Yield_Bond_ETF": 80.36499786376953,
    "LIVE_CATTLE_future": 243.47500610351562,
    "GOLD_near_month_future": 4713.2998046875,
    "NATURAL_GAS_future": 2.746000051498413,
    "PLATINUM_future": 2020.300048828125,
    "SILVER_future": 75.79000091552734,
    "Long_Term_Treasury_ETF": 86.53269958496094,
    "CORN_future": 464.5,
    "SOYBEANS_future": 1174.75,
    "WHEAT_future": 622.0,
    "SP500_close": 7111.02001953125,
    "NASDAQ_close": 24442.240234375,
    "US_10Y_Treasury_Yield": 4.322999954223633,
    "VIX_close": 19.450000762939453,
    "GOLD_basis_spot_vs_near": 0.10009765625,
    "China_10Y_Treasury_Yield": 1.7548
  }
}