{
  "latest_date": "2026-04-30",
  "latest_values": {
    "Shanghai_Composite_Index": 4107.51416015625,
    "CSI_300_Index": 4810.35009765625,
    "Shenzhen_Component_Index": 15120.919921875,
    "ALUMINUM_future": 3438.5,
    "BTC_price": 76477.65625,
    "OIL_price": 104.9000015258789,
    "USD_CNY_exchange_rate": 6.827300071716309,
    "Commodity_Index_ETF": 31.014999389648438,
    "US_Dollar_Index": 98.08399963378906,
    "ETH_price": 2266.110107421875,
    "GOLD_spot_price": 4632.5,
    "LEAN_HOGS_future": 102.19999694824219,
    "COPPER_future": 6.015999794006348,
    "High_Yield_Bond_ETF": 80.36499786376953,
    "LIVE_CATTLE_future": 254.02499389648438,
    "GOLD_near_month_future": 4631.89990234375,
    "NATURAL_GAS_future": 2.765000104904175,
    "PLATINUM_future": 1989.699951171875,
    "SILVER_future": 74.08499908447266,
    "Long_Term_Treasury_ETF": 85.73500061035156,
    "CORN_future": 474.75,
    "SOYBEANS_future": 1195.25,
    "WHEAT_future": 637.75,
    "SP500_close": 7212.22021484375,
    "NASDAQ_close": 24909.513671875,
    "US_10Y_Treasury_Yield": 4.390000343322754,
    "VIX_close": 17.110000610351562,
    "GOLD_basis_spot_vs_near": 0.60009765625,
    "China_10Y_Treasury_Yield": 1.7473
  }
}