{
  "latest_date": "2025-10-20",
  "latest_values": {
    "Shanghai_Composite_Index": 3863.892578125,
    "CSI_300_Index": 4538.22021484375,
    "Shenzhen_Component_Index": 12688.9404296875,
    "ALUMINUM_future": 2710.75,
    "BTC_price": 111318.671875,
    "OIL_price": 56.5099983215332,
    "USD_CNY_exchange_rate": 7.123000144958496,
    "Commodity_Index_ETF": 22.2450008392334,
    "US_Dollar_Index": 98.51399993896484,
    "ETH_price": 4036.817138671875,
    "GOLD_spot_price": 4346.2998046875,
    "LEAN_HOGS_future": 82.55000305175781,
    "COPPER_future": 5.026000022888184,
    "High_Yield_Bond_ETF": 80.80999755859375,
    "LIVE_CATTLE_future": 241.875,
    "GOLD_near_month_future": 4346.10009765625,
    "NATURAL_GAS_future": 3.2750000953674316,
    "PLATINUM_future": 1641.9000244140625,
    "SILVER_future": 51.23500061035156,
    "Long_Term_Treasury_ETF": 91.36000061035156,
    "CORN_future": 420.0,
    "SOYBEANS_future": 1046.25,
    "WHEAT_future": 504.25,
    "SP500_close": 6730.83984375,
    "NASDAQ_close": 22997.775390625,
    "US_10Y_Treasury_Yield": 4.000999927520752,
    "VIX_close": 18.709999084472656,
    "GOLD_basis_spot_vs_near": 0.19970703125,
    "China_10Y_Treasury_Yield": 1.8498
  }
}