{
  "latest_date": "2025-10-23",
  "latest_values": {
    "Shanghai_Composite_Index": 3913.758056640625,
    "CSI_300_Index": 4592.56982421875,
    "Shenzhen_Component_Index": 12996.6103515625,
    "ALUMINUM_future": 2773.75,
    "BTC_price": 109531.5390625,
    "OIL_price": 60.439998626708984,
    "USD_CNY_exchange_rate": 7.121799945831299,
    "Commodity_Index_ETF": 22.459999084472656,
    "US_Dollar_Index": 99.01200103759766,
    "ETH_price": 3889.77490234375,
    "GOLD_spot_price": 4113.10009765625,
    "LEAN_HOGS_future": 82.375,
    "COPPER_future": 5.070499897003174,
    "High_Yield_Bond_ETF": 80.68000030517578,
    "LIVE_CATTLE_future": 240.52499389648438,
    "GOLD_near_month_future": 4113.2998046875,
    "NATURAL_GAS_future": 3.4670000076293945,
    "PLATINUM_future": 1602.699951171875,
    "SILVER_future": 48.51499938964844,
    "Long_Term_Treasury_ETF": 92.05999755859375,
    "CORN_future": 424.25,
    "SOYBEANS_future": 1053.25,
    "WHEAT_future": 503.0,
    "SP500_close": 6699.39990234375,
    "NASDAQ_close": 22740.400390625,
    "US_10Y_Treasury_Yield": 3.953000068664551,
    "VIX_close": 18.489999771118164,
    "GOLD_basis_spot_vs_near": -0.19970703125,
    "China_10Y_Treasury_Yield": 1.8293
  }
}