{
  "latest_date": "2025-11-12",
  "latest_values": {
    "Shanghai_Composite_Index": 4002.758056640625,
    "CSI_300_Index": 4652.169921875,
    "Shenzhen_Component_Index": 13289.0,
    "ALUMINUM_future": 2809.5,
    "BTC_price": 104940.7109375,
    "OIL_price": 60.560001373291016,
    "USD_CNY_exchange_rate": 7.116700172424316,
    "Commodity_Index_ETF": 23.299999237060547,
    "US_Dollar_Index": 99.5999984741211,
    "ETH_price": 3539.53515625,
    "GOLD_spot_price": 4133.10009765625,
    "LEAN_HOGS_future": 83.17500305175781,
    "COPPER_future": 5.066999912261963,
    "High_Yield_Bond_ETF": 80.69000244140625,
    "LIVE_CATTLE_future": 226.52499389648438,
    "GOLD_near_month_future": 4133.2998046875,
    "NATURAL_GAS_future": 4.546999931335449,
    "PLATINUM_future": 1599.0999755859375,
    "SILVER_future": 51.650001525878906,
    "Long_Term_Treasury_ETF": 89.95999908447266,
    "CORN_future": 432.75,
    "SOYBEANS_future": 1132.25,
    "WHEAT_future": 532.0,
    "SP500_close": 6846.60986328125,
    "NASDAQ_close": 23468.30078125,
    "US_10Y_Treasury_Yield": 4.119999885559082,
    "VIX_close": 17.209999084472656,
    "GOLD_basis_spot_vs_near": -0.19970703125,
    "China_10Y_Treasury_Yield": 1.8071
  }
}