{
  "latest_date": "2025-10-02",
  "latest_values": {
    "Shanghai_Composite_Index": 3882.777099609375,
    "CSI_300_Index": 4640.68994140625,
    "Shenzhen_Component_Index": 13526.509765625,
    "ALUMINUM_future": 2597.5,
    "BTC_price": 120892.453125,
    "OIL_price": 60.630001068115234,
    "USD_CNY_exchange_rate": 7.11899995803833,
    "Commodity_Index_ETF": 22.325000762939453,
    "US_Dollar_Index": 97.8499984741211,
    "ETH_price": 4494.91845703125,
    "GOLD_spot_price": 3880.39990234375,
    "LEAN_HOGS_future": 88.57499694824219,
    "COPPER_future": 4.955999851226807,
    "High_Yield_Bond_ETF": 80.91999816894531,
    "LIVE_CATTLE_future": 230.52499389648438,
    "GOLD_near_month_future": 3880.60009765625,
    "NATURAL_GAS_future": 3.4240000247955322,
    "PLATINUM_future": 1595.199951171875,
    "SILVER_future": 46.810001373291016,
    "Long_Term_Treasury_ETF": 89.55000305175781,
    "CORN_future": 421.25,
    "SOYBEANS_future": 1022.25,
    "WHEAT_future": 514.25,
    "SP500_close": 6715.35009765625,
    "NASDAQ_close": 22844.05078125,
    "US_10Y_Treasury_Yield": 4.088000297546387,
    "VIX_close": 16.600000381469727,
    "GOLD_basis_spot_vs_near": -0.2001953125,
    "China_10Y_Treasury_Yield": 1.8605
  }
}