{
  "latest_date": "2026-04-29",
  "latest_values": {
    "Shanghai_Composite_Index": 4107.51416015625,
    "CSI_300_Index": 4810.3466796875,
    "Shenzhen_Component_Index": 15120.9228515625,
    "ALUMINUM_future": 3517.75,
    "BTC_price": 77258.46875,
    "OIL_price": 103.22000122070312,
    "USD_CNY_exchange_rate": 6.822800159454346,
    "Commodity_Index_ETF": 30.34000015258789,
    "US_Dollar_Index": 98.71700286865234,
    "ETH_price": 2330.550048828125,
    "GOLD_spot_price": 4580.2998046875,
    "LEAN_HOGS_future": 94.1500015258789,
    "COPPER_future": 6.001999855041504,
    "High_Yield_Bond_ETF": 80.4000015258789,
    "LIVE_CATTLE_future": 252.6750030517578,
    "GOLD_near_month_future": 4580.2001953125,
    "NATURAL_GAS_future": 2.677999973297119,
    "PLATINUM_future": 1928.5999755859375,
    "SILVER_future": 73.2699966430664,
    "Long_Term_Treasury_ETF": 86.37000274658203,
    "CORN_future": 477.25,
    "SOYBEANS_future": 1194.75,
    "WHEAT_future": 660.5,
    "SP500_close": 7138.7998046875,
    "NASDAQ_close": 24663.80078125,
    "US_10Y_Treasury_Yield": 4.354000091552734,
    "VIX_close": 17.969999313354492,
    "GOLD_basis_spot_vs_near": 0.099609375,
    "China_10Y_Treasury_Yield": 1.7654
  }
}