{
  "latest_date": "2025-11-12",
  "latest_values": {
    "Shanghai_Composite_Index": 4000.1396484375,
    "CSI_300_Index": 4645.90771484375,
    "Shenzhen_Component_Index": 13240.6162109375,
    "ALUMINUM_future": 2809.5,
    "BTC_price": 101595.1015625,
    "OIL_price": 58.439998626708984,
    "USD_CNY_exchange_rate": 7.111999988555908,
    "Commodity_Index_ETF": 23.030000686645508,
    "US_Dollar_Index": 99.48300170898438,
    "ETH_price": 3416.91845703125,
    "GOLD_spot_price": 4201.7998046875,
    "LEAN_HOGS_future": 80.5250015258789,
    "COPPER_future": 5.083000183105469,
    "High_Yield_Bond_ETF": 80.55500030517578,
    "LIVE_CATTLE_future": 225.0749969482422,
    "GOLD_near_month_future": 4201.7998046875,
    "NATURAL_GAS_future": 4.538000106811523,
    "PLATINUM_future": 1634.9000244140625,
    "SILVER_future": 53.279998779296875,
    "Long_Term_Treasury_ETF": 90.12000274658203,
    "CORN_future": 435.5,
    "SOYBEANS_future": 1134.0,
    "WHEAT_future": 536.25,
    "SP500_close": 6850.919921875,
    "NASDAQ_close": 23406.45703125,
    "US_10Y_Treasury_Yield": 4.065000057220459,
    "VIX_close": 17.5,
    "GOLD_basis_spot_vs_near": 0.0,
    "China_10Y_Treasury_Yield": 1.8071
  }
}