{
  "latest_date": "2025-12-09",
  "latest_values": {
    "Shanghai_Composite_Index": 3909.521484375,
    "CSI_300_Index": 4598.22314453125,
    "Shenzhen_Component_Index": 13329.990234375,
    "ALUMINUM_future": 2864.5,
    "BTC_price": 92986.2734375,
    "OIL_price": 58.2400016784668,
    "USD_CNY_exchange_rate": 7.06279993057251,
    "Commodity_Index_ETF": 23.024999618530273,
    "US_Dollar_Index": 99.24600219726562,
    "ETH_price": 3269.085205078125,
    "GOLD_spot_price": 4237.0,
    "LEAN_HOGS_future": 81.82499694824219,
    "COPPER_future": 5.334000110626221,
    "High_Yield_Bond_ETF": 80.49500274658203,
    "LIVE_CATTLE_future": 228.25,
    "GOLD_near_month_future": 4237.10009765625,
    "NATURAL_GAS_future": 4.781000137329102,
    "PLATINUM_future": 1707.199951171875,
    "SILVER_future": 60.61000061035156,
    "Long_Term_Treasury_ETF": 87.9801025390625,
    "CORN_future": 446.0,
    "SOYBEANS_future": 1092.25,
    "WHEAT_future": 534.5,
    "SP500_close": 6856.7001953125,
    "NASDAQ_close": 23569.791015625,
    "US_10Y_Treasury_Yield": 4.179999828338623,
    "VIX_close": 16.760000228881836,
    "GOLD_basis_spot_vs_near": -0.10009765625,
    "China_10Y_Treasury_Yield": 1.8425
  }
}