{
  "latest_date": "2026-02-24",
  "latest_values": {
    "Shanghai_Composite_Index": 4082.072998046875,
    "CSI_300_Index": 4660.41015625,
    "Shenzhen_Component_Index": 14100.1904296875,
    "ALUMINUM_future": 3065.25,
    "BTC_price": 63198.7265625,
    "OIL_price": 66.2699966430664,
    "USD_CNY_exchange_rate": 6.878300189971924,
    "Commodity_Index_ETF": 24.75,
    "US_Dollar_Index": 97.87000274658203,
    "ETH_price": 1820.6888427734375,
    "GOLD_spot_price": 5192.5,
    "LEAN_HOGS_future": 85.05000305175781,
    "COPPER_future": 5.926000118255615,
    "High_Yield_Bond_ETF": 80.87000274658203,
    "LIVE_CATTLE_future": 244.6750030517578,
    "GOLD_near_month_future": 5192.60009765625,
    "NATURAL_GAS_future": 2.88100004196167,
    "PLATINUM_future": 2172.800048828125,
    "SILVER_future": 87.97000122070312,
    "Long_Term_Treasury_ETF": 89.73999786376953,
    "CORN_future": 440.75,
    "SOYBEANS_future": 1146.25,
    "WHEAT_future": 574.75,
    "SP500_close": 6837.75,
    "NASDAQ_close": 22627.26953125,
    "US_10Y_Treasury_Yield": 4.0289998054504395,
    "VIX_close": 20.989999771118164,
    "GOLD_basis_spot_vs_near": -0.10009765625,
    "China_10Y_Treasury_Yield": 1.8023
  }
}