{
  "latest_date": "2026-04-23",
  "latest_values": {
    "Shanghai_Composite_Index": 4106.2578125,
    "CSI_300_Index": 4799.6298828125,
    "Shenzhen_Component_Index": 15177.2900390625,
    "ALUMINUM_future": 3565.0,
    "BTC_price": 78077.109375,
    "OIL_price": 94.2300033569336,
    "USD_CNY_exchange_rate": 6.820799827575684,
    "Commodity_Index_ETF": 29.510000228881836,
    "US_Dollar_Index": 98.66699981689453,
    "ETH_price": 2351.39990234375,
    "GOLD_spot_price": 4717.5,
    "LEAN_HOGS_future": 95.05000305175781,
    "COPPER_future": 6.046000003814697,
    "High_Yield_Bond_ETF": 80.5,
    "LIVE_CATTLE_future": 246.85000610351562,
    "GOLD_near_month_future": 4718.0,
    "NATURAL_GAS_future": 2.7179999351501465,
    "PLATINUM_future": 2043.699951171875,
    "SILVER_future": 75.8949966430664,
    "Long_Term_Treasury_ETF": 86.73999786376953,
    "CORN_future": 462.75,
    "SOYBEANS_future": 1180.75,
    "WHEAT_future": 610.75,
    "SP500_close": 7137.89990234375,
    "NASDAQ_close": 24657.5703125,
    "US_10Y_Treasury_Yield": 4.294000148773193,
    "VIX_close": 18.920000076293945,
    "GOLD_basis_spot_vs_near": -0.5,
    "China_10Y_Treasury_Yield": 1.7389
  }
}