{
  "latest_date": "2025-11-19",
  "latest_values": {
    "Shanghai_Composite_Index": 3939.81298828125,
    "CSI_300_Index": 4568.19287109375,
    "Shenzhen_Component_Index": 13080.48828125,
    "ALUMINUM_future": 2730.0,
    "BTC_price": 92546.5,
    "OIL_price": 60.560001373291016,
    "USD_CNY_exchange_rate": 7.107500076293945,
    "Commodity_Index_ETF": 23.1299991607666,
    "US_Dollar_Index": 99.59600067138672,
    "ETH_price": 3102.78076171875,
    "GOLD_spot_price": 4073.699951171875,
    "LEAN_HOGS_future": 77.7750015258789,
    "COPPER_future": 4.964000225067139,
    "High_Yield_Bond_ETF": 80.11000061035156,
    "LIVE_CATTLE_future": 220.02499389648438,
    "GOLD_near_month_future": 4073.5,
    "NATURAL_GAS_future": 4.366000175476074,
    "PLATINUM_future": 1547.0,
    "SILVER_future": 50.630001068115234,
    "Long_Term_Treasury_ETF": 89.05999755859375,
    "CORN_future": 435.5,
    "SOYBEANS_future": 1150.5,
    "WHEAT_future": 546.5,
    "SP500_close": 6617.31982421875,
    "NASDAQ_close": 22432.845703125,
    "US_10Y_Treasury_Yield": 4.123000144958496,
    "VIX_close": 24.690000534057617,
    "GOLD_basis_spot_vs_near": 0.199951171875,
    "China_10Y_Treasury_Yield": 1.8121
  }
}