{
  "latest_date": "2026-01-27",
  "latest_values": {
    "Shanghai_Composite_Index": 4136.1640625,
    "CSI_300_Index": 4702.5,
    "Shenzhen_Component_Index": 14439.66015625,
    "ALUMINUM_future": 3154.75,
    "BTC_price": 88334.0703125,
    "OIL_price": 60.459999084472656,
    "USD_CNY_exchange_rate": 6.956399917602539,
    "Commodity_Index_ETF": 24.290000915527344,
    "US_Dollar_Index": 97.0739974975586,
    "ETH_price": 2928.75634765625,
    "GOLD_spot_price": 5061.5,
    "LEAN_HOGS_future": 96.67500305175781,
    "COPPER_future": 5.9120001792907715,
    "High_Yield_Bond_ETF": 81.18000030517578,
    "LIVE_CATTLE_future": 237.9499969482422,
    "GOLD_near_month_future": 5061.7001953125,
    "NATURAL_GAS_future": 3.812000036239624,
    "PLATINUM_future": 2691.800048828125,
    "SILVER_future": 110.56500244140625,
    "Long_Term_Treasury_ETF": 88.3499984741211,
    "CORN_future": 428.0,
    "SOYBEANS_future": 1060.75,
    "WHEAT_future": 520.75,
    "SP500_close": 6950.22998046875,
    "NASDAQ_close": 23601.357421875,
    "US_10Y_Treasury_Yield": 4.213000297546387,
    "VIX_close": 16.149999618530273,
    "GOLD_basis_spot_vs_near": -0.2001953125,
    "China_10Y_Treasury_Yield": 1.8242
  }
}