{
  "latest_date": "2026-07-10",
  "latest_values": {
    "Shanghai_Composite_Index": 4036.587890625,
    "CSI_300_Index": 4842.169921875,
    "Shenzhen_Component_Index": 15398.73046875,
    "ALUMINUM_future": 3303.0,
    "BTC_price": 63961.1796875,
    "OIL_price": 71.51000213623047,
    "USD_CNY_exchange_rate": 6.792099952697754,
    "Commodity_Index_ETF": 27.520000457763672,
    "US_Dollar_Index": 100.96499633789062,
    "ETH_price": 1793.050048828125,
    "GOLD_spot_price": 4128.89990234375,
    "LEAN_HOGS_future": 98.9000015258789,
    "COPPER_future": 6.284999847412109,
    "High_Yield_Bond_ETF": 79.70999908447266,
    "LIVE_CATTLE_future": 235.0,
    "GOLD_near_month_future": 4128.60009765625,
    "NATURAL_GAS_future": 2.947999954223633,
    "PLATINUM_future": 1638.5999755859375,
    "SILVER_future": 60.29999923706055,
    "Long_Term_Treasury_ETF": 84.47000122070312,
    "CORN_future": 460.25,
    "SOYBEANS_future": 1189.5,
    "WHEAT_future": 639.25,
    "SP500_close": 7575.39013671875,
    "NASDAQ_close": 26281.607421875,
    "US_10Y_Treasury_Yield": 4.568999767303467,
    "VIX_close": 15.029999732971191,
    "GOLD_basis_spot_vs_near": 0.2998046875,
    "China_10Y_Treasury_Yield": 1.7398
  }
}