{
  "latest_date": "2025-12-10",
  "latest_values": {
    "Shanghai_Composite_Index": 3924.077880859375,
    "CSI_300_Index": 4621.75,
    "Shenzhen_Component_Index": 13329.990234375,
    "ALUMINUM_future": 2839.25,
    "BTC_price": 92155.9140625,
    "OIL_price": 58.349998474121094,
    "USD_CNY_exchange_rate": 7.0665998458862305,
    "Commodity_Index_ETF": 22.989999771118164,
    "US_Dollar_Index": 99.23400115966797,
    "ETH_price": 3297.152587890625,
    "GOLD_spot_price": 4244.0,
    "LEAN_HOGS_future": 82.05000305175781,
    "COPPER_future": 5.353000164031982,
    "High_Yield_Bond_ETF": 80.45999908447266,
    "LIVE_CATTLE_future": 226.97500610351562,
    "GOLD_near_month_future": 4243.89990234375,
    "NATURAL_GAS_future": 4.576000213623047,
    "PLATINUM_future": 1686.800048828125,
    "SILVER_future": 61.59000015258789,
    "Long_Term_Treasury_ETF": 87.97000122070312,
    "CORN_future": 446.75,
    "SOYBEANS_future": 1083.0,
    "WHEAT_future": 535.0,
    "SP500_close": 6840.509765625,
    "NASDAQ_close": 23576.486328125,
    "US_10Y_Treasury_Yield": 4.185999870300293,
    "VIX_close": 16.93000030517578,
    "GOLD_basis_spot_vs_near": 0.10009765625,
    "China_10Y_Treasury_Yield": 1.8425
  }
}