{
  "latest_date": "2026-02-03",
  "latest_values": {
    "Shanghai_Composite_Index": 4067.73779296875,
    "CSI_300_Index": 4660.107421875,
    "Shenzhen_Component_Index": 14127.10546875,
    "ALUMINUM_future": 3038.75,
    "BTC_price": 74392.34375,
    "OIL_price": 62.810001373291016,
    "USD_CNY_exchange_rate": 6.937699794769287,
    "Commodity_Index_ETF": 23.989900588989258,
    "US_Dollar_Index": 97.46800231933594,
    "ETH_price": 2176.87060546875,
    "GOLD_spot_price": 4909.7998046875,
    "LEAN_HOGS_future": 88.625,
    "COPPER_future": 6.0269999504089355,
    "High_Yield_Bond_ETF": 80.61499786376953,
    "LIVE_CATTLE_future": 240.4499969482422,
    "GOLD_near_month_future": 4909.60009765625,
    "NATURAL_GAS_future": 3.2939999103546143,
    "PLATINUM_future": 2181.89990234375,
    "SILVER_future": 82.9749984741211,
    "Long_Term_Treasury_ETF": 86.66000366210938,
    "CORN_future": 427.75,
    "SOYBEANS_future": 1063.5,
    "WHEAT_future": 528.0,
    "SP500_close": 6891.56005859375,
    "NASDAQ_close": 23147.927734375,
    "US_10Y_Treasury_Yield": 4.26800012588501,
    "VIX_close": 20.06999969482422,
    "GOLD_basis_spot_vs_near": 0.19970703125,
    "China_10Y_Treasury_Yield": 1.8172
  }
}