{
  "latest_date": "2026-02-04",
  "latest_values": {
    "Shanghai_Composite_Index": 4067.738037109375,
    "CSI_300_Index": 4660.10986328125,
    "Shenzhen_Component_Index": 14127.1103515625,
    "ALUMINUM_future": 3030.75,
    "BTC_price": 75733.125,
    "OIL_price": 63.279998779296875,
    "USD_CNY_exchange_rate": 6.940999984741211,
    "Commodity_Index_ETF": 24.149999618530273,
    "US_Dollar_Index": 97.50299835205078,
    "ETH_price": 2229.586669921875,
    "GOLD_spot_price": 5059.10009765625,
    "LEAN_HOGS_future": 88.625,
    "COPPER_future": 6.010499954223633,
    "High_Yield_Bond_ETF": 80.72000122070312,
    "LIVE_CATTLE_future": 240.4499969482422,
    "GOLD_near_month_future": 5060.7001953125,
    "NATURAL_GAS_future": 3.364000082015991,
    "PLATINUM_future": 2280.10009765625,
    "SILVER_future": 89.94999694824219,
    "Long_Term_Treasury_ETF": 86.76000213623047,
    "CORN_future": 426.5,
    "SOYBEANS_future": 1063.75,
    "WHEAT_future": 525.75,
    "SP500_close": 6917.81005859375,
    "NASDAQ_close": 23255.189453125,
    "US_10Y_Treasury_Yield": 4.27400016784668,
    "VIX_close": 17.829999923706055,
    "GOLD_basis_spot_vs_near": -1.60009765625,
    "China_10Y_Treasury_Yield": 1.8193
  }
}