{
  "latest_date": "2026-04-07",
  "latest_values": {
    "Shanghai_Composite_Index": 3880.096923828125,
    "CSI_300_Index": 4440.7900390625,
    "Shenzhen_Component_Index": 13352.900390625,
    "ALUMINUM_future": 3385.0,
    "BTC_price": 68197.21875,
    "OIL_price": 115.27999877929688,
    "USD_CNY_exchange_rate": 6.882400035858154,
    "Commodity_Index_ETF": 29.7549991607666,
    "US_Dollar_Index": 99.89299774169922,
    "ETH_price": 2080.480224609375,
    "GOLD_spot_price": 4692.7001953125,
    "LEAN_HOGS_future": 107.125,
    "COPPER_future": 5.556000232696533,
    "High_Yield_Bond_ETF": 79.45500183105469,
    "LIVE_CATTLE_future": 246.22500610351562,
    "GOLD_near_month_future": 4692.5,
    "NATURAL_GAS_future": 2.871000051498413,
    "PLATINUM_future": 1948.5,
    "SILVER_future": 72.00499725341797,
    "Long_Term_Treasury_ETF": 86.05500030517578,
    "CORN_future": 449.25,
    "SOYBEANS_future": 1157.5,
    "WHEAT_future": 597.5,
    "SP500_close": 6580.77001953125,
    "NASDAQ_close": 21847.044921875,
    "US_10Y_Treasury_Yield": 4.359000205993652,
    "VIX_close": 26.420000076293945,
    "GOLD_basis_spot_vs_near": 0.2001953125,
    "China_10Y_Treasury_Yield": 1.8171
  }
}