{
  "latest_date": "2025-11-05",
  "latest_values": {
    "Shanghai_Composite_Index": 3960.18603515625,
    "CSI_300_Index": 4618.69921875,
    "Shenzhen_Component_Index": 13175.220703125,
    "ALUMINUM_future": 2800.75,
    "BTC_price": 101188.5625,
    "OIL_price": 60.31999969482422,
    "USD_CNY_exchange_rate": 7.129000186920166,
    "Commodity_Index_ETF": 22.889999389648438,
    "US_Dollar_Index": 100.197998046875,
    "ETH_price": 3276.246826171875,
    "GOLD_spot_price": 3948.800048828125,
    "LEAN_HOGS_future": 79.82499694824219,
    "COPPER_future": 4.926000118255615,
    "High_Yield_Bond_ETF": 80.1500015258789,
    "LIVE_CATTLE_future": 227.39999389648438,
    "GOLD_near_month_future": 3948.800048828125,
    "PLATINUM_future": 1538.0999755859375,
    "SILVER_future": 46.8849983215332,
    "Long_Term_Treasury_ETF": 89.94000244140625,
    "CORN_future": 430.75,
    "SOYBEANS_future": 1120.25,
    "WHEAT_future": 550.0,
    "SP500_close": 6771.5498046875,
    "NASDAQ_close": 23348.63671875,
    "US_10Y_Treasury_Yield": 4.0889997482299805,
    "VIX_close": 19.0,
    "GOLD_basis_spot_vs_near": 0.0,
    "China_10Y_Treasury_Yield": 1.7984
  }
}