{
  "latest_date": "2026-04-28",
  "latest_values": {
    "Shanghai_Composite_Index": 4086.343994140625,
    "CSI_300_Index": 4770.9501953125,
    "Shenzhen_Component_Index": 14995.75,
    "ALUMINUM_future": 3480.0,
    "BTC_price": 76353.78125,
    "OIL_price": 99.47000122070312,
    "USD_CNY_exchange_rate": 6.836900234222412,
    "Commodity_Index_ETF": 30.34000015258789,
    "US_Dollar_Index": 98.59500122070312,
    "ETH_price": 2289.8701171875,
    "GOLD_spot_price": 4610.7001953125,
    "LEAN_HOGS_future": 102.0,
    "COPPER_future": 5.979499816894531,
    "High_Yield_Bond_ETF": 80.4000015258789,
    "LIVE_CATTLE_future": 253.4499969482422,
    "GOLD_near_month_future": 4610.7998046875,
    "NATURAL_GAS_future": 2.683000087738037,
    "PLATINUM_future": 1952.9000244140625,
    "SILVER_future": 73.69000244140625,
    "Long_Term_Treasury_ETF": 86.37000274658203,
    "CORN_future": 475.5,
    "SOYBEANS_future": 1190.25,
    "WHEAT_future": 658.25,
    "SP500_close": 7138.7998046875,
    "NASDAQ_close": 24663.798828125,
    "US_10Y_Treasury_Yield": 4.354000091552734,
    "VIX_close": 17.829999923706055,
    "GOLD_basis_spot_vs_near": -0.099609375,
    "China_10Y_Treasury_Yield": 1.7654
  }
}