{
  "latest_date": "2026-06-26",
  "latest_values": {
    "Shanghai_Composite_Index": 4120.28076171875,
    "CSI_300_Index": 4941.60009765625,
    "Shenzhen_Component_Index": 16344.080078125,
    "ALUMINUM_future": 3284.75,
    "BTC_price": 60073.8984375,
    "OIL_price": 69.44999694824219,
    "USD_CNY_exchange_rate": 6.789999961853027,
    "Commodity_Index_ETF": 26.93000030517578,
    "US_Dollar_Index": 101.24400329589844,
    "ETH_price": 1560.449951171875,
    "GOLD_spot_price": 4056.60009765625,
    "LEAN_HOGS_future": 92.69999694824219,
    "COPPER_future": 6.117499828338623,
    "High_Yield_Bond_ETF": 79.87999725341797,
    "LIVE_CATTLE_future": 257.3999938964844,
    "GOLD_near_month_future": 4056.800048828125,
    "NATURAL_GAS_future": 3.3380000591278076,
    "PLATINUM_future": 1624.800048828125,
    "SILVER_future": 58.34000015258789,
    "Long_Term_Treasury_ETF": 87.3499984741211,
    "CORN_future": 442.0,
    "SOYBEANS_future": 1149.0,
    "WHEAT_future": 590.75,
    "SP500_close": 7357.490234375,
    "NASDAQ_close": 25358.599609375,
    "US_10Y_Treasury_Yield": 4.451000213623047,
    "VIX_close": 20.18000030517578,
    "GOLD_basis_spot_vs_near": -0.199951171875,
    "China_10Y_Treasury_Yield": 1.7351
  }
}