{
  "latest_date": "2026-02-12",
  "latest_values": {
    "Shanghai_Composite_Index": 4131.98486328125,
    "CSI_300_Index": 4713.81982421875,
    "Shenzhen_Component_Index": 14160.9296875,
    "ALUMINUM_future": 3085.5,
    "BTC_price": 67455.4609375,
    "OIL_price": 64.43000030517578,
    "USD_CNY_exchange_rate": 6.9004998207092285,
    "Commodity_Index_ETF": 24.3700008392334,
    "US_Dollar_Index": 96.802001953125,
    "ETH_price": 1978.4991455078125,
    "GOLD_spot_price": 5092.5,
    "LEAN_HOGS_future": 86.9000015258789,
    "COPPER_future": 6.002999782562256,
    "High_Yield_Bond_ETF": 80.83000183105469,
    "LIVE_CATTLE_future": 242.35000610351562,
    "GOLD_near_month_future": 5092.89990234375,
    "NATURAL_GAS_future": 3.2170000076293945,
    "PLATINUM_future": 2116.39990234375,
    "SILVER_future": 83.30000305175781,
    "Long_Term_Treasury_ETF": 88.05999755859375,
    "CORN_future": 428.0,
    "SOYBEANS_future": 1136.5,
    "WHEAT_future": 539.25,
    "SP500_close": 6941.47021484375,
    "NASDAQ_close": 23066.470703125,
    "US_10Y_Treasury_Yield": 4.171999931335449,
    "VIX_close": 17.260000228881836,
    "GOLD_basis_spot_vs_near": -0.39990234375,
    "China_10Y_Treasury_Yield": 1.7893
  }
}