{
  "latest_date": "2026-03-06",
  "latest_values": {
    "Shanghai_Composite_Index": 4108.56689453125,
    "CSI_300_Index": 4647.68994140625,
    "Shenzhen_Component_Index": 14088.83984375,
    "ALUMINUM_future": 3247.75,
    "BTC_price": 71082.5,
    "OIL_price": 80.01000213623047,
    "USD_CNY_exchange_rate": 6.899700164794922,
    "Commodity_Index_ETF": 26.520000457763672,
    "US_Dollar_Index": 98.96099853515625,
    "ETH_price": 2083.013671875,
    "GOLD_spot_price": 5140.0,
    "LEAN_HOGS_future": 95.875,
    "COPPER_future": 5.867499828338623,
    "High_Yield_Bond_ETF": 80.08000183105469,
    "LIVE_CATTLE_future": 238.5749969482422,
    "GOLD_near_month_future": 5140.0,
    "NATURAL_GAS_future": 2.9809999465942383,
    "PLATINUM_future": 2158.0,
    "SILVER_future": 84.56999969482422,
    "Long_Term_Treasury_ETF": 88.79000091552734,
    "CORN_future": 454.0,
    "SOYBEANS_future": 1182.5,
    "WHEAT_future": 586.75,
    "SP500_close": 6830.7099609375,
    "NASDAQ_close": 22748.990234375,
    "US_10Y_Treasury_Yield": 4.145999908447266,
    "VIX_close": 23.75,
    "GOLD_basis_spot_vs_near": 0.0,
    "China_10Y_Treasury_Yield": 1.7779
  }
}