{
  "latest_date": "2025-10-29",
  "latest_values": {
    "Shanghai_Composite_Index": 4016.3310546875,
    "CSI_300_Index": 4747.837890625,
    "Shenzhen_Component_Index": 13691.3828125,
    "ALUMINUM_future": 2892.0,
    "BTC_price": 111462.015625,
    "OIL_price": 60.650001525878906,
    "USD_CNY_exchange_rate": 7.097499847412109,
    "Commodity_Index_ETF": 22.764999389648438,
    "US_Dollar_Index": 98.7959976196289,
    "ETH_price": 3991.86279296875,
    "GOLD_spot_price": 4008.800048828125,
    "LEAN_HOGS_future": 80.7750015258789,
    "COPPER_future": 5.244999885559082,
    "High_Yield_Bond_ETF": 81.18499755859375,
    "LIVE_CATTLE_future": 230.89999389648438,
    "GOLD_near_month_future": 4008.699951171875,
    "NATURAL_GAS_future": 3.365000009536743,
    "PLATINUM_future": 1597.5999755859375,
    "SILVER_future": 47.89500045776367,
    "Long_Term_Treasury_ETF": 91.4834976196289,
    "CORN_future": 433.75,
    "SOYBEANS_future": 1092.0,
    "WHEAT_future": 529.0,
    "SP500_close": 6903.7998046875,
    "NASDAQ_close": 23960.1328125,
    "US_10Y_Treasury_Yield": 4.01200008392334,
    "VIX_close": 16.729999542236328,
    "GOLD_basis_spot_vs_near": 0.10009765625,
    "China_10Y_Treasury_Yield": 1.8208
  }
}