{
  "latest_date": "2025-12-05",
  "latest_values": {
    "Shanghai_Composite_Index": 3875.79296875,
    "CSI_300_Index": 4546.56982421875,
    "Shenzhen_Component_Index": 13006.7197265625,
    "ALUMINUM_future": 2906.5,
    "BTC_price": 91212.515625,
    "OIL_price": 59.7400016784668,
    "USD_CNY_exchange_rate": 7.06850004196167,
    "Commodity_Index_ETF": 23.190000534057617,
    "US_Dollar_Index": 98.9530029296875,
    "ETH_price": 3130.873046875,
    "GOLD_spot_price": 4254.10009765625,
    "LEAN_HOGS_future": 81.1500015258789,
    "COPPER_future": 5.456500053405762,
    "High_Yield_Bond_ETF": 80.75,
    "LIVE_CATTLE_future": 224.02499389648438,
    "GOLD_near_month_future": 4254.10009765625,
    "NATURAL_GAS_future": 5.038000106811523,
    "PLATINUM_future": 1669.5,
    "SILVER_future": 58.65999984741211,
    "Long_Term_Treasury_ETF": 88.58000183105469,
    "CORN_future": 446.25,
    "SOYBEANS_future": 1116.75,
    "WHEAT_future": 538.0,
    "SP500_close": 6857.1201171875,
    "NASDAQ_close": 23505.140625,
    "US_10Y_Treasury_Yield": 4.107999801635742,
    "VIX_close": 15.75,
    "GOLD_basis_spot_vs_near": 0.0,
    "China_10Y_Treasury_Yield": 1.848
  }
}