{
  "latest_date": "2026-07-10",
  "latest_values": {
    "Shanghai_Composite_Index": 4036.587890625,
    "CSI_300_Index": 4842.169921875,
    "Shenzhen_Component_Index": 15398.73046875,
    "ALUMINUM_future": 3310.0,
    "BTC_price": 63946.30859375,
    "OIL_price": 71.30000305175781,
    "USD_CNY_exchange_rate": 6.802499771118164,
    "Commodity_Index_ETF": 27.479999542236328,
    "US_Dollar_Index": 100.76699829101562,
    "ETH_price": 1788.75,
    "GOLD_spot_price": 4117.2998046875,
    "LEAN_HOGS_future": 98.9749984741211,
    "COPPER_future": 6.2870001792907715,
    "High_Yield_Bond_ETF": 79.7300033569336,
    "LIVE_CATTLE_future": 234.8249969482422,
    "GOLD_near_month_future": 4117.0,
    "NATURAL_GAS_future": 2.9149999618530273,
    "PLATINUM_future": 1631.5999755859375,
    "SILVER_future": 60.209999084472656,
    "Long_Term_Treasury_ETF": 84.53050231933594,
    "CORN_future": 458.5,
    "SOYBEANS_future": 1188.0,
    "WHEAT_future": 642.5,
    "SP500_close": 7560.919921875,
    "NASDAQ_close": 26261.58984375,
    "US_10Y_Treasury_Yield": 4.552999973297119,
    "VIX_close": 15.369999885559082,
    "GOLD_basis_spot_vs_near": 0.2998046875,
    "China_10Y_Treasury_Yield": 1.7398
  }
}