{
  "latest_date": "2025-11-06",
  "latest_values": {
    "Shanghai_Composite_Index": 3969.248046875,
    "CSI_300_Index": 4627.259765625,
    "Shenzhen_Component_Index": 13223.5595703125,
    "ALUMINUM_future": 2825.75,
    "BTC_price": 103908.671875,
    "OIL_price": 59.790000915527344,
    "USD_CNY_exchange_rate": 7.123700141906738,
    "Commodity_Index_ETF": 22.81999969482422,
    "US_Dollar_Index": 100.06199645996094,
    "ETH_price": 3447.248046875,
    "GOLD_spot_price": 3996.0,
    "LEAN_HOGS_future": 80.5,
    "COPPER_future": 5.017499923706055,
    "High_Yield_Bond_ETF": 80.2300033569336,
    "LIVE_CATTLE_future": 218.125,
    "GOLD_near_month_future": 3996.0,
    "NATURAL_GAS_future": 4.294000148773193,
    "PLATINUM_future": 1562.800048828125,
    "SILVER_future": 48.06999969482422,
    "Long_Term_Treasury_ETF": 88.95999908447266,
    "CORN_future": 433.25,
    "SOYBEANS_future": 1123.25,
    "WHEAT_future": 551.0,
    "SP500_close": 6796.2900390625,
    "NASDAQ_close": 23499.80078125,
    "US_10Y_Treasury_Yield": 4.1570000648498535,
    "VIX_close": 18.010000228881836,
    "GOLD_basis_spot_vs_near": 0.0,
    "China_10Y_Treasury_Yield": 1.7964
  }
}