{
  "latest_date": "2026-06-27",
  "latest_values": {
    "Shanghai_Composite_Index": 4120.28076171875,
    "CSI_300_Index": 4941.60009765625,
    "Shenzhen_Component_Index": 16344.080078125,
    "ALUMINUM_future": 3697.5,
    "BTC_price": 60361.98828125,
    "OIL_price": 69.2300033569336,
    "USD_CNY_exchange_rate": 6.789700031280518,
    "Commodity_Index_ETF": 26.93000030517578,
    "US_Dollar_Index": 101.43000030517578,
    "ETH_price": 1581.5799560546875,
    "GOLD_spot_price": 4078.699951171875,
    "LEAN_HOGS_future": 92.92500305175781,
    "COPPER_future": 6.141499996185303,
    "High_Yield_Bond_ETF": 79.87999725341797,
    "LIVE_CATTLE_future": 257.45001220703125,
    "GOLD_near_month_future": 4078.699951171875,
    "NATURAL_GAS_future": 3.2309999465942383,
    "PLATINUM_future": 1630.9000244140625,
    "SILVER_future": 59.21699905395508,
    "Long_Term_Treasury_ETF": 87.3499984741211,
    "CORN_future": 412.75,
    "SOYBEANS_future": 1126.25,
    "WHEAT_future": 578.25,
    "SP500_close": 7357.490234375,
    "NASDAQ_close": 25358.599609375,
    "US_10Y_Treasury_Yield": 4.451000213623047,
    "VIX_close": 18.889999389648438,
    "GOLD_basis_spot_vs_near": 0.0,
    "China_10Y_Treasury_Yield": 1.7314
  }
}