{
  "latest_date": "2025-09-22",
  "latest_values": {
    "Shanghai_Composite_Index": 3820.089111328125,
    "CSI_300_Index": 4501.919921875,
    "Shenzhen_Component_Index": 13070.8603515625,
    "ALUMINUM_future": 2559.75,
    "BTC_price": 113291.65625,
    "OIL_price": 61.95000076293945,
    "USD_CNY_exchange_rate": 7.1128997802734375,
    "Commodity_Index_ETF": 22.174999237060547,
    "US_Dollar_Index": 97.4749984741211,
    "ETH_price": 4204.83447265625,
    "GOLD_spot_price": 3754.39990234375,
    "LEAN_HOGS_future": 98.0999984741211,
    "COPPER_future": 4.613999843597412,
    "High_Yield_Bond_ETF": 81.21499633789062,
    "LIVE_CATTLE_future": 235.9250030517578,
    "GOLD_near_month_future": 3754.300048828125,
    "NATURAL_GAS_future": 2.9130001068115234,
    "PLATINUM_future": 1411.699951171875,
    "SILVER_future": 43.7400016784668,
    "Long_Term_Treasury_ETF": 88.65989685058594,
    "CORN_future": 420.0,
    "SOYBEANS_future": 1009.25,
    "WHEAT_future": 514.5,
    "SP500_close": 6662.6298828125,
    "NASDAQ_close": 22652.765625,
    "US_10Y_Treasury_Yield": 4.133000373840332,
    "VIX_close": 15.9399995803833,
    "GOLD_basis_spot_vs_near": 0.099853515625,
    "China_10Y_Treasury_Yield": 1.8647
  }
}