{
  "latest_date": "2026-06-04",
  "latest_values": {
    "Shanghai_Composite_Index": 4083.97412109375,
    "CSI_300_Index": 4938.81005859375,
    "Shenzhen_Component_Index": 15704.7099609375,
    "ALUMINUM_future": 3718.0,
    "BTC_price": 63632.01171875,
    "OIL_price": 92.87999725341797,
    "USD_CNY_exchange_rate": 6.769199848175049,
    "Commodity_Index_ETF": 29.8799991607666,
    "US_Dollar_Index": 99.43199920654297,
    "ETH_price": 1765.0999755859375,
    "GOLD_spot_price": 4499.0,
    "LEAN_HOGS_future": 101.625,
    "COPPER_future": 6.5279998779296875,
    "High_Yield_Bond_ETF": 79.83000183105469,
    "LIVE_CATTLE_future": 241.6750030517578,
    "GOLD_near_month_future": 4498.7001953125,
    "NATURAL_GAS_future": 3.3580000400543213,
    "PLATINUM_future": 1898.5999755859375,
    "SILVER_future": 74.26000213623047,
    "Long_Term_Treasury_ETF": 85.5,
    "CORN_future": 423.75,
    "SOYBEANS_future": 1128.75,
    "WHEAT_future": 581.75,
    "SP500_close": 7584.31005859375,
    "NASDAQ_close": 26830.95703125,
    "US_10Y_Treasury_Yield": 4.4770002365112305,
    "VIX_close": 15.399999618530273,
    "GOLD_basis_spot_vs_near": 0.2998046875,
    "China_10Y_Treasury_Yield": 1.7081
  }
}