{
  "latest_date": "2026-06-24",
  "latest_values": {
    "Shanghai_Composite_Index": 4106.2509765625,
    "CSI_300_Index": 4941.60009765625,
    "Shenzhen_Component_Index": 15854.2001953125,
    "ALUMINUM_future": 3227.75,
    "BTC_price": 59496.01953125,
    "OIL_price": 70.12999725341797,
    "USD_CNY_exchange_rate": 6.774499893188477,
    "Commodity_Index_ETF": 26.454999923706055,
    "US_Dollar_Index": 101.60099792480469,
    "ETH_price": 1573.5,
    "GOLD_spot_price": 4003.300048828125,
    "LEAN_HOGS_future": 96.57499694824219,
    "COPPER_future": 5.945499897003174,
    "High_Yield_Bond_ETF": 79.90499877929688,
    "LIVE_CATTLE_future": 246.64999389648438,
    "GOLD_near_month_future": 4003.199951171875,
    "NATURAL_GAS_future": 3.253999948501587,
    "PLATINUM_future": 1569.699951171875,
    "SILVER_future": 57.040000915527344,
    "Long_Term_Treasury_ETF": 87.40499877929688,
    "CORN_future": 414.5,
    "SOYBEANS_future": 1134.0,
    "WHEAT_future": 595.75,
    "SP500_close": 7354.91015625,
    "NASDAQ_close": 25455.8125,
    "US_10Y_Treasury_Yield": 4.4019999504089355,
    "VIX_close": 19.260000228881836,
    "GOLD_basis_spot_vs_near": 0.10009765625,
    "China_10Y_Treasury_Yield": 1.7454
  }
}