{
  "latest_date": "2025-12-09",
  "latest_values": {
    "Shanghai_Composite_Index": 3924.077880859375,
    "CSI_300_Index": 4621.75,
    "Shenzhen_Component_Index": 13329.990234375,
    "ALUMINUM_future": 2887.5,
    "BTC_price": 90215.34375,
    "OIL_price": 58.79999923706055,
    "USD_CNY_exchange_rate": 7.069900035858154,
    "Commodity_Index_ETF": 23.040000915527344,
    "US_Dollar_Index": 99.04399871826172,
    "ETH_price": 3107.956298828125,
    "GOLD_spot_price": 4220.7998046875,
    "LEAN_HOGS_future": 82.3499984741211,
    "COPPER_future": 5.4145002365112305,
    "High_Yield_Bond_ETF": 80.55000305175781,
    "LIVE_CATTLE_future": 226.8249969482422,
    "GOLD_near_month_future": 4220.89990234375,
    "NATURAL_GAS_future": 4.85099983215332,
    "PLATINUM_future": 1661.800048828125,
    "SILVER_future": 58.564998626708984,
    "Long_Term_Treasury_ETF": 87.87999725341797,
    "CORN_future": 444.5,
    "SOYBEANS_future": 1093.25,
    "WHEAT_future": 536.5,
    "SP500_close": 6846.509765625,
    "NASDAQ_close": 23545.900390625,
    "US_10Y_Treasury_Yield": 4.171999931335449,
    "VIX_close": 16.65999984741211,
    "GOLD_basis_spot_vs_near": -0.10009765625,
    "China_10Y_Treasury_Yield": 1.8499
  }
}