{
  "latest_date": "2025-12-10",
  "latest_values": {
    "Shanghai_Composite_Index": 3909.521484375,
    "CSI_300_Index": 4598.22314453125,
    "Shenzhen_Component_Index": 13277.3623046875,
    "ALUMINUM_future": 2848.75,
    "BTC_price": 92767.8046875,
    "OIL_price": 58.400001525878906,
    "USD_CNY_exchange_rate": 7.06279993057251,
    "Commodity_Index_ETF": 22.989999771118164,
    "US_Dollar_Index": 99.24299621582031,
    "ETH_price": 3325.9892578125,
    "GOLD_spot_price": 4238.7998046875,
    "LEAN_HOGS_future": 82.5,
    "COPPER_future": 5.248000144958496,
    "High_Yield_Bond_ETF": 80.45999908447266,
    "LIVE_CATTLE_future": 226.8249969482422,
    "GOLD_near_month_future": 4238.7998046875,
    "NATURAL_GAS_future": 4.579999923706055,
    "PLATINUM_future": 1709.699951171875,
    "SILVER_future": 61.3849983215332,
    "Long_Term_Treasury_ETF": 87.97000122070312,
    "CORN_future": 441.5,
    "SOYBEANS_future": 1087.75,
    "WHEAT_future": 535.0,
    "SP500_close": 6840.509765625,
    "NASDAQ_close": 23576.486328125,
    "US_10Y_Treasury_Yield": 4.185999870300293,
    "VIX_close": 16.93000030517578,
    "GOLD_basis_spot_vs_near": 0.0,
    "China_10Y_Treasury_Yield": 1.8425
  }
}