{
  "latest_date": "2025-12-15",
  "latest_values": {
    "Shanghai_Composite_Index": 3873.318115234375,
    "CSI_300_Index": 4552.18994140625,
    "Shenzhen_Component_Index": 13147.3896484375,
    "ALUMINUM_future": 2801.0,
    "BTC_price": 89847.59375,
    "OIL_price": 57.290000915527344,
    "USD_CNY_exchange_rate": 7.046500205993652,
    "Commodity_Index_ETF": 22.920000076293945,
    "US_Dollar_Index": 98.3219985961914,
    "ETH_price": 3158.684326171875,
    "GOLD_spot_price": 4375.39990234375,
    "LEAN_HOGS_future": 84.5250015258789,
    "COPPER_future": 5.414999961853027,
    "High_Yield_Bond_ETF": 80.56999969482422,
    "LIVE_CATTLE_future": 229.8000030517578,
    "GOLD_near_month_future": 4375.39990234375,
    "NATURAL_GAS_future": 4.1529998779296875,
    "PLATINUM_future": 1792.699951171875,
    "SILVER_future": 63.71500015258789,
    "Long_Term_Treasury_ETF": 87.33999633789062,
    "CORN_future": 440.5,
    "SOYBEANS_future": 1078.5,
    "WHEAT_future": 525.75,
    "SP500_close": 6827.41015625,
    "NASDAQ_close": 23195.169921875,
    "US_10Y_Treasury_Yield": 4.193999767303467,
    "VIX_close": 16.43000030517578,
    "GOLD_basis_spot_vs_near": 0.0,
    "China_10Y_Treasury_Yield": 1.8488
  }
}