{
  "latest_date": "2026-02-12",
  "latest_values": {
    "Shanghai_Composite_Index": 4131.98486328125,
    "CSI_300_Index": 4713.81982421875,
    "Shenzhen_Component_Index": 14160.9296875,
    "ALUMINUM_future": 3062.5,
    "BTC_price": 66796.3359375,
    "OIL_price": 64.83999633789062,
    "USD_CNY_exchange_rate": 6.901599884033203,
    "Commodity_Index_ETF": 24.3700008392334,
    "US_Dollar_Index": 96.95500183105469,
    "ETH_price": 1959.7388916015625,
    "GOLD_spot_price": 5094.60009765625,
    "LEAN_HOGS_future": 93.8499984741211,
    "COPPER_future": 5.980000019073486,
    "High_Yield_Bond_ETF": 80.83000183105469,
    "LIVE_CATTLE_future": 240.97500610351562,
    "GOLD_near_month_future": 5094.5,
    "NATURAL_GAS_future": 3.2239999771118164,
    "PLATINUM_future": 2136.60009765625,
    "SILVER_future": 83.80500030517578,
    "Long_Term_Treasury_ETF": 88.05999755859375,
    "CORN_future": 428.0,
    "SOYBEANS_future": 1135.25,
    "WHEAT_future": 538.25,
    "SP500_close": 6941.47021484375,
    "NASDAQ_close": 23066.470703125,
    "US_10Y_Treasury_Yield": 4.171999931335449,
    "VIX_close": 17.649999618530273,
    "GOLD_basis_spot_vs_near": 0.10009765625,
    "China_10Y_Treasury_Yield": 1.7994
  }
}