{
  "latest_date": "2026-04-02",
  "latest_values": {
    "Shanghai_Composite_Index": 3948.552001953125,
    "CSI_300_Index": 4526.06982421875,
    "Shenzhen_Component_Index": 13706.51953125,
    "ALUMINUM_future": 3414.75,
    "BTC_price": 66813.421875,
    "OIL_price": 103.97000122070312,
    "USD_CNY_exchange_rate": 6.894199848175049,
    "Commodity_Index_ETF": 28.68000030517578,
    "US_Dollar_Index": 99.93499755859375,
    "ETH_price": 2071.811279296875,
    "GOLD_spot_price": 4709.10009765625,
    "LEAN_HOGS_future": 105.19999694824219,
    "COPPER_future": 5.563499927520752,
    "High_Yield_Bond_ETF": 79.37000274658203,
    "LIVE_CATTLE_future": 244.22500610351562,
    "GOLD_near_month_future": 4709.2001953125,
    "NATURAL_GAS_future": 2.86299991607666,
    "PLATINUM_future": 1924.5,
    "SILVER_future": 72.23999786376953,
    "Long_Term_Treasury_ETF": 86.26000213623047,
    "CORN_future": 456.5,
    "SOYBEANS_future": 1172.0,
    "WHEAT_future": 602.75,
    "SP500_close": 6575.31982421875,
    "NASDAQ_close": 21840.947265625,
    "US_10Y_Treasury_Yield": 4.318999767303467,
    "VIX_close": 24.540000915527344,
    "GOLD_basis_spot_vs_near": -0.10009765625,
    "China_10Y_Treasury_Yield": 1.8244
  }
}