{
  "latest_date": "2025-11-18",
  "latest_values": {
    "Shanghai_Composite_Index": 3939.81298828125,
    "CSI_300_Index": 4568.19287109375,
    "Shenzhen_Component_Index": 13080.48828125,
    "ALUMINUM_future": 2712.75,
    "BTC_price": 93186.3203125,
    "OIL_price": 60.75,
    "USD_CNY_exchange_rate": 7.107500076293945,
    "Commodity_Index_ETF": 23.135000228881836,
    "US_Dollar_Index": 99.54399871826172,
    "ETH_price": 3144.725830078125,
    "GOLD_spot_price": 4080.39990234375,
    "LEAN_HOGS_future": 77.875,
    "COPPER_future": 4.980000019073486,
    "High_Yield_Bond_ETF": 80.15499877929688,
    "LIVE_CATTLE_future": 220.8249969482422,
    "GOLD_near_month_future": 4080.300048828125,
    "NATURAL_GAS_future": 4.386000156402588,
    "PLATINUM_future": 1556.800048828125,
    "SILVER_future": 50.97999954223633,
    "Long_Term_Treasury_ETF": 88.9800033569336,
    "CORN_future": 435.5,
    "SOYBEANS_future": 1150.5,
    "WHEAT_future": 546.5,
    "SP500_close": 6650.81005859375,
    "NASDAQ_close": 22570.025390625,
    "US_10Y_Treasury_Yield": 4.120999813079834,
    "VIX_close": 23.219999313354492,
    "GOLD_basis_spot_vs_near": 0.099853515625,
    "China_10Y_Treasury_Yield": 1.8121
  }
}