{
  "latest_date": "2025-12-16",
  "latest_values": {
    "Shanghai_Composite_Index": 3889.345947265625,
    "CSI_300_Index": 4580.9501953125,
    "Shenzhen_Component_Index": 13258.330078125,
    "ALUMINUM_future": 2841.0,
    "BTC_price": 86117.0234375,
    "OIL_price": 56.59000015258789,
    "USD_CNY_exchange_rate": 7.041900157928467,
    "Commodity_Index_ETF": 22.809999465942383,
    "US_Dollar_Index": 98.2509994506836,
    "ETH_price": 2958.803466796875,
    "GOLD_spot_price": 4338.5,
    "LEAN_HOGS_future": 83.82499694824219,
    "COPPER_future": 5.364999771118164,
    "High_Yield_Bond_ETF": 80.61000061035156,
    "LIVE_CATTLE_future": 230.5749969482422,
    "GOLD_near_month_future": 4338.60009765625,
    "NATURAL_GAS_future": 4.017000198364258,
    "PLATINUM_future": 1850.300048828125,
    "SILVER_future": 63.88999938964844,
    "Long_Term_Treasury_ETF": 87.4000015258789,
    "CORN_future": 439.5,
    "SOYBEANS_future": 1074.25,
    "WHEAT_future": 517.75,
    "SP500_close": 6816.509765625,
    "NASDAQ_close": 23057.412109375,
    "US_10Y_Treasury_Yield": 4.182000160217285,
    "VIX_close": 16.5,
    "GOLD_basis_spot_vs_near": -0.10009765625,
    "China_10Y_Treasury_Yield": 1.8488
  }
}