{
  "latest_date": "2025-11-04",
  "latest_values": {
    "Shanghai_Composite_Index": 3976.52099609375,
    "CSI_300_Index": 4653.39990234375,
    "Shenzhen_Component_Index": 13404.0595703125,
    "ALUMINUM_future": 2835.25,
    "BTC_price": 103699.0234375,
    "OIL_price": 60.029998779296875,
    "USD_CNY_exchange_rate": 7.124499797821045,
    "Commodity_Index_ETF": 23.049999237060547,
    "US_Dollar_Index": 100.05999755859375,
    "ETH_price": 3496.02783203125,
    "GOLD_spot_price": 3986.699951171875,
    "LEAN_HOGS_future": 82.05000305175781,
    "COPPER_future": 4.956500053405762,
    "High_Yield_Bond_ETF": 80.13999938964844,
    "LIVE_CATTLE_future": 230.3000030517578,
    "GOLD_near_month_future": 3986.800048828125,
    "PLATINUM_future": 1542.699951171875,
    "SILVER_future": 47.30500030517578,
    "Long_Term_Treasury_ETF": 89.73999786376953,
    "CORN_future": 430.0,
    "SOYBEANS_future": 1103.75,
    "WHEAT_future": 546.5,
    "SP500_close": 6851.97021484375,
    "NASDAQ_close": 23834.720703125,
    "US_10Y_Treasury_Yield": 4.0929999351501465,
    "VIX_close": 19.290000915527344,
    "GOLD_basis_spot_vs_near": -0.10009765625,
    "China_10Y_Treasury_Yield": 1.7984
  }
}