{
  "latest_date": "2025-11-21",
  "latest_values": {
    "Shanghai_Composite_Index": 3931.051025390625,
    "CSI_300_Index": 4564.9501953125,
    "Shenzhen_Component_Index": 12980.8203125,
    "ALUMINUM_future": 2728.75,
    "BTC_price": 86306.0234375,
    "OIL_price": 58.290000915527344,
    "USD_CNY_exchange_rate": 7.111100196838379,
    "Commodity_Index_ETF": 22.68000030517578,
    "US_Dollar_Index": 100.16999816894531,
    "ETH_price": 2829.37890625,
    "GOLD_spot_price": 4069.5,
    "LEAN_HOGS_future": 79.5250015258789,
    "COPPER_future": 4.963500022888184,
    "High_Yield_Bond_ETF": 80.0999984741211,
    "LIVE_CATTLE_future": 215.10000610351562,
    "GOLD_near_month_future": 4069.0,
    "NATURAL_GAS_future": 4.484000205993652,
    "PLATINUM_future": 1521.0,
    "SILVER_future": 50.095001220703125,
    "Long_Term_Treasury_ETF": 89.2300033569336,
    "CORN_future": 437.75,
    "SOYBEANS_future": 1123.25,
    "WHEAT_future": 540.0,
    "SP500_close": 6538.759765625,
    "NASDAQ_close": 22078.05078125,
    "US_10Y_Treasury_Yield": 4.105999946594238,
    "VIX_close": 26.420000076293945,
    "GOLD_basis_spot_vs_near": 0.5,
    "China_10Y_Treasury_Yield": 1.8135
  }
}