{
  "latest_date": "2026-02-27",
  "latest_values": {
    "Shanghai_Composite_Index": 4146.630859375,
    "CSI_300_Index": 4726.8701171875,
    "Shenzhen_Component_Index": 14503.7900390625,
    "ALUMINUM_future": 3084.75,
    "BTC_price": 67723.3046875,
    "OIL_price": 65.41999816894531,
    "USD_CNY_exchange_rate": 6.853700160980225,
    "Commodity_Index_ETF": 24.760000228881836,
    "US_Dollar_Index": 97.67400360107422,
    "ETH_price": 2039.8372802734375,
    "GOLD_spot_price": 5203.2001953125,
    "LEAN_HOGS_future": 95.6500015258789,
    "COPPER_future": 6.046999931335449,
    "High_Yield_Bond_ETF": 80.8499984741211,
    "LIVE_CATTLE_future": 236.97500610351562,
    "GOLD_near_month_future": 5203.2001953125,
    "NATURAL_GAS_future": 2.828000068664551,
    "PLATINUM_future": 2389.10009765625,
    "SILVER_future": 90.25499725341797,
    "Long_Term_Treasury_ETF": 90.2699966430664,
    "CORN_future": 443.75,
    "SOYBEANS_future": 1165.25,
    "WHEAT_future": 576.5,
    "SP500_close": 6908.85986328125,
    "NASDAQ_close": 22878.380859375,
    "US_10Y_Treasury_Yield": 4.017000198364258,
    "VIX_close": 18.6299991607666,
    "GOLD_basis_spot_vs_near": 0.0,
    "China_10Y_Treasury_Yield": 1.8288
  }
}