{
  "latest_date": "2025-11-17",
  "latest_values": {
    "Shanghai_Composite_Index": 3972.034912109375,
    "CSI_300_Index": 4598.052734375,
    "Shenzhen_Component_Index": 13202.0048828125,
    "ALUMINUM_future": 2765.75,
    "BTC_price": 92459.546875,
    "OIL_price": 60.0,
    "USD_CNY_exchange_rate": 7.106900215148926,
    "Commodity_Index_ETF": 23.014999389648438,
    "US_Dollar_Index": 99.49700164794922,
    "ETH_price": 3027.446533203125,
    "GOLD_spot_price": 4066.60009765625,
    "LEAN_HOGS_future": 78.42500305175781,
    "COPPER_future": 5.00600004196167,
    "High_Yield_Bond_ETF": 80.11499786376953,
    "LIVE_CATTLE_future": 221.8249969482422,
    "GOLD_near_month_future": 4066.60009765625,
    "NATURAL_GAS_future": 4.353000164031982,
    "PLATINUM_future": 1552.800048828125,
    "SILVER_future": 50.51499938964844,
    "Long_Term_Treasury_ETF": 89.0801010131836,
    "CORN_future": 436.5,
    "SOYBEANS_future": 1158.25,
    "WHEAT_future": 544.5,
    "SP500_close": 6675.81005859375,
    "NASDAQ_close": 22689.1875,
    "US_10Y_Treasury_Yield": 4.13100004196167,
    "VIX_close": 21.549999237060547,
    "GOLD_basis_spot_vs_near": 0.0,
    "China_10Y_Treasury_Yield": 1.8109
  }
}