{
  "latest_date": "2025-11-12",
  "latest_values": {
    "Shanghai_Composite_Index": 4002.758056640625,
    "CSI_300_Index": 4652.169921875,
    "Shenzhen_Component_Index": 13289.0,
    "ALUMINUM_future": 2851.25,
    "BTC_price": 104238.5859375,
    "OIL_price": 60.599998474121094,
    "USD_CNY_exchange_rate": 7.116099834442139,
    "Commodity_Index_ETF": 23.299999237060547,
    "US_Dollar_Index": 99.56999969482422,
    "ETH_price": 3474.461181640625,
    "GOLD_spot_price": 4134.2001953125,
    "LEAN_HOGS_future": 83.17500305175781,
    "COPPER_future": 5.068999767303467,
    "High_Yield_Bond_ETF": 80.69000244140625,
    "LIVE_CATTLE_future": 226.52499389648438,
    "GOLD_near_month_future": 4134.39990234375,
    "NATURAL_GAS_future": 4.545000076293945,
    "PLATINUM_future": 1602.800048828125,
    "SILVER_future": 51.619998931884766,
    "Long_Term_Treasury_ETF": 89.95999908447266,
    "CORN_future": 432.25,
    "SOYBEANS_future": 1133.5,
    "WHEAT_future": 533.75,
    "SP500_close": 6846.60986328125,
    "NASDAQ_close": 23468.30078125,
    "US_10Y_Treasury_Yield": 4.119999885559082,
    "VIX_close": 17.149999618530273,
    "GOLD_basis_spot_vs_near": -0.19970703125,
    "China_10Y_Treasury_Yield": 1.8119
  }
}