{
  "latest_date": "2026-06-10",
  "latest_values": {
    "Shanghai_Composite_Index": 3959.337890625,
    "CSI_300_Index": 4713.64013671875,
    "Shenzhen_Component_Index": 14821.1904296875,
    "ALUMINUM_future": 3550.0,
    "BTC_price": 61716.5703125,
    "OIL_price": 88.05000305175781,
    "USD_CNY_exchange_rate": 6.765500068664551,
    "Commodity_Index_ETF": 29.469999313354492,
    "US_Dollar_Index": 99.88999938964844,
    "ETH_price": 1641.030029296875,
    "GOLD_spot_price": 4217.10009765625,
    "LEAN_HOGS_future": 93.57499694824219,
    "COPPER_future": 6.304999828338623,
    "High_Yield_Bond_ETF": 79.54000091552734,
    "LIVE_CATTLE_future": 248.02499389648438,
    "GOLD_near_month_future": 4217.10009765625,
    "NATURAL_GAS_future": 3.1389999389648438,
    "PLATINUM_future": 1677.9000244140625,
    "SILVER_future": 64.55500030517578,
    "Long_Term_Treasury_ETF": 84.62000274658203,
    "CORN_future": 422.25,
    "SOYBEANS_future": 1119.0,
    "WHEAT_future": 591.25,
    "SP500_close": 7405.72998046875,
    "NASDAQ_close": 25929.66015625,
    "US_10Y_Treasury_Yield": 4.552000045776367,
    "VIX_close": 20.15999984741211,
    "GOLD_basis_spot_vs_near": 0.0,
    "China_10Y_Treasury_Yield": 1.7376
  }
}