{
  "latest_date": "2026-04-05",
  "latest_values": {
    "Shanghai_Composite_Index": 3880.096923828125,
    "CSI_300_Index": 4440.7900390625,
    "Shenzhen_Component_Index": 13352.900390625,
    "ALUMINUM_future": 3422.0,
    "BTC_price": 66893.3828125,
    "OIL_price": 112.05999755859375,
    "USD_CNY_exchange_rate": 6.881899833679199,
    "Commodity_Index_ETF": 29.329999923706055,
    "US_Dollar_Index": 100.02999877929688,
    "ETH_price": 2037.0958251953125,
    "GOLD_spot_price": 4702.7001953125,
    "LEAN_HOGS_future": 104.44999694824219,
    "COPPER_future": 5.68149995803833,
    "High_Yield_Bond_ETF": 79.55999755859375,
    "LIVE_CATTLE_future": 246.1999969482422,
    "GOLD_near_month_future": 4702.7001953125,
    "NATURAL_GAS_future": 2.806999921798706,
    "PLATINUM_future": 1999.9000244140625,
    "SILVER_future": 73.16999816894531,
    "Long_Term_Treasury_ETF": 86.79000091552734,
    "CORN_future": 452.0,
    "SOYBEANS_future": 1162.75,
    "WHEAT_future": 597.75,
    "SP500_close": 6582.68994140625,
    "NASDAQ_close": 21879.1796875,
    "US_10Y_Treasury_Yield": 4.313000202178955,
    "VIX_close": 23.8700008392334,
    "GOLD_basis_spot_vs_near": 0.0,
    "China_10Y_Treasury_Yield": 1.8199
  }
}