{
  "latest_date": "2026-02-25",
  "latest_values": {
    "Shanghai_Composite_Index": 4147.23046875,
    "CSI_300_Index": 4735.8857421875,
    "Shenzhen_Component_Index": 14475.865234375,
    "ALUMINUM_future": 3121.25,
    "BTC_price": 69025.078125,
    "OIL_price": 65.58000183105469,
    "USD_CNY_exchange_rate": 6.86870002746582,
    "Commodity_Index_ETF": 24.75,
    "US_Dollar_Index": 97.66000366210938,
    "ETH_price": 2107.985107421875,
    "GOLD_spot_price": 5182.7001953125,
    "LEAN_HOGS_future": 96.19999694824219,
    "COPPER_future": 6.043499946594238,
    "High_Yield_Bond_ETF": 80.91999816894531,
    "LIVE_CATTLE_future": 240.3000030517578,
    "GOLD_near_month_future": 5183.0,
    "NATURAL_GAS_future": 2.888000011444092,
    "PLATINUM_future": 2293.800048828125,
    "SILVER_future": 89.88999938964844,
    "Long_Term_Treasury_ETF": 89.91000366210938,
    "CORN_future": 442.0,
    "SOYBEANS_future": 1165.25,
    "WHEAT_future": 570.25,
    "SP500_close": 6946.1298828125,
    "NASDAQ_close": 23152.078125,
    "US_10Y_Treasury_Yield": 4.047999858856201,
    "VIX_close": 17.93000030517578,
    "GOLD_basis_spot_vs_near": -0.2998046875,
    "China_10Y_Treasury_Yield": 1.8158
  }
}