{
  "latest_date": "2025-10-10",
  "latest_values": {
    "Shanghai_Composite_Index": 3897.028076171875,
    "CSI_300_Index": 4616.833984375,
    "Shenzhen_Component_Index": 13725.5595703125,
    "ALUMINUM_future": 2673.5,
    "BTC_price": 118961.8515625,
    "OIL_price": 59.04999923706055,
    "USD_CNY_exchange_rate": 7.118500232696533,
    "Commodity_Index_ETF": 22.045000076293945,
    "US_Dollar_Index": 98.98300170898438,
    "ETH_price": 4100.49609375,
    "GOLD_spot_price": 4017.300048828125,
    "LEAN_HOGS_future": 84.17500305175781,
    "COPPER_future": 4.948999881744385,
    "High_Yield_Bond_ETF": 80.0250015258789,
    "LIVE_CATTLE_future": 237.875,
    "GOLD_near_month_future": 4017.300048828125,
    "NATURAL_GAS_future": 3.1549999713897705,
    "PLATINUM_future": 1637.800048828125,
    "SILVER_future": 47.88999938964844,
    "Long_Term_Treasury_ETF": 90.26499938964844,
    "CORN_future": 413.5,
    "SOYBEANS_future": 1020.5,
    "WHEAT_future": 497.25,
    "SP500_close": 6628.919921875,
    "NASDAQ_close": 22591.201171875,
    "US_10Y_Treasury_Yield": 4.068999767303467,
    "VIX_close": 19.81999969482422,
    "GOLD_basis_spot_vs_near": 0.0,
    "China_10Y_Treasury_Yield": 1.846
  }
}