{
  "latest_date": "2026-01-26",
  "latest_values": {
    "Shanghai_Composite_Index": 4136.1640625,
    "CSI_300_Index": 4702.5,
    "Shenzhen_Component_Index": 14439.66015625,
    "ALUMINUM_future": 3158.25,
    "BTC_price": 87962.609375,
    "OIL_price": 61.130001068115234,
    "USD_CNY_exchange_rate": 6.956099987030029,
    "Commodity_Index_ETF": 24.18000030517578,
    "US_Dollar_Index": 97.28099822998047,
    "ETH_price": 2902.897216796875,
    "GOLD_spot_price": 5088.39990234375,
    "LEAN_HOGS_future": 96.17500305175781,
    "COPPER_future": 5.940499782562256,
    "High_Yield_Bond_ETF": 81.13999938964844,
    "LIVE_CATTLE_future": 236.9250030517578,
    "GOLD_near_month_future": 5088.2998046875,
    "NATURAL_GAS_future": 3.8329999446868896,
    "PLATINUM_future": 2868.89990234375,
    "SILVER_future": 108.0999984741211,
    "Long_Term_Treasury_ETF": 87.93000030517578,
    "CORN_future": 431.25,
    "SOYBEANS_future": 1075.0,
    "WHEAT_future": 532.0,
    "SP500_close": 6915.60986328125,
    "NASDAQ_close": 23501.240234375,
    "US_10Y_Treasury_Yield": 4.238999843597412,
    "VIX_close": 16.09000015258789,
    "GOLD_basis_spot_vs_near": 0.10009765625,
    "China_10Y_Treasury_Yield": 1.8298
  }
}