{
  "latest_date": "2025-09-19",
  "latest_values": {
    "Shanghai_Composite_Index": 3831.656005859375,
    "CSI_300_Index": 4498.10986328125,
    "Shenzhen_Component_Index": 13075.66015625,
    "ALUMINUM_future": 2654.75,
    "BTC_price": 116806.4375,
    "OIL_price": 63.470001220703125,
    "USD_CNY_exchange_rate": 7.103300094604492,
    "Commodity_Index_ETF": 22.440000534057617,
    "US_Dollar_Index": 97.35399627685547,
    "ETH_price": 4541.3408203125,
    "GOLD_spot_price": 3686.60009765625,
    "LEAN_HOGS_future": 97.5,
    "COPPER_future": 4.617000102996826,
    "High_Yield_Bond_ETF": 81.2300033569336,
    "LIVE_CATTLE_future": 232.39999389648438,
    "GOLD_near_month_future": 3686.60009765625,
    "NATURAL_GAS_future": 2.933000087738037,
    "PLATINUM_future": 1402.300048828125,
    "SILVER_future": 42.57500076293945,
    "Long_Term_Treasury_ETF": 89.19000244140625,
    "CORN_future": 425.75,
    "SOYBEANS_future": 1043.0,
    "WHEAT_future": 526.0,
    "SP500_close": 6631.9599609375,
    "NASDAQ_close": 22470.720703125,
    "US_10Y_Treasury_Yield": 4.104000091552734,
    "VIX_close": 15.699999809265137,
    "GOLD_basis_spot_vs_near": 0.0,
    "China_10Y_Treasury_Yield": 1.8546
  }
}