{
  "latest_date": "2026-04-29",
  "latest_values": {
    "Shanghai_Composite_Index": 4078.636962890625,
    "CSI_300_Index": 4758.2099609375,
    "Shenzhen_Component_Index": 14830.4599609375,
    "ALUMINUM_future": 3508.0,
    "BTC_price": 77038.9375,
    "OIL_price": 103.73999786376953,
    "USD_CNY_exchange_rate": 6.822800159454346,
    "Commodity_Index_ETF": 30.34000015258789,
    "US_Dollar_Index": 98.74500274658203,
    "ETH_price": 2324.489990234375,
    "GOLD_spot_price": 4573.2998046875,
    "LEAN_HOGS_future": 94.1500015258789,
    "COPPER_future": 5.986000061035156,
    "High_Yield_Bond_ETF": 80.4000015258789,
    "LIVE_CATTLE_future": 252.6750030517578,
    "GOLD_near_month_future": 4573.2998046875,
    "NATURAL_GAS_future": 2.687999963760376,
    "PLATINUM_future": 1930.300048828125,
    "SILVER_future": 72.98500061035156,
    "Long_Term_Treasury_ETF": 86.37000274658203,
    "CORN_future": 477.25,
    "SOYBEANS_future": 1194.5,
    "WHEAT_future": 661.5,
    "SP500_close": 7138.7998046875,
    "NASDAQ_close": 24663.80078125,
    "US_10Y_Treasury_Yield": 4.354000091552734,
    "VIX_close": 18.020000457763672,
    "GOLD_basis_spot_vs_near": 0.0,
    "China_10Y_Treasury_Yield": 1.7654
  }
}