{
  "latest_date": "2026-05-19",
  "latest_values": {
    "Shanghai_Composite_Index": 4131.52783203125,
    "CSI_300_Index": 4833.52001953125,
    "Shenzhen_Component_Index": 15530.23046875,
    "ALUMINUM_future": 3543.75,
    "BTC_price": 76735.9765625,
    "OIL_price": 104.16000366210938,
    "USD_CNY_exchange_rate": 6.809199810028076,
    "Commodity_Index_ETF": 31.649999618530273,
    "US_Dollar_Index": 99.26599884033203,
    "ETH_price": 2112.9599609375,
    "GOLD_spot_price": 4500.7998046875,
    "LEAN_HOGS_future": 102.0999984741211,
    "COPPER_future": 6.200500011444092,
    "High_Yield_Bond_ETF": 79.37000274658203,
    "LIVE_CATTLE_future": 247.1750030517578,
    "GOLD_near_month_future": 4500.5,
    "NATURAL_GAS_future": 3.11299991607666,
    "PLATINUM_future": 1936.699951171875,
    "SILVER_future": 74.58999633789062,
    "Long_Term_Treasury_ETF": 83.0250015258789,
    "CORN_future": 475.25,
    "SOYBEANS_future": 1210.25,
    "WHEAT_future": 668.0,
    "SP500_close": 7377.02978515625,
    "NASDAQ_close": 25966.21875,
    "US_10Y_Treasury_Yield": 4.654999732971191,
    "VIX_close": 17.940000534057617,
    "GOLD_basis_spot_vs_near": 0.2998046875,
    "China_10Y_Treasury_Yield": 1.7345
  }
}