{
  "latest_date": "2025-10-16",
  "latest_values": {
    "Shanghai_Composite_Index": 3912.208984375,
    "CSI_300_Index": 4606.2900390625,
    "Shenzhen_Component_Index": 13118.75,
    "ALUMINUM_future": 2669.5,
    "BTC_price": 111769.6484375,
    "OIL_price": 58.65999984741211,
    "USD_CNY_exchange_rate": 7.138400077819824,
    "Commodity_Index_ETF": 22.18000030517578,
    "US_Dollar_Index": 98.61900329589844,
    "ETH_price": 4068.371337890625,
    "GOLD_spot_price": 4257.2001953125,
    "LEAN_HOGS_future": 85.55000305175781,
    "COPPER_future": 4.931000232696533,
    "High_Yield_Bond_ETF": 80.80000305175781,
    "LIVE_CATTLE_future": 248.6999969482422,
    "GOLD_near_month_future": 4257.2001953125,
    "NATURAL_GAS_future": 3.0420000553131104,
    "PLATINUM_future": 1706.4000244140625,
    "SILVER_future": 52.22999954223633,
    "Long_Term_Treasury_ETF": 90.66000366210938,
    "CORN_future": 416.75,
    "SOYBEANS_future": 1028.25,
    "WHEAT_future": 495.5,
    "SP500_close": 6671.06005859375,
    "NASDAQ_close": 22670.080078125,
    "US_10Y_Treasury_Yield": 4.046000003814697,
    "VIX_close": 19.969999313354492,
    "GOLD_basis_spot_vs_near": 0.0,
    "China_10Y_Treasury_Yield": 1.8407
  }
}