{
  "latest_date": "2026-05-11",
  "latest_values": {
    "Shanghai_Composite_Index": 4225.0205078125,
    "CSI_300_Index": 4951.83642578125,
    "Shenzhen_Component_Index": 15899.3017578125,
    "ALUMINUM_future": 3518.25,
    "BTC_price": 80864.6484375,
    "OIL_price": 97.62000274658203,
    "USD_CNY_exchange_rate": 6.801400184631348,
    "Commodity_Index_ETF": 30.94499969482422,
    "US_Dollar_Index": 97.88500213623047,
    "ETH_price": 2314.409912109375,
    "GOLD_spot_price": 4736.10009765625,
    "LEAN_HOGS_future": 100.32499694824219,
    "COPPER_future": 6.461999893188477,
    "High_Yield_Bond_ETF": 80.08000183105469,
    "LIVE_CATTLE_future": 251.625,
    "GOLD_near_month_future": 4736.10009765625,
    "NATURAL_GAS_future": 2.882999897003174,
    "PLATINUM_future": 2126.5,
    "SILVER_future": 85.6050033569336,
    "Long_Term_Treasury_ETF": 85.70999908447266,
    "CORN_future": 473.0,
    "SOYBEANS_future": 1216.75,
    "WHEAT_future": 628.5,
    "SP500_close": 7415.97998046875,
    "NASDAQ_close": 26282.98046875,
    "US_10Y_Treasury_Yield": 4.3919997215271,
    "VIX_close": 18.049999237060547,
    "GOLD_basis_spot_vs_near": 0.0,
    "China_10Y_Treasury_Yield": 1.7622
  }
}