{
  "latest_date": "2026-03-24",
  "latest_values": {
    "Shanghai_Composite_Index": 3813.282958984375,
    "CSI_300_Index": 4417.9970703125,
    "Shenzhen_Component_Index": 13345.513671875,
    "ALUMINUM_future": 3122.25,
    "BTC_price": 70782.15625,
    "OIL_price": 89.62999725341797,
    "USD_CNY_exchange_rate": 6.885700225830078,
    "Commodity_Index_ETF": 27.75,
    "US_Dollar_Index": 99.22000122070312,
    "ETH_price": 2147.389404296875,
    "GOLD_spot_price": 4434.0,
    "LEAN_HOGS_future": 104.375,
    "COPPER_future": 5.483500003814697,
    "High_Yield_Bond_ETF": 79.44000244140625,
    "LIVE_CATTLE_future": 234.6999969482422,
    "GOLD_near_month_future": 4433.7001953125,
    "NATURAL_GAS_future": 2.9049999713897705,
    "PLATINUM_future": 1883.0,
    "SILVER_future": 69.65499877929688,
    "Long_Term_Treasury_ETF": 86.38500213623047,
    "CORN_future": 461.5,
    "SOYBEANS_future": 1163.25,
    "WHEAT_future": 592.5,
    "SP500_close": 6581.0,
    "NASDAQ_close": 21946.759765625,
    "US_10Y_Treasury_Yield": 4.334000110626221,
    "VIX_close": 26.149999618530273,
    "GOLD_basis_spot_vs_near": 0.2998046875,
    "China_10Y_Treasury_Yield": 1.8316
  }
}