{
  "latest_date": "2026-04-13",
  "latest_values": {
    "Shanghai_Composite_Index": 3986.22509765625,
    "CSI_300_Index": 4636.56982421875,
    "Shenzhen_Component_Index": 14309.4697265625,
    "ALUMINUM_future": 3472.5,
    "BTC_price": 71015.4375,
    "OIL_price": 103.66000366210938,
    "USD_CNY_exchange_rate": 6.831399917602539,
    "Commodity_Index_ETF": 28.5,
    "US_Dollar_Index": 98.9990005493164,
    "ETH_price": 2195.7080078125,
    "GOLD_spot_price": 4750.5,
    "LEAN_HOGS_future": 90.7249984741211,
    "COPPER_future": 5.861999988555908,
    "High_Yield_Bond_ETF": 79.95999908447266,
    "LIVE_CATTLE_future": 251.77499389648438,
    "GOLD_near_month_future": 4751.60009765625,
    "NATURAL_GAS_future": 2.6700000762939453,
    "PLATINUM_future": 2050.10009765625,
    "SILVER_future": 74.55000305175781,
    "Long_Term_Treasury_ETF": 86.48999786376953,
    "CORN_future": 443.75,
    "SOYBEANS_future": 1172.25,
    "WHEAT_future": 577.5,
    "SP500_close": 6816.89013671875,
    "NASDAQ_close": 22902.890625,
    "US_10Y_Treasury_Yield": 4.316999912261963,
    "VIX_close": 19.229999542236328,
    "GOLD_basis_spot_vs_near": -1.10009765625,
    "China_10Y_Treasury_Yield": 1.8128
  }
}