{
  "latest_date": "2025-10-09",
  "latest_values": {
    "Shanghai_Composite_Index": 3882.777099609375,
    "CSI_300_Index": 4640.68994140625,
    "Shenzhen_Component_Index": 13526.509765625,
    "ALUMINUM_future": 2792.5,
    "BTC_price": 121556.9375,
    "OIL_price": 62.689998626708984,
    "USD_CNY_exchange_rate": 7.11899995803833,
    "Commodity_Index_ETF": 22.760000228881836,
    "US_Dollar_Index": 99.01399993896484,
    "ETH_price": 4338.91796875,
    "GOLD_spot_price": 4058.39990234375,
    "LEAN_HOGS_future": 86.125,
    "COPPER_future": 5.179500102996826,
    "High_Yield_Bond_ETF": 80.6500015258789,
    "LIVE_CATTLE_future": 239.0,
    "GOLD_near_month_future": 4058.300048828125,
    "NATURAL_GAS_future": 3.321000099182129,
    "PLATINUM_future": 1698.199951171875,
    "SILVER_future": 48.595001220703125,
    "Long_Term_Treasury_ETF": 89.25,
    "CORN_future": 422.0,
    "SOYBEANS_future": 1040.75,
    "WHEAT_future": 510.5,
    "SP500_close": 6753.72021484375,
    "NASDAQ_close": 23043.380859375,
    "US_10Y_Treasury_Yield": 4.129000186920166,
    "VIX_close": 16.40999984741211,
    "GOLD_basis_spot_vs_near": 0.099853515625,
    "China_10Y_Treasury_Yield": 1.8605
  }
}