{
  "latest_date": "2026-04-24",
  "latest_values": {
    "Shanghai_Composite_Index": 4093.25,
    "CSI_300_Index": 4786.330078125,
    "Shenzhen_Component_Index": 15043.4501953125,
    "ALUMINUM_future": 3544.75,
    "BTC_price": 77657.84375,
    "OIL_price": 96.18000030517578,
    "USD_CNY_exchange_rate": 6.82420015335083,
    "Commodity_Index_ETF": 29.889999389648438,
    "US_Dollar_Index": 98.83699798583984,
    "ETH_price": 2313.6298828125,
    "GOLD_spot_price": 4698.60009765625,
    "LEAN_HOGS_future": 95.6500015258789,
    "COPPER_future": 6.006499767303467,
    "High_Yield_Bond_ETF": 80.37000274658203,
    "LIVE_CATTLE_future": 247.0749969482422,
    "GOLD_near_month_future": 4698.39990234375,
    "NATURAL_GAS_future": 2.7239999771118164,
    "PLATINUM_future": 1978.5,
    "SILVER_future": 74.55999755859375,
    "Long_Term_Treasury_ETF": 86.55000305175781,
    "CORN_future": 464.0,
    "SOYBEANS_future": 1174.75,
    "WHEAT_future": 617.0,
    "SP500_close": 7108.39990234375,
    "NASDAQ_close": 24438.5,
    "US_10Y_Treasury_Yield": 4.322999954223633,
    "VIX_close": 18.8700008392334,
    "GOLD_basis_spot_vs_near": 0.2001953125,
    "China_10Y_Treasury_Yield": 1.7548
  }
}