{
  "latest_date": "2025-12-18",
  "latest_values": {
    "Shanghai_Composite_Index": 3876.37060546875,
    "CSI_300_Index": 4552.79248046875,
    "Shenzhen_Component_Index": 13053.974609375,
    "ALUMINUM_future": 2918.75,
    "BTC_price": 85635.921875,
    "OIL_price": 56.08000183105469,
    "USD_CNY_exchange_rate": 7.040599822998047,
    "Commodity_Index_ETF": 22.723800659179688,
    "US_Dollar_Index": 98.46099853515625,
    "ETH_price": 2816.8740234375,
    "GOLD_spot_price": 4361.60009765625,
    "LEAN_HOGS_future": 84.1500015258789,
    "COPPER_future": 5.432499885559082,
    "High_Yield_Bond_ETF": 80.73999786376953,
    "LIVE_CATTLE_future": 228.02499389648438,
    "GOLD_near_month_future": 4361.60009765625,
    "NATURAL_GAS_future": 3.9100000858306885,
    "PLATINUM_future": 1969.5,
    "SILVER_future": 65.30500030517578,
    "Long_Term_Treasury_ETF": 88.125,
    "CORN_future": 445.5,
    "SOYBEANS_future": 1054.0,
    "WHEAT_future": 509.0,
    "SP500_close": 6779.64013671875,
    "NASDAQ_close": 23028.931640625,
    "US_10Y_Treasury_Yield": 4.125,
    "VIX_close": 16.399999618530273,
    "GOLD_basis_spot_vs_near": 0.0,
    "China_10Y_Treasury_Yield": 1.8356
  }
}