{
  "latest_date": "2025-10-27",
  "latest_values": {
    "Shanghai_Composite_Index": 3950.31201171875,
    "CSI_300_Index": 4660.68017578125,
    "Shenzhen_Component_Index": 13289.1796875,
    "ALUMINUM_future": 2812.75,
    "BTC_price": 115187.0390625,
    "OIL_price": 60.849998474121094,
    "USD_CNY_exchange_rate": 7.104700088500977,
    "Commodity_Index_ETF": 22.850000381469727,
    "US_Dollar_Index": 98.8219985961914,
    "ETH_price": 4156.2724609375,
    "GOLD_spot_price": 4053.89990234375,
    "LEAN_HOGS_future": 81.80000305175781,
    "COPPER_future": 5.174499988555908,
    "High_Yield_Bond_ETF": 81.08000183105469,
    "LIVE_CATTLE_future": 233.9250030517578,
    "GOLD_near_month_future": 4053.300048828125,
    "NATURAL_GAS_future": 3.2829999923706055,
    "PLATINUM_future": 1576.699951171875,
    "SILVER_future": 47.6349983215332,
    "Long_Term_Treasury_ETF": 91.47000122070312,
    "CORN_future": 428.75,
    "SOYBEANS_future": 1077.25,
    "WHEAT_future": 523.0,
    "SP500_close": 6791.68994140625,
    "NASDAQ_close": 23204.869140625,
    "US_10Y_Treasury_Yield": 3.996999979019165,
    "VIX_close": 15.680000305175781,
    "GOLD_basis_spot_vs_near": 0.599853515625,
    "China_10Y_Treasury_Yield": 1.8423
  }
}