{
  "latest_date": "2025-11-14",
  "latest_values": {
    "Shanghai_Composite_Index": 4000.139892578125,
    "CSI_300_Index": 4645.91015625,
    "Shenzhen_Component_Index": 13240.6201171875,
    "ALUMINUM_future": 2828.75,
    "BTC_price": 97188.0625,
    "OIL_price": 59.47999954223633,
    "USD_CNY_exchange_rate": 7.0954999923706055,
    "Commodity_Index_ETF": 22.920000076293945,
    "US_Dollar_Index": 99.2040023803711,
    "ETH_price": 3207.00537109375,
    "GOLD_spot_price": 4176.10009765625,
    "LEAN_HOGS_future": 78.17500305175781,
    "COPPER_future": 5.071000099182129,
    "High_Yield_Bond_ETF": 80.19999694824219,
    "LIVE_CATTLE_future": 218.625,
    "GOLD_near_month_future": 4176.0,
    "NATURAL_GAS_future": 4.525000095367432,
    "PLATINUM_future": 1597.9000244140625,
    "SILVER_future": 52.4900016784668,
    "Long_Term_Treasury_ETF": 89.37999725341797,
    "CORN_future": 441.5,
    "SOYBEANS_future": 1150.25,
    "WHEAT_future": 542.25,
    "SP500_close": 6737.490234375,
    "NASDAQ_close": 22870.35546875,
    "US_10Y_Treasury_Yield": 4.111999988555908,
    "VIX_close": 20.0,
    "GOLD_basis_spot_vs_near": 0.10009765625,
    "China_10Y_Treasury_Yield": 1.8126
  }
}