{
  "latest_date": "2026-07-17",
  "latest_values": {
    "Shanghai_Composite_Index": 3882.4130859375,
    "CSI_300_Index": 4780.7900390625,
    "Shenzhen_Component_Index": 14488.650390625,
    "ALUMINUM_future": 3452.75,
    "BTC_price": 63927.69140625,
    "OIL_price": 81.7699966430664,
    "USD_CNY_exchange_rate": 6.7677001953125,
    "Commodity_Index_ETF": 28.979999542236328,
    "US_Dollar_Index": 100.75499725341797,
    "ETH_price": 1841.3399658203125,
    "GOLD_spot_price": 4023.0,
    "LEAN_HOGS_future": 87.8499984741211,
    "COPPER_future": 6.270500183105469,
    "High_Yield_Bond_ETF": 79.6500015258789,
    "LIVE_CATTLE_future": 220.625,
    "GOLD_near_month_future": 4023.10009765625,
    "NATURAL_GAS_future": 2.9159998893737793,
    "PLATINUM_future": 1603.5,
    "SILVER_future": 56.220001220703125,
    "Long_Term_Treasury_ETF": 84.5199966430664,
    "CORN_future": 468.25,
    "SOYBEANS_future": 1202.5,
    "WHEAT_future": 684.75,
    "SP500_close": 7457.68994140625,
    "NASDAQ_close": 25520.244140625,
    "US_10Y_Treasury_Yield": 4.540999889373779,
    "VIX_close": 18.770000457763672,
    "GOLD_basis_spot_vs_near": -0.10009765625,
    "China_10Y_Treasury_Yield": 1.7404
  }
}