{
  "latest_date": "2025-11-12",
  "latest_values": {
    "Shanghai_Composite_Index": 4002.758056640625,
    "CSI_300_Index": 4652.169921875,
    "Shenzhen_Component_Index": 13289.0,
    "ALUMINUM_future": 2859.25,
    "BTC_price": 103312.6328125,
    "OIL_price": 60.880001068115234,
    "USD_CNY_exchange_rate": 7.11929988861084,
    "Commodity_Index_ETF": 23.299999237060547,
    "US_Dollar_Index": 99.5260009765625,
    "ETH_price": 3438.3603515625,
    "GOLD_spot_price": 4128.7001953125,
    "LEAN_HOGS_future": 82.3499984741211,
    "COPPER_future": 5.065999984741211,
    "High_Yield_Bond_ETF": 80.69000244140625,
    "LIVE_CATTLE_future": 226.52499389648438,
    "GOLD_near_month_future": 4128.60009765625,
    "NATURAL_GAS_future": 4.5370001792907715,
    "PLATINUM_future": 1597.699951171875,
    "SILVER_future": 51.064998626708984,
    "Long_Term_Treasury_ETF": 89.95999908447266,
    "CORN_future": 432.75,
    "SOYBEANS_future": 1134.25,
    "WHEAT_future": 536.0,
    "SP500_close": 6846.60986328125,
    "NASDAQ_close": 23468.30078125,
    "US_10Y_Treasury_Yield": 4.119999885559082,
    "VIX_close": 17.280000686645508,
    "GOLD_basis_spot_vs_near": 0.10009765625,
    "China_10Y_Treasury_Yield": 1.8119
  }
}