{
  "latest_date": "2026-03-27",
  "latest_values": {
    "Shanghai_Composite_Index": 3889.0830078125,
    "CSI_300_Index": 4477.52978515625,
    "Shenzhen_Component_Index": 13606.4404296875,
    "ALUMINUM_future": 3161.5,
    "BTC_price": 68538.1640625,
    "OIL_price": 93.70999908447266,
    "USD_CNY_exchange_rate": 6.910600185394287,
    "Commodity_Index_ETF": 28.440000534057617,
    "US_Dollar_Index": 99.84200286865234,
    "ETH_price": 2056.7880859375,
    "GOLD_spot_price": 4437.89990234375,
    "LEAN_HOGS_future": 90.82499694824219,
    "COPPER_future": 5.545499801635742,
    "High_Yield_Bond_ETF": 78.91999816894531,
    "LIVE_CATTLE_future": 235.10000610351562,
    "GOLD_near_month_future": 4437.2998046875,
    "NATURAL_GAS_future": 2.9509999752044678,
    "PLATINUM_future": 1886.5,
    "SILVER_future": 69.73500061035156,
    "Long_Term_Treasury_ETF": 86.11000061035156,
    "CORN_future": 467.75,
    "SOYBEANS_future": 1175.75,
    "WHEAT_future": 604.5,
    "SP500_close": 6477.16015625,
    "NASDAQ_close": 21408.080078125,
    "US_10Y_Treasury_Yield": 4.415999889373779,
    "VIX_close": 27.440000534057617,
    "GOLD_basis_spot_vs_near": 0.60009765625,
    "China_10Y_Treasury_Yield": 1.8194
  }
}