{
  "latest_date": "2026-02-20",
  "latest_values": {
    "Shanghai_Composite_Index": 4082.072998046875,
    "CSI_300_Index": 4660.41015625,
    "Shenzhen_Component_Index": 14100.1904296875,
    "ALUMINUM_future": 3040.25,
    "BTC_price": 67399.65625,
    "OIL_price": 66.0199966430664,
    "USD_CNY_exchange_rate": 6.903200149536133,
    "Commodity_Index_ETF": 24.43000030517578,
    "US_Dollar_Index": 97.89700317382812,
    "ETH_price": 1946.081787109375,
    "GOLD_spot_price": 5036.39990234375,
    "LEAN_HOGS_future": 83.57499694824219,
    "COPPER_future": 5.755499839782715,
    "High_Yield_Bond_ETF": 80.94000244140625,
    "LIVE_CATTLE_future": 247.75,
    "GOLD_near_month_future": 5036.60009765625,
    "NATURAL_GAS_future": 2.9119999408721924,
    "PLATINUM_future": 2128.39990234375,
    "SILVER_future": 80.3499984741211,
    "Long_Term_Treasury_ETF": 89.62000274658203,
    "CORN_future": 438.0,
    "SOYBEANS_future": 1152.5,
    "WHEAT_future": 570.0,
    "SP500_close": 6861.89013671875,
    "NASDAQ_close": 22682.73046875,
    "US_10Y_Treasury_Yield": 4.074999809265137,
    "VIX_close": 20.6299991607666,
    "GOLD_basis_spot_vs_near": -0.2001953125,
    "China_10Y_Treasury_Yield": 1.7899
  }
}