{
  "latest_date": "2026-02-13",
  "latest_values": {
    "Shanghai_Composite_Index": 4082.072509765625,
    "CSI_300_Index": 4660.40576171875,
    "Shenzhen_Component_Index": 14100.189453125,
    "ALUMINUM_future": 3035.75,
    "BTC_price": 68903.1015625,
    "OIL_price": 62.709999084472656,
    "USD_CNY_exchange_rate": 6.90749979019165,
    "Commodity_Index_ETF": 23.8799991607666,
    "US_Dollar_Index": 96.92500305175781,
    "ETH_price": 2057.1591796875,
    "GOLD_spot_price": 5052.5,
    "LEAN_HOGS_future": 91.32499694824219,
    "COPPER_future": 5.7835001945495605,
    "High_Yield_Bond_ETF": 80.84500122070312,
    "LIVE_CATTLE_future": 240.39999389648438,
    "GOLD_near_month_future": 5052.60009765625,
    "NATURAL_GAS_future": 3.240000009536743,
    "PLATINUM_future": 2078.89990234375,
    "SILVER_future": 77.36000061035156,
    "Long_Term_Treasury_ETF": 89.66500091552734,
    "CORN_future": 431.75,
    "SOYBEANS_future": 1134.75,
    "WHEAT_future": 549.0,
    "SP500_close": 6847.5,
    "NASDAQ_close": 22604.650390625,
    "US_10Y_Treasury_Yield": 4.053999900817871,
    "VIX_close": 19.899999618530273,
    "GOLD_basis_spot_vs_near": -0.10009765625,
    "China_10Y_Treasury_Yield": 1.7928
  }
}