{
  "latest_date": "2026-05-29",
  "latest_values": {
    "Shanghai_Composite_Index": 4068.569091796875,
    "CSI_300_Index": 4892.12109375,
    "Shenzhen_Component_Index": 15575.1337890625,
    "ALUMINUM_future": 3655.25,
    "BTC_price": 73603.6015625,
    "OIL_price": 87.43000030517578,
    "USD_CNY_exchange_rate": 6.778800010681152,
    "Commodity_Index_ETF": 29.350099563598633,
    "US_Dollar_Index": 98.85700225830078,
    "ETH_price": 2019.949951171875,
    "GOLD_spot_price": 4607.2998046875,
    "LEAN_HOGS_future": 100.5,
    "COPPER_future": 6.41949987411499,
    "High_Yield_Bond_ETF": 80.33999633789062,
    "LIVE_CATTLE_future": 240.14999389648438,
    "GOLD_near_month_future": 4607.2998046875,
    "NATURAL_GAS_future": 3.305999994277954,
    "PLATINUM_future": 1931.199951171875,
    "SILVER_future": 76.25,
    "Long_Term_Treasury_ETF": 85.88999938964844,
    "CORN_future": 448.0,
    "SOYBEANS_future": 1187.25,
    "WHEAT_future": 614.0,
    "SP500_close": 7591.14990234375,
    "NASDAQ_close": 27016.984375,
    "US_10Y_Treasury_Yield": 4.436999797821045,
    "VIX_close": 15.600000381469727,
    "GOLD_basis_spot_vs_near": 0.0,
    "China_10Y_Treasury_Yield": 1.709
  }
}