{
  "latest_date": "2026-03-12",
  "latest_values": {
    "Shanghai_Composite_Index": 4133.43310546875,
    "CSI_300_Index": 4704.5,
    "Shenzhen_Component_Index": 14465.41015625,
    "ALUMINUM_future": 3488.75,
    "BTC_price": 70066.7578125,
    "OIL_price": 94.55999755859375,
    "USD_CNY_exchange_rate": 6.8684000968933105,
    "Commodity_Index_ETF": 28.6299991607666,
    "US_Dollar_Index": 99.55999755859375,
    "ETH_price": 2057.1708984375,
    "GOLD_spot_price": 5174.2001953125,
    "LEAN_HOGS_future": 86.875,
    "COPPER_future": 5.868000030517578,
    "High_Yield_Bond_ETF": 79.68000030517578,
    "LIVE_CATTLE_future": 225.64999389648438,
    "GOLD_near_month_future": 5174.60009765625,
    "NATURAL_GAS_future": 3.2360000610351562,
    "PLATINUM_future": 2174.60009765625,
    "SILVER_future": 87.0250015258789,
    "Long_Term_Treasury_ETF": 86.8499984741211,
    "CORN_future": 465.75,
    "SOYBEANS_future": 1229.25,
    "WHEAT_future": 604.0,
    "SP500_close": 6717.93017578125,
    "NASDAQ_close": 22517.236328125,
    "US_10Y_Treasury_Yield": 4.238999843597412,
    "VIX_close": 26.040000915527344,
    "GOLD_basis_spot_vs_near": -0.39990234375,
    "China_10Y_Treasury_Yield": 1.8052
  }
}