{
  "latest_date": "2026-07-08",
  "latest_values": {
    "Shanghai_Composite_Index": 3990.235107421875,
    "CSI_300_Index": 4842.169921875,
    "Shenzhen_Component_Index": 15225.1103515625,
    "ALUMINUM_future": 3314.5,
    "BTC_price": 62154.94921875,
    "OIL_price": 74.66000366210938,
    "USD_CNY_exchange_rate": 6.793399810791016,
    "Commodity_Index_ETF": 27.799999237060547,
    "US_Dollar_Index": 101.06600189208984,
    "ETH_price": 1736.030029296875,
    "GOLD_spot_price": 4088.0,
    "LEAN_HOGS_future": 99.69999694824219,
    "COPPER_future": 6.11899995803833,
    "High_Yield_Bond_ETF": 79.66000366210938,
    "LIVE_CATTLE_future": 237.77499389648438,
    "GOLD_near_month_future": 4087.60009765625,
    "NATURAL_GAS_future": 3.2190001010894775,
    "PLATINUM_future": 1596.0999755859375,
    "SILVER_future": 58.84000015258789,
    "Long_Term_Treasury_ETF": 84.36000061035156,
    "CORN_future": 454.5,
    "SOYBEANS_future": 1188.25,
    "WHEAT_future": 606.25,
    "SP500_close": 7482.7099609375,
    "NASDAQ_close": 25870.65234375,
    "US_10Y_Treasury_Yield": 4.568999767303467,
    "VIX_close": 16.899999618530273,
    "GOLD_basis_spot_vs_near": 0.39990234375,
    "China_10Y_Treasury_Yield": 1.7385
  }
}