{
  "latest_date": "2025-12-01",
  "latest_values": {
    "Shanghai_Composite_Index": 3888.595947265625,
    "CSI_300_Index": 4526.66015625,
    "Shenzhen_Component_Index": 12984.080078125,
    "ALUMINUM_future": 2740.5,
    "BTC_price": 87425.109375,
    "OIL_price": 59.25,
    "USD_CNY_exchange_rate": 7.07480001449585,
    "Commodity_Index_ETF": 23.059999465942383,
    "US_Dollar_Index": 99.322998046875,
    "ETH_price": 2851.8486328125,
    "GOLD_spot_price": 4265.7998046875,
    "LEAN_HOGS_future": 80.5999984741211,
    "COPPER_future": 5.337500095367432,
    "High_Yield_Bond_ETF": 80.98999786376953,
    "LIVE_CATTLE_future": 215.5749969482422,
    "GOLD_near_month_future": 4265.7998046875,
    "NATURAL_GAS_future": 4.830999851226807,
    "PLATINUM_future": 1702.5999755859375,
    "SILVER_future": 57.90999984741211,
    "Long_Term_Treasury_ETF": 90.20999908447266,
    "CORN_future": 448.0,
    "SOYBEANS_future": 1138.25,
    "WHEAT_future": 541.25,
    "SP500_close": 6849.08984375,
    "NASDAQ_close": 23365.689453125,
    "US_10Y_Treasury_Yield": 4.017000198364258,
    "VIX_close": 16.350000381469727,
    "GOLD_basis_spot_vs_near": 0.0,
    "China_10Y_Treasury_Yield": 1.8412
  }
}