{
  "latest_date": "2026-04-14",
  "latest_values": {
    "Shanghai_Composite_Index": 4026.62548828125,
    "CSI_300_Index": 4701.28369140625,
    "Shenzhen_Component_Index": 14639.9521484375,
    "ALUMINUM_future": 3554.25,
    "BTC_price": 75687.84375,
    "OIL_price": 93.5199966430664,
    "USD_CNY_exchange_rate": 6.8277997970581055,
    "Commodity_Index_ETF": 28.799999237060547,
    "US_Dollar_Index": 98.0009994506836,
    "ETH_price": 2393.159912109375,
    "GOLD_spot_price": 4828.2998046875,
    "LEAN_HOGS_future": 102.94999694824219,
    "COPPER_future": 6.084499835968018,
    "High_Yield_Bond_ETF": 80.4749984741211,
    "LIVE_CATTLE_future": 250.52499389648438,
    "GOLD_near_month_future": 4828.2998046875,
    "NATURAL_GAS_future": 2.624000072479248,
    "PLATINUM_future": 2104.199951171875,
    "SILVER_future": 79.01499938964844,
    "Long_Term_Treasury_ETF": 86.95999908447266,
    "CORN_future": 445.5,
    "SOYBEANS_future": 1166.75,
    "WHEAT_future": 591.75,
    "SP500_close": 6936.7900390625,
    "NASDAQ_close": 23474.595703125,
    "US_10Y_Treasury_Yield": 4.281000137329102,
    "VIX_close": 18.020000457763672,
    "GOLD_basis_spot_vs_near": 0.0,
    "China_10Y_Treasury_Yield": 1.7829
  }
}