{
  "latest_date": "2026-04-02",
  "latest_values": {
    "Shanghai_Composite_Index": 3891.861083984375,
    "CSI_300_Index": 4450.0498046875,
    "Shenzhen_Component_Index": 13478.0595703125,
    "ALUMINUM_future": 3433.0,
    "BTC_price": 68206.3828125,
    "OIL_price": 97.98999786376953,
    "USD_CNY_exchange_rate": 6.894199848175049,
    "Commodity_Index_ETF": 28.68000030517578,
    "US_Dollar_Index": 99.52100372314453,
    "ETH_price": 2137.595703125,
    "GOLD_spot_price": 4815.39990234375,
    "LEAN_HOGS_future": 105.19999694824219,
    "COPPER_future": 5.628499984741211,
    "High_Yield_Bond_ETF": 79.37000274658203,
    "LIVE_CATTLE_future": 244.22500610351562,
    "GOLD_near_month_future": 4815.10009765625,
    "NATURAL_GAS_future": 2.815999984741211,
    "PLATINUM_future": 1967.5999755859375,
    "SILVER_future": 75.66000366210938,
    "Long_Term_Treasury_ETF": 86.26000213623047,
    "CORN_future": 452.75,
    "SOYBEANS_future": 1164.25,
    "WHEAT_future": 597.25,
    "SP500_close": 6575.31982421875,
    "NASDAQ_close": 21840.947265625,
    "US_10Y_Treasury_Yield": 4.318999767303467,
    "VIX_close": 24.540000915527344,
    "GOLD_basis_spot_vs_near": 0.2998046875,
    "China_10Y_Treasury_Yield": 1.8244
  }
}