{
  "latest_date": "2026-02-13",
  "latest_values": {
    "Shanghai_Composite_Index": 4134.01806640625,
    "CSI_300_Index": 4719.580078125,
    "Shenzhen_Component_Index": 14283.0,
    "ALUMINUM_future": 3054.5,
    "BTC_price": 66669.8671875,
    "OIL_price": 62.75,
    "USD_CNY_exchange_rate": 6.9045000076293945,
    "Commodity_Index_ETF": 23.799999237060547,
    "US_Dollar_Index": 96.94300079345703,
    "ETH_price": 1948.282470703125,
    "GOLD_spot_price": 5000.2998046875,
    "LEAN_HOGS_future": 92.05000305175781,
    "COPPER_future": 5.831500053405762,
    "High_Yield_Bond_ETF": 80.79000091552734,
    "LIVE_CATTLE_future": 240.77499389648438,
    "GOLD_near_month_future": 5000.10009765625,
    "NATURAL_GAS_future": 3.1989998817443848,
    "PLATINUM_future": 2029.5999755859375,
    "SILVER_future": 76.56999969482422,
    "Long_Term_Treasury_ETF": 89.2300033569336,
    "CORN_future": 431.0,
    "SOYBEANS_future": 1137.75,
    "WHEAT_future": 551.75,
    "SP500_close": 6832.759765625,
    "NASDAQ_close": 22597.150390625,
    "US_10Y_Treasury_Yield": 4.104000091552734,
    "VIX_close": 20.81999969482422,
    "GOLD_basis_spot_vs_near": 0.19970703125,
    "China_10Y_Treasury_Yield": 1.7893
  }
}