{
  "latest_date": "2026-06-03",
  "latest_values": {
    "Shanghai_Composite_Index": 4075.10205078125,
    "CSI_300_Index": 4914.56005859375,
    "Shenzhen_Component_Index": 15591.1298828125,
    "ALUMINUM_future": 3735.0,
    "BTC_price": 65827.7734375,
    "OIL_price": 96.26000213623047,
    "USD_CNY_exchange_rate": 6.764999866485596,
    "Commodity_Index_ETF": 30.315000534057617,
    "US_Dollar_Index": 99.5250015258789,
    "ETH_price": 1825.449951171875,
    "GOLD_spot_price": 4467.7001953125,
    "LEAN_HOGS_future": 102.17500305175781,
    "COPPER_future": 6.501999855041504,
    "High_Yield_Bond_ETF": 79.69499969482422,
    "LIVE_CATTLE_future": 238.14999389648438,
    "GOLD_near_month_future": 4467.7001953125,
    "NATURAL_GAS_future": 3.2320001125335693,
    "PLATINUM_future": 1873.0999755859375,
    "SILVER_future": 73.66999816894531,
    "Long_Term_Treasury_ETF": 85.25,
    "CORN_future": 434.0,
    "SOYBEANS_future": 1155.5,
    "WHEAT_future": 587.25,
    "SP500_close": 7568.58984375,
    "NASDAQ_close": 26865.587890625,
    "US_10Y_Treasury_Yield": 4.494999885559082,
    "VIX_close": 16.219999313354492,
    "GOLD_basis_spot_vs_near": 0.0,
    "China_10Y_Treasury_Yield": 1.7128
  }
}