{
  "latest_date": "2026-03-30",
  "latest_values": {
    "Shanghai_Composite_Index": 3913.72412109375,
    "CSI_300_Index": 4502.56982421875,
    "Shenzhen_Component_Index": 13760.3701171875,
    "ALUMINUM_future": 3350.0,
    "BTC_price": 66848.796875,
    "OIL_price": 102.9000015258789,
    "USD_CNY_exchange_rate": 6.911099910736084,
    "Commodity_Index_ETF": 29.100000381469727,
    "US_Dollar_Index": 100.2770004272461,
    "ETH_price": 2017.94091796875,
    "GOLD_spot_price": 4454.2998046875,
    "LEAN_HOGS_future": 106.125,
    "COPPER_future": 5.433000087738037,
    "High_Yield_Bond_ETF": 78.72000122070312,
    "LIVE_CATTLE_future": 238.77499389648438,
    "GOLD_near_month_future": 4454.5,
    "NATURAL_GAS_future": 2.9600000381469727,
    "PLATINUM_future": 1835.9000244140625,
    "SILVER_future": 68.04000091552734,
    "Long_Term_Treasury_ETF": 85.63999938964844,
    "CORN_future": 465.25,
    "SOYBEANS_future": 1165.75,
    "WHEAT_future": 611.25,
    "SP500_close": 6368.85009765625,
    "NASDAQ_close": 20948.359375,
    "US_10Y_Treasury_Yield": 4.440000057220459,
    "VIX_close": 31.049999237060547,
    "GOLD_basis_spot_vs_near": -0.2001953125,
    "China_10Y_Treasury_Yield": 1.8172
  }
}