{
  "latest_date": "2025-11-21",
  "latest_values": {
    "Shanghai_Composite_Index": 3834.890869140625,
    "CSI_300_Index": 4453.607421875,
    "Shenzhen_Component_Index": 12980.8203125,
    "ALUMINUM_future": 2711.25,
    "BTC_price": 82717.78125,
    "OIL_price": 57.70000076293945,
    "USD_CNY_exchange_rate": 7.106100082397461,
    "Commodity_Index_ETF": 22.475000381469727,
    "US_Dollar_Index": 100.29399871826172,
    "ETH_price": 2696.967529296875,
    "GOLD_spot_price": 4068.199951171875,
    "LEAN_HOGS_future": 78.0999984741211,
    "COPPER_future": 4.980000019073486,
    "High_Yield_Bond_ETF": 80.16000366210938,
    "LIVE_CATTLE_future": 214.60000610351562,
    "GOLD_near_month_future": 4068.300048828125,
    "NATURAL_GAS_future": 4.584000110626221,
    "PLATINUM_future": 1523.5999755859375,
    "SILVER_future": 49.32500076293945,
    "Long_Term_Treasury_ETF": 89.48999786376953,
    "CORN_future": 437.5,
    "SOYBEANS_future": 1119.25,
    "WHEAT_future": 541.5,
    "SP500_close": 6530.2099609375,
    "NASDAQ_close": 21951.80859375,
    "US_10Y_Treasury_Yield": 4.071000099182129,
    "VIX_close": 26.34000015258789,
    "GOLD_basis_spot_vs_near": -0.10009765625,
    "China_10Y_Treasury_Yield": 1.8166
  }
}