{
  "latest_date": "2025-09-23",
  "latest_values": {
    "Shanghai_Composite_Index": 3821.832763671875,
    "CSI_300_Index": 4519.7783203125,
    "Shenzhen_Component_Index": 13157.9697265625,
    "ALUMINUM_future": 2562.5,
    "BTC_price": 112881.1640625,
    "OIL_price": 63.56999969482422,
    "USD_CNY_exchange_rate": 7.1128997802734375,
    "Commodity_Index_ETF": 22.459999084472656,
    "US_Dollar_Index": 97.37999725341797,
    "ETH_price": 4181.51513671875,
    "GOLD_spot_price": 3810.300048828125,
    "LEAN_HOGS_future": 99.75,
    "COPPER_future": 4.63700008392334,
    "High_Yield_Bond_ETF": 81.31500244140625,
    "LIVE_CATTLE_future": 236.22500610351562,
    "GOLD_near_month_future": 3810.300048828125,
    "NATURAL_GAS_future": 2.816999912261963,
    "PLATINUM_future": 1496.0999755859375,
    "SILVER_future": 44.54999923706055,
    "Long_Term_Treasury_ETF": 88.95500183105469,
    "CORN_future": 424.75,
    "SOYBEANS_future": 1012.25,
    "WHEAT_future": 520.25,
    "SP500_close": 6681.31005859375,
    "NASDAQ_close": 22715.982421875,
    "US_10Y_Treasury_Yield": 4.134999752044678,
    "VIX_close": 16.239999771118164,
    "GOLD_basis_spot_vs_near": 0.0,
    "China_10Y_Treasury_Yield": 1.877
  }
}