{
  "latest_date": "2025-10-23",
  "latest_values": {
    "Shanghai_Composite_Index": 3922.41015625,
    "CSI_300_Index": 4606.3447265625,
    "Shenzhen_Component_Index": 13025.4462890625,
    "ALUMINUM_future": 2802.75,
    "BTC_price": 111150.0234375,
    "OIL_price": 61.540000915527344,
    "USD_CNY_exchange_rate": 7.121799945831299,
    "Commodity_Index_ETF": 22.860000610351562,
    "US_Dollar_Index": 98.99099731445312,
    "ETH_price": 3913.344482421875,
    "GOLD_spot_price": 4152.10009765625,
    "LEAN_HOGS_future": 81.75,
    "COPPER_future": 5.0954999923706055,
    "High_Yield_Bond_ETF": 80.81500244140625,
    "LIVE_CATTLE_future": 241.1999969482422,
    "GOLD_near_month_future": 4152.2001953125,
    "NATURAL_GAS_future": 3.365999937057495,
    "PLATINUM_future": 1603.5,
    "SILVER_future": 48.83000183105469,
    "Long_Term_Treasury_ETF": 91.54000091552734,
    "CORN_future": 428.0,
    "SOYBEANS_future": 1060.25,
    "WHEAT_future": 511.75,
    "SP500_close": 6744.7998046875,
    "NASDAQ_close": 22964.201171875,
    "US_10Y_Treasury_Yield": 3.995000123977661,
    "VIX_close": 17.239999771118164,
    "GOLD_basis_spot_vs_near": -0.10009765625,
    "China_10Y_Treasury_Yield": 1.8391
  }
}