{
  "latest_date": "2026-06-12",
  "latest_values": {
    "Shanghai_Composite_Index": 3987.014892578125,
    "CSI_300_Index": 4722.41015625,
    "Shenzhen_Component_Index": 14851.98046875,
    "ALUMINUM_future": 3567.25,
    "BTC_price": 63841.4609375,
    "OIL_price": 84.6500015258789,
    "USD_CNY_exchange_rate": 6.772500038146973,
    "Commodity_Index_ETF": 28.59000015258789,
    "US_Dollar_Index": 99.73600006103516,
    "ETH_price": 1668.5,
    "GOLD_spot_price": 4244.5,
    "LEAN_HOGS_future": 96.2249984741211,
    "COPPER_future": 6.448500156402588,
    "High_Yield_Bond_ETF": 79.94499969482422,
    "LIVE_CATTLE_future": 241.27499389648438,
    "GOLD_near_month_future": 4244.7998046875,
    "NATURAL_GAS_future": 3.114000082015991,
    "PLATINUM_future": 1708.0999755859375,
    "SILVER_future": 68.25,
    "Long_Term_Treasury_ETF": 85.70999908447266,
    "CORN_future": 413.25,
    "SOYBEANS_future": 1113.5,
    "WHEAT_future": 585.75,
    "SP500_close": 7424.93994140625,
    "NASDAQ_close": 25878.017578125,
    "US_10Y_Treasury_Yield": 4.479000091552734,
    "VIX_close": 18.280000686645508,
    "GOLD_basis_spot_vs_near": -0.2998046875,
    "China_10Y_Treasury_Yield": 1.7427
  }
}