{
  "latest_date": "2026-03-18",
  "latest_values": {
    "Shanghai_Composite_Index": 4062.984375,
    "CSI_300_Index": 4658.33251953125,
    "Shenzhen_Component_Index": 14187.7958984375,
    "ALUMINUM_future": 3344.5,
    "BTC_price": 71184.1640625,
    "OIL_price": 98.11000061035156,
    "USD_CNY_exchange_rate": 6.872099876403809,
    "Commodity_Index_ETF": 29.270000457763672,
    "US_Dollar_Index": 100.23400115966797,
    "ETH_price": 2194.279052734375,
    "GOLD_spot_price": 4834.2001953125,
    "LEAN_HOGS_future": 107.42500305175781,
    "COPPER_future": 5.497000217437744,
    "High_Yield_Bond_ETF": 79.4000015258789,
    "LIVE_CATTLE_future": 234.22500610351562,
    "GOLD_near_month_future": 4834.7001953125,
    "NATURAL_GAS_future": 3.186000108718872,
    "PLATINUM_future": 2023.9000244140625,
    "SILVER_future": 75.72000122070312,
    "Long_Term_Treasury_ETF": 86.95500183105469,
    "CORN_future": 463.5,
    "SOYBEANS_future": 1163.75,
    "WHEAT_future": 605.5,
    "SP500_close": 6624.7001953125,
    "NASDAQ_close": 22152.419921875,
    "US_10Y_Treasury_Yield": 4.258999824523926,
    "VIX_close": 25.09000015258789,
    "GOLD_basis_spot_vs_near": -0.5,
    "China_10Y_Treasury_Yield": 1.8175
  }
}