{
  "latest_date": "2025-09-26",
  "latest_values": {
    "Shanghai_Composite_Index": 3828.10595703125,
    "CSI_300_Index": 4550.048828125,
    "Shenzhen_Component_Index": 13445.900390625,
    "ALUMINUM_future": 2582.0,
    "BTC_price": 109227.984375,
    "OIL_price": 66.20999908447266,
    "USD_CNY_exchange_rate": 7.131499767303467,
    "Commodity_Index_ETF": 22.924999237060547,
    "US_Dollar_Index": 98.25599670410156,
    "ETH_price": 3964.66552734375,
    "GOLD_spot_price": 3809.89990234375,
    "LEAN_HOGS_future": 92.2249984741211,
    "COPPER_future": 4.739500045776367,
    "High_Yield_Bond_ETF": 81.03500366210938,
    "LIVE_CATTLE_future": 231.6999969482422,
    "GOLD_near_month_future": 3809.800048828125,
    "NATURAL_GAS_future": 3.1760001182556152,
    "PLATINUM_future": 1600.9000244140625,
    "SILVER_future": 46.3650016784668,
    "Long_Term_Treasury_ETF": 88.75379943847656,
    "CORN_future": 421.75,
    "SOYBEANS_future": 1012.75,
    "WHEAT_future": 519.5,
    "SP500_close": 6616.39990234375,
    "NASDAQ_close": 22356.5390625,
    "US_10Y_Treasury_Yield": 4.186999797821045,
    "VIX_close": 16.299999237060547,
    "GOLD_basis_spot_vs_near": 0.099853515625,
    "China_10Y_Treasury_Yield": 1.8768
  }
}