{
  "latest_date": "2026-03-17",
  "latest_values": {
    "Shanghai_Composite_Index": 4095.447998046875,
    "CSI_300_Index": 4669.14013671875,
    "Shenzhen_Component_Index": 14280.7802734375,
    "ALUMINUM_future": 3362.0,
    "BTC_price": 74206.78125,
    "OIL_price": 97.77999877929688,
    "USD_CNY_exchange_rate": 6.888500213623047,
    "Commodity_Index_ETF": 28.309999465942383,
    "ETH_price": 2319.8759765625,
    "GOLD_spot_price": 5015.5,
    "LEAN_HOGS_future": 93.5,
    "COPPER_future": 5.79449987411499,
    "High_Yield_Bond_ETF": 79.44999694824219,
    "LIVE_CATTLE_future": 233.25,
    "GOLD_near_month_future": 5015.5,
    "NATURAL_GAS_future": 3.0409998893737793,
    "PLATINUM_future": 2124.0,
    "SILVER_future": 80.79000091552734,
    "Long_Term_Treasury_ETF": 87.20999908447266,
    "CORN_future": 458.5,
    "SOYBEANS_future": 1161.25,
    "WHEAT_future": 603.75,
    "SP500_close": 6699.3798828125,
    "NASDAQ_close": 22374.177734375,
    "US_10Y_Treasury_Yield": 4.220000267028809,
    "VIX_close": 23.510000228881836,
    "GOLD_basis_spot_vs_near": 0.0,
    "China_10Y_Treasury_Yield": 1.8312
  }
}