{
  "latest_date": "2026-01-26",
  "latest_values": {
    "Shanghai_Composite_Index": 4136.1640625,
    "CSI_300_Index": 4702.5,
    "Shenzhen_Component_Index": 14439.66015625,
    "ALUMINUM_future": 3184.25,
    "BTC_price": 87839.15625,
    "OIL_price": 61.220001220703125,
    "USD_CNY_exchange_rate": 6.953700065612793,
    "Commodity_Index_ETF": 24.18000030517578,
    "US_Dollar_Index": 97.06999969482422,
    "ETH_price": 2894.91162109375,
    "GOLD_spot_price": 5090.2998046875,
    "LEAN_HOGS_future": 88.3499984741211,
    "COPPER_future": 5.951000213623047,
    "High_Yield_Bond_ETF": 81.13999938964844,
    "LIVE_CATTLE_future": 234.89999389648438,
    "GOLD_near_month_future": 5090.10009765625,
    "NATURAL_GAS_future": 3.818000078201294,
    "PLATINUM_future": 2918.800048828125,
    "SILVER_future": 109.375,
    "Long_Term_Treasury_ETF": 87.93000030517578,
    "CORN_future": 429.25,
    "SOYBEANS_future": 1071.75,
    "WHEAT_future": 530.5,
    "SP500_close": 6915.60986328125,
    "NASDAQ_close": 23501.240234375,
    "US_10Y_Treasury_Yield": 4.238999843597412,
    "VIX_close": 16.979999542236328,
    "GOLD_basis_spot_vs_near": 0.19970703125,
    "China_10Y_Treasury_Yield": 1.8242
  }
}