{
  "latest_date": "2025-11-24",
  "latest_values": {
    "Shanghai_Composite_Index": 3834.89111328125,
    "CSI_300_Index": 4453.60986328125,
    "Shenzhen_Component_Index": 12538.0703125,
    "ALUMINUM_future": 2711.25,
    "BTC_price": 86100.265625,
    "OIL_price": 57.939998626708984,
    "USD_CNY_exchange_rate": 7.104300022125244,
    "Commodity_Index_ETF": 22.530000686645508,
    "US_Dollar_Index": 100.06700134277344,
    "ETH_price": 2797.494873046875,
    "GOLD_spot_price": 4067.199951171875,
    "LEAN_HOGS_future": 77.69999694824219,
    "COPPER_future": 4.995999813079834,
    "High_Yield_Bond_ETF": 80.37000274658203,
    "LIVE_CATTLE_future": 214.77499389648438,
    "GOLD_near_month_future": 4067.0,
    "NATURAL_GAS_future": 4.635000228881836,
    "PLATINUM_future": 1533.800048828125,
    "SILVER_future": 49.709999084472656,
    "Long_Term_Treasury_ETF": 89.5,
    "CORN_future": 435.75,
    "SOYBEANS_future": 1122.75,
    "WHEAT_future": 535.25,
    "SP500_close": 6602.990234375,
    "NASDAQ_close": 22273.080078125,
    "US_10Y_Treasury_Yield": 4.063000202178955,
    "VIX_close": 23.190000534057617,
    "GOLD_basis_spot_vs_near": 0.199951171875,
    "China_10Y_Treasury_Yield": 1.821
  }
}