{
  "latest_date": "2026-01-30",
  "latest_values": {
    "Shanghai_Composite_Index": 4117.94775390625,
    "CSI_300_Index": 4706.34033203125,
    "Shenzhen_Component_Index": 14205.892578125,
    "ALUMINUM_future": 3065.0,
    "BTC_price": 83882.34375,
    "OIL_price": 64.9000015258789,
    "USD_CNY_exchange_rate": 6.951000213623047,
    "Commodity_Index_ETF": 24.360000610351562,
    "US_Dollar_Index": 96.88800048828125,
    "ETH_price": 2733.948974609375,
    "GOLD_spot_price": 4913.7001953125,
    "LEAN_HOGS_future": 87.30000305175781,
    "COPPER_future": 5.912499904632568,
    "High_Yield_Bond_ETF": 81.05500030517578,
    "LIVE_CATTLE_future": 235.8249969482422,
    "GOLD_near_month_future": 4913.7001953125,
    "NATURAL_GAS_future": 4.302000045776367,
    "PLATINUM_future": 2129.0,
    "SILVER_future": 83.70999908447266,
    "Long_Term_Treasury_ETF": 87.50499725341797,
    "CORN_future": 427.75,
    "SOYBEANS_future": 1063.0,
    "WHEAT_future": 535.75,
    "SP500_close": 6939.31005859375,
    "NASDAQ_close": 23504.443359375,
    "US_10Y_Treasury_Yield": 4.243000030517578,
    "VIX_close": 17.350000381469727,
    "GOLD_basis_spot_vs_near": 0.0,
    "China_10Y_Treasury_Yield": 1.8112
  }
}