{
  "latest_date": "2025-11-17",
  "latest_values": {
    "Shanghai_Composite_Index": 3972.034912109375,
    "CSI_300_Index": 4598.052734375,
    "Shenzhen_Component_Index": 13202.0048828125,
    "ALUMINUM_future": 2737.25,
    "BTC_price": 92044.2890625,
    "OIL_price": 59.7400016784668,
    "USD_CNY_exchange_rate": 7.106900215148926,
    "Commodity_Index_ETF": 22.94499969482422,
    "US_Dollar_Index": 99.55000305175781,
    "ETH_price": 3018.03076171875,
    "GOLD_spot_price": 4037.699951171875,
    "LEAN_HOGS_future": 78.375,
    "COPPER_future": 4.991499900817871,
    "High_Yield_Bond_ETF": 80.09500122070312,
    "LIVE_CATTLE_future": 221.9499969482422,
    "GOLD_near_month_future": 4038.0,
    "NATURAL_GAS_future": 4.335999965667725,
    "PLATINUM_future": 1544.9000244140625,
    "SILVER_future": 49.93000030517578,
    "Long_Term_Treasury_ETF": 89.08999633789062,
    "CORN_future": 434.75,
    "SOYBEANS_future": 1157.5,
    "WHEAT_future": 545.0,
    "SP500_close": 6672.41015625,
    "NASDAQ_close": 22708.07421875,
    "US_10Y_Treasury_Yield": 4.133000373840332,
    "VIX_close": 22.43000030517578,
    "GOLD_basis_spot_vs_near": -0.300048828125,
    "China_10Y_Treasury_Yield": 1.8109
  }
}