{
  "latest_date": "2026-03-05",
  "latest_values": {
    "Shanghai_Composite_Index": 4108.56689453125,
    "CSI_300_Index": 4647.69189453125,
    "Shenzhen_Component_Index": 14088.8388671875,
    "ALUMINUM_future": 3190.75,
    "BTC_price": 71005.0625,
    "OIL_price": 81.9000015258789,
    "USD_CNY_exchange_rate": 6.890699863433838,
    "Commodity_Index_ETF": 26.56999969482422,
    "US_Dollar_Index": 99.33100128173828,
    "ETH_price": 2079.369384765625,
    "GOLD_spot_price": 5073.89990234375,
    "LEAN_HOGS_future": 95.875,
    "COPPER_future": 5.793499946594238,
    "High_Yield_Bond_ETF": 80.09500122070312,
    "LIVE_CATTLE_future": 238.5749969482422,
    "GOLD_near_month_future": 5074.0,
    "NATURAL_GAS_future": 3.0199999809265137,
    "PLATINUM_future": 2103.5,
    "SILVER_future": 80.95999908447266,
    "Long_Term_Treasury_ETF": 88.84010314941406,
    "CORN_future": 453.5,
    "SOYBEANS_future": 1179.0,
    "WHEAT_future": 585.25,
    "SP500_close": 6801.10009765625,
    "NASDAQ_close": 22619.33984375,
    "US_10Y_Treasury_Yield": 4.144000053405762,
    "VIX_close": 25.190000534057617,
    "GOLD_basis_spot_vs_near": -0.10009765625,
    "China_10Y_Treasury_Yield": 1.7779
  }
}