{
  "latest_date": "2025-12-11",
  "latest_values": {
    "Shanghai_Composite_Index": 3873.317626953125,
    "CSI_300_Index": 4552.1845703125,
    "Shenzhen_Component_Index": 13147.38671875,
    "ALUMINUM_future": 2899.75,
    "BTC_price": 91840.4609375,
    "OIL_price": 57.790000915527344,
    "USD_CNY_exchange_rate": 7.057400226593018,
    "Commodity_Index_ETF": 23.114999771118164,
    "US_Dollar_Index": 98.33200073242188,
    "ETH_price": 3222.861083984375,
    "GOLD_spot_price": 4303.89990234375,
    "LEAN_HOGS_future": 84.125,
    "COPPER_future": 5.483500003814697,
    "High_Yield_Bond_ETF": 80.7249984741211,
    "LIVE_CATTLE_future": 230.9499969482422,
    "GOLD_near_month_future": 4303.89990234375,
    "NATURAL_GAS_future": 4.2230000495910645,
    "PLATINUM_future": 1712.0999755859375,
    "SILVER_future": 63.94499969482422,
    "Long_Term_Treasury_ETF": 88.19000244140625,
    "CORN_future": 446.75,
    "SOYBEANS_future": 1093.75,
    "WHEAT_future": 534.5,
    "SP500_close": 6901.0,
    "NASDAQ_close": 23593.85546875,
    "US_10Y_Treasury_Yield": 4.140999794006348,
    "VIX_close": 14.989999771118164,
    "GOLD_basis_spot_vs_near": 0.0,
    "China_10Y_Treasury_Yield": 1.8404
  }
}