{
  "latest_date": "2026-06-26",
  "latest_values": {
    "Shanghai_Composite_Index": 4027.264892578125,
    "CSI_300_Index": 4868.220703125,
    "Shenzhen_Component_Index": 15782.22265625,
    "ALUMINUM_future": 3301.25,
    "BTC_price": 59530.0,
    "OIL_price": 69.12000274658203,
    "USD_CNY_exchange_rate": 6.789999961853027,
    "Commodity_Index_ETF": 26.549999237060547,
    "US_Dollar_Index": 101.24800109863281,
    "ETH_price": 1557.4000244140625,
    "GOLD_spot_price": 4103.5,
    "LEAN_HOGS_future": 96.6500015258789,
    "COPPER_future": 6.224999904632568,
    "High_Yield_Bond_ETF": 79.89990234375,
    "LIVE_CATTLE_future": 246.0,
    "GOLD_near_month_future": 4103.2001953125,
    "NATURAL_GAS_future": 3.3399999141693115,
    "PLATINUM_future": 1642.5999755859375,
    "SILVER_future": 59.83000183105469,
    "Long_Term_Treasury_ETF": 87.29499816894531,
    "CORN_future": 444.5,
    "SOYBEANS_future": 1155.25,
    "WHEAT_future": 590.5,
    "SP500_close": 7352.080078125,
    "NASDAQ_close": 25303.86328125,
    "US_10Y_Treasury_Yield": 4.372000217437744,
    "VIX_close": 19.309999465942383,
    "GOLD_basis_spot_vs_near": 0.2998046875,
    "China_10Y_Treasury_Yield": 1.7314
  }
}