{
  "latest_date": "2025-10-29",
  "latest_values": {
    "Shanghai_Composite_Index": 3988.22412109375,
    "CSI_300_Index": 4691.97021484375,
    "Shenzhen_Component_Index": 13430.099609375,
    "ALUMINUM_future": 2847.75,
    "BTC_price": 113271.375,
    "OIL_price": 60.31999969482422,
    "USD_CNY_exchange_rate": 7.098999977111816,
    "Commodity_Index_ETF": 22.59000015258789,
    "US_Dollar_Index": 98.88600158691406,
    "ETH_price": 4023.5751953125,
    "GOLD_spot_price": 3992.5,
    "LEAN_HOGS_future": 80.6500015258789,
    "COPPER_future": 5.218999862670898,
    "High_Yield_Bond_ETF": 81.19999694824219,
    "LIVE_CATTLE_future": 224.5,
    "GOLD_near_month_future": 3992.10009765625,
    "NATURAL_GAS_future": 3.2799999713897705,
    "PLATINUM_future": 1592.199951171875,
    "SILVER_future": 47.779998779296875,
    "Long_Term_Treasury_ETF": 92.0199966430664,
    "CORN_future": 431.5,
    "SOYBEANS_future": 1073.25,
    "WHEAT_future": 531.0,
    "SP500_close": 6890.89013671875,
    "NASDAQ_close": 23827.490234375,
    "US_10Y_Treasury_Yield": 3.9830000400543213,
    "VIX_close": 16.420000076293945,
    "GOLD_basis_spot_vs_near": 0.39990234375,
    "China_10Y_Treasury_Yield": 1.8179
  }
}