{
  "latest_date": "2025-10-01",
  "latest_values": {
    "Shanghai_Composite_Index": 3882.777099609375,
    "CSI_300_Index": 4640.68994140625,
    "Shenzhen_Component_Index": 13526.509765625,
    "ALUMINUM_future": 2630.75,
    "BTC_price": 116878.6171875,
    "OIL_price": 61.790000915527344,
    "USD_CNY_exchange_rate": 7.133800029754639,
    "Commodity_Index_ETF": 22.459999084472656,
    "US_Dollar_Index": 97.78199768066406,
    "ETH_price": 4303.82568359375,
    "GOLD_spot_price": 3889.5,
    "LEAN_HOGS_future": 89.0250015258789,
    "COPPER_future": 4.879000186920166,
    "High_Yield_Bond_ETF": 80.86000061035156,
    "LIVE_CATTLE_future": 231.3000030517578,
    "GOLD_near_month_future": 3889.800048828125,
    "NATURAL_GAS_future": 3.4760000705718994,
    "PLATINUM_future": 1588.800048828125,
    "SILVER_future": 47.564998626708984,
    "Long_Term_Treasury_ETF": 89.17500305175781,
    "CORN_future": 416.0,
    "SOYBEANS_future": 1012.5,
    "WHEAT_future": 507.25,
    "SP500_close": 6708.1201171875,
    "NASDAQ_close": 22746.669921875,
    "US_10Y_Treasury_Yield": 4.111999988555908,
    "VIX_close": 16.170000076293945,
    "GOLD_basis_spot_vs_near": -0.300048828125,
    "China_10Y_Treasury_Yield": 1.8605
  }
}