{
  "latest_date": "2025-12-08",
  "latest_values": {
    "Shanghai_Composite_Index": 3902.80810546875,
    "CSI_300_Index": 4584.5400390625,
    "Shenzhen_Component_Index": 13147.6796875,
    "ALUMINUM_future": 2918.75,
    "BTC_price": 91415.4765625,
    "OIL_price": 60.209999084472656,
    "USD_CNY_exchange_rate": 7.067200183868408,
    "Commodity_Index_ETF": 23.329999923706055,
    "US_Dollar_Index": 98.83000183105469,
    "ETH_price": 3131.53369140625,
    "GOLD_spot_price": 4247.7998046875,
    "LEAN_HOGS_future": 81.6500015258789,
    "COPPER_future": 5.475500106811523,
    "High_Yield_Bond_ETF": 80.75,
    "LIVE_CATTLE_future": 227.14999389648438,
    "GOLD_near_month_future": 4247.89990234375,
    "NATURAL_GAS_future": 5.139999866485596,
    "PLATINUM_future": 1676.300048828125,
    "SILVER_future": 58.79999923706055,
    "Long_Term_Treasury_ETF": 88.16999816894531,
    "CORN_future": 444.0,
    "SOYBEANS_future": 1096.5,
    "WHEAT_future": 535.25,
    "SP500_close": 6870.39990234375,
    "NASDAQ_close": 23578.130859375,
    "US_10Y_Treasury_Yield": 4.138999938964844,
    "VIX_close": 15.40999984741211,
    "GOLD_basis_spot_vs_near": -0.10009765625,
    "China_10Y_Treasury_Yield": 1.848
  }
}