{
  "latest_date": "2026-05-04",
  "latest_values": {
    "Shanghai_Composite_Index": 4112.1591796875,
    "CSI_300_Index": 4807.31005859375,
    "Shenzhen_Component_Index": 15107.5498046875,
    "ALUMINUM_future": 3482.0,
    "BTC_price": 78790.828125,
    "OIL_price": 101.75,
    "USD_CNY_exchange_rate": 6.827099800109863,
    "Commodity_Index_ETF": 30.809999465942383,
    "US_Dollar_Index": 98.1989974975586,
    "ETH_price": 2329.199951171875,
    "GOLD_spot_price": 4607.60009765625,
    "LEAN_HOGS_future": 101.2750015258789,
    "COPPER_future": 5.94350004196167,
    "High_Yield_Bond_ETF": 80.05999755859375,
    "LIVE_CATTLE_future": 253.0,
    "GOLD_near_month_future": 4607.5,
    "NATURAL_GAS_future": 2.8239998817443848,
    "PLATINUM_future": 2001.199951171875,
    "SILVER_future": 75.6500015258789,
    "Long_Term_Treasury_ETF": 85.61000061035156,
    "CORN_future": 479.5,
    "SOYBEANS_future": 1211.25,
    "WHEAT_future": 634.0,
    "SP500_close": 7230.1201171875,
    "NASDAQ_close": 25114.439453125,
    "US_10Y_Treasury_Yield": 4.377999782562256,
    "VIX_close": 16.989999771118164,
    "GOLD_basis_spot_vs_near": 0.10009765625,
    "China_10Y_Treasury_Yield": 1.7473
  }
}