{
  "latest_date": "2026-07-01",
  "latest_values": {
    "Shanghai_Composite_Index": 4094.39697265625,
    "CSI_300_Index": 4868.22021484375,
    "Shenzhen_Component_Index": 16205.5595703125,
    "ALUMINUM_future": 3219.0,
    "BTC_price": 58879.7890625,
    "OIL_price": 68.30000305175781,
    "USD_CNY_exchange_rate": 6.793600082397461,
    "Commodity_Index_ETF": 26.65999984741211,
    "US_Dollar_Index": 101.37100219726562,
    "ETH_price": 1578.8800048828125,
    "GOLD_spot_price": 3988.60009765625,
    "LEAN_HOGS_future": 94.32499694824219,
    "COPPER_future": 6.117000102996826,
    "High_Yield_Bond_ETF": 79.97000122070312,
    "LIVE_CATTLE_future": 258.20001220703125,
    "GOLD_near_month_future": 3988.800048828125,
    "NATURAL_GAS_future": 3.2269999980926514,
    "PLATINUM_future": 1550.800048828125,
    "SILVER_future": 58.084999084472656,
    "Long_Term_Treasury_ETF": 86.41999816894531,
    "CORN_future": 438.75,
    "SOYBEANS_future": 1144.25,
    "WHEAT_future": 594.0,
    "SP500_close": 7499.35986328125,
    "NASDAQ_close": 26213.720703125,
    "US_10Y_Treasury_Yield": 4.372000217437744,
    "VIX_close": 16.940000534057617,
    "GOLD_basis_spot_vs_near": -0.199951171875,
    "China_10Y_Treasury_Yield": 1.733
  }
}