{
  "latest_date": "2026-05-15",
  "latest_values": {
    "Shanghai_Composite_Index": 4135.38916015625,
    "CSI_300_Index": 4859.5927734375,
    "Shenzhen_Component_Index": 15561.3720703125,
    "ALUMINUM_future": 3514.0,
    "BTC_price": 78973.8828125,
    "OIL_price": 100.05999755859375,
    "USD_CNY_exchange_rate": 6.790800094604492,
    "Commodity_Index_ETF": 31.149999618530273,
    "US_Dollar_Index": 99.22100067138672,
    "ETH_price": 2207.570068359375,
    "GOLD_spot_price": 4559.60009765625,
    "LEAN_HOGS_future": 103.6500015258789,
    "COPPER_future": 6.294000148773193,
    "High_Yield_Bond_ETF": 79.58499908447266,
    "LIVE_CATTLE_future": 247.9250030517578,
    "GOLD_near_month_future": 4559.60009765625,
    "NATURAL_GAS_future": 2.9630000591278076,
    "PLATINUM_future": 1996.5,
    "SILVER_future": 77.11000061035156,
    "Long_Term_Treasury_ETF": 83.80999755859375,
    "CORN_future": 457.5,
    "SOYBEANS_future": 1180.75,
    "WHEAT_future": 638.0,
    "SP500_close": 7426.56982421875,
    "NASDAQ_close": 26257.94140625,
    "US_10Y_Treasury_Yield": 4.564000129699707,
    "VIX_close": 18.420000076293945,
    "GOLD_basis_spot_vs_near": 0.0,
    "China_10Y_Treasury_Yield": 1.7658
  }
}