{
  "latest_date": "2025-12-01",
  "latest_values": {
    "Shanghai_Composite_Index": 3914.006103515625,
    "CSI_300_Index": 4576.48583984375,
    "Shenzhen_Component_Index": 12984.080078125,
    "ALUMINUM_future": 2850.5,
    "BTC_price": 84567.15625,
    "OIL_price": 59.560001373291016,
    "USD_CNY_exchange_rate": 7.071199893951416,
    "Commodity_Index_ETF": 23.125,
    "US_Dollar_Index": 99.2020034790039,
    "ETH_price": 2741.774658203125,
    "GOLD_spot_price": 4263.89990234375,
    "LEAN_HOGS_future": 81.5250015258789,
    "COPPER_future": 5.299499988555908,
    "High_Yield_Bond_ETF": 80.43499755859375,
    "LIVE_CATTLE_future": 215.25,
    "GOLD_near_month_future": 4264.7001953125,
    "NATURAL_GAS_future": 4.824999809265137,
    "PLATINUM_future": 1676.4000244140625,
    "SILVER_future": 58.130001068115234,
    "Long_Term_Treasury_ETF": 88.79499816894531,
    "CORN_future": 435.5,
    "SOYBEANS_future": 1130.25,
    "WHEAT_future": 535.75,
    "SP500_close": 6821.14990234375,
    "NASDAQ_close": 23255.115234375,
    "US_10Y_Treasury_Yield": 4.088000297546387,
    "VIX_close": 17.200000762939453,
    "GOLD_basis_spot_vs_near": -0.80029296875,
    "China_10Y_Treasury_Yield": 1.8366
  }
}