{
  "latest_date": "2025-12-18",
  "latest_values": {
    "Shanghai_Composite_Index": 3870.278076171875,
    "CSI_300_Index": 4579.8798828125,
    "Shenzhen_Component_Index": 13224.509765625,
    "ALUMINUM_future": 2900.0,
    "BTC_price": 87291.1953125,
    "OIL_price": 55.83000183105469,
    "USD_CNY_exchange_rate": 7.0406999588012695,
    "Commodity_Index_ETF": 22.850000381469727,
    "US_Dollar_Index": 98.51000213623047,
    "ETH_price": 2856.592041015625,
    "GOLD_spot_price": 4357.0,
    "LEAN_HOGS_future": 83.125,
    "COPPER_future": 5.414999961853027,
    "High_Yield_Bond_ETF": 80.55999755859375,
    "LIVE_CATTLE_future": 229.52499389648438,
    "GOLD_near_month_future": 4356.7998046875,
    "NATURAL_GAS_future": 4.0929999351501465,
    "PLATINUM_future": 1956.800048828125,
    "SILVER_future": 66.23999786376953,
    "Long_Term_Treasury_ETF": 87.80000305175781,
    "CORN_future": 442.5,
    "SOYBEANS_future": 1058.0,
    "WHEAT_future": 506.25,
    "SP500_close": 6721.43017578125,
    "NASDAQ_close": 22693.3203125,
    "US_10Y_Treasury_Yield": 4.151000022888184,
    "VIX_close": 17.389999389648438,
    "GOLD_basis_spot_vs_near": 0.2001953125,
    "China_10Y_Treasury_Yield": 1.8356
  }
}