{
  "latest_date": "2026-07-20",
  "latest_values": {
    "Shanghai_Composite_Index": 3796.281494140625,
    "CSI_300_Index": 4598.32080078125,
    "Shenzhen_Component_Index": 13610.2314453125,
    "ALUMINUM_future": 3439.25,
    "BTC_price": 64661.03125,
    "OIL_price": 81.29000091552734,
    "USD_CNY_exchange_rate": 6.772500038146973,
    "Commodity_Index_ETF": 28.979999542236328,
    "US_Dollar_Index": 100.83799743652344,
    "ETH_price": 1876.5400390625,
    "GOLD_spot_price": 4017.699951171875,
    "LEAN_HOGS_future": 101.6500015258789,
    "COPPER_future": 6.310500144958496,
    "High_Yield_Bond_ETF": 79.6500015258789,
    "LIVE_CATTLE_future": 224.4250030517578,
    "GOLD_near_month_future": 4017.300048828125,
    "NATURAL_GAS_future": 2.88700008392334,
    "PLATINUM_future": 1604.300048828125,
    "SILVER_future": 57.04999923706055,
    "Long_Term_Treasury_ETF": 84.5199966430664,
    "CORN_future": 475.0,
    "SOYBEANS_future": 1220.0,
    "WHEAT_future": 684.25,
    "SP500_close": 7457.68994140625,
    "NASDAQ_close": 25520.240234375,
    "US_10Y_Treasury_Yield": 4.540999889373779,
    "VIX_close": 18.09000015258789,
    "GOLD_basis_spot_vs_near": 0.39990234375,
    "China_10Y_Treasury_Yield": 1.7453
  }
}