{
  "latest_date": "2025-09-15",
  "latest_values": {
    "Shanghai_Composite_Index": 3860.503662109375,
    "CSI_300_Index": 4533.0556640625,
    "Shenzhen_Component_Index": 13005.7744140625,
    "ALUMINUM_future": 2657.0,
    "BTC_price": 114784.4609375,
    "OIL_price": 63.220001220703125,
    "USD_CNY_exchange_rate": 7.1184000968933105,
    "Commodity_Index_ETF": 22.534900665283203,
    "US_Dollar_Index": 97.39299774169922,
    "ETH_price": 4495.39208984375,
    "GOLD_spot_price": 3719.0,
    "LEAN_HOGS_future": 97.94999694824219,
    "COPPER_future": 4.7104997634887695,
    "High_Yield_Bond_ETF": 81.16999816894531,
    "LIVE_CATTLE_future": 234.3249969482422,
    "GOLD_near_month_future": 3719.0,
    "NATURAL_GAS_future": 3.0,
    "PLATINUM_future": 1413.9000244140625,
    "SILVER_future": 42.96500015258789,
    "Long_Term_Treasury_ETF": 90.3499984741211,
    "CORN_future": 423.75,
    "SOYBEANS_future": 1044.75,
    "WHEAT_future": 525.0,
    "SP500_close": 6611.6298828125,
    "NASDAQ_close": 22324.375,
    "US_10Y_Treasury_Yield": 4.033999919891357,
    "VIX_close": 15.539999961853027,
    "GOLD_basis_spot_vs_near": 0.0,
    "China_10Y_Treasury_Yield": 1.8724
  }
}