{
  "latest_date": "2025-11-21",
  "latest_values": {
    "Shanghai_Composite_Index": 3834.890869140625,
    "CSI_300_Index": 4453.607421875,
    "Shenzhen_Component_Index": 12538.0712890625,
    "ALUMINUM_future": 2763.0,
    "BTC_price": 84488.1328125,
    "OIL_price": 57.86000061035156,
    "USD_CNY_exchange_rate": 7.106100082397461,
    "Commodity_Index_ETF": 22.5757999420166,
    "US_Dollar_Index": 100.25399780273438,
    "ETH_price": 2778.274658203125,
    "GOLD_spot_price": 4082.39990234375,
    "LEAN_HOGS_future": 77.82499694824219,
    "COPPER_future": 5.013500213623047,
    "High_Yield_Bond_ETF": 80.33499908447266,
    "LIVE_CATTLE_future": 214.72500610351562,
    "GOLD_near_month_future": 4082.39990234375,
    "NATURAL_GAS_future": 4.610000133514404,
    "PLATINUM_future": 1527.699951171875,
    "SILVER_future": 50.05500030517578,
    "Long_Term_Treasury_ETF": 89.33000183105469,
    "CORN_future": 425.75,
    "SOYBEANS_future": 1125.5,
    "WHEAT_future": 540.0,
    "SP500_close": 6646.4599609375,
    "NASDAQ_close": 22460.9921875,
    "US_10Y_Treasury_Yield": 4.083000183105469,
    "VIX_close": 22.84000015258789,
    "GOLD_basis_spot_vs_near": 0.0,
    "China_10Y_Treasury_Yield": 1.8166
  }
}