{
  "latest_date": "2026-06-25",
  "latest_values": {
    "Shanghai_Composite_Index": 4110.81298828125,
    "CSI_300_Index": 4941.60009765625,
    "Shenzhen_Component_Index": 16051.3203125,
    "ALUMINUM_future": 3285.0,
    "BTC_price": 59520.05859375,
    "OIL_price": 71.54000091552734,
    "USD_CNY_exchange_rate": 6.789999961853027,
    "Commodity_Index_ETF": 26.90999984741211,
    "US_Dollar_Index": 101.4010009765625,
    "ETH_price": 1570.050048828125,
    "GOLD_spot_price": 4049.39990234375,
    "LEAN_HOGS_future": 96.44999694824219,
    "COPPER_future": 6.142499923706055,
    "High_Yield_Bond_ETF": 79.83499908447266,
    "LIVE_CATTLE_future": 247.6750030517578,
    "GOLD_near_month_future": 4049.800048828125,
    "NATURAL_GAS_future": 3.2990000247955322,
    "PLATINUM_future": 1616.9000244140625,
    "SILVER_future": 58.224998474121094,
    "Long_Term_Treasury_ETF": 87.37000274658203,
    "CORN_future": 424.25,
    "SOYBEANS_future": 1155.0,
    "WHEAT_future": 599.5,
    "SP500_close": 7349.3798828125,
    "NASDAQ_close": 25327.55859375,
    "US_10Y_Treasury_Yield": 4.383999824523926,
    "VIX_close": 19.209999084472656,
    "GOLD_basis_spot_vs_near": -0.400146484375,
    "China_10Y_Treasury_Yield": 1.7351
  }
}