{
  "latest_date": "2025-11-25",
  "latest_values": {
    "Shanghai_Composite_Index": 3870.022705078125,
    "CSI_300_Index": 4490.40478515625,
    "Shenzhen_Component_Index": 12777.3125,
    "ALUMINUM_future": 2764.5,
    "BTC_price": 87404.6953125,
    "OIL_price": 58.11000061035156,
    "USD_CNY_exchange_rate": 7.084000110626221,
    "Commodity_Index_ETF": 22.520000457763672,
    "US_Dollar_Index": 99.80899810791016,
    "ETH_price": 2963.23291015625,
    "GOLD_spot_price": 4177.2998046875,
    "LEAN_HOGS_future": 78.44999694824219,
    "COPPER_future": 5.0904998779296875,
    "High_Yield_Bond_ETF": 80.87000274658203,
    "LIVE_CATTLE_future": 207.3249969482422,
    "GOLD_near_month_future": 4140.0,
    "NATURAL_GAS_future": 4.485000133514404,
    "PLATINUM_future": 1565.0,
    "SILVER_future": 51.62900161743164,
    "Long_Term_Treasury_ETF": 90.23999786376953,
    "CORN_future": 423.75,
    "SOYBEANS_future": 1124.0,
    "WHEAT_future": 526.5,
    "SP500_close": 6765.8798828125,
    "NASDAQ_close": 23025.591796875,
    "US_10Y_Treasury_Yield": 4.001999855041504,
    "VIX_close": 18.559999465942383,
    "GOLD_basis_spot_vs_near": 37.2998046875,
    "China_10Y_Treasury_Yield": 1.8301
  }
}