{
  "latest_date": "2026-03-11",
  "latest_values": {
    "Shanghai_Composite_Index": 4123.13818359375,
    "CSI_300_Index": 4674.759765625,
    "Shenzhen_Component_Index": 14354.0703125,
    "ALUMINUM_future": 3403.0,
    "BTC_price": 68998.8671875,
    "OIL_price": 86.55999755859375,
    "USD_CNY_exchange_rate": 6.872000217437744,
    "Commodity_Index_ETF": 27.600000381469727,
    "US_Dollar_Index": 99.03800201416016,
    "ETH_price": 2013.20361328125,
    "GOLD_spot_price": 5190.2001953125,
    "LEAN_HOGS_future": 87.2249984741211,
    "COPPER_future": 5.8480000495910645,
    "High_Yield_Bond_ETF": 80.04000091552734,
    "LIVE_CATTLE_future": 227.4250030517578,
    "GOLD_near_month_future": 5190.2998046875,
    "NATURAL_GAS_future": 3.1040000915527344,
    "PLATINUM_future": 2171.60009765625,
    "SILVER_future": 86.38999938964844,
    "Long_Term_Treasury_ETF": 88.27999877929688,
    "CORN_future": 457.75,
    "SOYBEANS_future": 1216.75,
    "WHEAT_future": 599.75,
    "SP500_close": 6781.47998046875,
    "NASDAQ_close": 22697.099609375,
    "US_10Y_Treasury_Yield": 4.136000156402588,
    "VIX_close": 25.579999923706055,
    "GOLD_basis_spot_vs_near": -0.099609375,
    "China_10Y_Treasury_Yield": 1.8075
  }
}