{
  "latest_date": "2026-06-21",
  "latest_values": {
    "Shanghai_Composite_Index": 4090.48095703125,
    "CSI_300_Index": 4941.60009765625,
    "Shenzhen_Component_Index": 16030.7001953125,
    "ALUMINUM_future": 3475.25,
    "BTC_price": 63542.98046875,
    "OIL_price": 77.63999938964844,
    "USD_CNY_exchange_rate": 6.764699935913086,
    "Commodity_Index_ETF": 27.6299991607666,
    "US_Dollar_Index": 100.82099914550781,
    "ETH_price": 1710.0899658203125,
    "GOLD_spot_price": 4169.5,
    "LEAN_HOGS_future": 96.7249984741211,
    "COPPER_future": 6.335999965667725,
    "High_Yield_Bond_ETF": 80.01000213623047,
    "LIVE_CATTLE_future": 246.75,
    "GOLD_near_month_future": 4169.2001953125,
    "NATURAL_GAS_future": 3.2820000648498535,
    "PLATINUM_future": 1668.199951171875,
    "SILVER_future": 64.6449966430664,
    "Long_Term_Treasury_ETF": 86.75,
    "CORN_future": 444.25,
    "SOYBEANS_future": 1142.0,
    "WHEAT_future": 613.25,
    "SP500_close": 7500.580078125,
    "NASDAQ_close": 26517.9296875,
    "US_10Y_Treasury_Yield": 4.451000213623047,
    "VIX_close": 16.399999618530273,
    "GOLD_basis_spot_vs_near": 0.2998046875,
    "China_10Y_Treasury_Yield": 1.7299
  }
}