{
  "latest_date": "2025-10-17",
  "latest_values": {
    "Shanghai_Composite_Index": 3839.75537109375,
    "CSI_300_Index": 4514.234375,
    "Shenzhen_Component_Index": 12688.935546875,
    "ALUMINUM_future": 2725.25,
    "BTC_price": 106621.0,
    "OIL_price": 57.060001373291016,
    "USD_CNY_exchange_rate": 7.126200199127197,
    "Commodity_Index_ETF": 22.113100051879883,
    "US_Dollar_Index": 98.43699645996094,
    "ETH_price": 3820.84228515625,
    "GOLD_spot_price": 4233.0,
    "LEAN_HOGS_future": 82.5,
    "COPPER_future": 4.984499931335449,
    "High_Yield_Bond_ETF": 80.62999725341797,
    "LIVE_CATTLE_future": 242.47500610351562,
    "GOLD_near_month_future": 4233.10009765625,
    "NATURAL_GAS_future": 2.999000072479248,
    "PLATINUM_future": 1632.300048828125,
    "SILVER_future": 50.36000061035156,
    "Long_Term_Treasury_ETF": 91.15499877929688,
    "CORN_future": 422.75,
    "SOYBEANS_future": 1036.25,
    "WHEAT_future": 504.0,
    "SP500_close": 6658.06005859375,
    "NASDAQ_close": 22641.2734375,
    "US_10Y_Treasury_Yield": 4.000999927520752,
    "VIX_close": 23.65999984741211,
    "GOLD_basis_spot_vs_near": -0.10009765625,
    "China_10Y_Treasury_Yield": 1.8246
  }
}