{
  "latest_date": "2026-04-14",
  "latest_values": {
    "Shanghai_Composite_Index": 3988.55810546875,
    "CSI_300_Index": 4646.16015625,
    "Shenzhen_Component_Index": 14407.8603515625,
    "ALUMINUM_future": 3589.75,
    "BTC_price": 74284.8515625,
    "OIL_price": 96.91999816894531,
    "USD_CNY_exchange_rate": 6.8277997970581055,
    "Commodity_Index_ETF": 28.959999084472656,
    "US_Dollar_Index": 98.3499984741211,
    "ETH_price": 2365.14990234375,
    "GOLD_spot_price": 4796.7998046875,
    "LEAN_HOGS_future": 102.9749984741211,
    "COPPER_future": 6.03849983215332,
    "High_Yield_Bond_ETF": 80.26000213623047,
    "LIVE_CATTLE_future": 248.6999969482422,
    "GOLD_near_month_future": 4797.0,
    "NATURAL_GAS_future": 2.618000030517578,
    "PLATINUM_future": 2095.89990234375,
    "SILVER_future": 76.25499725341797,
    "Long_Term_Treasury_ETF": 86.75,
    "CORN_future": 441.5,
    "SOYBEANS_future": 1164.25,
    "WHEAT_future": 582.0,
    "SP500_close": 6886.240234375,
    "NASDAQ_close": 23183.736328125,
    "US_10Y_Treasury_Yield": 4.296999931335449,
    "VIX_close": 19.1200008392334,
    "GOLD_basis_spot_vs_near": -0.2001953125,
    "China_10Y_Treasury_Yield": 1.7933
  }
}