{
  "latest_date": "2026-05-18",
  "latest_values": {
    "Shanghai_Composite_Index": 4131.52783203125,
    "CSI_300_Index": 4833.52392578125,
    "Shenzhen_Component_Index": 15530.2294921875,
    "ALUMINUM_future": 3527.25,
    "BTC_price": 77475.296875,
    "OIL_price": 99.30999755859375,
    "USD_CNY_exchange_rate": 6.799499988555908,
    "Commodity_Index_ETF": 31.190000534057617,
    "US_Dollar_Index": 99.0270004272461,
    "ETH_price": 2147.7900390625,
    "GOLD_spot_price": 4575.7998046875,
    "LEAN_HOGS_future": 98.75,
    "COPPER_future": 6.294000148773193,
    "High_Yield_Bond_ETF": 79.45999908447266,
    "LIVE_CATTLE_future": 253.89999389648438,
    "GOLD_near_month_future": 4575.39990234375,
    "NATURAL_GAS_future": 3.0480000972747803,
    "PLATINUM_future": 1981.5999755859375,
    "SILVER_future": 78.02999877929688,
    "Long_Term_Treasury_ETF": 83.66000366210938,
    "CORN_future": 469.5,
    "SOYBEANS_future": 1202.5,
    "WHEAT_future": 657.75,
    "SP500_close": 7408.5,
    "NASDAQ_close": 26225.140625,
    "US_10Y_Treasury_Yield": 4.572000026702881,
    "VIX_close": 18.440000534057617,
    "GOLD_basis_spot_vs_near": 0.39990234375,
    "China_10Y_Treasury_Yield": 1.7585
  }
}