{
  "latest_date": "2026-06-26",
  "latest_values": {
    "Shanghai_Composite_Index": 4120.28076171875,
    "CSI_300_Index": 4941.60009765625,
    "Shenzhen_Component_Index": 16344.080078125,
    "ALUMINUM_future": 3319.5,
    "BTC_price": 60055.2890625,
    "OIL_price": 69.02999877929688,
    "USD_CNY_exchange_rate": 6.789999961853027,
    "Commodity_Index_ETF": 26.59000015258789,
    "US_Dollar_Index": 101.33799743652344,
    "ETH_price": 1577.5799560546875,
    "GOLD_spot_price": 4098.10009765625,
    "LEAN_HOGS_future": 96.7750015258789,
    "COPPER_future": 6.208499908447266,
    "High_Yield_Bond_ETF": 79.875,
    "LIVE_CATTLE_future": 246.1750030517578,
    "GOLD_near_month_future": 4098.10009765625,
    "NATURAL_GAS_future": 3.3550000190734863,
    "PLATINUM_future": 1647.300048828125,
    "SILVER_future": 59.56999969482422,
    "Long_Term_Treasury_ETF": 87.28500366210938,
    "CORN_future": 423.75,
    "SOYBEANS_future": 1155.25,
    "WHEAT_future": 590.5,
    "SP500_close": 7375.14013671875,
    "NASDAQ_close": 25428.3046875,
    "US_10Y_Treasury_Yield": 4.372000217437744,
    "VIX_close": 18.950000762939453,
    "GOLD_basis_spot_vs_near": 0.0,
    "China_10Y_Treasury_Yield": 1.7314
  }
}