{
  "latest_date": "2026-04-07",
  "latest_values": {
    "Shanghai_Composite_Index": 3890.16455078125,
    "CSI_300_Index": 4440.6162109375,
    "Shenzhen_Component_Index": 13400.412109375,
    "ALUMINUM_future": 3438.75,
    "BTC_price": 68498.6875,
    "OIL_price": 115.47000122070312,
    "USD_CNY_exchange_rate": 6.882400035858154,
    "Commodity_Index_ETF": 29.635000228881836,
    "US_Dollar_Index": 99.9260025024414,
    "ETH_price": 2085.2958984375,
    "GOLD_spot_price": 4684.39990234375,
    "LEAN_HOGS_future": 90.4749984741211,
    "COPPER_future": 5.5945000648498535,
    "High_Yield_Bond_ETF": 79.5999984741211,
    "LIVE_CATTLE_future": 248.02499389648438,
    "GOLD_near_month_future": 4684.5,
    "NATURAL_GAS_future": 2.861999988555908,
    "PLATINUM_future": 1946.0,
    "SILVER_future": 72.30999755859375,
    "Long_Term_Treasury_ETF": 86.40080261230469,
    "CORN_future": 453.0,
    "SOYBEANS_future": 1168.0,
    "WHEAT_future": 593.5,
    "SP500_close": 6583.080078125,
    "NASDAQ_close": 21870.62109375,
    "US_10Y_Treasury_Yield": 4.336999893188477,
    "VIX_close": 25.579999923706055,
    "GOLD_basis_spot_vs_near": -0.10009765625,
    "China_10Y_Treasury_Yield": 1.8171
  }
}