{
  "latest_date": "2026-05-01",
  "latest_values": {
    "Shanghai_Composite_Index": 4112.1591796875,
    "CSI_300_Index": 4807.31005859375,
    "Shenzhen_Component_Index": 15107.5498046875,
    "ALUMINUM_future": 3461.5,
    "BTC_price": 78575.109375,
    "OIL_price": 101.8499984741211,
    "USD_CNY_exchange_rate": 6.827499866485596,
    "Commodity_Index_ETF": 30.75,
    "US_Dollar_Index": 98.1760025024414,
    "ETH_price": 2309.81005859375,
    "GOLD_spot_price": 4628.39990234375,
    "LEAN_HOGS_future": 101.32499694824219,
    "COPPER_future": 5.9664998054504395,
    "High_Yield_Bond_ETF": 80.08989715576172,
    "LIVE_CATTLE_future": 253.0,
    "GOLD_near_month_future": 4628.5,
    "NATURAL_GAS_future": 2.7809998989105225,
    "PLATINUM_future": 2000.800048828125,
    "SILVER_future": 76.2300033569336,
    "Long_Term_Treasury_ETF": 85.625,
    "CORN_future": 480.5,
    "SOYBEANS_future": 1203.5,
    "WHEAT_future": 638.5,
    "SP500_close": 7243.169921875,
    "NASDAQ_close": 25156.333984375,
    "US_10Y_Treasury_Yield": 4.380000114440918,
    "VIX_close": 16.899999618530273,
    "GOLD_basis_spot_vs_near": -0.10009765625,
    "China_10Y_Treasury_Yield": 1.7473
  }
}