{
  "latest_date": "2026-05-27",
  "latest_values": {
    "Shanghai_Composite_Index": 4145.373046875,
    "CSI_300_Index": 4947.85009765625,
    "Shenzhen_Component_Index": 15876.16015625,
    "ALUMINUM_future": 3617.5,
    "BTC_price": 74855.4375,
    "OIL_price": 89.20999908447266,
    "USD_CNY_exchange_rate": 6.79449987411499,
    "Commodity_Index_ETF": 29.4950008392334,
    "US_Dollar_Index": 99.19599914550781,
    "ETH_price": 2053.360107421875,
    "GOLD_spot_price": 4484.60009765625,
    "LEAN_HOGS_future": 102.05000305175781,
    "COPPER_future": 6.328999996185303,
    "High_Yield_Bond_ETF": 80.1449966430664,
    "LIVE_CATTLE_future": 242.47500610351562,
    "GOLD_near_month_future": 4484.7001953125,
    "NATURAL_GAS_future": 3.0869998931884766,
    "PLATINUM_future": 1930.9000244140625,
    "SILVER_future": 74.94000244140625,
    "Long_Term_Treasury_ETF": 85.31999969482422,
    "CORN_future": 452.0,
    "SOYBEANS_future": 1185.5,
    "WHEAT_future": 621.75,
    "SP500_close": 7523.43017578125,
    "NASDAQ_close": 26682.77734375,
    "US_10Y_Treasury_Yield": 4.480999946594238,
    "VIX_close": 16.530000686645508,
    "GOLD_basis_spot_vs_near": -0.10009765625,
    "China_10Y_Treasury_Yield": 1.7216
  }
}