{
  "latest_date": "2025-10-07",
  "latest_values": {
    "Shanghai_Composite_Index": 3882.777099609375,
    "CSI_300_Index": 4640.68994140625,
    "Shenzhen_Component_Index": 13526.509765625,
    "ALUMINUM_future": 2675.0,
    "BTC_price": 121822.3359375,
    "OIL_price": 61.470001220703125,
    "USD_CNY_exchange_rate": 7.11899995803833,
    "Commodity_Index_ETF": 22.6200008392334,
    "US_Dollar_Index": 98.44200134277344,
    "ETH_price": 4506.259765625,
    "GOLD_spot_price": 4000.39990234375,
    "LEAN_HOGS_future": 86.375,
    "COPPER_future": 5.090000152587891,
    "High_Yield_Bond_ETF": 80.81999969482422,
    "LIVE_CATTLE_future": 236.75,
    "GOLD_near_month_future": 4000.199951171875,
    "NATURAL_GAS_future": 3.4539999961853027,
    "PLATINUM_future": 1648.5,
    "SILVER_future": 47.35499954223633,
    "Long_Term_Treasury_ETF": 89.34500122070312,
    "CORN_future": 421.0,
    "SOYBEANS_future": 1040.5,
    "WHEAT_future": 509.5,
    "SP500_close": 6711.33984375,
    "NASDAQ_close": 22780.75390625,
    "US_10Y_Treasury_Yield": 4.120999813079834,
    "VIX_close": 17.239999771118164,
    "GOLD_basis_spot_vs_near": 0.199951171875,
    "China_10Y_Treasury_Yield": 1.8605
  }
}