{
  "latest_date": "2026-02-23",
  "latest_values": {
    "Shanghai_Composite_Index": 4082.072998046875,
    "CSI_300_Index": 4660.41015625,
    "Shenzhen_Component_Index": 14100.1904296875,
    "ALUMINUM_future": 3048.25,
    "BTC_price": 64630.93359375,
    "OIL_price": 66.23999786376953,
    "USD_CNY_exchange_rate": 6.90749979019165,
    "Commodity_Index_ETF": 24.674999237060547,
    "US_Dollar_Index": 97.64199829101562,
    "ETH_price": 1857.1434326171875,
    "GOLD_spot_price": 5234.7998046875,
    "LEAN_HOGS_future": 93.82499694824219,
    "COPPER_future": 5.7855000495910645,
    "High_Yield_Bond_ETF": 80.94499969482422,
    "LIVE_CATTLE_future": 239.1999969482422,
    "GOLD_near_month_future": 5234.60009765625,
    "NATURAL_GAS_future": 2.928999900817871,
    "PLATINUM_future": 2152.800048828125,
    "SILVER_future": 86.75,
    "Long_Term_Treasury_ETF": 89.90779876708984,
    "CORN_future": 441.5,
    "SOYBEANS_future": 1154.75,
    "WHEAT_future": 576.0,
    "SP500_close": 6851.66015625,
    "NASDAQ_close": 22677.3125,
    "US_10Y_Treasury_Yield": 4.025000095367432,
    "VIX_close": 20.969999313354492,
    "GOLD_basis_spot_vs_near": 0.19970703125,
    "China_10Y_Treasury_Yield": 1.7899
  }
}