{
  "latest_date": "2025-11-07",
  "latest_values": {
    "Shanghai_Composite_Index": 4007.760009765625,
    "CSI_300_Index": 4693.39990234375,
    "Shenzhen_Component_Index": 13452.419921875,
    "ALUMINUM_future": 2790.5,
    "BTC_price": 100647.890625,
    "OIL_price": 60.189998626708984,
    "USD_CNY_exchange_rate": 7.120200157165527,
    "Commodity_Index_ETF": 22.850000381469727,
    "US_Dollar_Index": 99.73200225830078,
    "ETH_price": 3274.488525390625,
    "GOLD_spot_price": 4016.39990234375,
    "LEAN_HOGS_future": 79.80000305175781,
    "COPPER_future": 4.994500160217285,
    "High_Yield_Bond_ETF": 80.26000213623047,
    "LIVE_CATTLE_future": 216.72500610351562,
    "GOLD_near_month_future": 4016.199951171875,
    "NATURAL_GAS_future": 4.375999927520752,
    "PLATINUM_future": 1565.300048828125,
    "SILVER_future": 48.71500015258789,
    "Long_Term_Treasury_ETF": 89.76000213623047,
    "CORN_future": 428.0,
    "SOYBEANS_future": 1111.25,
    "WHEAT_future": 533.5,
    "SP500_close": 6720.31982421875,
    "NASDAQ_close": 23053.990234375,
    "US_10Y_Treasury_Yield": 4.0929999351501465,
    "VIX_close": 20.149999618530273,
    "GOLD_basis_spot_vs_near": 0.199951171875,
    "China_10Y_Treasury_Yield": 1.8142
  }
}