{
  "latest_date": "2026-05-14",
  "latest_values": {
    "Shanghai_Composite_Index": 4242.57177734375,
    "CSI_300_Index": 4998.33984375,
    "Shenzhen_Component_Index": 16089.75,
    "ALUMINUM_future": 3626.75,
    "BTC_price": 81481.5625,
    "OIL_price": 101.56999969482422,
    "USD_CNY_exchange_rate": 6.791999816894531,
    "Commodity_Index_ETF": 31.135000228881836,
    "US_Dollar_Index": 98.83399963378906,
    "ETH_price": 2302.97998046875,
    "GOLD_spot_price": 4673.7001953125,
    "LEAN_HOGS_future": 99.6500015258789,
    "COPPER_future": 6.593999862670898,
    "High_Yield_Bond_ETF": 79.9000015258789,
    "LIVE_CATTLE_future": 246.39999389648438,
    "GOLD_near_month_future": 4673.7001953125,
    "NATURAL_GAS_future": 2.9070000648498535,
    "PLATINUM_future": 2077.800048828125,
    "SILVER_future": 84.75499725341797,
    "Long_Term_Treasury_ETF": 85.05870056152344,
    "CORN_future": 467.75,
    "SOYBEANS_future": 1193.5,
    "WHEAT_future": 658.25,
    "SP500_close": 7504.7001953125,
    "NASDAQ_close": 26654.01953125,
    "US_10Y_Treasury_Yield": 4.460999965667725,
    "VIX_close": 17.31999969482422,
    "GOLD_basis_spot_vs_near": 0.0,
    "China_10Y_Treasury_Yield": 1.7588
  }
}