{
  "latest_date": "2026-02-20",
  "latest_values": {
    "Shanghai_Composite_Index": 4082.072998046875,
    "CSI_300_Index": 4660.41015625,
    "Shenzhen_Component_Index": 14100.1904296875,
    "ALUMINUM_future": 3065.25,
    "BTC_price": 67723.6171875,
    "OIL_price": 66.37000274658203,
    "USD_CNY_exchange_rate": 6.90749979019165,
    "Commodity_Index_ETF": 24.56999969482422,
    "US_Dollar_Index": 97.74500274658203,
    "ETH_price": 1966.908935546875,
    "GOLD_spot_price": 5094.0,
    "LEAN_HOGS_future": 93.625,
    "COPPER_future": 5.857999801635742,
    "High_Yield_Bond_ETF": 80.97000122070312,
    "LIVE_CATTLE_future": 241.72500610351562,
    "GOLD_near_month_future": 5093.7998046875,
    "NATURAL_GAS_future": 2.996999979019165,
    "PLATINUM_future": 2175.39990234375,
    "SILVER_future": 83.06500244140625,
    "Long_Term_Treasury_ETF": 89.3550033569336,
    "CORN_future": 439.0,
    "SOYBEANS_future": 1152.25,
    "WHEAT_future": 578.0,
    "SP500_close": 6901.3798828125,
    "NASDAQ_close": 22875.89453125,
    "US_10Y_Treasury_Yield": 4.090000152587891,
    "VIX_close": 18.81999969482422,
    "GOLD_basis_spot_vs_near": 0.2001953125,
    "China_10Y_Treasury_Yield": 1.7899
  }
}