{
  "latest_date": "2025-10-03",
  "latest_values": {
    "Shanghai_Composite_Index": 3882.777099609375,
    "CSI_300_Index": 4640.68994140625,
    "Shenzhen_Component_Index": 13526.509765625,
    "ALUMINUM_future": 2637.75,
    "BTC_price": 120294.28125,
    "OIL_price": 60.75,
    "USD_CNY_exchange_rate": 7.119999885559082,
    "Commodity_Index_ETF": 22.34000015258789,
    "US_Dollar_Index": 97.73600006103516,
    "ETH_price": 4460.849609375,
    "GOLD_spot_price": 3898.800048828125,
    "LEAN_HOGS_future": 98.6500015258789,
    "COPPER_future": 5.022500038146973,
    "High_Yield_Bond_ETF": 80.93000030517578,
    "LIVE_CATTLE_future": 233.5,
    "GOLD_near_month_future": 3899.199951171875,
    "NATURAL_GAS_future": 3.3480000495910645,
    "PLATINUM_future": 1634.0999755859375,
    "SILVER_future": 47.79999923706055,
    "Long_Term_Treasury_ETF": 89.55000305175781,
    "CORN_future": 421.0,
    "SOYBEANS_future": 1023.5,
    "WHEAT_future": 517.25,
    "SP500_close": 6715.35009765625,
    "NASDAQ_close": 22844.05078125,
    "US_10Y_Treasury_Yield": 4.090000152587891,
    "VIX_close": 16.489999771118164,
    "GOLD_basis_spot_vs_near": -0.39990234375,
    "China_10Y_Treasury_Yield": 1.8605
  }
}