{
  "latest_date": "2026-07-15",
  "latest_values": {
    "Shanghai_Composite_Index": 3967.1259765625,
    "CSI_300_Index": 4780.7900390625,
    "Shenzhen_Component_Index": 14924.8701171875,
    "ALUMINUM_future": 3337.25,
    "BTC_price": 64883.37890625,
    "OIL_price": 79.70999908447266,
    "USD_CNY_exchange_rate": 6.7795000076293945,
    "Commodity_Index_ETF": 28.690000534057617,
    "US_Dollar_Index": 100.47699737548828,
    "ETH_price": 1925.6099853515625,
    "GOLD_spot_price": 4067.0,
    "LEAN_HOGS_future": 100.3499984741211,
    "COPPER_future": 6.378499984741211,
    "High_Yield_Bond_ETF": 79.80500030517578,
    "LIVE_CATTLE_future": 230.3249969482422,
    "GOLD_near_month_future": 4067.0,
    "NATURAL_GAS_future": 2.927999973297119,
    "PLATINUM_future": 1689.699951171875,
    "SILVER_future": 58.23500061035156,
    "Long_Term_Treasury_ETF": 84.32279968261719,
    "CORN_future": 469.25,
    "SOYBEANS_future": 1201.75,
    "WHEAT_future": 677.75,
    "SP500_close": 7561.7001953125,
    "NASDAQ_close": 26219.822265625,
    "US_10Y_Treasury_Yield": 4.545000076293945,
    "VIX_close": 15.90999984741211,
    "GOLD_basis_spot_vs_near": 0.0,
    "China_10Y_Treasury_Yield": 1.7406
  }
}