{
  "latest_date": "2026-03-12",
  "latest_values": {
    "Shanghai_Composite_Index": 4129.1025390625,
    "CSI_300_Index": 4687.56005859375,
    "Shenzhen_Component_Index": 14374.87109375,
    "ALUMINUM_future": 3517.5,
    "BTC_price": 70080.6484375,
    "OIL_price": 96.51000213623047,
    "USD_CNY_exchange_rate": 6.868899822235107,
    "Commodity_Index_ETF": 28.8700008392334,
    "US_Dollar_Index": 99.72599792480469,
    "ETH_price": 2055.615234375,
    "GOLD_spot_price": 5091.89990234375,
    "LEAN_HOGS_future": 86.07499694824219,
    "COPPER_future": 5.835000038146973,
    "High_Yield_Bond_ETF": 79.43499755859375,
    "LIVE_CATTLE_future": 226.64999389648438,
    "GOLD_near_month_future": 5091.7998046875,
    "NATURAL_GAS_future": 3.2309999465942383,
    "PLATINUM_future": 2147.10009765625,
    "SILVER_future": 84.99500274658203,
    "Long_Term_Treasury_ETF": 86.92500305175781,
    "CORN_future": 462.0,
    "SOYBEANS_future": 1225.75,
    "WHEAT_future": 597.75,
    "SP500_close": 6689.27001953125,
    "NASDAQ_close": 22369.064453125,
    "US_10Y_Treasury_Yield": 4.2729997634887695,
    "VIX_close": 26.610000610351562,
    "GOLD_basis_spot_vs_near": 0.10009765625,
    "China_10Y_Treasury_Yield": 1.8052
  }
}