{
  "latest_date": "2026-01-28",
  "latest_values": {
    "Shanghai_Composite_Index": 4139.90380859375,
    "CSI_300_Index": 4705.68994140625,
    "Shenzhen_Component_Index": 14329.91015625,
    "ALUMINUM_future": 3236.75,
    "BTC_price": 88920.84375,
    "OIL_price": 62.810001373291016,
    "USD_CNY_exchange_rate": 6.945099830627441,
    "Commodity_Index_ETF": 24.6200008392334,
    "US_Dollar_Index": 96.0530014038086,
    "ETH_price": 3002.600830078125,
    "GOLD_spot_price": 5240.2998046875,
    "LEAN_HOGS_future": 97.0250015258789,
    "COPPER_future": 5.977499961853027,
    "High_Yield_Bond_ETF": 81.16999816894531,
    "LIVE_CATTLE_future": 237.39999389648438,
    "GOLD_near_month_future": 5241.0,
    "NATURAL_GAS_future": 3.75,
    "PLATINUM_future": 2690.699951171875,
    "SILVER_future": 115.56500244140625,
    "Long_Term_Treasury_ETF": 87.80000305175781,
    "CORN_future": 428.0,
    "SOYBEANS_future": 1073.75,
    "WHEAT_future": 527.5,
    "SP500_close": 6978.60009765625,
    "NASDAQ_close": 23817.099609375,
    "US_10Y_Treasury_Yield": 4.2230000495910645,
    "VIX_close": 16.350000381469727,
    "GOLD_basis_spot_vs_near": -0.7001953125,
    "China_10Y_Treasury_Yield": 1.8311
  }
}