{
  "latest_date": "2025-11-22",
  "latest_values": {
    "Shanghai_Composite_Index": 3834.89111328125,
    "CSI_300_Index": 4453.60986328125,
    "Shenzhen_Component_Index": 12538.0703125,
    "ALUMINUM_future": 2695.25,
    "BTC_price": 83707.734375,
    "OIL_price": 58.060001373291016,
    "USD_CNY_exchange_rate": 7.106100082397461,
    "Commodity_Index_ETF": 22.530000686645508,
    "US_Dollar_Index": 100.18000030517578,
    "ETH_price": 2711.3642578125,
    "GOLD_spot_price": 4076.699951171875,
    "LEAN_HOGS_future": 77.80000305175781,
    "COPPER_future": 5.008500099182129,
    "High_Yield_Bond_ETF": 80.37000274658203,
    "LIVE_CATTLE_future": 214.4499969482422,
    "GOLD_near_month_future": 4079.5,
    "NATURAL_GAS_future": 4.579999923706055,
    "PLATINUM_future": 1513.800048828125,
    "SILVER_future": 49.87300109863281,
    "Long_Term_Treasury_ETF": 89.5,
    "CORN_future": 425.5,
    "SOYBEANS_future": 1125.0,
    "WHEAT_future": 527.0,
    "SP500_close": 6602.990234375,
    "NASDAQ_close": 22273.080078125,
    "US_10Y_Treasury_Yield": 4.063000202178955,
    "VIX_close": 23.43000030517578,
    "GOLD_basis_spot_vs_near": -2.800048828125,
    "China_10Y_Treasury_Yield": 1.8166
  }
}