{
  "latest_date": "2026-05-29",
  "latest_values": {
    "Shanghai_Composite_Index": 4068.569091796875,
    "CSI_300_Index": 4892.12109375,
    "Shenzhen_Component_Index": 15575.1337890625,
    "ALUMINUM_future": 3667.0,
    "BTC_price": 73016.9375,
    "OIL_price": 87.02999877929688,
    "USD_CNY_exchange_rate": 6.778800010681152,
    "Commodity_Index_ETF": 29.719999313354492,
    "US_Dollar_Index": 99.03700256347656,
    "ETH_price": 1992.93994140625,
    "GOLD_spot_price": 4552.5,
    "LEAN_HOGS_future": 96.9749984741211,
    "COPPER_future": 6.394999980926514,
    "High_Yield_Bond_ETF": 80.2300033569336,
    "LIVE_CATTLE_future": 249.75,
    "GOLD_near_month_future": 4552.39990234375,
    "NATURAL_GAS_future": 3.3589999675750732,
    "PLATINUM_future": 1930.199951171875,
    "SILVER_future": 75.83000183105469,
    "Long_Term_Treasury_ETF": 85.73999786376953,
    "CORN_future": 453.0,
    "SOYBEANS_future": 1198.25,
    "WHEAT_future": 622.75,
    "SP500_close": 7563.6298828125,
    "NASDAQ_close": 26917.470703125,
    "US_10Y_Treasury_Yield": 4.442999839782715,
    "VIX_close": 15.710000038146973,
    "GOLD_basis_spot_vs_near": 0.10009765625,
    "China_10Y_Treasury_Yield": 1.709
  }
}