{
  "latest_date": "2026-02-25",
  "latest_values": {
    "Shanghai_Composite_Index": 4147.23046875,
    "CSI_300_Index": 4735.8857421875,
    "Shenzhen_Component_Index": 14291.5703125,
    "ALUMINUM_future": 3111.75,
    "BTC_price": 66924.734375,
    "OIL_price": 65.52999877929688,
    "USD_CNY_exchange_rate": 6.869200229644775,
    "Commodity_Index_ETF": 24.739999771118164,
    "US_Dollar_Index": 97.8239974975586,
    "ETH_price": 1992.512939453125,
    "GOLD_spot_price": 5213.39990234375,
    "LEAN_HOGS_future": 85.5,
    "COPPER_future": 6.0289998054504395,
    "High_Yield_Bond_ETF": 80.83499908447266,
    "LIVE_CATTLE_future": 245.3000030517578,
    "GOLD_near_month_future": 5213.39990234375,
    "NATURAL_GAS_future": 2.8959999084472656,
    "PLATINUM_future": 2311.10009765625,
    "SILVER_future": 90.91000366210938,
    "Long_Term_Treasury_ETF": 89.80999755859375,
    "CORN_future": 438.75,
    "SOYBEANS_future": 1152.75,
    "WHEAT_future": 564.75,
    "SP500_close": 6921.14013671875,
    "NASDAQ_close": 23078.12890625,
    "US_10Y_Treasury_Yield": 4.053999900817871,
    "VIX_close": 18.709999084472656,
    "GOLD_basis_spot_vs_near": 0.0,
    "China_10Y_Treasury_Yield": 1.8158
  }
}