{
  "latest_date": "2026-06-02",
  "latest_values": {
    "Shanghai_Composite_Index": 4057.739990234375,
    "CSI_300_Index": 4844.259765625,
    "Shenzhen_Component_Index": 15340.3603515625,
    "ALUMINUM_future": 3790.0,
    "BTC_price": 67374.203125,
    "OIL_price": 93.58000183105469,
    "USD_CNY_exchange_rate": 6.76170015335083,
    "Commodity_Index_ETF": 30.1200008392334,
    "US_Dollar_Index": 99.24600219726562,
    "ETH_price": 1920.3399658203125,
    "GOLD_spot_price": 4520.60009765625,
    "LEAN_HOGS_future": 98.8499984741211,
    "COPPER_future": 6.659999847412109,
    "High_Yield_Bond_ETF": 79.87000274658203,
    "LIVE_CATTLE_future": 238.77499389648438,
    "GOLD_near_month_future": 4520.7998046875,
    "NATURAL_GAS_future": 3.1570000648498535,
    "PLATINUM_future": 1942.0,
    "SILVER_future": 75.71499633789062,
    "Long_Term_Treasury_ETF": 85.59359741210938,
    "CORN_future": 440.25,
    "SOYBEANS_future": 1167.5,
    "WHEAT_future": 602.75,
    "SP500_close": 7606.990234375,
    "NASDAQ_close": 27087.51953125,
    "US_10Y_Treasury_Yield": 4.456999778747559,
    "VIX_close": 16.049999237060547,
    "GOLD_basis_spot_vs_near": -0.19970703125,
    "China_10Y_Treasury_Yield": 1.7036
  }
}