{
  "latest_date": "2026-02-05",
  "latest_values": {
    "Shanghai_Composite_Index": 4102.2021484375,
    "CSI_300_Index": 4698.68017578125,
    "Shenzhen_Component_Index": 14156.26953125,
    "ALUMINUM_future": 2959.5,
    "BTC_price": 71290.625,
    "OIL_price": 64.23999786376953,
    "USD_CNY_exchange_rate": 6.940499782562256,
    "Commodity_Index_ETF": 24.190000534057617,
    "US_Dollar_Index": 97.8949966430664,
    "ETH_price": 2123.293212890625,
    "GOLD_spot_price": 4874.39990234375,
    "LEAN_HOGS_future": 87.9000015258789,
    "COPPER_future": 5.822000026702881,
    "High_Yield_Bond_ETF": 80.62000274658203,
    "LIVE_CATTLE_future": 240.52499389648438,
    "GOLD_near_month_future": 4874.0,
    "NATURAL_GAS_future": 3.4590001106262207,
    "PLATINUM_future": 2098.5,
    "SILVER_future": 77.5999984741211,
    "Long_Term_Treasury_ETF": 86.54000091552734,
    "CORN_future": 430.5,
    "SOYBEANS_future": 1102.25,
    "WHEAT_future": 529.25,
    "SP500_close": 6882.72021484375,
    "NASDAQ_close": 22904.580078125,
    "US_10Y_Treasury_Yield": 4.275000095367432,
    "VIX_close": 19.540000915527344,
    "GOLD_basis_spot_vs_near": 0.39990234375,
    "China_10Y_Treasury_Yield": 1.8169
  }
}