{
  "latest_date": "2025-12-17",
  "latest_values": {
    "Shanghai_Composite_Index": 3870.277587890625,
    "CSI_300_Index": 4579.875,
    "Shenzhen_Component_Index": 13224.513671875,
    "ALUMINUM_future": 2909.25,
    "BTC_price": 86581.390625,
    "OIL_price": 56.040000915527344,
    "USD_CNY_exchange_rate": 7.042900085449219,
    "Commodity_Index_ETF": 22.75,
    "US_Dollar_Index": 98.3479995727539,
    "ETH_price": 2845.639404296875,
    "GOLD_spot_price": 4364.7001953125,
    "LEAN_HOGS_future": 83.19999694824219,
    "COPPER_future": 5.423500061035156,
    "High_Yield_Bond_ETF": 80.5250015258789,
    "LIVE_CATTLE_future": 230.75,
    "GOLD_near_month_future": 4365.0,
    "NATURAL_GAS_future": 4.002999782562256,
    "PLATINUM_future": 1929.699951171875,
    "SILVER_future": 66.71499633789062,
    "Long_Term_Treasury_ETF": 87.70999908447266,
    "CORN_future": 438.75,
    "SOYBEANS_future": 1054.75,
    "WHEAT_future": 506.0,
    "SP500_close": 6745.5498046875,
    "NASDAQ_close": 22825.701171875,
    "US_10Y_Treasury_Yield": 4.158999919891357,
    "VIX_close": 17.360000610351562,
    "GOLD_basis_spot_vs_near": -0.2998046875,
    "China_10Y_Treasury_Yield": 1.834
  }
}