{
  "latest_date": "2026-05-06",
  "latest_values": {
    "Shanghai_Composite_Index": 4112.1591796875,
    "CSI_300_Index": 4807.31005859375,
    "Shenzhen_Component_Index": 15107.5498046875,
    "ALUMINUM_future": 3480.75,
    "BTC_price": 81301.5078125,
    "OIL_price": 95.81999969482422,
    "USD_CNY_exchange_rate": 6.830100059509277,
    "Commodity_Index_ETF": 30.209999084472656,
    "US_Dollar_Index": 98.01499938964844,
    "ETH_price": 2347.610107421875,
    "GOLD_spot_price": 4703.7001953125,
    "LEAN_HOGS_future": 99.69999694824219,
    "COPPER_future": 6.185500144958496,
    "High_Yield_Bond_ETF": 80.16000366210938,
    "LIVE_CATTLE_future": 253.47500610351562,
    "GOLD_near_month_future": 4704.2001953125,
    "NATURAL_GAS_future": 2.7170000076293945,
    "PLATINUM_future": 2075.300048828125,
    "SILVER_future": 77.78500366210938,
    "Long_Term_Treasury_ETF": 86.08000183105469,
    "CORN_future": 468.0,
    "SOYBEANS_future": 1194.25,
    "WHEAT_future": 617.75,
    "SP500_close": 7365.1201171875,
    "NASDAQ_close": 25838.943359375,
    "US_10Y_Treasury_Yield": 4.355999946594238,
    "VIX_close": 17.389999389648438,
    "GOLD_basis_spot_vs_near": -0.5,
    "China_10Y_Treasury_Yield": 1.7654
  }
}