{
  "latest_date": "2026-03-09",
  "latest_values": {
    "Shanghai_Composite_Index": 4124.19384765625,
    "CSI_300_Index": 4660.43994140625,
    "Shenzhen_Component_Index": 14172.6298828125,
    "ALUMINUM_future": 3333.0,
    "BTC_price": 67849.21875,
    "OIL_price": 101.9000015258789,
    "USD_CNY_exchange_rate": 6.915999889373779,
    "Commodity_Index_ETF": 27.510000228881836,
    "US_Dollar_Index": 99.25800323486328,
    "ETH_price": 1995.1202392578125,
    "GOLD_spot_price": 5104.10009765625,
    "LEAN_HOGS_future": 87.19999694824219,
    "COPPER_future": 5.752500057220459,
    "High_Yield_Bond_ETF": 79.69000244140625,
    "LIVE_CATTLE_future": 228.4499969482422,
    "GOLD_near_month_future": 5104.0,
    "NATURAL_GAS_future": 3.3550000190734863,
    "PLATINUM_future": 2117.39990234375,
    "SILVER_future": 83.57499694824219,
    "Long_Term_Treasury_ETF": 88.45999908447266,
    "CORN_future": 466.0,
    "SOYBEANS_future": 1214.75,
    "WHEAT_future": 620.5,
    "SP500_close": 6740.02001953125,
    "NASDAQ_close": 22387.6796875,
    "US_10Y_Treasury_Yield": 4.132999897003174,
    "VIX_close": 31.540000915527344,
    "GOLD_basis_spot_vs_near": 0.10009765625,
    "China_10Y_Treasury_Yield": 1.8054
  }
}