{
  "latest_date": "2026-03-24",
  "latest_values": {
    "Shanghai_Composite_Index": 3813.282958984375,
    "CSI_300_Index": 4418.0,
    "Shenzhen_Component_Index": 13345.509765625,
    "ALUMINUM_future": 3117.75,
    "BTC_price": 70589.84375,
    "OIL_price": 92.27999877929688,
    "USD_CNY_exchange_rate": 6.8927998542785645,
    "Commodity_Index_ETF": 28.190099716186523,
    "US_Dollar_Index": 99.4489974975586,
    "ETH_price": 2150.172607421875,
    "GOLD_spot_price": 4374.89990234375,
    "LEAN_HOGS_future": 90.80000305175781,
    "COPPER_future": 5.408999919891357,
    "High_Yield_Bond_ETF": 79.19999694824219,
    "LIVE_CATTLE_future": 235.3000030517578,
    "GOLD_near_month_future": 4375.0,
    "NATURAL_GAS_future": 2.9110000133514404,
    "PLATINUM_future": 1874.0,
    "SILVER_future": 68.6449966430664,
    "Long_Term_Treasury_ETF": 85.76000213623047,
    "CORN_future": 461.75,
    "SOYBEANS_future": 1156.0,
    "WHEAT_future": 588.75,
    "SP500_close": 6550.27001953125,
    "NASDAQ_close": 21845.80859375,
    "US_10Y_Treasury_Yield": 4.4019999504089355,
    "VIX_close": 27.389999389648438,
    "GOLD_basis_spot_vs_near": -0.10009765625,
    "China_10Y_Treasury_Yield": 1.8272
  }
}