{
  "latest_date": "2025-11-11",
  "latest_values": {
    "Shanghai_Composite_Index": 4018.596923828125,
    "CSI_300_Index": 4695.0498046875,
    "Shenzhen_Component_Index": 13427.6103515625,
    "ALUMINUM_future": 2855.0,
    "BTC_price": 105541.8671875,
    "OIL_price": 59.97999954223633,
    "USD_CNY_exchange_rate": 7.121600151062012,
    "Commodity_Index_ETF": 23.149999618530273,
    "US_Dollar_Index": 99.6709976196289,
    "ETH_price": 3565.72021484375,
    "GOLD_spot_price": 4148.0,
    "LEAN_HOGS_future": 82.5999984741211,
    "COPPER_future": 5.080999851226807,
    "High_Yield_Bond_ETF": 80.5999984741211,
    "LIVE_CATTLE_future": 228.375,
    "GOLD_near_month_future": 4147.7001953125,
    "NATURAL_GAS_future": 4.3480000495910645,
    "PLATINUM_future": 1602.0,
    "SILVER_future": 50.82500076293945,
    "Long_Term_Treasury_ETF": 89.55000305175781,
    "CORN_future": 429.0,
    "SOYBEANS_future": 1128.75,
    "WHEAT_future": 534.5,
    "SP500_close": 6832.43017578125,
    "NASDAQ_close": 23527.169921875,
    "US_10Y_Treasury_Yield": 4.110000133514404,
    "VIX_close": 17.600000381469727,
    "GOLD_basis_spot_vs_near": 0.2998046875,
    "China_10Y_Treasury_Yield": 1.8139
  }
}