{
  "latest_date": "2025-10-29",
  "latest_values": {
    "Shanghai_Composite_Index": 4016.3310546875,
    "CSI_300_Index": 4747.837890625,
    "Shenzhen_Component_Index": 13430.099609375,
    "ALUMINUM_future": 2868.75,
    "BTC_price": 111415.375,
    "OIL_price": 60.81999969482422,
    "USD_CNY_exchange_rate": 7.097499847412109,
    "Commodity_Index_ETF": 22.815000534057617,
    "US_Dollar_Index": 98.65599822998047,
    "ETH_price": 3939.587646484375,
    "GOLD_spot_price": 4007.89990234375,
    "LEAN_HOGS_future": 81.19999694824219,
    "COPPER_future": 5.24399995803833,
    "High_Yield_Bond_ETF": 81.19499969482422,
    "LIVE_CATTLE_future": 232.9499969482422,
    "GOLD_near_month_future": 4007.699951171875,
    "NATURAL_GAS_future": 3.319000005722046,
    "PLATINUM_future": 1596.300048828125,
    "SILVER_future": 47.9900016784668,
    "Long_Term_Treasury_ETF": 91.73280334472656,
    "CORN_future": 432.25,
    "SOYBEANS_future": 1096.25,
    "WHEAT_future": 530.25,
    "SP500_close": 6901.39990234375,
    "NASDAQ_close": 23917.5390625,
    "US_10Y_Treasury_Yield": 3.997000217437744,
    "VIX_close": 16.6200008392334,
    "GOLD_basis_spot_vs_near": 0.199951171875,
    "China_10Y_Treasury_Yield": 1.8208
  }
}