{
  "latest_date": "2026-05-21",
  "latest_values": {
    "Shanghai_Composite_Index": 4077.276611328125,
    "CSI_300_Index": 4783.09765625,
    "Shenzhen_Component_Index": 15247.2705078125,
    "ALUMINUM_future": 3613.25,
    "BTC_price": 77263.96875,
    "OIL_price": 100.94000244140625,
    "USD_CNY_exchange_rate": 6.814499855041504,
    "Commodity_Index_ETF": 30.8799991607666,
    "US_Dollar_Index": 99.3270034790039,
    "ETH_price": 2116.43994140625,
    "GOLD_spot_price": 4507.89990234375,
    "LEAN_HOGS_future": 97.2750015258789,
    "COPPER_future": 6.266499996185303,
    "High_Yield_Bond_ETF": 79.86000061035156,
    "LIVE_CATTLE_future": 253.27499389648438,
    "GOLD_near_month_future": 4508.0,
    "NATURAL_GAS_future": 3.1570000648498535,
    "PLATINUM_future": 1934.800048828125,
    "SILVER_future": 75.18000030517578,
    "Long_Term_Treasury_ETF": 83.91000366210938,
    "CORN_future": 465.0,
    "SOYBEANS_future": 1199.75,
    "WHEAT_future": 656.5,
    "SP500_close": 7432.97021484375,
    "NASDAQ_close": 26270.359375,
    "US_10Y_Treasury_Yield": 4.609000205993652,
    "VIX_close": 17.719999313354492,
    "GOLD_basis_spot_vs_near": -0.10009765625,
    "China_10Y_Treasury_Yield": 1.7448
  }
}