{
  "latest_date": "2025-11-12",
  "latest_values": {
    "Shanghai_Composite_Index": 4002.758056640625,
    "CSI_300_Index": 4652.169921875,
    "Shenzhen_Component_Index": 13289.0,
    "ALUMINUM_future": 2859.25,
    "BTC_price": 104865.046875,
    "OIL_price": 60.099998474121094,
    "USD_CNY_exchange_rate": 7.11460018157959,
    "Commodity_Index_ETF": 23.299999237060547,
    "US_Dollar_Index": 99.66600036621094,
    "ETH_price": 3569.35498046875,
    "GOLD_spot_price": 4133.0,
    "LEAN_HOGS_future": 83.17500305175781,
    "COPPER_future": 5.135499954223633,
    "High_Yield_Bond_ETF": 80.69000244140625,
    "LIVE_CATTLE_future": 227.3249969482422,
    "GOLD_near_month_future": 4133.10009765625,
    "NATURAL_GAS_future": 4.513000011444092,
    "PLATINUM_future": 1595.0999755859375,
    "SILVER_future": 51.57500076293945,
    "Long_Term_Treasury_ETF": 89.95999908447266,
    "CORN_future": 431.5,
    "SOYBEANS_future": 1126.75,
    "WHEAT_future": 528.25,
    "SP500_close": 6846.60986328125,
    "NASDAQ_close": 23468.30078125,
    "US_10Y_Treasury_Yield": 4.086999893188477,
    "VIX_close": 17.1200008392334,
    "GOLD_basis_spot_vs_near": -0.10009765625,
    "China_10Y_Treasury_Yield": 1.8071
  }
}