{
  "latest_date": "2025-12-22",
  "latest_values": {
    "Shanghai_Composite_Index": 3890.447998046875,
    "CSI_300_Index": 4568.18017578125,
    "Shenzhen_Component_Index": 13140.2099609375,
    "ALUMINUM_future": 2976.0,
    "BTC_price": 88772.6328125,
    "OIL_price": 56.959999084472656,
    "USD_CNY_exchange_rate": 7.039400100708008,
    "Commodity_Index_ETF": 22.850000381469727,
    "US_Dollar_Index": 98.60800170898438,
    "ETH_price": 3022.65380859375,
    "GOLD_spot_price": 4428.39990234375,
    "LEAN_HOGS_future": 84.5,
    "COPPER_future": 5.536499977111816,
    "High_Yield_Bond_ETF": 80.36000061035156,
    "LIVE_CATTLE_future": 230.8000030517578,
    "GOLD_near_month_future": 4428.2998046875,
    "NATURAL_GAS_future": 4.041999816894531,
    "PLATINUM_future": 2100.10009765625,
    "SILVER_future": 69.48500061035156,
    "Long_Term_Treasury_ETF": 87.55000305175781,
    "CORN_future": 445.25,
    "SOYBEANS_future": 1063.25,
    "WHEAT_future": 511.75,
    "SP500_close": 6834.5,
    "NASDAQ_close": 23307.619140625,
    "US_10Y_Treasury_Yield": 4.151000022888184,
    "VIX_close": 14.90999984741211,
    "GOLD_basis_spot_vs_near": 0.10009765625,
    "China_10Y_Treasury_Yield": 1.8308
  }
}