{
  "latest_date": "2026-03-13",
  "latest_values": {
    "Shanghai_Composite_Index": 4095.448486328125,
    "CSI_300_Index": 4669.14013671875,
    "Shenzhen_Component_Index": 14374.8701171875,
    "ALUMINUM_future": 3433.75,
    "BTC_price": 72704.6015625,
    "OIL_price": 95.70999908447266,
    "USD_CNY_exchange_rate": 6.895599842071533,
    "Commodity_Index_ETF": 28.59000015258789,
    "ETH_price": 2161.8916015625,
    "GOLD_spot_price": 5072.5,
    "LEAN_HOGS_future": 85.80000305175781,
    "COPPER_future": 5.804999828338623,
    "High_Yield_Bond_ETF": 79.38999938964844,
    "LIVE_CATTLE_future": 226.39999389648438,
    "GOLD_near_month_future": 5072.2998046875,
    "NATURAL_GAS_future": 3.1519999504089355,
    "PLATINUM_future": 2064.699951171875,
    "SILVER_future": 81.68000030517578,
    "Long_Term_Treasury_ETF": 86.7301025390625,
    "CORN_future": 462.5,
    "SOYBEANS_future": 1216.5,
    "WHEAT_future": 608.75,
    "SP500_close": 6671.41015625,
    "NASDAQ_close": 22263.62109375,
    "US_10Y_Treasury_Yield": 4.269000053405762,
    "VIX_close": 26.920000076293945,
    "GOLD_basis_spot_vs_near": 0.2001953125,
    "China_10Y_Treasury_Yield": 1.8143
  }
}