{
  "latest_date": "2026-07-08",
  "latest_values": {
    "Shanghai_Composite_Index": 4041.238037109375,
    "CSI_300_Index": 4842.169921875,
    "Shenzhen_Component_Index": 15416.7998046875,
    "ALUMINUM_future": 3326.75,
    "BTC_price": 63350.0,
    "OIL_price": 72.30999755859375,
    "USD_CNY_exchange_rate": 6.786799907684326,
    "Commodity_Index_ETF": 27.350000381469727,
    "US_Dollar_Index": 101.1760025024414,
    "ETH_price": 1771.6600341796875,
    "GOLD_spot_price": 4110.10009765625,
    "LEAN_HOGS_future": 96.92500305175781,
    "COPPER_future": 6.166999816894531,
    "High_Yield_Bond_ETF": 79.76000213623047,
    "LIVE_CATTLE_future": 238.35000610351562,
    "GOLD_near_month_future": 4109.60009765625,
    "NATURAL_GAS_future": 3.2730000019073486,
    "PLATINUM_future": 1641.4000244140625,
    "SILVER_future": 60.165000915527344,
    "Long_Term_Treasury_ETF": 84.55000305175781,
    "CORN_future": 463.5,
    "SOYBEANS_future": 1196.5,
    "WHEAT_future": 617.75,
    "SP500_close": 7503.85009765625,
    "NASDAQ_close": 25818.689453125,
    "US_10Y_Treasury_Yield": 4.529000282287598,
    "VIX_close": 16.1299991607666,
    "GOLD_basis_spot_vs_near": 0.5,
    "China_10Y_Treasury_Yield": 1.7406
  }
}