{
  "latest_date": "2026-03-04",
  "latest_values": {
    "Shanghai_Composite_Index": 4122.67578125,
    "CSI_300_Index": 4655.89990234375,
    "Shenzhen_Component_Index": 14022.3896484375,
    "ALUMINUM_future": 3250.0,
    "BTC_price": 67625.6875,
    "OIL_price": 75.27999877929688,
    "USD_CNY_exchange_rate": 6.917799949645996,
    "Commodity_Index_ETF": 25.90999984741211,
    "US_Dollar_Index": 99.07599639892578,
    "ETH_price": 1953.02001953125,
    "GOLD_spot_price": 5173.39990234375,
    "LEAN_HOGS_future": 95.7750015258789,
    "COPPER_future": 5.9054999351501465,
    "High_Yield_Bond_ETF": 80.12000274658203,
    "LIVE_CATTLE_future": 234.3000030517578,
    "GOLD_near_month_future": 5173.5,
    "NATURAL_GAS_future": 3.0169999599456787,
    "PLATINUM_future": 2139.199951171875,
    "SILVER_future": 84.90499877929688,
    "Long_Term_Treasury_ETF": 89.43000030517578,
    "CORN_future": 446.5,
    "SOYBEANS_future": 1169.0,
    "WHEAT_future": 575.25,
    "SP500_close": 6816.6298828125,
    "NASDAQ_close": 22516.689453125,
    "US_10Y_Treasury_Yield": 4.056000232696533,
    "VIX_close": 23.56999969482422,
    "GOLD_basis_spot_vs_near": -0.10009765625,
    "China_10Y_Treasury_Yield": 1.7807
  }
}