{
  "latest_date": "2025-11-07",
  "latest_values": {
    "Shanghai_Composite_Index": 4007.760009765625,
    "CSI_300_Index": 4693.39990234375,
    "Shenzhen_Component_Index": 13452.419921875,
    "ALUMINUM_future": 2833.25,
    "BTC_price": 101341.703125,
    "OIL_price": 60.04999923706055,
    "USD_CNY_exchange_rate": 7.121399879455566,
    "Commodity_Index_ETF": 22.850000381469727,
    "US_Dollar_Index": 99.85199737548828,
    "ETH_price": 3334.921875,
    "GOLD_spot_price": 4015.5,
    "LEAN_HOGS_future": 79.05000305175781,
    "COPPER_future": 4.986000061035156,
    "High_Yield_Bond_ETF": 80.26000213623047,
    "LIVE_CATTLE_future": 216.72500610351562,
    "GOLD_near_month_future": 4015.5,
    "NATURAL_GAS_future": 4.376999855041504,
    "PLATINUM_future": 1559.5,
    "SILVER_future": 48.560001373291016,
    "Long_Term_Treasury_ETF": 89.76000213623047,
    "CORN_future": 428.75,
    "SOYBEANS_future": 1112.25,
    "WHEAT_future": 535.75,
    "SP500_close": 6720.31982421875,
    "NASDAQ_close": 23053.990234375,
    "US_10Y_Treasury_Yield": 4.0929999351501465,
    "VIX_close": 19.700000762939453,
    "GOLD_basis_spot_vs_near": 0.0,
    "China_10Y_Treasury_Yield": 1.81
  }
}