{
  "latest_date": "2026-07-09",
  "latest_values": {
    "Shanghai_Composite_Index": 3970.8798828125,
    "CSI_300_Index": 4842.169921875,
    "Shenzhen_Component_Index": 14939.73046875,
    "ALUMINUM_future": 3405.0,
    "BTC_price": 62752.4296875,
    "OIL_price": 72.0199966430664,
    "USD_CNY_exchange_rate": 6.793399810791016,
    "Commodity_Index_ETF": 27.579999923706055,
    "US_Dollar_Index": 100.88999938964844,
    "ETH_price": 1740.1300048828125,
    "GOLD_spot_price": 4135.2001953125,
    "LEAN_HOGS_future": 98.07499694824219,
    "COPPER_future": 6.254499912261963,
    "High_Yield_Bond_ETF": 79.83499908447266,
    "LIVE_CATTLE_future": 235.14999389648438,
    "GOLD_near_month_future": 4135.10009765625,
    "NATURAL_GAS_future": 3.0160000324249268,
    "PLATINUM_future": 1626.199951171875,
    "SILVER_future": 60.625,
    "Long_Term_Treasury_ETF": 84.63500213623047,
    "CORN_future": 452.75,
    "SOYBEANS_future": 1182.5,
    "WHEAT_future": 620.0,
    "SP500_close": 7543.39990234375,
    "NASDAQ_close": 26175.375,
    "US_10Y_Treasury_Yield": 4.539000034332275,
    "VIX_close": 15.949999809265137,
    "GOLD_basis_spot_vs_near": 0.10009765625,
    "China_10Y_Treasury_Yield": 1.7376
  }
}