{
  "latest_date": "2025-11-18",
  "latest_values": {
    "Shanghai_Composite_Index": 3972.034912109375,
    "CSI_300_Index": 4598.0498046875,
    "Shenzhen_Component_Index": 13202.0,
    "ALUMINUM_future": 2746.25,
    "BTC_price": 91391.21875,
    "OIL_price": 59.900001525878906,
    "USD_CNY_exchange_rate": 7.1107001304626465,
    "Commodity_Index_ETF": 22.940000534057617,
    "US_Dollar_Index": 99.60700225830078,
    "ETH_price": 3057.90625,
    "GOLD_spot_price": 4045.10009765625,
    "LEAN_HOGS_future": 78.375,
    "COPPER_future": 4.982500076293945,
    "High_Yield_Bond_ETF": 80.08999633789062,
    "LIVE_CATTLE_future": 221.9499969482422,
    "GOLD_near_month_future": 4045.0,
    "NATURAL_GAS_future": 4.339000225067139,
    "PLATINUM_future": 1549.199951171875,
    "SILVER_future": 50.34000015258789,
    "Long_Term_Treasury_ETF": 89.08999633789062,
    "CORN_future": 435.75,
    "SOYBEANS_future": 1158.75,
    "WHEAT_future": 559.75,
    "SP500_close": 6672.41015625,
    "NASDAQ_close": 22708.0703125,
    "US_10Y_Treasury_Yield": 4.132999897003174,
    "VIX_close": 23.190000534057617,
    "GOLD_basis_spot_vs_near": 0.10009765625,
    "China_10Y_Treasury_Yield": 1.8121
  }
}