{
  "latest_date": "2026-02-03",
  "latest_values": {
    "Shanghai_Composite_Index": 4015.74609375,
    "CSI_300_Index": 4660.107421875,
    "Shenzhen_Component_Index": 13824.349609375,
    "ALUMINUM_future": 3027.0,
    "BTC_price": 74527.0703125,
    "OIL_price": 63.5099983215332,
    "USD_CNY_exchange_rate": 6.93720006942749,
    "Commodity_Index_ETF": 24.0393009185791,
    "US_Dollar_Index": 97.45899963378906,
    "ETH_price": 2190.8984375,
    "GOLD_spot_price": 4937.0,
    "LEAN_HOGS_future": 88.625,
    "COPPER_future": 6.058000087738037,
    "High_Yield_Bond_ETF": 80.63500213623047,
    "LIVE_CATTLE_future": 240.4499969482422,
    "GOLD_near_month_future": 4936.7001953125,
    "NATURAL_GAS_future": 3.3359999656677246,
    "PLATINUM_future": 2207.39990234375,
    "SILVER_future": 83.70999908447266,
    "Long_Term_Treasury_ETF": 86.69000244140625,
    "CORN_future": 428.75,
    "SOYBEANS_future": 1066.75,
    "WHEAT_future": 529.25,
    "SP500_close": 6889.31005859375,
    "NASDAQ_close": 23103.00390625,
    "US_10Y_Treasury_Yield": 4.269000053405762,
    "VIX_close": 19.270000457763672,
    "GOLD_basis_spot_vs_near": 0.2998046875,
    "China_10Y_Treasury_Yield": 1.8172
  }
}