{
  "latest_date": "2025-10-17",
  "latest_values": {
    "Shanghai_Composite_Index": 3916.22802734375,
    "CSI_300_Index": 4618.419921875,
    "Shenzhen_Component_Index": 13086.41015625,
    "ALUMINUM_future": 2752.0,
    "BTC_price": 105087.0546875,
    "OIL_price": 56.880001068115234,
    "USD_CNY_exchange_rate": 7.126200199127197,
    "Commodity_Index_ETF": 22.139999389648438,
    "US_Dollar_Index": 98.27999877929688,
    "ETH_price": 3723.322265625,
    "GOLD_spot_price": 4354.10009765625,
    "LEAN_HOGS_future": 82.55000305175781,
    "COPPER_future": 4.903500080108643,
    "High_Yield_Bond_ETF": 80.51000213623047,
    "LIVE_CATTLE_future": 247.75,
    "GOLD_near_month_future": 4353.89990234375,
    "NATURAL_GAS_future": 2.9119999408721924,
    "PLATINUM_future": 1682.0999755859375,
    "SILVER_future": 52.630001068115234,
    "Long_Term_Treasury_ETF": 91.33999633789062,
    "CORN_future": 423.0,
    "SOYBEANS_future": 1013.25,
    "WHEAT_future": 503.5,
    "SP500_close": 6629.06982421875,
    "NASDAQ_close": 22562.5390625,
    "US_10Y_Treasury_Yield": 3.9760000705718994,
    "VIX_close": 27.649999618530273,
    "GOLD_basis_spot_vs_near": 0.2001953125,
    "China_10Y_Treasury_Yield": 1.8407
  }
}