{
  "latest_date": "2026-03-30",
  "latest_values": {
    "Shanghai_Composite_Index": 3913.72412109375,
    "CSI_300_Index": 4502.56982421875,
    "Shenzhen_Component_Index": 13760.3701171875,
    "ALUMINUM_future": 3365.75,
    "BTC_price": 66558.609375,
    "OIL_price": 102.76000213623047,
    "Commodity_Index_ETF": 29.100000381469727,
    "US_Dollar_Index": 100.18699645996094,
    "ETH_price": 2007.6011962890625,
    "GOLD_spot_price": 4486.2998046875,
    "LEAN_HOGS_future": 106.125,
    "COPPER_future": 5.459000110626221,
    "High_Yield_Bond_ETF": 78.72000122070312,
    "LIVE_CATTLE_future": 238.77499389648438,
    "GOLD_near_month_future": 4486.0,
    "NATURAL_GAS_future": 2.934999942779541,
    "PLATINUM_future": 1881.5999755859375,
    "SILVER_future": 69.05500030517578,
    "Long_Term_Treasury_ETF": 85.63999938964844,
    "CORN_future": 465.0,
    "SOYBEANS_future": 1166.5,
    "WHEAT_future": 610.75,
    "SP500_close": 6368.85009765625,
    "NASDAQ_close": 20948.359375,
    "US_10Y_Treasury_Yield": 4.440000057220459,
    "VIX_close": 31.049999237060547,
    "GOLD_basis_spot_vs_near": 0.2998046875,
    "China_10Y_Treasury_Yield": 1.8172
  }
}