{
  "latest_date": "2026-02-11",
  "latest_values": {
    "Shanghai_Composite_Index": 4123.08984375,
    "CSI_300_Index": 4719.06005859375,
    "Shenzhen_Component_Index": 14208.4404296875,
    "ALUMINUM_future": 3017.0,
    "BTC_price": 68880.0390625,
    "OIL_price": 64.27999877929688,
    "USD_CNY_exchange_rate": 6.914700031280518,
    "Commodity_Index_ETF": 24.139999389648438,
    "US_Dollar_Index": 96.77200317382812,
    "ETH_price": 2016.29638671875,
    "GOLD_spot_price": 5058.0,
    "LEAN_HOGS_future": 95.57499694824219,
    "COPPER_future": 5.903500080108643,
    "High_Yield_Bond_ETF": 80.83999633789062,
    "LIVE_CATTLE_future": 237.4499969482422,
    "GOLD_near_month_future": 5059.2998046875,
    "NATURAL_GAS_future": 3.1410000324249268,
    "PLATINUM_future": 2104.39990234375,
    "SILVER_future": 81.12000274658203,
    "Long_Term_Treasury_ETF": 88.52999877929688,
    "CORN_future": 428.75,
    "SOYBEANS_future": 1121.75,
    "WHEAT_future": 531.0,
    "SP500_close": 6941.81005859375,
    "NASDAQ_close": 23102.474609375,
    "US_10Y_Treasury_Yield": 4.147000312805176,
    "VIX_close": 17.790000915527344,
    "GOLD_basis_spot_vs_near": -1.2998046875,
    "China_10Y_Treasury_Yield": 1.8094
  }
}