{
  "latest_date": "2026-02-18",
  "latest_values": {
    "Shanghai_Composite_Index": 4082.072998046875,
    "CSI_300_Index": 4660.41015625,
    "Shenzhen_Component_Index": 14100.1904296875,
    "ALUMINUM_future": 3024.0,
    "BTC_price": 67376.3046875,
    "OIL_price": 63.040000915527344,
    "USD_CNY_exchange_rate": 6.903200149536133,
    "Commodity_Index_ETF": 23.59000015258789,
    "US_Dollar_Index": 97.2979965209961,
    "ETH_price": 1983.6488037109375,
    "GOLD_spot_price": 4933.2001953125,
    "LEAN_HOGS_future": 82.3499984741211,
    "COPPER_future": 5.705999851226807,
    "High_Yield_Bond_ETF": 80.80999755859375,
    "LIVE_CATTLE_future": 246.1999969482422,
    "GOLD_near_month_future": 4933.2001953125,
    "NATURAL_GAS_future": 3.0179998874664307,
    "PLATINUM_future": 2051.699951171875,
    "SILVER_future": 75.70999908447266,
    "Long_Term_Treasury_ETF": 89.87000274658203,
    "CORN_future": 428.0,
    "SOYBEANS_future": 1158.0,
    "WHEAT_future": 549.0,
    "SP500_close": 6843.22021484375,
    "NASDAQ_close": 22578.380859375,
    "US_10Y_Treasury_Yield": 4.052000045776367,
    "VIX_close": 19.489999771118164,
    "GOLD_basis_spot_vs_near": 0.0,
    "China_10Y_Treasury_Yield": 1.7899
  }
}