{
  "latest_date": "2026-01-29",
  "latest_values": {
    "Shanghai_Composite_Index": 4157.984375,
    "CSI_300_Index": 4753.86962890625,
    "Shenzhen_Component_Index": 14300.076171875,
    "ALUMINUM_future": 3220.0,
    "BTC_price": 84381.265625,
    "OIL_price": 65.44999694824219,
    "USD_CNY_exchange_rate": 6.947500228881836,
    "Commodity_Index_ETF": 25.299999237060547,
    "US_Dollar_Index": 96.16200256347656,
    "ETH_price": 2817.29736328125,
    "GOLD_spot_price": 5408.60009765625,
    "LEAN_HOGS_future": 95.32499694824219,
    "COPPER_future": 6.276500225067139,
    "High_Yield_Bond_ETF": 81.02999877929688,
    "LIVE_CATTLE_future": 237.27499389648438,
    "GOLD_near_month_future": 5409.5,
    "NATURAL_GAS_future": 3.885999917984009,
    "PLATINUM_future": 2632.5,
    "SILVER_future": 115.58999633789062,
    "Long_Term_Treasury_ETF": 87.62000274658203,
    "CORN_future": 431.0,
    "SOYBEANS_future": 1072.0,
    "WHEAT_future": 541.75,
    "SP500_close": 6969.009765625,
    "NASDAQ_close": 23685.12109375,
    "US_10Y_Treasury_Yield": 4.2270002365112305,
    "VIX_close": 16.8799991607666,
    "GOLD_basis_spot_vs_near": -0.89990234375,
    "China_10Y_Treasury_Yield": 1.8174
  }
}