{
  "latest_date": "2026-03-05",
  "latest_values": {
    "Shanghai_Composite_Index": 4082.47412109375,
    "CSI_300_Index": 4602.6298828125,
    "Shenzhen_Component_Index": 13917.75,
    "ALUMINUM_future": 3317.25,
    "BTC_price": 72630.4765625,
    "OIL_price": 77.0999984741211,
    "USD_CNY_exchange_rate": 6.895899772644043,
    "Commodity_Index_ETF": 26.139999389648438,
    "US_Dollar_Index": 99.01699829101562,
    "ETH_price": 2129.259765625,
    "GOLD_spot_price": 5175.39990234375,
    "LEAN_HOGS_future": 97.125,
    "COPPER_future": 5.86299991607666,
    "High_Yield_Bond_ETF": 80.4000015258789,
    "LIVE_CATTLE_future": 238.52499389648438,
    "GOLD_near_month_future": 5175.60009765625,
    "NATURAL_GAS_future": 2.9709999561309814,
    "PLATINUM_future": 2160.10009765625,
    "SILVER_future": 83.54499816894531,
    "Long_Term_Treasury_ETF": 89.1500015258789,
    "CORN_future": 444.5,
    "SOYBEANS_future": 1170.75,
    "WHEAT_future": 571.0,
    "SP500_close": 6869.5,
    "NASDAQ_close": 22807.48046875,
    "US_10Y_Treasury_Yield": 4.079999923706055,
    "VIX_close": 21.149999618530273,
    "GOLD_basis_spot_vs_near": -0.2001953125,
    "China_10Y_Treasury_Yield": 1.7768
  }
}