{
  "latest_date": "2026-02-23",
  "latest_values": {
    "Shanghai_Composite_Index": 4082.072998046875,
    "CSI_300_Index": 4660.41015625,
    "Shenzhen_Component_Index": 14100.1904296875,
    "ALUMINUM_future": 3070.25,
    "BTC_price": 64773.41796875,
    "OIL_price": 65.94999694824219,
    "USD_CNY_exchange_rate": 6.90749979019165,
    "Commodity_Index_ETF": 24.600000381469727,
    "US_Dollar_Index": 97.43599700927734,
    "ETH_price": 1863.239990234375,
    "GOLD_spot_price": 5191.39990234375,
    "LEAN_HOGS_future": 93.67500305175781,
    "COPPER_future": 5.830999851226807,
    "High_Yield_Bond_ETF": 81.0,
    "LIVE_CATTLE_future": 242.0,
    "GOLD_near_month_future": 5191.5,
    "NATURAL_GAS_future": 3.0910000801086426,
    "PLATINUM_future": 2194.5,
    "SILVER_future": 87.29000091552734,
    "Long_Term_Treasury_ETF": 89.41000366210938,
    "CORN_future": 438.5,
    "SOYBEANS_future": 1145.5,
    "WHEAT_future": 576.25,
    "SP500_close": 6909.509765625,
    "NASDAQ_close": 22886.0703125,
    "US_10Y_Treasury_Yield": 4.085999965667725,
    "VIX_close": 19.09000015258789,
    "GOLD_basis_spot_vs_near": -0.10009765625,
    "China_10Y_Treasury_Yield": 1.7899
  }
}