{
  "latest_date": "2026-03-12",
  "latest_values": {
    "Shanghai_Composite_Index": 4133.43310546875,
    "CSI_300_Index": 4704.5,
    "Shenzhen_Component_Index": 14465.41015625,
    "ALUMINUM_future": 3475.0,
    "BTC_price": 70440.28125,
    "OIL_price": 91.44000244140625,
    "USD_CNY_exchange_rate": 6.86959981918335,
    "Commodity_Index_ETF": 28.1299991607666,
    "US_Dollar_Index": 99.33000183105469,
    "ETH_price": 2070.8037109375,
    "GOLD_spot_price": 5186.5,
    "LEAN_HOGS_future": 86.875,
    "COPPER_future": 5.881499767303467,
    "High_Yield_Bond_ETF": 79.86000061035156,
    "LIVE_CATTLE_future": 225.64999389648438,
    "GOLD_near_month_future": 5186.5,
    "NATURAL_GAS_future": 3.174999952316284,
    "PLATINUM_future": 2195.300048828125,
    "SILVER_future": 87.20500183105469,
    "Long_Term_Treasury_ETF": 87.13999938964844,
    "CORN_future": 465.0,
    "SOYBEANS_future": 1225.25,
    "WHEAT_future": 600.0,
    "SP500_close": 6775.7998046875,
    "NASDAQ_close": 22716.130859375,
    "US_10Y_Treasury_Yield": 4.208000183105469,
    "VIX_close": 25.309999465942383,
    "GOLD_basis_spot_vs_near": 0.0,
    "China_10Y_Treasury_Yield": 1.8052
  }
}