{
  "latest_date": "2026-03-10",
  "latest_values": {
    "Shanghai_Composite_Index": 4096.60302734375,
    "CSI_300_Index": 4615.4599609375,
    "Shenzhen_Component_Index": 14067.5,
    "ALUMINUM_future": 3273.5,
    "BTC_price": 69881.6875,
    "OIL_price": 88.23999786376953,
    "USD_CNY_exchange_rate": 6.880199909210205,
    "Commodity_Index_ETF": 27.139999389648438,
    "US_Dollar_Index": 98.7979965209961,
    "ETH_price": 2041.041015625,
    "GOLD_spot_price": 5184.5,
    "LEAN_HOGS_future": 94.82499694824219,
    "COPPER_future": 5.9105000495910645,
    "High_Yield_Bond_ETF": 80.16999816894531,
    "LIVE_CATTLE_future": 230.125,
    "GOLD_near_month_future": 5185.10009765625,
    "NATURAL_GAS_future": 3.0869998931884766,
    "PLATINUM_future": 2200.39990234375,
    "SILVER_future": 89.41500091552734,
    "Long_Term_Treasury_ETF": 89.2300033569336,
    "CORN_future": 449.0,
    "SOYBEANS_future": 1189.5,
    "WHEAT_future": 592.25,
    "SP500_close": 6795.990234375,
    "NASDAQ_close": 22695.94921875,
    "US_10Y_Treasury_Yield": 4.136000156402588,
    "VIX_close": 25.5,
    "GOLD_basis_spot_vs_near": -0.60009765625,
    "China_10Y_Treasury_Yield": 1.8054
  }
}