{
  "latest_date": "2026-06-18",
  "latest_values": {
    "Shanghai_Composite_Index": 4108.076171875,
    "CSI_300_Index": 4777.31982421875,
    "Shenzhen_Component_Index": 15880.9501953125,
    "ALUMINUM_future": 3478.0,
    "BTC_price": 62922.01953125,
    "OIL_price": 75.62000274658203,
    "USD_CNY_exchange_rate": 6.757199764251709,
    "Commodity_Index_ETF": 27.625,
    "US_Dollar_Index": 100.83200073242188,
    "ETH_price": 1705.1300048828125,
    "GOLD_spot_price": 4232.7998046875,
    "LEAN_HOGS_future": 96.7249984741211,
    "COPPER_future": 6.379000186920166,
    "High_Yield_Bond_ETF": 79.97989654541016,
    "LIVE_CATTLE_future": 246.75,
    "GOLD_near_month_future": 4233.10009765625,
    "NATURAL_GAS_future": 3.2330000400543213,
    "PLATINUM_future": 1698.699951171875,
    "SILVER_future": 65.7300033569336,
    "Long_Term_Treasury_ETF": 86.69999694824219,
    "CORN_future": 417.5,
    "SOYBEANS_future": 1142.0,
    "WHEAT_future": 613.25,
    "SP500_close": 7505.83984375,
    "NASDAQ_close": 26537.396484375,
    "US_10Y_Treasury_Yield": 4.450999736785889,
    "VIX_close": 16.549999237060547,
    "GOLD_basis_spot_vs_near": -0.30029296875,
    "China_10Y_Treasury_Yield": 1.7299
  }
}