{
  "latest_date": "2026-05-29",
  "latest_values": {
    "Shanghai_Composite_Index": 4098.63623046875,
    "CSI_300_Index": 4914.2099609375,
    "Shenzhen_Component_Index": 15861.8896484375,
    "ALUMINUM_future": 3657.75,
    "BTC_price": 74109.5,
    "OIL_price": 86.8499984741211,
    "USD_CNY_exchange_rate": 6.765699863433838,
    "Commodity_Index_ETF": 29.350000381469727,
    "US_Dollar_Index": 98.86000061035156,
    "ETH_price": 2037.969970703125,
    "GOLD_spot_price": 4599.0,
    "LEAN_HOGS_future": 99.92500305175781,
    "COPPER_future": 6.38700008392334,
    "High_Yield_Bond_ETF": 80.3550033569336,
    "LIVE_CATTLE_future": 239.5500030517578,
    "GOLD_near_month_future": 4599.0,
    "NATURAL_GAS_future": 3.3239998817443848,
    "PLATINUM_future": 1926.800048828125,
    "SILVER_future": 76.02999877929688,
    "Long_Term_Treasury_ETF": 85.82270050048828,
    "CORN_future": 446.25,
    "SOYBEANS_future": 1184.0,
    "WHEAT_future": 610.25,
    "SP500_close": 7585.93017578125,
    "NASDAQ_close": 26990.458984375,
    "US_10Y_Treasury_Yield": 4.434000015258789,
    "VIX_close": 15.279999732971191,
    "GOLD_basis_spot_vs_near": 0.0,
    "China_10Y_Treasury_Yield": 1.709
  }
}