{
  "latest_date": "2026-04-01",
  "latest_values": {
    "Shanghai_Composite_Index": 3891.861083984375,
    "CSI_300_Index": 4450.0498046875,
    "Shenzhen_Component_Index": 13478.0595703125,
    "ALUMINUM_future": 3445.75,
    "BTC_price": 68176.4921875,
    "OIL_price": 99.04000091552734,
    "USD_CNY_exchange_rate": 6.894199848175049,
    "Commodity_Index_ETF": 28.68000030517578,
    "US_Dollar_Index": 99.552001953125,
    "ETH_price": 2141.784423828125,
    "GOLD_spot_price": 4802.2001953125,
    "LEAN_HOGS_future": 105.19999694824219,
    "COPPER_future": 5.622000217437744,
    "High_Yield_Bond_ETF": 79.37000274658203,
    "LIVE_CATTLE_future": 244.22500610351562,
    "GOLD_near_month_future": 4802.39990234375,
    "NATURAL_GAS_future": 2.819999933242798,
    "PLATINUM_future": 1963.9000244140625,
    "SILVER_future": 75.48500061035156,
    "Long_Term_Treasury_ETF": 86.26000213623047,
    "CORN_future": 453.0,
    "SOYBEANS_future": 1167.25,
    "WHEAT_future": 597.5,
    "SP500_close": 6575.31982421875,
    "NASDAQ_close": 21840.947265625,
    "US_10Y_Treasury_Yield": 4.318999767303467,
    "VIX_close": 24.540000915527344,
    "GOLD_basis_spot_vs_near": -0.19970703125,
    "China_10Y_Treasury_Yield": 1.8244
  }
}