{
  "latest_date": "2026-06-25",
  "latest_values": {
    "Shanghai_Composite_Index": 4110.81298828125,
    "CSI_300_Index": 4941.60009765625,
    "Shenzhen_Component_Index": 16051.3203125,
    "ALUMINUM_future": 3287.0,
    "BTC_price": 59200.0,
    "OIL_price": 71.5199966430664,
    "USD_CNY_exchange_rate": 6.789999961853027,
    "Commodity_Index_ETF": 26.81999969482422,
    "US_Dollar_Index": 101.38800048828125,
    "ETH_price": 1557.3599853515625,
    "GOLD_spot_price": 4042.39990234375,
    "LEAN_HOGS_future": 96.80000305175781,
    "COPPER_future": 6.139500141143799,
    "High_Yield_Bond_ETF": 79.8499984741211,
    "LIVE_CATTLE_future": 246.52499389648438,
    "GOLD_near_month_future": 4042.5,
    "NATURAL_GAS_future": 3.2720000743865967,
    "PLATINUM_future": 1621.0,
    "SILVER_future": 58.27000045776367,
    "Long_Term_Treasury_ETF": 87.42500305175781,
    "CORN_future": 420.25,
    "SOYBEANS_future": 1152.0,
    "WHEAT_future": 596.75,
    "SP500_close": 7351.009765625,
    "NASDAQ_close": 25306.734375,
    "US_10Y_Treasury_Yield": 4.380000114440918,
    "VIX_close": 19.200000762939453,
    "GOLD_basis_spot_vs_near": -0.10009765625,
    "China_10Y_Treasury_Yield": 1.7351
  }
}