{
  "latest_date": "2025-10-17",
  "latest_values": {
    "Shanghai_Composite_Index": 3839.75537109375,
    "CSI_300_Index": 4514.234375,
    "Shenzhen_Component_Index": 12688.935546875,
    "ALUMINUM_future": 2695.25,
    "BTC_price": 107355.140625,
    "OIL_price": 57.63999938964844,
    "USD_CNY_exchange_rate": 7.123000144958496,
    "Commodity_Index_ETF": 22.1200008392334,
    "US_Dollar_Index": 98.54100036621094,
    "ETH_price": 3878.65185546875,
    "GOLD_spot_price": 4267.89990234375,
    "LEAN_HOGS_future": 82.3499984741211,
    "COPPER_future": 4.997499942779541,
    "High_Yield_Bond_ETF": 80.72000122070312,
    "LIVE_CATTLE_future": 242.0,
    "GOLD_near_month_future": 4267.10009765625,
    "NATURAL_GAS_future": 3.0,
    "PLATINUM_future": 1629.800048828125,
    "SILVER_future": 50.625,
    "Long_Term_Treasury_ETF": 91.19999694824219,
    "CORN_future": 423.0,
    "SOYBEANS_future": 1037.75,
    "WHEAT_future": 504.5,
    "SP500_close": 6664.009765625,
    "NASDAQ_close": 22679.974609375,
    "US_10Y_Treasury_Yield": 4.006999969482422,
    "VIX_close": 20.780000686645508,
    "GOLD_basis_spot_vs_near": 0.7998046875,
    "China_10Y_Treasury_Yield": 1.8246
  }
}