{
  "latest_date": "2026-07-10",
  "latest_values": {
    "Shanghai_Composite_Index": 4036.587890625,
    "CSI_300_Index": 4842.169921875,
    "Shenzhen_Component_Index": 15398.73046875,
    "ALUMINUM_future": 3303.0,
    "BTC_price": 63874.1796875,
    "OIL_price": 71.36000061035156,
    "USD_CNY_exchange_rate": 6.802499771118164,
    "Commodity_Index_ETF": 27.514999389648438,
    "US_Dollar_Index": 100.94999694824219,
    "ETH_price": 1789.0699462890625,
    "GOLD_spot_price": 4111.7001953125,
    "LEAN_HOGS_future": 98.9000015258789,
    "COPPER_future": 6.278500080108643,
    "High_Yield_Bond_ETF": 79.67500305175781,
    "LIVE_CATTLE_future": 235.0,
    "GOLD_near_month_future": 4111.89990234375,
    "NATURAL_GAS_future": 2.933000087738037,
    "PLATINUM_future": 1628.800048828125,
    "SILVER_future": 59.974998474121094,
    "Long_Term_Treasury_ETF": 84.38500213623047,
    "CORN_future": 460.0,
    "SOYBEANS_future": 1189.5,
    "WHEAT_future": 639.0,
    "SP500_close": 7570.27001953125,
    "NASDAQ_close": 26284.23828125,
    "US_10Y_Treasury_Yield": 4.565000057220459,
    "VIX_close": 15.34000015258789,
    "GOLD_basis_spot_vs_near": -0.19970703125,
    "China_10Y_Treasury_Yield": 1.7398
  }
}