{
  "latest_date": "2026-02-27",
  "latest_values": {
    "Shanghai_Composite_Index": 4146.630859375,
    "CSI_300_Index": 4726.8701171875,
    "Shenzhen_Component_Index": 14503.7900390625,
    "ALUMINUM_future": 3078.75,
    "BTC_price": 66261.359375,
    "OIL_price": 67.61000061035156,
    "USD_CNY_exchange_rate": 6.857399940490723,
    "Commodity_Index_ETF": 24.760000228881836,
    "US_Dollar_Index": 97.80799865722656,
    "ETH_price": 1961.4781494140625,
    "GOLD_spot_price": 5244.2001953125,
    "LEAN_HOGS_future": 85.69999694824219,
    "COPPER_future": 6.093999862670898,
    "High_Yield_Bond_ETF": 80.8499984741211,
    "LIVE_CATTLE_future": 231.27499389648438,
    "GOLD_near_month_future": 5243.39990234375,
    "NATURAL_GAS_future": 2.875999927520752,
    "PLATINUM_future": 2377.10009765625,
    "SILVER_future": 92.70500183105469,
    "Long_Term_Treasury_ETF": 90.2699966430664,
    "CORN_future": 447.5,
    "SOYBEANS_future": 1169.25,
    "WHEAT_future": 587.0,
    "SP500_close": 6908.85986328125,
    "NASDAQ_close": 22878.380859375,
    "US_10Y_Treasury_Yield": 3.986999988555908,
    "VIX_close": 21.15999984741211,
    "GOLD_basis_spot_vs_near": 0.80029296875,
    "China_10Y_Treasury_Yield": 1.7877
  }
}