{
  "latest_date": "2025-10-21",
  "latest_values": {
    "Shanghai_Composite_Index": 3863.89306640625,
    "CSI_300_Index": 4538.22021484375,
    "Shenzhen_Component_Index": 12813.2099609375,
    "ALUMINUM_future": 2711.0,
    "BTC_price": 107796.671875,
    "OIL_price": 56.81999969482422,
    "USD_CNY_exchange_rate": 7.126399993896484,
    "Commodity_Index_ETF": 22.34000015258789,
    "US_Dollar_Index": 98.69400024414062,
    "ETH_price": 3854.207763671875,
    "GOLD_spot_price": 4360.5,
    "LEAN_HOGS_future": 82.25,
    "COPPER_future": 5.040999889373779,
    "High_Yield_Bond_ETF": 80.87999725341797,
    "LIVE_CATTLE_future": 243.6750030517578,
    "GOLD_near_month_future": 4360.39990234375,
    "NATURAL_GAS_future": 3.382999897003174,
    "PLATINUM_future": 1646.0,
    "SILVER_future": 50.81999969482422,
    "Long_Term_Treasury_ETF": 91.55000305175781,
    "CORN_future": 423.5,
    "SOYBEANS_future": 1052.5,
    "WHEAT_future": 504.75,
    "SP500_close": 6735.1298828125,
    "NASDAQ_close": 22990.5390625,
    "US_10Y_Treasury_Yield": 3.9860000610351562,
    "VIX_close": 18.229999542236328,
    "GOLD_basis_spot_vs_near": 0.10009765625,
    "China_10Y_Treasury_Yield": 1.8498
  }
}