{
  "latest_date": "2025-12-12",
  "latest_values": {
    "Shanghai_Composite_Index": 3889.345703125,
    "CSI_300_Index": 4580.9501953125,
    "Shenzhen_Component_Index": 13258.328125,
    "ALUMINUM_future": 2849.5,
    "BTC_price": 90171.9375,
    "OIL_price": 57.70000076293945,
    "USD_CNY_exchange_rate": 7.054299831390381,
    "Commodity_Index_ETF": 22.934999465942383,
    "US_Dollar_Index": 98.48200225830078,
    "ETH_price": 3071.065185546875,
    "GOLD_spot_price": 4303.39990234375,
    "LEAN_HOGS_future": 84.5999984741211,
    "COPPER_future": 5.333499908447266,
    "High_Yield_Bond_ETF": 80.625,
    "LIVE_CATTLE_future": 229.60000610351562,
    "GOLD_near_month_future": 4303.2998046875,
    "NATURAL_GAS_future": 4.0970001220703125,
    "PLATINUM_future": 1748.800048828125,
    "SILVER_future": 61.345001220703125,
    "Long_Term_Treasury_ETF": 87.30000305175781,
    "CORN_future": 444.0,
    "SOYBEANS_future": 1080.0,
    "WHEAT_future": 533.75,
    "SP500_close": 6825.35986328125,
    "NASDAQ_close": 23199.3671875,
    "US_10Y_Treasury_Yield": 4.188000202178955,
    "VIX_close": 17.389999389648438,
    "GOLD_basis_spot_vs_near": 0.10009765625,
    "China_10Y_Treasury_Yield": 1.8396
  }
}