{
  "latest_date": "2026-03-09",
  "latest_values": {
    "Shanghai_Composite_Index": 4096.6025390625,
    "CSI_300_Index": 4615.455078125,
    "Shenzhen_Component_Index": 14067.5029296875,
    "ALUMINUM_future": 3326.0,
    "BTC_price": 69014.0234375,
    "OIL_price": 95.26000213623047,
    "USD_CNY_exchange_rate": 6.906099796295166,
    "Commodity_Index_ETF": 28.010000228881836,
    "US_Dollar_Index": 99.10199737548828,
    "ETH_price": 2029.2244873046875,
    "GOLD_spot_price": 5108.7998046875,
    "LEAN_HOGS_future": 94.92500305175781,
    "COPPER_future": 5.838500022888184,
    "High_Yield_Bond_ETF": 79.87989807128906,
    "LIVE_CATTLE_future": 230.22500610351562,
    "GOLD_near_month_future": 5108.7998046875,
    "NATURAL_GAS_future": 3.0889999866485596,
    "PLATINUM_future": 2160.699951171875,
    "SILVER_future": 84.80999755859375,
    "Long_Term_Treasury_ETF": 88.94499969482422,
    "CORN_future": 455.75,
    "SOYBEANS_future": 1196.0,
    "WHEAT_future": 604.75,
    "SP500_close": 6703.9599609375,
    "NASDAQ_close": 22339.46484375,
    "US_10Y_Treasury_Yield": 4.130000114440918,
    "VIX_close": 26.989999771118164,
    "GOLD_basis_spot_vs_near": 0.0,
    "China_10Y_Treasury_Yield": 1.8054
  }
}