{
  "latest_date": "2026-04-08",
  "latest_values": {
    "Shanghai_Composite_Index": 3890.1650390625,
    "CSI_300_Index": 4440.6201171875,
    "Shenzhen_Component_Index": 13400.41015625,
    "ALUMINUM_future": 3377.0,
    "BTC_price": 71130.1171875,
    "OIL_price": 96.29000091552734,
    "USD_CNY_exchange_rate": 6.882299900054932,
    "Commodity_Index_ETF": 28.559999465942383,
    "US_Dollar_Index": 99.12300109863281,
    "ETH_price": 2201.152099609375,
    "GOLD_spot_price": 4736.0,
    "LEAN_HOGS_future": 104.6500015258789,
    "COPPER_future": 5.752500057220459,
    "High_Yield_Bond_ETF": 80.08999633789062,
    "LIVE_CATTLE_future": 245.75,
    "GOLD_near_month_future": 4735.60009765625,
    "NATURAL_GAS_future": 2.7320001125335693,
    "PLATINUM_future": 2048.5,
    "SILVER_future": 74.23500061035156,
    "Long_Term_Treasury_ETF": 86.87000274658203,
    "CORN_future": 447.25,
    "SOYBEANS_future": 1161.75,
    "WHEAT_future": 580.0,
    "SP500_close": 6767.259765625,
    "NASDAQ_close": 22566.0625,
    "US_10Y_Treasury_Yield": 4.290999889373779,
    "VIX_close": 21.43000030517578,
    "GOLD_basis_spot_vs_near": 0.39990234375,
    "China_10Y_Treasury_Yield": 1.8136
  }
}