{
  "latest_date": "2026-05-11",
  "latest_values": {
    "Shanghai_Composite_Index": 4225.0205078125,
    "CSI_300_Index": 4951.83642578125,
    "Shenzhen_Component_Index": 15899.3017578125,
    "ALUMINUM_future": 3519.25,
    "BTC_price": 80995.4921875,
    "OIL_price": 96.25,
    "USD_CNY_exchange_rate": 6.801400184631348,
    "Commodity_Index_ETF": 30.760000228881836,
    "US_Dollar_Index": 97.87899780273438,
    "ETH_price": 2320.010009765625,
    "GOLD_spot_price": 4747.7998046875,
    "LEAN_HOGS_future": 100.55000305175781,
    "COPPER_future": 6.474999904632568,
    "High_Yield_Bond_ETF": 80.13999938964844,
    "LIVE_CATTLE_future": 250.375,
    "GOLD_near_month_future": 4747.60009765625,
    "NATURAL_GAS_future": 2.865000009536743,
    "PLATINUM_future": 2121.60009765625,
    "SILVER_future": 86.33499908447266,
    "Long_Term_Treasury_ETF": 85.87999725341797,
    "CORN_future": 472.25,
    "SOYBEANS_future": 1213.75,
    "WHEAT_future": 624.25,
    "SP500_close": 7405.81982421875,
    "NASDAQ_close": 26214.818359375,
    "US_10Y_Treasury_Yield": 4.381999969482422,
    "VIX_close": 18.299999237060547,
    "GOLD_basis_spot_vs_near": 0.19970703125,
    "China_10Y_Treasury_Yield": 1.7622
  }
}