{
  "latest_date": "2025-11-26",
  "latest_values": {
    "Shanghai_Composite_Index": 3870.02294921875,
    "CSI_300_Index": 4490.41015625,
    "Shenzhen_Component_Index": 12777.3095703125,
    "ALUMINUM_future": 2817.75,
    "BTC_price": 86973.453125,
    "OIL_price": 57.959999084472656,
    "USD_CNY_exchange_rate": 7.077600002288818,
    "Commodity_Index_ETF": 22.520000457763672,
    "US_Dollar_Index": 99.81900024414062,
    "ETH_price": 2913.78173828125,
    "GOLD_spot_price": 4193.89990234375,
    "LEAN_HOGS_future": 78.44999694824219,
    "COPPER_future": 5.177499771118164,
    "High_Yield_Bond_ETF": 80.87000274658203,
    "LIVE_CATTLE_future": 207.0,
    "GOLD_near_month_future": 4194.0,
    "NATURAL_GAS_future": 4.53000020980835,
    "PLATINUM_future": 1573.5,
    "SILVER_future": 52.5,
    "Long_Term_Treasury_ETF": 90.23999786376953,
    "CORN_future": 438.75,
    "SOYBEANS_future": 1124.5,
    "WHEAT_future": 526.25,
    "SP500_close": 6765.8798828125,
    "NASDAQ_close": 23025.58984375,
    "US_10Y_Treasury_Yield": 4.001999855041504,
    "VIX_close": 18.34000015258789,
    "GOLD_basis_spot_vs_near": -0.10009765625,
    "China_10Y_Treasury_Yield": 1.8462
  }
}