{
  "latest_date": "2026-03-27",
  "latest_values": {
    "Shanghai_Composite_Index": 3889.0830078125,
    "CSI_300_Index": 4477.52978515625,
    "Shenzhen_Component_Index": 13606.4404296875,
    "ALUMINUM_future": 3159.0,
    "BTC_price": 68864.859375,
    "OIL_price": 93.45999908447266,
    "USD_CNY_exchange_rate": 6.909999847412109,
    "Commodity_Index_ETF": 28.440000534057617,
    "US_Dollar_Index": 99.87300109863281,
    "ETH_price": 2070.101318359375,
    "GOLD_spot_price": 4396.2001953125,
    "LEAN_HOGS_future": 104.32499694824219,
    "COPPER_future": 5.486499786376953,
    "High_Yield_Bond_ETF": 78.91999816894531,
    "LIVE_CATTLE_future": 234.8249969482422,
    "GOLD_near_month_future": 4396.7998046875,
    "NATURAL_GAS_future": 2.930999994277954,
    "PLATINUM_future": 1841.800048828125,
    "SILVER_future": 68.2249984741211,
    "Long_Term_Treasury_ETF": 86.11000061035156,
    "CORN_future": 466.75,
    "SOYBEANS_future": 1172.5,
    "WHEAT_future": 605.0,
    "SP500_close": 6477.16015625,
    "NASDAQ_close": 21408.080078125,
    "US_10Y_Treasury_Yield": 4.415999889373779,
    "VIX_close": 27.440000534057617,
    "GOLD_basis_spot_vs_near": -0.599609375,
    "China_10Y_Treasury_Yield": 1.8194
  }
}