{
  "latest_date": "2026-03-24",
  "latest_values": {
    "Shanghai_Composite_Index": 3881.27978515625,
    "CSI_300_Index": 4474.72216796875,
    "Shenzhen_Component_Index": 13536.5556640625,
    "ALUMINUM_future": 3142.0,
    "BTC_price": 70010.28125,
    "OIL_price": 88.38999938964844,
    "USD_CNY_exchange_rate": 6.891300201416016,
    "Commodity_Index_ETF": 28.239999771118164,
    "US_Dollar_Index": 99.23400115966797,
    "ETH_price": 2145.423583984375,
    "GOLD_spot_price": 4474.89990234375,
    "LEAN_HOGS_future": 104.0250015258789,
    "COPPER_future": 5.558000087738037,
    "High_Yield_Bond_ETF": 79.16999816894531,
    "LIVE_CATTLE_future": 234.4499969482422,
    "GOLD_near_month_future": 4478.5,
    "NATURAL_GAS_future": 2.865000009536743,
    "PLATINUM_future": 1920.5,
    "SILVER_future": 71.44499969482422,
    "Long_Term_Treasury_ETF": 86.01000213623047,
    "CORN_future": 462.25,
    "SOYBEANS_future": 1154.0,
    "WHEAT_future": 591.75,
    "SP500_close": 6556.3701171875,
    "NASDAQ_close": 21761.89453125,
    "US_10Y_Treasury_Yield": 4.3919997215271,
    "VIX_close": 26.950000762939453,
    "GOLD_basis_spot_vs_near": -3.60009765625,
    "China_10Y_Treasury_Yield": 1.8272
  }
}