{
  "latest_date": "2026-02-17",
  "latest_values": {
    "Shanghai_Composite_Index": 4082.072998046875,
    "CSI_300_Index": 4660.41015625,
    "Shenzhen_Component_Index": 14100.1904296875,
    "ALUMINUM_future": 2991.0,
    "BTC_price": 67297.5546875,
    "OIL_price": 62.130001068115234,
    "USD_CNY_exchange_rate": 6.9079999923706055,
    "Commodity_Index_ETF": 23.584999084472656,
    "US_Dollar_Index": 97.23899841308594,
    "ETH_price": 1965.245361328125,
    "GOLD_spot_price": 4884.5,
    "LEAN_HOGS_future": 92.2249984741211,
    "COPPER_future": 5.646999835968018,
    "High_Yield_Bond_ETF": 80.76080322265625,
    "LIVE_CATTLE_future": 242.89999389648438,
    "GOLD_near_month_future": 4883.89990234375,
    "NATURAL_GAS_future": 3.0299999713897705,
    "PLATINUM_future": 2018.800048828125,
    "SILVER_future": 72.96499633789062,
    "Long_Term_Treasury_ETF": 89.8499984741211,
    "CORN_future": 427.0,
    "SOYBEANS_future": 1149.0,
    "WHEAT_future": 542.25,
    "SP500_close": 6820.27978515625,
    "NASDAQ_close": 22478.44140625,
    "US_10Y_Treasury_Yield": 4.056000232696533,
    "VIX_close": 20.84000015258789,
    "GOLD_basis_spot_vs_near": 0.60009765625,
    "China_10Y_Treasury_Yield": 1.7899
  }
}