{
  "latest_date": "2025-10-08",
  "latest_values": {
    "Shanghai_Composite_Index": 3882.777099609375,
    "CSI_300_Index": 4640.68994140625,
    "Shenzhen_Component_Index": 13526.509765625,
    "ALUMINUM_future": 2717.0,
    "BTC_price": 123134.3125,
    "OIL_price": 62.279998779296875,
    "USD_CNY_exchange_rate": 7.11899995803833,
    "Commodity_Index_ETF": 22.760000228881836,
    "US_Dollar_Index": 98.84700012207031,
    "ETH_price": 4511.12890625,
    "GOLD_spot_price": 4061.300048828125,
    "LEAN_HOGS_future": 86.125,
    "COPPER_future": 5.080999851226807,
    "High_Yield_Bond_ETF": 80.6500015258789,
    "LIVE_CATTLE_future": 239.0,
    "GOLD_near_month_future": 4061.199951171875,
    "NATURAL_GAS_future": 3.3369998931884766,
    "PLATINUM_future": 1689.5,
    "SILVER_future": 48.43000030517578,
    "Long_Term_Treasury_ETF": 89.25,
    "CORN_future": 422.0,
    "SOYBEANS_future": 1044.75,
    "WHEAT_future": 507.5,
    "SP500_close": 6753.72021484375,
    "NASDAQ_close": 23043.376953125,
    "US_10Y_Treasury_Yield": 4.129000186920166,
    "VIX_close": 16.299999237060547,
    "GOLD_basis_spot_vs_near": 0.10009765625,
    "China_10Y_Treasury_Yield": 1.8605
  }
}