{
  "latest_date": "2025-11-19",
  "latest_values": {
    "Shanghai_Composite_Index": 3939.81298828125,
    "CSI_300_Index": 4568.18994140625,
    "Shenzhen_Component_Index": 13080.490234375,
    "ALUMINUM_future": 2763.5,
    "BTC_price": 91784.265625,
    "OIL_price": 60.43000030517578,
    "USD_CNY_exchange_rate": 7.108699798583984,
    "Commodity_Index_ETF": 23.1299991607666,
    "US_Dollar_Index": 99.58100128173828,
    "ETH_price": 3067.843017578125,
    "GOLD_spot_price": 4069.39990234375,
    "LEAN_HOGS_future": 77.875,
    "COPPER_future": 4.9710001945495605,
    "High_Yield_Bond_ETF": 80.11000061035156,
    "LIVE_CATTLE_future": 220.02499389648438,
    "GOLD_near_month_future": 4069.10009765625,
    "NATURAL_GAS_future": 4.379000186920166,
    "PLATINUM_future": 1544.699951171875,
    "SILVER_future": 50.630001068115234,
    "Long_Term_Treasury_ETF": 89.05999755859375,
    "CORN_future": 434.75,
    "SOYBEANS_future": 1149.25,
    "WHEAT_future": 557.75,
    "SP500_close": 6617.31982421875,
    "NASDAQ_close": 22432.849609375,
    "US_10Y_Treasury_Yield": 4.123000144958496,
    "VIX_close": 24.690000534057617,
    "GOLD_basis_spot_vs_near": 0.2998046875,
    "China_10Y_Treasury_Yield": 1.8121
  }
}