{
  "latest_date": "2026-02-19",
  "latest_values": {
    "Shanghai_Composite_Index": 4082.072998046875,
    "CSI_300_Index": 4660.41015625,
    "Shenzhen_Component_Index": 14100.1904296875,
    "ALUMINUM_future": 3029.75,
    "BTC_price": 66880.7109375,
    "OIL_price": 65.93000030517578,
    "USD_CNY_exchange_rate": 6.903200149536133,
    "Commodity_Index_ETF": 24.209999084472656,
    "US_Dollar_Index": 97.70800018310547,
    "ETH_price": 1962.308349609375,
    "GOLD_spot_price": 5012.39990234375,
    "LEAN_HOGS_future": 83.9749984741211,
    "COPPER_future": 5.740499973297119,
    "High_Yield_Bond_ETF": 80.91000366210938,
    "LIVE_CATTLE_future": 246.60000610351562,
    "GOLD_near_month_future": 5012.39990234375,
    "NATURAL_GAS_future": 3.0510001182556152,
    "PLATINUM_future": 2092.0,
    "SILVER_future": 78.4000015258789,
    "Long_Term_Treasury_ETF": 89.52999877929688,
    "CORN_future": 427.25,
    "SOYBEANS_future": 1153.5,
    "WHEAT_future": 558.5,
    "SP500_close": 6881.31005859375,
    "NASDAQ_close": 22753.630859375,
    "US_10Y_Treasury_Yield": 4.078999996185303,
    "VIX_close": 20.579999923706055,
    "GOLD_basis_spot_vs_near": 0.0,
    "China_10Y_Treasury_Yield": 1.7899
  }
}