{
  "latest_date": "2026-06-15",
  "latest_values": {
    "Shanghai_Composite_Index": 4096.4716796875,
    "CSI_300_Index": 4891.71240234375,
    "Shenzhen_Component_Index": 15531.109375,
    "ALUMINUM_future": 3448.5,
    "BTC_price": 66567.90625,
    "OIL_price": 80.31999969482422,
    "USD_CNY_exchange_rate": 6.757199764251709,
    "Commodity_Index_ETF": 28.549999237060547,
    "US_Dollar_Index": 99.48500061035156,
    "ETH_price": 1793.0,
    "GOLD_spot_price": 4364.0,
    "LEAN_HOGS_future": 92.5250015258789,
    "COPPER_future": 6.505499839782715,
    "High_Yield_Bond_ETF": 79.94000244140625,
    "LIVE_CATTLE_future": 249.875,
    "GOLD_near_month_future": 4364.0,
    "NATURAL_GAS_future": 3.0999999046325684,
    "PLATINUM_future": 1804.0999755859375,
    "SILVER_future": 70.91999816894531,
    "Long_Term_Treasury_ETF": 85.7699966430664,
    "CORN_future": 406.75,
    "SOYBEANS_future": 1102.75,
    "WHEAT_future": 572.0,
    "SP500_close": 7431.4599609375,
    "NASDAQ_close": 25888.83984375,
    "US_10Y_Treasury_Yield": 4.453000068664551,
    "VIX_close": 16.420000076293945,
    "GOLD_basis_spot_vs_near": 0.0,
    "China_10Y_Treasury_Yield": 1.7446
  }
}