{
  "latest_date": "2026-03-16",
  "latest_values": {
    "Shanghai_Composite_Index": 4084.785888671875,
    "CSI_300_Index": 4671.55908203125,
    "Shenzhen_Component_Index": 14307.5771484375,
    "ALUMINUM_future": 3353.75,
    "BTC_price": 74127.2734375,
    "OIL_price": 94.05999755859375,
    "USD_CNY_exchange_rate": 6.894999980926514,
    "Commodity_Index_ETF": 28.280000686645508,
    "ETH_price": 2332.83349609375,
    "GOLD_spot_price": 5004.60009765625,
    "LEAN_HOGS_future": 93.5,
    "COPPER_future": 5.83050012588501,
    "High_Yield_Bond_ETF": 79.5199966430664,
    "LIVE_CATTLE_future": 233.1999969482422,
    "GOLD_near_month_future": 5005.10009765625,
    "NATURAL_GAS_future": 3.0139999389648438,
    "PLATINUM_future": 2103.800048828125,
    "SILVER_future": 80.70500183105469,
    "Long_Term_Treasury_ETF": 87.21499633789062,
    "CORN_future": 454.0,
    "SOYBEANS_future": 1155.25,
    "WHEAT_future": 597.75,
    "SP500_close": 6708.77001953125,
    "NASDAQ_close": 22419.41796875,
    "US_10Y_Treasury_Yield": 4.22599983215332,
    "VIX_close": 23.799999237060547,
    "GOLD_basis_spot_vs_near": -0.5,
    "China_10Y_Treasury_Yield": 1.8312
  }
}