{
  "latest_date": "2026-03-29",
  "latest_values": {
    "Shanghai_Composite_Index": 3913.72412109375,
    "CSI_300_Index": 4502.56982421875,
    "Shenzhen_Component_Index": 13760.3701171875,
    "ALUMINUM_future": 3358.0,
    "BTC_price": 65947.2265625,
    "OIL_price": 102.0199966430664,
    "USD_CNY_exchange_rate": 6.910699844360352,
    "Commodity_Index_ETF": 29.100000381469727,
    "US_Dollar_Index": 100.2979965209961,
    "ETH_price": 1980.536865234375,
    "GOLD_spot_price": 4519.2998046875,
    "LEAN_HOGS_future": 106.125,
    "COPPER_future": 5.422500133514404,
    "High_Yield_Bond_ETF": 78.72000122070312,
    "LIVE_CATTLE_future": 238.77499389648438,
    "GOLD_near_month_future": 4519.2001953125,
    "NATURAL_GAS_future": 2.9690001010894775,
    "PLATINUM_future": 1849.9000244140625,
    "SILVER_future": 68.9000015258789,
    "Long_Term_Treasury_ETF": 85.63999938964844,
    "CORN_future": 462.0,
    "SOYBEANS_future": 1159.25,
    "WHEAT_future": 605.75,
    "SP500_close": 6368.85009765625,
    "NASDAQ_close": 20948.359375,
    "US_10Y_Treasury_Yield": 4.440000057220459,
    "VIX_close": 31.049999237060547,
    "GOLD_basis_spot_vs_near": 0.099609375,
    "China_10Y_Treasury_Yield": 1.8172
  }
}