{
  "latest_date": "2026-04-23",
  "latest_values": {
    "Shanghai_Composite_Index": 4085.076904296875,
    "CSI_300_Index": 4768.0,
    "Shenzhen_Component_Index": 14982.1396484375,
    "ALUMINUM_future": 3569.5,
    "BTC_price": 78497.84375,
    "OIL_price": 94.62999725341797,
    "USD_CNY_exchange_rate": 6.820799827575684,
    "Commodity_Index_ETF": 29.510000228881836,
    "US_Dollar_Index": 98.5979995727539,
    "ETH_price": 2373.7099609375,
    "GOLD_spot_price": 4738.39990234375,
    "LEAN_HOGS_future": 102.5,
    "COPPER_future": 6.134500026702881,
    "High_Yield_Bond_ETF": 80.5,
    "LIVE_CATTLE_future": 243.22500610351562,
    "GOLD_near_month_future": 4738.7998046875,
    "NATURAL_GAS_future": 2.7290000915527344,
    "PLATINUM_future": 2078.89990234375,
    "SILVER_future": 77.1500015258789,
    "Long_Term_Treasury_ETF": 86.73999786376953,
    "CORN_future": 462.0,
    "SOYBEANS_future": 1179.5,
    "WHEAT_future": 608.25,
    "SP500_close": 7137.89990234375,
    "NASDAQ_close": 24657.56640625,
    "US_10Y_Treasury_Yield": 4.293999671936035,
    "VIX_close": 18.920000076293945,
    "GOLD_basis_spot_vs_near": -0.39990234375,
    "China_10Y_Treasury_Yield": 1.7389
  }
}