{
  "latest_date": "2025-12-19",
  "latest_values": {
    "Shanghai_Composite_Index": 3890.447509765625,
    "CSI_300_Index": 4568.17822265625,
    "Shenzhen_Component_Index": 13053.9697265625,
    "ALUMINUM_future": 2963.0,
    "BTC_price": 88220.0390625,
    "OIL_price": 56.16999816894531,
    "USD_CNY_exchange_rate": 7.04040002822876,
    "Commodity_Index_ETF": 22.808900833129883,
    "US_Dollar_Index": 98.697998046875,
    "ETH_price": 2974.234375,
    "GOLD_spot_price": 4378.10009765625,
    "LEAN_HOGS_future": 83.92500305175781,
    "COPPER_future": 5.504499912261963,
    "High_Yield_Bond_ETF": 80.44000244140625,
    "LIVE_CATTLE_future": 229.8000030517578,
    "GOLD_near_month_future": 4378.2001953125,
    "NATURAL_GAS_future": 3.943000078201294,
    "PLATINUM_future": 1997.0,
    "SILVER_future": 66.73500061035156,
    "Long_Term_Treasury_ETF": 87.71990203857422,
    "CORN_future": 443.75,
    "SOYBEANS_future": 1059.25,
    "WHEAT_future": 508.5,
    "SP500_close": 6827.1201171875,
    "NASDAQ_close": 23230.392578125,
    "US_10Y_Treasury_Yield": 4.133000373840332,
    "VIX_close": 15.5600004196167,
    "GOLD_basis_spot_vs_near": -0.10009765625,
    "China_10Y_Treasury_Yield": 1.8308
  }
}