{
  "latest_date": "2026-03-10",
  "latest_values": {
    "Shanghai_Composite_Index": 4123.13818359375,
    "CSI_300_Index": 4674.75634765625,
    "Shenzhen_Component_Index": 14354.0732421875,
    "ALUMINUM_future": 3330.5,
    "BTC_price": 69756.5703125,
    "OIL_price": 88.38999938964844,
    "USD_CNY_exchange_rate": 6.876100063323975,
    "Commodity_Index_ETF": 27.600000381469727,
    "US_Dollar_Index": 98.91400146484375,
    "ETH_price": 2032.707275390625,
    "GOLD_spot_price": 5196.5,
    "LEAN_HOGS_future": 96.2249984741211,
    "COPPER_future": 5.919000148773193,
    "High_Yield_Bond_ETF": 80.04000091552734,
    "LIVE_CATTLE_future": 232.4250030517578,
    "GOLD_near_month_future": 5196.2001953125,
    "NATURAL_GAS_future": 3.0490000247955322,
    "PLATINUM_future": 2197.800048828125,
    "SILVER_future": 88.69000244140625,
    "Long_Term_Treasury_ETF": 88.27999877929688,
    "CORN_future": 453.75,
    "SOYBEANS_future": 1203.25,
    "WHEAT_future": 593.0,
    "SP500_close": 6781.47998046875,
    "NASDAQ_close": 22697.103515625,
    "US_10Y_Treasury_Yield": 4.136000156402588,
    "VIX_close": 24.93000030517578,
    "GOLD_basis_spot_vs_near": 0.2998046875,
    "China_10Y_Treasury_Yield": 1.8055
  }
}