{
  "latest_date": "2025-11-11",
  "latest_values": {
    "Shanghai_Composite_Index": 3997.555908203125,
    "CSI_300_Index": 4678.7900390625,
    "Shenzhen_Component_Index": 13404.0595703125,
    "ALUMINUM_future": 2860.0,
    "BTC_price": 106458.984375,
    "OIL_price": 59.95000076293945,
    "USD_CNY_exchange_rate": 7.121600151062012,
    "Commodity_Index_ETF": 23.149999618530273,
    "US_Dollar_Index": 99.66200256347656,
    "ETH_price": 3599.92822265625,
    "GOLD_spot_price": 4140.10009765625,
    "LEAN_HOGS_future": 82.375,
    "COPPER_future": 5.079999923706055,
    "High_Yield_Bond_ETF": 80.5999984741211,
    "LIVE_CATTLE_future": 226.9499969482422,
    "GOLD_near_month_future": 4139.89990234375,
    "NATURAL_GAS_future": 4.376999855041504,
    "PLATINUM_future": 1593.4000244140625,
    "SILVER_future": 50.525001525878906,
    "Long_Term_Treasury_ETF": 89.55000305175781,
    "CORN_future": 429.0,
    "SOYBEANS_future": 1128.75,
    "WHEAT_future": 534.25,
    "SP500_close": 6832.43017578125,
    "NASDAQ_close": 23527.173828125,
    "US_10Y_Treasury_Yield": 4.109999656677246,
    "VIX_close": 17.600000381469727,
    "GOLD_basis_spot_vs_near": 0.2001953125,
    "China_10Y_Treasury_Yield": 1.8139
  }
}