{
  "latest_date": "2026-06-03",
  "latest_values": {
    "Shanghai_Composite_Index": 4075.10205078125,
    "CSI_300_Index": 4914.56005859375,
    "Shenzhen_Component_Index": 15591.1298828125,
    "ALUMINUM_future": 3741.0,
    "BTC_price": 65507.609375,
    "OIL_price": 95.77999877929688,
    "USD_CNY_exchange_rate": 6.768700122833252,
    "Commodity_Index_ETF": 30.299299240112305,
    "US_Dollar_Index": 99.51399993896484,
    "ETH_price": 1811.81005859375,
    "GOLD_spot_price": 4478.7001953125,
    "LEAN_HOGS_future": 101.92500305175781,
    "COPPER_future": 6.498499870300293,
    "High_Yield_Bond_ETF": 79.69499969482422,
    "LIVE_CATTLE_future": 237.85000610351562,
    "GOLD_near_month_future": 4478.60009765625,
    "NATURAL_GAS_future": 3.234999895095825,
    "PLATINUM_future": 1866.0,
    "SILVER_future": 73.625,
    "Long_Term_Treasury_ETF": 85.29000091552734,
    "CORN_future": 430.75,
    "SOYBEANS_future": 1153.5,
    "WHEAT_future": 586.75,
    "SP500_close": 7563.080078125,
    "NASDAQ_close": 26860.337890625,
    "US_10Y_Treasury_Yield": 4.491000175476074,
    "VIX_close": 16.149999618530273,
    "GOLD_basis_spot_vs_near": 0.10009765625,
    "China_10Y_Treasury_Yield": 1.7128
  }
}