{
  "latest_date": "2026-06-14",
  "latest_values": {
    "Shanghai_Composite_Index": 4031.512939453125,
    "CSI_300_Index": 4777.31982421875,
    "Shenzhen_Component_Index": 14963.41015625,
    "ALUMINUM_future": 3588.0,
    "BTC_price": 65574.359375,
    "OIL_price": 81.13999938964844,
    "USD_CNY_exchange_rate": 6.7754998207092285,
    "Commodity_Index_ETF": 28.549999237060547,
    "US_Dollar_Index": 99.51000213623047,
    "ETH_price": 1720.52001953125,
    "GOLD_spot_price": 4303.5,
    "LEAN_HOGS_future": 97.44999694824219,
    "COPPER_future": 6.507500171661377,
    "High_Yield_Bond_ETF": 79.94000244140625,
    "LIVE_CATTLE_future": 241.1750030517578,
    "GOLD_near_month_future": 4303.7998046875,
    "NATURAL_GAS_future": 3.068000078201294,
    "PLATINUM_future": 1757.199951171875,
    "SILVER_future": 69.98999786376953,
    "Long_Term_Treasury_ETF": 85.7699966430664,
    "CORN_future": 412.75,
    "SOYBEANS_future": 1132.0,
    "WHEAT_future": 584.5,
    "SP500_close": 7431.4599609375,
    "NASDAQ_close": 25888.83984375,
    "US_10Y_Treasury_Yield": 4.486999988555908,
    "VIX_close": 17.68000030517578,
    "GOLD_basis_spot_vs_near": -0.2998046875,
    "China_10Y_Treasury_Yield": 1.7427
  }
}