{
  "latest_date": "2026-06-09",
  "latest_values": {
    "Shanghai_Composite_Index": 4010.03076171875,
    "CSI_300_Index": 4801.810546875,
    "Shenzhen_Component_Index": 15268.71484375,
    "ALUMINUM_future": 3642.5,
    "BTC_price": 62534.2109375,
    "OIL_price": 89.25,
    "USD_CNY_exchange_rate": 6.765500068664551,
    "Commodity_Index_ETF": 29.469999313354492,
    "US_Dollar_Index": 99.75299835205078,
    "ETH_price": 1668.3299560546875,
    "GOLD_spot_price": 4360.5,
    "LEAN_HOGS_future": 94.0250015258789,
    "COPPER_future": 6.424499988555908,
    "High_Yield_Bond_ETF": 79.54000091552734,
    "LIVE_CATTLE_future": 246.52499389648438,
    "GOLD_near_month_future": 4360.7001953125,
    "NATURAL_GAS_future": 3.1700000762939453,
    "PLATINUM_future": 1767.9000244140625,
    "SILVER_future": 68.58999633789062,
    "Long_Term_Treasury_ETF": 84.62000274658203,
    "CORN_future": 421.0,
    "SOYBEANS_future": 1114.5,
    "WHEAT_future": 587.75,
    "SP500_close": 7405.72998046875,
    "NASDAQ_close": 25929.66015625,
    "US_10Y_Treasury_Yield": 4.552000045776367,
    "VIX_close": 18.0,
    "GOLD_basis_spot_vs_near": -0.2001953125,
    "China_10Y_Treasury_Yield": 1.7376
  }
}