{
  "latest_date": "2025-12-05",
  "latest_values": {
    "Shanghai_Composite_Index": 3875.79296875,
    "CSI_300_Index": 4546.56982421875,
    "Shenzhen_Component_Index": 13006.7197265625,
    "ALUMINUM_future": 2929.75,
    "BTC_price": 92430.9921875,
    "OIL_price": 59.47999954223633,
    "USD_CNY_exchange_rate": 7.070000171661377,
    "Commodity_Index_ETF": 23.190000534057617,
    "US_Dollar_Index": 99.01699829101562,
    "ETH_price": 3174.578125,
    "GOLD_spot_price": 4234.2001953125,
    "LEAN_HOGS_future": 81.1500015258789,
    "COPPER_future": 5.300000190734863,
    "High_Yield_Bond_ETF": 80.75,
    "LIVE_CATTLE_future": 221.39999389648438,
    "GOLD_near_month_future": 4234.0,
    "NATURAL_GAS_future": 5.091000080108643,
    "PLATINUM_future": 1658.300048828125,
    "SILVER_future": 58.064998626708984,
    "Long_Term_Treasury_ETF": 88.58000183105469,
    "CORN_future": 437.25,
    "SOYBEANS_future": 1118.0,
    "WHEAT_future": 539.5,
    "SP500_close": 6857.1201171875,
    "NASDAQ_close": 23505.140625,
    "US_10Y_Treasury_Yield": 4.107999801635742,
    "VIX_close": 15.779999732971191,
    "GOLD_basis_spot_vs_near": 0.2001953125,
    "China_10Y_Treasury_Yield": 1.8718
  }
}