{
  "latest_date": "2025-10-29",
  "latest_values": {
    "Shanghai_Composite_Index": 3988.22412109375,
    "CSI_300_Index": 4691.97021484375,
    "Shenzhen_Component_Index": 13430.099609375,
    "ALUMINUM_future": 2847.75,
    "BTC_price": 113198.0703125,
    "OIL_price": 60.11000061035156,
    "USD_CNY_exchange_rate": 7.099800109863281,
    "Commodity_Index_ETF": 22.59000015258789,
    "US_Dollar_Index": 98.89700317382812,
    "ETH_price": 4034.5673828125,
    "GOLD_spot_price": 3975.10009765625,
    "LEAN_HOGS_future": 80.6500015258789,
    "COPPER_future": 5.184500217437744,
    "High_Yield_Bond_ETF": 81.19999694824219,
    "LIVE_CATTLE_future": 226.9250030517578,
    "GOLD_near_month_future": 3975.39990234375,
    "NATURAL_GAS_future": 3.303999900817871,
    "PLATINUM_future": 1578.0999755859375,
    "SILVER_future": 47.474998474121094,
    "Long_Term_Treasury_ETF": 92.0199966430664,
    "CORN_future": 430.75,
    "SOYBEANS_future": 1088.5,
    "WHEAT_future": 529.25,
    "SP500_close": 6890.89013671875,
    "NASDAQ_close": 23827.490234375,
    "US_10Y_Treasury_Yield": 3.9830000400543213,
    "VIX_close": 16.420000076293945,
    "GOLD_basis_spot_vs_near": -0.2998046875,
    "China_10Y_Treasury_Yield": 1.8179
  }
}