{
  "latest_date": "2026-04-13",
  "latest_values": {
    "Shanghai_Composite_Index": 3986.22509765625,
    "CSI_300_Index": 4636.56982421875,
    "Shenzhen_Component_Index": 14309.4697265625,
    "ALUMINUM_future": 3479.5,
    "BTC_price": 70678.3125,
    "OIL_price": 104.2300033569336,
    "USD_CNY_exchange_rate": 6.831399917602539,
    "Commodity_Index_ETF": 28.5,
    "US_Dollar_Index": 98.947998046875,
    "ETH_price": 2182.297119140625,
    "GOLD_spot_price": 4755.10009765625,
    "LEAN_HOGS_future": 90.7249984741211,
    "COPPER_future": 5.860000133514404,
    "High_Yield_Bond_ETF": 79.95999908447266,
    "LIVE_CATTLE_future": 251.77499389648438,
    "GOLD_near_month_future": 4755.2001953125,
    "NATURAL_GAS_future": 2.677999973297119,
    "PLATINUM_future": 2053.0,
    "SILVER_future": 74.7300033569336,
    "Long_Term_Treasury_ETF": 86.48999786376953,
    "CORN_future": 443.5,
    "SOYBEANS_future": 1173.75,
    "WHEAT_future": 579.0,
    "SP500_close": 6816.89013671875,
    "NASDAQ_close": 22902.890625,
    "US_10Y_Treasury_Yield": 4.316999912261963,
    "VIX_close": 21.1200008392334,
    "GOLD_basis_spot_vs_near": -0.10009765625,
    "China_10Y_Treasury_Yield": 1.8128
  }
}