{
  "latest_date": "2026-04-24",
  "latest_values": {
    "Shanghai_Composite_Index": 4093.25,
    "CSI_300_Index": 4786.330078125,
    "Shenzhen_Component_Index": 15043.4501953125,
    "ALUMINUM_future": 3569.0,
    "BTC_price": 77679.8125,
    "OIL_price": 96.16000366210938,
    "USD_CNY_exchange_rate": 6.82420015335083,
    "Commodity_Index_ETF": 29.889999389648438,
    "US_Dollar_Index": 98.85399627685547,
    "ETH_price": 2306.110107421875,
    "GOLD_spot_price": 4688.7998046875,
    "LEAN_HOGS_future": 95.6500015258789,
    "COPPER_future": 5.996500015258789,
    "High_Yield_Bond_ETF": 80.37000274658203,
    "LIVE_CATTLE_future": 247.0749969482422,
    "GOLD_near_month_future": 4688.2998046875,
    "NATURAL_GAS_future": 2.7200000286102295,
    "PLATINUM_future": 1989.800048828125,
    "SILVER_future": 74.96499633789062,
    "Long_Term_Treasury_ETF": 86.55000305175781,
    "CORN_future": 463.75,
    "SOYBEANS_future": 1173.25,
    "WHEAT_future": 617.75,
    "SP500_close": 7108.39990234375,
    "NASDAQ_close": 24438.5,
    "US_10Y_Treasury_Yield": 4.322999954223633,
    "VIX_close": 19.309999465942383,
    "GOLD_basis_spot_vs_near": 0.5,
    "China_10Y_Treasury_Yield": 1.7548
  }
}