{
  "latest_date": "2025-12-12",
  "latest_values": {
    "Shanghai_Composite_Index": 3889.345703125,
    "CSI_300_Index": 4580.9501953125,
    "Shenzhen_Component_Index": 13258.328125,
    "ALUMINUM_future": 2860.25,
    "BTC_price": 90179.0390625,
    "OIL_price": 57.470001220703125,
    "USD_CNY_exchange_rate": 7.054299831390381,
    "Commodity_Index_ETF": 22.905000686645508,
    "US_Dollar_Index": 98.40499877929688,
    "ETH_price": 3080.3642578125,
    "GOLD_spot_price": 4326.2998046875,
    "LEAN_HOGS_future": 84.5,
    "COPPER_future": 5.354499816894531,
    "High_Yield_Bond_ETF": 80.56999969482422,
    "LIVE_CATTLE_future": 229.625,
    "GOLD_near_month_future": 4326.2001953125,
    "NATURAL_GAS_future": 4.11299991607666,
    "PLATINUM_future": 1762.4000244140625,
    "SILVER_future": 61.98500061035156,
    "Long_Term_Treasury_ETF": 87.33999633789062,
    "CORN_future": 440.5,
    "SOYBEANS_future": 1076.25,
    "WHEAT_future": 529.75,
    "SP500_close": 6827.41015625,
    "NASDAQ_close": 23195.169921875,
    "US_10Y_Treasury_Yield": 4.193999767303467,
    "VIX_close": 15.930000305175781,
    "GOLD_basis_spot_vs_near": 0.099609375,
    "China_10Y_Treasury_Yield": 1.8396
  }
}