{
  "latest_date": "2026-02-17",
  "latest_values": {
    "Shanghai_Composite_Index": 4082.072998046875,
    "CSI_300_Index": 4660.41015625,
    "Shenzhen_Component_Index": 14100.1904296875,
    "ALUMINUM_future": 3021.0,
    "BTC_price": 68004.8984375,
    "OIL_price": 63.5099983215332,
    "USD_CNY_exchange_rate": 6.903200149536133,
    "Commodity_Index_ETF": 23.8799991607666,
    "US_Dollar_Index": 97.10099792480469,
    "ETH_price": 1965.4049072265625,
    "GOLD_spot_price": 4947.39990234375,
    "LEAN_HOGS_future": 86.9749984741211,
    "COPPER_future": 5.7164998054504395,
    "High_Yield_Bond_ETF": 80.8499984741211,
    "LIVE_CATTLE_future": 242.9250030517578,
    "GOLD_near_month_future": 4947.39990234375,
    "NATURAL_GAS_future": 3.1089999675750732,
    "PLATINUM_future": 2004.800048828125,
    "SILVER_future": 74.62999725341797,
    "Long_Term_Treasury_ETF": 89.72000122070312,
    "CORN_future": 429.5,
    "SOYBEANS_future": 1147.5,
    "WHEAT_future": 542.0,
    "SP500_close": 6836.169921875,
    "NASDAQ_close": 22546.669921875,
    "US_10Y_Treasury_Yield": 4.056000232696533,
    "VIX_close": 21.709999084472656,
    "GOLD_basis_spot_vs_near": 0.0,
    "China_10Y_Treasury_Yield": 1.7899
  }
}