{
  "latest_date": "2026-05-14",
  "latest_values": {
    "Shanghai_Composite_Index": 4242.57177734375,
    "CSI_300_Index": 4998.33984375,
    "Shenzhen_Component_Index": 16089.75,
    "ALUMINUM_future": 3641.5,
    "BTC_price": 79607.0625,
    "OIL_price": 101.6500015258789,
    "USD_CNY_exchange_rate": 6.791999816894531,
    "Commodity_Index_ETF": 31.3700008392334,
    "US_Dollar_Index": 98.4800033569336,
    "ETH_price": 2261.419921875,
    "GOLD_spot_price": 4706.7998046875,
    "LEAN_HOGS_future": 90.9000015258789,
    "COPPER_future": 6.584000110626221,
    "High_Yield_Bond_ETF": 79.91000366210938,
    "LIVE_CATTLE_future": 252.8000030517578,
    "GOLD_near_month_future": 4707.0,
    "NATURAL_GAS_future": 2.890000104904175,
    "PLATINUM_future": 2144.89990234375,
    "SILVER_future": 87.80000305175781,
    "Long_Term_Treasury_ETF": 84.80000305175781,
    "CORN_future": 478.5,
    "SOYBEANS_future": 1219.75,
    "WHEAT_future": 678.5,
    "SP500_close": 7444.25,
    "NASDAQ_close": 26402.33984375,
    "US_10Y_Treasury_Yield": 4.480999946594238,
    "VIX_close": 17.790000915527344,
    "GOLD_basis_spot_vs_near": -0.2001953125,
    "China_10Y_Treasury_Yield": 1.7514
  }
}