{
  "latest_date": "2025-09-26",
  "latest_values": {
    "Shanghai_Composite_Index": 3853.302001953125,
    "CSI_300_Index": 4593.490234375,
    "Shenzhen_Component_Index": 13445.900390625,
    "ALUMINUM_future": 2602.25,
    "BTC_price": 109283.546875,
    "OIL_price": 65.44000244140625,
    "USD_CNY_exchange_rate": 7.131499767303467,
    "Commodity_Index_ETF": 22.799999237060547,
    "US_Dollar_Index": 98.28600311279297,
    "ETH_price": 3933.322021484375,
    "GOLD_spot_price": 3783.199951171875,
    "LEAN_HOGS_future": 100.125,
    "COPPER_future": 4.741000175476074,
    "High_Yield_Bond_ETF": 80.91999816894531,
    "LIVE_CATTLE_future": 236.0500030517578,
    "GOLD_near_month_future": 3783.300048828125,
    "NATURAL_GAS_future": 3.1730000972747803,
    "PLATINUM_future": 1592.4000244140625,
    "SILVER_future": 45.650001525878906,
    "Long_Term_Treasury_ETF": 88.9800033569336,
    "CORN_future": 424.75,
    "SOYBEANS_future": 1012.0,
    "WHEAT_future": 522.75,
    "SP500_close": 6604.72021484375,
    "NASDAQ_close": 22384.69921875,
    "US_10Y_Treasury_Yield": 4.164000034332275,
    "VIX_close": 16.440000534057617,
    "GOLD_basis_spot_vs_near": -0.10009765625,
    "China_10Y_Treasury_Yield": 1.8768
  }
}