{
  "latest_date": "2025-09-26",
  "latest_values": {
    "Shanghai_Composite_Index": 3828.10595703125,
    "CSI_300_Index": 4550.048828125,
    "Shenzhen_Component_Index": 13445.900390625,
    "ALUMINUM_future": 2602.25,
    "BTC_price": 108982.25,
    "OIL_price": 66.29000091552734,
    "USD_CNY_exchange_rate": 7.131499767303467,
    "Commodity_Index_ETF": 22.946199417114258,
    "US_Dollar_Index": 98.23799896240234,
    "ETH_price": 3943.125,
    "GOLD_spot_price": 3806.39990234375,
    "LEAN_HOGS_future": 92.0,
    "COPPER_future": 4.741000175476074,
    "High_Yield_Bond_ETF": 81.01499938964844,
    "LIVE_CATTLE_future": 231.875,
    "GOLD_near_month_future": 3806.39990234375,
    "NATURAL_GAS_future": 2.8320000171661377,
    "PLATINUM_future": 1600.9000244140625,
    "SILVER_future": 45.959999084472656,
    "Long_Term_Treasury_ETF": 89.0999984741211,
    "CORN_future": 422.0,
    "SOYBEANS_future": 1014.75,
    "WHEAT_future": 519.75,
    "SP500_close": 6614.89013671875,
    "NASDAQ_close": 22348.873046875,
    "US_10Y_Treasury_Yield": 4.159999847412109,
    "VIX_close": 16.639999389648438,
    "GOLD_basis_spot_vs_near": 0.0,
    "China_10Y_Treasury_Yield": 1.8768
  }
}