{
  "latest_date": "2026-05-29",
  "latest_values": {
    "Shanghai_Composite_Index": 4098.63623046875,
    "CSI_300_Index": 4914.2099609375,
    "Shenzhen_Component_Index": 15861.8896484375,
    "ALUMINUM_future": 3651.0,
    "BTC_price": 73765.96875,
    "OIL_price": 87.91000366210938,
    "USD_CNY_exchange_rate": 6.778800010681152,
    "Commodity_Index_ETF": 29.719999313354492,
    "US_Dollar_Index": 99.13200378417969,
    "ETH_price": 2012.6199951171875,
    "GOLD_spot_price": 4554.0,
    "LEAN_HOGS_future": 96.9749984741211,
    "COPPER_future": 6.402500152587891,
    "High_Yield_Bond_ETF": 80.2300033569336,
    "LIVE_CATTLE_future": 249.75,
    "GOLD_near_month_future": 4554.0,
    "NATURAL_GAS_future": 3.322000026702881,
    "PLATINUM_future": 1914.9000244140625,
    "SILVER_future": 75.63500213623047,
    "Long_Term_Treasury_ETF": 85.73999786376953,
    "CORN_future": 453.75,
    "SOYBEANS_future": 1197.25,
    "WHEAT_future": 624.0,
    "SP500_close": 7563.6298828125,
    "NASDAQ_close": 26917.470703125,
    "US_10Y_Treasury_Yield": 4.454999923706055,
    "VIX_close": 15.779999732971191,
    "GOLD_basis_spot_vs_near": 0.0,
    "China_10Y_Treasury_Yield": 1.7193
  }
}