{
  "latest_date": "2025-12-19",
  "latest_values": {
    "Shanghai_Composite_Index": 3890.447509765625,
    "CSI_300_Index": 4568.17822265625,
    "Shenzhen_Component_Index": 13053.9697265625,
    "ALUMINUM_future": 2958.0,
    "BTC_price": 88024.453125,
    "OIL_price": 56.439998626708984,
    "USD_CNY_exchange_rate": 7.04040002822876,
    "Commodity_Index_ETF": 22.803600311279297,
    "US_Dollar_Index": 98.58999633789062,
    "ETH_price": 2970.912109375,
    "GOLD_spot_price": 4363.10009765625,
    "LEAN_HOGS_future": 83.69999694824219,
    "COPPER_future": 5.5370001792907715,
    "High_Yield_Bond_ETF": 80.41000366210938,
    "LIVE_CATTLE_future": 229.89999389648438,
    "GOLD_near_month_future": 4363.2998046875,
    "NATURAL_GAS_future": 3.9159998893737793,
    "PLATINUM_future": 1990.800048828125,
    "SILVER_future": 66.41500091552734,
    "Long_Term_Treasury_ETF": 87.55500030517578,
    "CORN_future": 444.25,
    "SOYBEANS_future": 1062.25,
    "WHEAT_future": 507.5,
    "SP500_close": 6823.56982421875,
    "NASDAQ_close": 23237.015625,
    "US_10Y_Treasury_Yield": 4.14900016784668,
    "VIX_close": 15.579999923706055,
    "GOLD_basis_spot_vs_near": -0.19970703125,
    "China_10Y_Treasury_Yield": 1.8308
  }
}