{
  "latest_date": "2025-11-18",
  "latest_values": {
    "Shanghai_Composite_Index": 3939.81298828125,
    "CSI_300_Index": 4568.19287109375,
    "Shenzhen_Component_Index": 13080.48828125,
    "ALUMINUM_future": 2746.5,
    "BTC_price": 95061.1015625,
    "OIL_price": 60.56999969482422,
    "USD_CNY_exchange_rate": 7.107500076293945,
    "Commodity_Index_ETF": 23.1299991607666,
    "US_Dollar_Index": 99.5999984741211,
    "ETH_price": 3187.764892578125,
    "GOLD_spot_price": 4066.89990234375,
    "LEAN_HOGS_future": 77.7750015258789,
    "COPPER_future": 4.96750020980835,
    "High_Yield_Bond_ETF": 80.11000061035156,
    "LIVE_CATTLE_future": 220.02499389648438,
    "GOLD_near_month_future": 4067.0,
    "NATURAL_GAS_future": 4.370999813079834,
    "PLATINUM_future": 1547.699951171875,
    "SILVER_future": 50.540000915527344,
    "Long_Term_Treasury_ETF": 89.05999755859375,
    "CORN_future": 435.5,
    "SOYBEANS_future": 1150.5,
    "WHEAT_future": 546.5,
    "SP500_close": 6617.31982421875,
    "NASDAQ_close": 22432.845703125,
    "US_10Y_Treasury_Yield": 4.123000144958496,
    "VIX_close": 24.690000534057617,
    "GOLD_basis_spot_vs_near": -0.10009765625,
    "China_10Y_Treasury_Yield": 1.8121
  }
}