{
  "latest_date": "2026-02-04",
  "latest_values": {
    "Shanghai_Composite_Index": 4067.738037109375,
    "CSI_300_Index": 4660.10986328125,
    "Shenzhen_Component_Index": 14127.1103515625,
    "ALUMINUM_future": 3048.75,
    "BTC_price": 76632.9921875,
    "OIL_price": 63.72999954223633,
    "USD_CNY_exchange_rate": 6.937600135803223,
    "Commodity_Index_ETF": 24.149999618530273,
    "US_Dollar_Index": 97.4209976196289,
    "ETH_price": 2280.20263671875,
    "GOLD_spot_price": 5091.2001953125,
    "LEAN_HOGS_future": 88.625,
    "COPPER_future": 6.052499771118164,
    "High_Yield_Bond_ETF": 80.72000122070312,
    "LIVE_CATTLE_future": 240.4499969482422,
    "GOLD_near_month_future": 5090.89990234375,
    "NATURAL_GAS_future": 3.3389999866485596,
    "PLATINUM_future": 2266.0,
    "SILVER_future": 87.55999755859375,
    "Long_Term_Treasury_ETF": 86.76000213623047,
    "CORN_future": 428.5,
    "SOYBEANS_future": 1065.25,
    "WHEAT_future": 529.5,
    "SP500_close": 6917.81005859375,
    "NASDAQ_close": 23255.189453125,
    "US_10Y_Treasury_Yield": 4.27400016784668,
    "VIX_close": 18.0,
    "GOLD_basis_spot_vs_near": 0.30029296875,
    "China_10Y_Treasury_Yield": 1.8172
  }
}