{
  "latest_date": "2026-01-27",
  "latest_values": {
    "Shanghai_Composite_Index": 4132.60498046875,
    "CSI_300_Index": 4706.9599609375,
    "Shenzhen_Component_Index": 14316.6396484375,
    "ALUMINUM_future": 3151.25,
    "BTC_price": 88607.984375,
    "OIL_price": 60.279998779296875,
    "USD_CNY_exchange_rate": 6.956200122833252,
    "Commodity_Index_ETF": 24.290000915527344,
    "US_Dollar_Index": 97.02899932861328,
    "ETH_price": 2937.96435546875,
    "GOLD_spot_price": 5064.39990234375,
    "LEAN_HOGS_future": 96.67500305175781,
    "COPPER_future": 5.8979997634887695,
    "High_Yield_Bond_ETF": 81.18000030517578,
    "LIVE_CATTLE_future": 237.9499969482422,
    "GOLD_near_month_future": 5064.5,
    "NATURAL_GAS_future": 3.743000030517578,
    "PLATINUM_future": 2659.5,
    "SILVER_future": 109.73999786376953,
    "Long_Term_Treasury_ETF": 88.3499984741211,
    "CORN_future": 428.5,
    "SOYBEANS_future": 1061.0,
    "WHEAT_future": 521.5,
    "SP500_close": 6950.22998046875,
    "NASDAQ_close": 23601.359375,
    "US_10Y_Treasury_Yield": 4.2129998207092285,
    "VIX_close": 16.149999618530273,
    "GOLD_basis_spot_vs_near": -0.10009765625,
    "China_10Y_Treasury_Yield": 1.8242
  }
}