{
  "latest_date": "2025-11-12",
  "latest_values": {
    "Shanghai_Composite_Index": 4002.758056640625,
    "CSI_300_Index": 4652.169921875,
    "Shenzhen_Component_Index": 13289.0,
    "ALUMINUM_future": 2829.5,
    "BTC_price": 103260.3046875,
    "OIL_price": 60.81999969482422,
    "USD_CNY_exchange_rate": 7.118500232696533,
    "Commodity_Index_ETF": 23.299999237060547,
    "US_Dollar_Index": 99.60099792480469,
    "ETH_price": 3449.384033203125,
    "GOLD_spot_price": 4115.89990234375,
    "LEAN_HOGS_future": 82.3499984741211,
    "COPPER_future": 5.048500061035156,
    "High_Yield_Bond_ETF": 80.69000244140625,
    "LIVE_CATTLE_future": 226.52499389648438,
    "GOLD_near_month_future": 4116.0,
    "NATURAL_GAS_future": 4.572000026702881,
    "PLATINUM_future": 1592.5999755859375,
    "SILVER_future": 50.959999084472656,
    "Long_Term_Treasury_ETF": 89.95999908447266,
    "CORN_future": 432.75,
    "SOYBEANS_future": 1133.0,
    "WHEAT_future": 535.5,
    "SP500_close": 6846.60986328125,
    "NASDAQ_close": 23468.30078125,
    "US_10Y_Treasury_Yield": 4.119999885559082,
    "VIX_close": 17.280000686645508,
    "GOLD_basis_spot_vs_near": -0.10009765625,
    "China_10Y_Treasury_Yield": 1.8119
  }
}