{
  "latest_date": "2025-10-20",
  "latest_values": {
    "Shanghai_Composite_Index": 3839.7548828125,
    "CSI_300_Index": 4514.22998046875,
    "Shenzhen_Component_Index": 12688.9404296875,
    "ALUMINUM_future": 2751.25,
    "BTC_price": 108150.4296875,
    "OIL_price": 57.400001525878906,
    "USD_CNY_exchange_rate": 7.123000144958496,
    "Commodity_Index_ETF": 22.1200008392334,
    "US_Dollar_Index": 98.50499725341797,
    "ETH_price": 3950.51904296875,
    "GOLD_spot_price": 4265.10009765625,
    "LEAN_HOGS_future": 84.7750015258789,
    "COPPER_future": 5.005000114440918,
    "High_Yield_Bond_ETF": 80.72000122070312,
    "LIVE_CATTLE_future": 242.9499969482422,
    "GOLD_near_month_future": 4265.10009765625,
    "NATURAL_GAS_future": 3.1510000228881836,
    "PLATINUM_future": 1615.699951171875,
    "SILVER_future": 50.82500076293945,
    "Long_Term_Treasury_ETF": 91.19999694824219,
    "CORN_future": 422.5,
    "SOYBEANS_future": 1036.75,
    "WHEAT_future": 503.75,
    "SP500_close": 6664.009765625,
    "NASDAQ_close": 22679.970703125,
    "US_10Y_Treasury_Yield": 4.006999969482422,
    "VIX_close": 20.780000686645508,
    "GOLD_basis_spot_vs_near": 0.0,
    "China_10Y_Treasury_Yield": 1.8246
  }
}