{
  "latest_date": "2026-02-17",
  "latest_values": {
    "Shanghai_Composite_Index": 4082.072998046875,
    "CSI_300_Index": 4660.41015625,
    "Shenzhen_Component_Index": 14100.1904296875,
    "ALUMINUM_future": 2990.0,
    "BTC_price": 68337.234375,
    "OIL_price": 63.38999938964844,
    "USD_CNY_exchange_rate": 6.903200149536133,
    "Commodity_Index_ETF": 23.8799991607666,
    "US_Dollar_Index": 97.08399963378906,
    "ETH_price": 1978.0487060546875,
    "GOLD_spot_price": 4911.0,
    "LEAN_HOGS_future": 86.9749984741211,
    "COPPER_future": 5.704500198364258,
    "High_Yield_Bond_ETF": 80.8499984741211,
    "LIVE_CATTLE_future": 242.9250030517578,
    "GOLD_near_month_future": 4910.7001953125,
    "NATURAL_GAS_future": 3.1029999256134033,
    "PLATINUM_future": 2008.800048828125,
    "SILVER_future": 74.2750015258789,
    "Long_Term_Treasury_ETF": 89.72000122070312,
    "CORN_future": 428.75,
    "SOYBEANS_future": 1118.75,
    "WHEAT_future": 541.5,
    "SP500_close": 6836.169921875,
    "NASDAQ_close": 22546.669921875,
    "US_10Y_Treasury_Yield": 4.056000232696533,
    "VIX_close": 21.200000762939453,
    "GOLD_basis_spot_vs_near": 0.2998046875,
    "China_10Y_Treasury_Yield": 1.7899
  }
}