{
  "latest_date": "2026-01-29",
  "latest_values": {
    "Shanghai_Composite_Index": 4151.23779296875,
    "CSI_300_Index": 4717.990234375,
    "Shenzhen_Component_Index": 14342.8896484375,
    "ALUMINUM_future": 3288.75,
    "BTC_price": 88075.65625,
    "OIL_price": 64.0999984741211,
    "USD_CNY_exchange_rate": 6.946800231933594,
    "Commodity_Index_ETF": 24.940000534057617,
    "US_Dollar_Index": 96.11699676513672,
    "ETH_price": 2949.250732421875,
    "GOLD_spot_price": 5615.2001953125,
    "LEAN_HOGS_future": 95.25,
    "COPPER_future": 6.337500095367432,
    "High_Yield_Bond_ETF": 81.04000091552734,
    "LIVE_CATTLE_future": 238.625,
    "GOLD_near_month_future": 5615.5,
    "NATURAL_GAS_future": 3.865999937057495,
    "PLATINUM_future": 2782.800048828125,
    "SILVER_future": 118.97000122070312,
    "Long_Term_Treasury_ETF": 87.5999984741211,
    "CORN_future": 431.0,
    "SOYBEANS_future": 1078.25,
    "WHEAT_future": 538.5,
    "SP500_close": 6978.02978515625,
    "NASDAQ_close": 23857.44921875,
    "US_10Y_Treasury_Yield": 4.250999927520752,
    "VIX_close": 16.350000381469727,
    "GOLD_basis_spot_vs_near": -0.2998046875,
    "China_10Y_Treasury_Yield": 1.8164
  }
}