{
  "latest_date": "2026-02-27",
  "latest_values": {
    "Shanghai_Composite_Index": 4162.88134765625,
    "CSI_300_Index": 4710.64697265625,
    "Shenzhen_Component_Index": 14503.7900390625,
    "ALUMINUM_future": 3084.25,
    "BTC_price": 65912.046875,
    "OIL_price": 66.81999969482422,
    "USD_CNY_exchange_rate": 6.857399940490723,
    "Commodity_Index_ETF": 25.03969955444336,
    "US_Dollar_Index": 97.71700286865234,
    "ETH_price": 1936.4945068359375,
    "GOLD_spot_price": 5257.39990234375,
    "LEAN_HOGS_future": 95.6500015258789,
    "COPPER_future": 6.081500053405762,
    "High_Yield_Bond_ETF": 80.75499725341797,
    "LIVE_CATTLE_future": 233.4250030517578,
    "GOLD_near_month_future": 5256.60009765625,
    "NATURAL_GAS_future": 2.8350000381469727,
    "PLATINUM_future": 2380.5,
    "SILVER_future": 94.03500366210938,
    "Long_Term_Treasury_ETF": 90.66500091552734,
    "CORN_future": 447.25,
    "SOYBEANS_future": 1162.0,
    "WHEAT_future": 587.75,
    "SP500_close": 6865.02001953125,
    "NASDAQ_close": 22680.310546875,
    "US_10Y_Treasury_Yield": 3.9790000915527344,
    "VIX_close": 20.350000381469727,
    "GOLD_basis_spot_vs_near": 0.7998046875,
    "China_10Y_Treasury_Yield": 1.7877
  }
}