{
  "latest_date": "2025-09-29",
  "latest_values": {
    "Shanghai_Composite_Index": 3862.53173828125,
    "CSI_300_Index": 4620.052734375,
    "Shenzhen_Component_Index": 13479.427734375,
    "ALUMINUM_future": 2613.25,
    "BTC_price": 114114.8359375,
    "OIL_price": 63.220001220703125,
    "USD_CNY_exchange_rate": 7.133800029754639,
    "Commodity_Index_ETF": 22.614999771118164,
    "US_Dollar_Index": 97.90299987792969,
    "ETH_price": 4168.7197265625,
    "GOLD_spot_price": 3854.699951171875,
    "LEAN_HOGS_future": 91.82499694824219,
    "COPPER_future": 4.901500225067139,
    "High_Yield_Bond_ETF": 81.16000366210938,
    "LIVE_CATTLE_future": 231.3000030517578,
    "GOLD_near_month_future": 3854.800048828125,
    "NATURAL_GAS_future": 3.2760000228881836,
    "PLATINUM_future": 1635.4000244140625,
    "SILVER_future": 46.9900016784668,
    "Long_Term_Treasury_ETF": 89.62000274658203,
    "CORN_future": 421.5,
    "SOYBEANS_future": 1009.25,
    "WHEAT_future": 518.75,
    "SP500_close": 6653.6298828125,
    "NASDAQ_close": 22571.21875,
    "US_10Y_Treasury_Yield": 4.140999794006348,
    "VIX_close": 15.970000267028809,
    "GOLD_basis_spot_vs_near": -0.10009765625,
    "China_10Y_Treasury_Yield": 1.887
  }
}