{
  "latest_date": "2026-05-07",
  "latest_values": {
    "Shanghai_Composite_Index": 4160.173828125,
    "CSI_300_Index": 4877.08984375,
    "Shenzhen_Component_Index": 15459.6201171875,
    "ALUMINUM_future": 3454.0,
    "BTC_price": 80156.3515625,
    "OIL_price": 95.91000366210938,
    "USD_CNY_exchange_rate": 6.810999870300293,
    "Commodity_Index_ETF": 30.25,
    "US_Dollar_Index": 98.18000030517578,
    "ETH_price": 2293.929931640625,
    "GOLD_spot_price": 4722.10009765625,
    "LEAN_HOGS_future": 99.30000305175781,
    "COPPER_future": 6.1620001792907715,
    "High_Yield_Bond_ETF": 79.86000061035156,
    "LIVE_CATTLE_future": 250.4499969482422,
    "GOLD_near_month_future": 4722.10009765625,
    "NATURAL_GAS_future": 2.7860000133514404,
    "PLATINUM_future": 2053.39990234375,
    "SILVER_future": 80.26000213623047,
    "Long_Term_Treasury_ETF": 85.6500015258789,
    "CORN_future": 467.25,
    "SOYBEANS_future": 1191.0,
    "WHEAT_future": 613.0,
    "SP500_close": 7337.10986328125,
    "NASDAQ_close": 25806.1953125,
    "US_10Y_Treasury_Yield": 4.3919997215271,
    "VIX_close": 17.079999923706055,
    "GOLD_basis_spot_vs_near": 0.0,
    "China_10Y_Treasury_Yield": 1.7631
  }
}