{
  "latest_date": "2026-03-17",
  "latest_values": {
    "Shanghai_Composite_Index": 4049.9072265625,
    "CSI_300_Index": 4637.43896484375,
    "Shenzhen_Component_Index": 14039.73046875,
    "ALUMINUM_future": 3340.5,
    "BTC_price": 74301.0703125,
    "OIL_price": 95.19999694824219,
    "USD_CNY_exchange_rate": 6.885799884796143,
    "Commodity_Index_ETF": 28.709999084472656,
    "ETH_price": 2330.580078125,
    "GOLD_spot_price": 5007.89990234375,
    "LEAN_HOGS_future": 107.1500015258789,
    "COPPER_future": 5.770500183105469,
    "High_Yield_Bond_ETF": 79.75499725341797,
    "LIVE_CATTLE_future": 233.47500610351562,
    "GOLD_near_month_future": 5008.0,
    "NATURAL_GAS_future": 3.0309998989105225,
    "PLATINUM_future": 2129.199951171875,
    "SILVER_future": 79.61000061035156,
    "Long_Term_Treasury_ETF": 87.4749984741211,
    "CORN_future": 453.5,
    "SOYBEANS_future": 1161.5,
    "WHEAT_future": 591.0,
    "SP500_close": 6723.31005859375,
    "NASDAQ_close": 22469.708984375,
    "US_10Y_Treasury_Yield": 4.192999839782715,
    "VIX_close": 22.389999389648438,
    "GOLD_basis_spot_vs_near": -0.10009765625,
    "China_10Y_Treasury_Yield": 1.8314
  }
}