{
  "latest_date": "2025-12-04",
  "latest_values": {
    "Shanghai_Composite_Index": 3877.99951171875,
    "CSI_300_Index": 4531.048828125,
    "Shenzhen_Component_Index": 12955.2529296875,
    "ALUMINUM_future": 2890.75,
    "BTC_price": 93085.265625,
    "OIL_price": 59.060001373291016,
    "USD_CNY_exchange_rate": 7.0630998611450195,
    "Commodity_Index_ETF": 23.1299991607666,
    "US_Dollar_Index": 98.86799621582031,
    "ETH_price": 3183.5419921875,
    "GOLD_spot_price": 4235.0,
    "LEAN_HOGS_future": 80.55000305175781,
    "COPPER_future": 5.390999794006348,
    "High_Yield_Bond_ETF": 80.69000244140625,
    "LIVE_CATTLE_future": 218.9499969482422,
    "GOLD_near_month_future": 4235.0,
    "NATURAL_GAS_future": 4.985000133514404,
    "PLATINUM_future": 1678.4000244140625,
    "SILVER_future": 58.935001373291016,
    "Long_Term_Treasury_ETF": 89.05999755859375,
    "CORN_future": 443.25,
    "SOYBEANS_future": 1116.25,
    "WHEAT_future": 538.25,
    "SP500_close": 6849.72021484375,
    "NASDAQ_close": 23454.091796875,
    "US_10Y_Treasury_Yield": 4.057000160217285,
    "VIX_close": 16.079999923706055,
    "GOLD_basis_spot_vs_near": 0.0,
    "China_10Y_Treasury_Yield": 1.8519
  }
}