{
  "latest_date": "2026-06-08",
  "latest_values": {
    "Shanghai_Composite_Index": 4027.736083984375,
    "CSI_300_Index": 4816.919921875,
    "Shenzhen_Component_Index": 15314.7001953125,
    "ALUMINUM_future": 3670.0,
    "BTC_price": 63466.73046875,
    "OIL_price": 91.23999786376953,
    "USD_CNY_exchange_rate": 6.765500068664551,
    "Commodity_Index_ETF": 29.469999313354492,
    "US_Dollar_Index": 100.01300048828125,
    "ETH_price": 1689.260009765625,
    "GOLD_spot_price": 4351.2998046875,
    "LEAN_HOGS_future": 97.30000305175781,
    "COPPER_future": 6.33050012588501,
    "High_Yield_Bond_ETF": 79.54000091552734,
    "LIVE_CATTLE_future": 236.3249969482422,
    "GOLD_near_month_future": 4351.10009765625,
    "NATURAL_GAS_future": 3.1410000324249268,
    "PLATINUM_future": 1756.0999755859375,
    "SILVER_future": 68.30000305175781,
    "Long_Term_Treasury_ETF": 84.62000274658203,
    "CORN_future": 418.0,
    "SOYBEANS_future": 1116.75,
    "WHEAT_future": 581.75,
    "SP500_close": 7405.72998046875,
    "NASDAQ_close": 25929.662109375,
    "US_10Y_Treasury_Yield": 4.552000045776367,
    "VIX_close": 18.920000076293945,
    "GOLD_basis_spot_vs_near": 0.19970703125,
    "China_10Y_Treasury_Yield": 1.7275
  }
}