{
  "latest_date": "2026-06-08",
  "latest_values": {
    "Shanghai_Composite_Index": 4027.736083984375,
    "CSI_300_Index": 4816.919921875,
    "Shenzhen_Component_Index": 15314.7001953125,
    "ALUMINUM_future": 3662.25,
    "BTC_price": 63219.75,
    "OIL_price": 94.41999816894531,
    "USD_CNY_exchange_rate": 6.773499965667725,
    "Commodity_Index_ETF": 29.229999542236328,
    "US_Dollar_Index": 100.05999755859375,
    "ETH_price": 1673.449951171875,
    "GOLD_spot_price": 4330.10009765625,
    "LEAN_HOGS_future": 94.30000305175781,
    "COPPER_future": 6.295000076293945,
    "High_Yield_Bond_ETF": 79.43000030517578,
    "LIVE_CATTLE_future": 250.0749969482422,
    "GOLD_near_month_future": 4330.39990234375,
    "NATURAL_GAS_future": 3.1449999809265137,
    "PLATINUM_future": 1763.300048828125,
    "SILVER_future": 67.44000244140625,
    "Long_Term_Treasury_ETF": 85.05999755859375,
    "CORN_future": 417.75,
    "SOYBEANS_future": 1119.5,
    "WHEAT_future": 580.25,
    "SP500_close": 7383.740234375,
    "NASDAQ_close": 25709.4296875,
    "US_10Y_Treasury_Yield": 4.535999774932861,
    "VIX_close": 19.979999542236328,
    "GOLD_basis_spot_vs_near": -0.2998046875,
    "China_10Y_Treasury_Yield": 1.7207
  }
}