{
  "latest_date": "2026-06-22",
  "latest_values": {
    "Shanghai_Composite_Index": 4090.48095703125,
    "CSI_300_Index": 4941.60009765625,
    "Shenzhen_Component_Index": 16030.7001953125,
    "ALUMINUM_future": 3549.25,
    "BTC_price": 64489.890625,
    "OIL_price": 73.7699966430664,
    "USD_CNY_exchange_rate": 6.768599987030029,
    "Commodity_Index_ETF": 27.415000915527344,
    "US_Dollar_Index": 100.99199676513672,
    "ETH_price": 1733.68994140625,
    "GOLD_spot_price": 4203.0,
    "LEAN_HOGS_future": 97.07499694824219,
    "COPPER_future": 6.364500045776367,
    "High_Yield_Bond_ETF": 79.93499755859375,
    "LIVE_CATTLE_future": 247.0749969482422,
    "GOLD_near_month_future": 4203.10009765625,
    "NATURAL_GAS_future": 3.312000036239624,
    "PLATINUM_future": 1671.800048828125,
    "SILVER_future": 65.6050033569336,
    "Long_Term_Treasury_ETF": 86.0697021484375,
    "CORN_future": 412.5,
    "SOYBEANS_future": 1145.0,
    "WHEAT_future": 609.25,
    "SP500_close": 7474.7099609375,
    "NASDAQ_close": 26188.025390625,
    "US_10Y_Treasury_Yield": 4.511000156402588,
    "VIX_close": 17.360000610351562,
    "GOLD_basis_spot_vs_near": -0.10009765625,
    "China_10Y_Treasury_Yield": 1.7375
  }
}