{
  "latest_date": "2025-09-11",
  "latest_values": {
    "Shanghai_Composite_Index": 3875.309326171875,
    "CSI_300_Index": 4548.03466796875,
    "Shenzhen_Component_Index": 12979.8916015625,
    "ALUMINUM_future": 2614.0,
    "BTC_price": 114577.1640625,
    "OIL_price": 62.43000030517578,
    "USD_CNY_exchange_rate": 7.1209001541137695,
    "Commodity_Index_ETF": 22.2450008392334,
    "US_Dollar_Index": 97.57099914550781,
    "ETH_price": 4434.30908203125,
    "GOLD_spot_price": 3673.300048828125,
    "LEAN_HOGS_future": 98.2249984741211,
    "COPPER_future": 4.6554999351501465,
    "High_Yield_Bond_ETF": 81.0250015258789,
    "LIVE_CATTLE_future": 232.47500610351562,
    "GOLD_near_month_future": 3673.300048828125,
    "NATURAL_GAS_future": 2.941999912261963,
    "PLATINUM_future": 1399.199951171875,
    "SILVER_future": 42.17499923706055,
    "Long_Term_Treasury_ETF": 90.21499633789062,
    "CORN_future": 420.75,
    "SOYBEANS_future": 1035.0,
    "WHEAT_future": 521.75,
    "SP500_close": 6583.93994140625,
    "NASDAQ_close": 22039.919921875,
    "US_10Y_Treasury_Yield": 4.019000053405762,
    "VIX_close": 14.9399995803833,
    "GOLD_basis_spot_vs_near": 0.0,
    "China_10Y_Treasury_Yield": 1.8743
  }
}