{
  "latest_date": "2026-03-26",
  "latest_values": {
    "Shanghai_Composite_Index": 3931.8369140625,
    "CSI_300_Index": 4537.47021484375,
    "Shenzhen_Component_Index": 13801.0,
    "ALUMINUM_future": 3117.75,
    "BTC_price": 69936.6953125,
    "OIL_price": 92.86000061035156,
    "USD_CNY_exchange_rate": 6.9019999504089355,
    "Commodity_Index_ETF": 28.170000076293945,
    "US_Dollar_Index": 99.73699951171875,
    "ETH_price": 2117.688232421875,
    "GOLD_spot_price": 4451.39990234375,
    "LEAN_HOGS_future": 90.9000015258789,
    "COPPER_future": 5.507500171661377,
    "High_Yield_Bond_ETF": 79.41999816894531,
    "LIVE_CATTLE_future": 234.4250030517578,
    "GOLD_near_month_future": 4451.5,
    "NATURAL_GAS_future": 2.931999921798706,
    "PLATINUM_future": 1869.9000244140625,
    "SILVER_future": 69.68499755859375,
    "Long_Term_Treasury_ETF": 86.83999633789062,
    "CORN_future": 467.5,
    "SOYBEANS_future": 1173.75,
    "WHEAT_future": 600.75,
    "SP500_close": 6591.89990234375,
    "NASDAQ_close": 21929.826171875,
    "US_10Y_Treasury_Yield": 4.328000068664551,
    "VIX_close": 26.450000762939453,
    "GOLD_basis_spot_vs_near": -0.10009765625,
    "China_10Y_Treasury_Yield": 1.8233
  }
}