{
  "latest_date": "2026-02-04",
  "latest_values": {
    "Shanghai_Composite_Index": 4102.2021484375,
    "CSI_300_Index": 4698.68310546875,
    "Shenzhen_Component_Index": 14156.2734375,
    "ALUMINUM_future": 3001.75,
    "BTC_price": 72297.0,
    "OIL_price": 64.51000213623047,
    "USD_CNY_exchange_rate": 6.940999984741211,
    "Commodity_Index_ETF": 24.190000534057617,
    "US_Dollar_Index": 97.6500015258789,
    "ETH_price": 2106.479248046875,
    "GOLD_spot_price": 4987.7001953125,
    "LEAN_HOGS_future": 87.9000015258789,
    "COPPER_future": 5.927499771118164,
    "High_Yield_Bond_ETF": 80.62000274658203,
    "LIVE_CATTLE_future": 240.52499389648438,
    "GOLD_near_month_future": 4988.39990234375,
    "NATURAL_GAS_future": 3.4539999961853027,
    "PLATINUM_future": 2221.5,
    "SILVER_future": 87.65499877929688,
    "Long_Term_Treasury_ETF": 86.54000091552734,
    "CORN_future": 429.0,
    "SOYBEANS_future": 1092.0,
    "WHEAT_future": 526.75,
    "SP500_close": 6882.72021484375,
    "NASDAQ_close": 22904.580078125,
    "US_10Y_Treasury_Yield": 4.275000095367432,
    "VIX_close": 18.639999389648438,
    "GOLD_basis_spot_vs_near": -0.69970703125,
    "China_10Y_Treasury_Yield": 1.8193
  }
}