{
  "latest_date": "2026-02-09",
  "latest_values": {
    "Shanghai_Composite_Index": 4065.5830078125,
    "CSI_300_Index": 4643.60009765625,
    "Shenzhen_Component_Index": 13906.73046875,
    "ALUMINUM_future": 3033.5,
    "BTC_price": 70383.25,
    "OIL_price": 62.93000030517578,
    "USD_CNY_exchange_rate": 6.938300132751465,
    "Commodity_Index_ETF": 24.010000228881836,
    "US_Dollar_Index": 97.55000305175781,
    "ETH_price": 2083.890869140625,
    "GOLD_spot_price": 5062.0,
    "LEAN_HOGS_future": 97.94999694824219,
    "COPPER_future": 5.952499866485596,
    "High_Yield_Bond_ETF": 80.80999755859375,
    "LIVE_CATTLE_future": 237.25,
    "GOLD_near_month_future": 5060.5,
    "NATURAL_GAS_future": 3.2149999141693115,
    "PLATINUM_future": 2135.199951171875,
    "SILVER_future": 79.5,
    "Long_Term_Treasury_ETF": 87.54000091552734,
    "CORN_future": 430.25,
    "SOYBEANS_future": 1115.25,
    "WHEAT_future": 529.75,
    "SP500_close": 6932.2998046875,
    "NASDAQ_close": 23031.2109375,
    "US_10Y_Treasury_Yield": 4.205999851226807,
    "VIX_close": 20.3700008392334,
    "GOLD_basis_spot_vs_near": 1.5,
    "China_10Y_Treasury_Yield": 1.8102
  }
}