{
  "latest_date": "2026-04-09",
  "latest_values": {
    "Shanghai_Composite_Index": 3994.998046875,
    "CSI_300_Index": 4595.56005859375,
    "Shenzhen_Component_Index": 14042.5,
    "ALUMINUM_future": 3369.5,
    "BTC_price": 71929.6640625,
    "OIL_price": 97.36000061035156,
    "USD_CNY_exchange_rate": 6.8566999435424805,
    "Commodity_Index_ETF": 28.65999984741211,
    "US_Dollar_Index": 98.76399993896484,
    "ETH_price": 2209.406494140625,
    "GOLD_spot_price": 4808.5,
    "LEAN_HOGS_future": 104.17500305175781,
    "COPPER_future": 5.763500213623047,
    "High_Yield_Bond_ETF": 80.24500274658203,
    "LIVE_CATTLE_future": 247.52499389648438,
    "GOLD_near_month_future": 4808.5,
    "NATURAL_GAS_future": 2.678999900817871,
    "PLATINUM_future": 2116.5,
    "SILVER_future": 76.19999694824219,
    "Long_Term_Treasury_ETF": 86.75499725341797,
    "CORN_future": 444.25,
    "SOYBEANS_future": 1165.25,
    "WHEAT_future": 574.0,
    "SP500_close": 6815.60009765625,
    "NASDAQ_close": 22755.46484375,
    "US_10Y_Treasury_Yield": 4.281000137329102,
    "VIX_close": 19.920000076293945,
    "GOLD_basis_spot_vs_near": 0.0,
    "China_10Y_Treasury_Yield": 1.8192
  }
}