{
  "latest_date": "2025-09-12",
  "latest_values": {
    "Shanghai_Composite_Index": 3870.598388671875,
    "CSI_300_Index": 4521.998046875,
    "Shenzhen_Component_Index": 12924.134765625,
    "ALUMINUM_future": 2625.0,
    "BTC_price": 116042.796875,
    "OIL_price": 62.599998474121094,
    "USD_CNY_exchange_rate": 7.123700141906738,
    "Commodity_Index_ETF": 22.350000381469727,
    "US_Dollar_Index": 97.61499786376953,
    "ETH_price": 4660.48974609375,
    "GOLD_spot_price": 3680.699951171875,
    "LEAN_HOGS_future": 97.07499694824219,
    "COPPER_future": 4.6479997634887695,
    "High_Yield_Bond_ETF": 80.95999908447266,
    "LIVE_CATTLE_future": 229.89999389648438,
    "GOLD_near_month_future": 3680.699951171875,
    "NATURAL_GAS_future": 2.9549999237060547,
    "PLATINUM_future": 1402.699951171875,
    "SILVER_future": 42.68000030517578,
    "Long_Term_Treasury_ETF": 89.94999694824219,
    "CORN_future": 428.0,
    "SOYBEANS_future": 1045.25,
    "WHEAT_future": 521.75,
    "SP500_close": 6584.2900390625,
    "NASDAQ_close": 22141.1015625,
    "US_10Y_Treasury_Yield": 4.060999870300293,
    "VIX_close": 14.760000228881836,
    "GOLD_basis_spot_vs_near": 0.0,
    "China_10Y_Treasury_Yield": 1.867
  }
}