{
  "latest_date": "2025-10-01",
  "latest_values": {
    "Shanghai_Composite_Index": 3882.777099609375,
    "CSI_300_Index": 4640.68994140625,
    "Shenzhen_Component_Index": 13526.509765625,
    "ALUMINUM_future": 2594.0,
    "BTC_price": 117375.9609375,
    "OIL_price": 61.81999969482422,
    "USD_CNY_exchange_rate": 7.133800029754639,
    "Commodity_Index_ETF": 22.3700008392334,
    "US_Dollar_Index": 97.64700317382812,
    "ETH_price": 4331.8076171875,
    "GOLD_spot_price": 3898.39990234375,
    "LEAN_HOGS_future": 88.375,
    "COPPER_future": 4.853000164031982,
    "High_Yield_Bond_ETF": 80.82499694824219,
    "LIVE_CATTLE_future": 236.35000610351562,
    "GOLD_near_month_future": 3898.300048828125,
    "NATURAL_GAS_future": 3.367000102996826,
    "PLATINUM_future": 1588.5999755859375,
    "SILVER_future": 47.55500030517578,
    "Long_Term_Treasury_ETF": 89.45500183105469,
    "CORN_future": 411.25,
    "SOYBEANS_future": 997.75,
    "WHEAT_future": 502.25,
    "SP500_close": 6687.14013671875,
    "NASDAQ_close": 22659.9609375,
    "US_10Y_Treasury_Yield": 4.109999656677246,
    "VIX_close": 16.350000381469727,
    "GOLD_basis_spot_vs_near": 0.099853515625,
    "China_10Y_Treasury_Yield": 1.8605
  }
}