{
  "latest_date": "2025-11-24",
  "latest_values": {
    "Shanghai_Composite_Index": 3834.89111328125,
    "CSI_300_Index": 4453.60986328125,
    "Shenzhen_Component_Index": 12538.0703125,
    "ALUMINUM_future": 2765.0,
    "BTC_price": 87544.8125,
    "OIL_price": 58.099998474121094,
    "USD_CNY_exchange_rate": 7.107399940490723,
    "Commodity_Index_ETF": 22.530000686645508,
    "US_Dollar_Index": 100.19499969482422,
    "ETH_price": 2866.388916015625,
    "GOLD_spot_price": 4050.39990234375,
    "LEAN_HOGS_future": 77.80000305175781,
    "COPPER_future": 5.00600004196167,
    "High_Yield_Bond_ETF": 80.37000274658203,
    "LIVE_CATTLE_future": 214.77499389648438,
    "GOLD_near_month_future": 4050.199951171875,
    "NATURAL_GAS_future": 4.611999988555908,
    "PLATINUM_future": 1538.9000244140625,
    "SILVER_future": 49.71500015258789,
    "Long_Term_Treasury_ETF": 89.5,
    "CORN_future": 424.25,
    "SOYBEANS_future": 1125.5,
    "WHEAT_future": 539.5,
    "SP500_close": 6602.990234375,
    "NASDAQ_close": 22273.080078125,
    "US_10Y_Treasury_Yield": 4.063000202178955,
    "VIX_close": 23.43000030517578,
    "GOLD_basis_spot_vs_near": 0.199951171875,
    "China_10Y_Treasury_Yield": 1.8166
  }
}