{
  "latest_date": "2026-05-07",
  "latest_values": {
    "Shanghai_Composite_Index": 4160.173828125,
    "CSI_300_Index": 4877.08984375,
    "Shenzhen_Component_Index": 15459.6201171875,
    "ALUMINUM_future": 3437.0,
    "BTC_price": 81118.59375,
    "OIL_price": 93.16000366210938,
    "USD_CNY_exchange_rate": 6.830100059509277,
    "Commodity_Index_ETF": 30.209999084472656,
    "US_Dollar_Index": 97.86299896240234,
    "ETH_price": 2332.06005859375,
    "GOLD_spot_price": 4744.0,
    "LEAN_HOGS_future": 91.69999694824219,
    "COPPER_future": 6.214000225067139,
    "High_Yield_Bond_ETF": 80.16000366210938,
    "LIVE_CATTLE_future": 253.47500610351562,
    "GOLD_near_month_future": 4743.7998046875,
    "NATURAL_GAS_future": 2.7170000076293945,
    "PLATINUM_future": 2101.0,
    "SILVER_future": 80.1050033569336,
    "Long_Term_Treasury_ETF": 86.08000183105469,
    "CORN_future": 465.75,
    "SOYBEANS_future": 1193.0,
    "WHEAT_future": 612.25,
    "SP500_close": 7365.1201171875,
    "NASDAQ_close": 25838.939453125,
    "US_10Y_Treasury_Yield": 4.355999946594238,
    "VIX_close": 17.489999771118164,
    "GOLD_basis_spot_vs_near": 0.2001953125,
    "China_10Y_Treasury_Yield": 1.7654
  }
}