{
  "latest_date": "2025-12-04",
  "latest_values": {
    "Shanghai_Composite_Index": 3875.793212890625,
    "CSI_300_Index": 4546.56640625,
    "Shenzhen_Component_Index": 13006.716796875,
    "ALUMINUM_future": 2901.5,
    "BTC_price": 91969.0234375,
    "OIL_price": 59.900001525878906,
    "USD_CNY_exchange_rate": 7.070899963378906,
    "Commodity_Index_ETF": 23.20949935913086,
    "US_Dollar_Index": 98.96199798583984,
    "ETH_price": 3128.6884765625,
    "GOLD_spot_price": 4241.2998046875,
    "LEAN_HOGS_future": 81.9000015258789,
    "COPPER_future": 5.35699987411499,
    "High_Yield_Bond_ETF": 80.69499969482422,
    "LIVE_CATTLE_future": 224.14999389648438,
    "GOLD_near_month_future": 4241.2998046875,
    "NATURAL_GAS_future": 5.056000232696533,
    "PLATINUM_future": 1658.0,
    "SILVER_future": 57.400001525878906,
    "Long_Term_Treasury_ETF": 88.60990142822266,
    "CORN_future": 447.25,
    "SOYBEANS_future": 1120.5,
    "WHEAT_future": 540.5,
    "SP500_close": 6850.35986328125,
    "NASDAQ_close": 23466.7265625,
    "US_10Y_Treasury_Yield": 4.104000091552734,
    "VIX_close": 15.930000305175781,
    "GOLD_basis_spot_vs_near": 0.0,
    "China_10Y_Treasury_Yield": 1.8718
  }
}