{
  "latest_date": "2025-10-29",
  "latest_values": {
    "Shanghai_Composite_Index": 3988.22412109375,
    "CSI_300_Index": 4691.97021484375,
    "Shenzhen_Component_Index": 13430.099609375,
    "ALUMINUM_future": 2846.75,
    "BTC_price": 112594.15625,
    "OIL_price": 60.099998474121094,
    "USD_CNY_exchange_rate": 7.101200103759766,
    "Commodity_Index_ETF": 22.59000015258789,
    "US_Dollar_Index": 98.77300262451172,
    "ETH_price": 3994.2001953125,
    "GOLD_spot_price": 3978.39990234375,
    "LEAN_HOGS_future": 80.6500015258789,
    "COPPER_future": 5.158999919891357,
    "High_Yield_Bond_ETF": 81.19999694824219,
    "LIVE_CATTLE_future": 226.9250030517578,
    "GOLD_near_month_future": 3978.300048828125,
    "NATURAL_GAS_future": 3.255000114440918,
    "PLATINUM_future": 1590.5999755859375,
    "SILVER_future": 47.45500183105469,
    "Long_Term_Treasury_ETF": 92.0199966430664,
    "CORN_future": 431.25,
    "SOYBEANS_future": 1089.5,
    "WHEAT_future": 529.75,
    "SP500_close": 6890.89013671875,
    "NASDAQ_close": 23827.490234375,
    "US_10Y_Treasury_Yield": 3.9830000400543213,
    "VIX_close": 16.420000076293945,
    "GOLD_basis_spot_vs_near": 0.099853515625,
    "China_10Y_Treasury_Yield": 1.8179
  }
}