{
  "latest_date": "2026-05-03",
  "latest_values": {
    "Shanghai_Composite_Index": 4112.1591796875,
    "CSI_300_Index": 4807.31005859375,
    "Shenzhen_Component_Index": 15107.5498046875,
    "ALUMINUM_future": 3478.0,
    "BTC_price": 78780.0078125,
    "OIL_price": 101.94000244140625,
    "USD_CNY_exchange_rate": 6.827099800109863,
    "Commodity_Index_ETF": 30.809999465942383,
    "US_Dollar_Index": 98.20999908447266,
    "ETH_price": 2326.800048828125,
    "GOLD_spot_price": 4644.5,
    "LEAN_HOGS_future": 101.2750015258789,
    "COPPER_future": 5.984499931335449,
    "High_Yield_Bond_ETF": 80.05999755859375,
    "LIVE_CATTLE_future": 253.0,
    "GOLD_near_month_future": 4644.5,
    "NATURAL_GAS_future": 2.7799999713897705,
    "PLATINUM_future": 2011.9000244140625,
    "SILVER_future": 76.43099975585938,
    "Long_Term_Treasury_ETF": 85.61000061035156,
    "CORN_future": 480.25,
    "SOYBEANS_future": 1203.25,
    "WHEAT_future": 637.75,
    "SP500_close": 7230.1201171875,
    "NASDAQ_close": 25114.439453125,
    "US_10Y_Treasury_Yield": 4.377999782562256,
    "VIX_close": 16.989999771118164,
    "GOLD_basis_spot_vs_near": 0.0,
    "China_10Y_Treasury_Yield": 1.7473
  }
}