{
  "latest_date": "2025-10-06",
  "latest_values": {
    "Shanghai_Composite_Index": 3882.777099609375,
    "CSI_300_Index": 4640.68994140625,
    "Shenzhen_Component_Index": 13526.509765625,
    "ALUMINUM_future": 2645.5,
    "BTC_price": 123480.8515625,
    "OIL_price": 61.70000076293945,
    "USD_CNY_exchange_rate": 7.11899995803833,
    "Commodity_Index_ETF": 22.40999984741211,
    "US_Dollar_Index": 98.37999725341797,
    "ETH_price": 4545.67724609375,
    "GOLD_spot_price": 3966.199951171875,
    "LEAN_HOGS_future": 87.30000305175781,
    "COPPER_future": 5.053999900817871,
    "High_Yield_Bond_ETF": 80.83999633789062,
    "LIVE_CATTLE_future": 234.5,
    "GOLD_near_month_future": 3966.10009765625,
    "NATURAL_GAS_future": 3.4749999046325684,
    "PLATINUM_future": 1650.0999755859375,
    "SILVER_future": 48.505001068115234,
    "Long_Term_Treasury_ETF": 89.37999725341797,
    "CORN_future": 418.5,
    "SOYBEANS_future": 1036.5,
    "WHEAT_future": 512.75,
    "SP500_close": 6715.7900390625,
    "NASDAQ_close": 22780.509765625,
    "US_10Y_Treasury_Yield": 4.11899995803833,
    "VIX_close": 16.860000610351562,
    "GOLD_basis_spot_vs_near": 0.099853515625,
    "China_10Y_Treasury_Yield": 1.8605
  }
}