{
  "latest_date": "2025-11-11",
  "latest_values": {
    "Shanghai_Composite_Index": 4018.596923828125,
    "CSI_300_Index": 4695.0498046875,
    "Shenzhen_Component_Index": 13427.6103515625,
    "ALUMINUM_future": 2834.25,
    "BTC_price": 105250.375,
    "OIL_price": 60.0099983215332,
    "USD_CNY_exchange_rate": 7.120500087738037,
    "Commodity_Index_ETF": 23.149999618530273,
    "US_Dollar_Index": 99.69999694824219,
    "ETH_price": 3572.389404296875,
    "GOLD_spot_price": 4142.5,
    "LEAN_HOGS_future": 82.5999984741211,
    "COPPER_future": 5.070000171661377,
    "High_Yield_Bond_ETF": 80.5999984741211,
    "LIVE_CATTLE_future": 226.9499969482422,
    "GOLD_near_month_future": 4142.60009765625,
    "NATURAL_GAS_future": 4.301000118255615,
    "PLATINUM_future": 1608.0999755859375,
    "SILVER_future": 50.560001373291016,
    "Long_Term_Treasury_ETF": 89.55000305175781,
    "CORN_future": 429.5,
    "SOYBEANS_future": 1127.5,
    "WHEAT_future": 537.5,
    "SP500_close": 6832.43017578125,
    "NASDAQ_close": 23527.169921875,
    "US_10Y_Treasury_Yield": 4.110000133514404,
    "VIX_close": 17.940000534057617,
    "GOLD_basis_spot_vs_near": -0.10009765625,
    "China_10Y_Treasury_Yield": 1.8139
  }
}