{
  "latest_date": "2025-10-21",
  "latest_values": {
    "Shanghai_Composite_Index": 3916.332275390625,
    "CSI_300_Index": 4607.87158203125,
    "Shenzhen_Component_Index": 13077.31640625,
    "ALUMINUM_future": 2728.25,
    "BTC_price": 110830.53125,
    "OIL_price": 57.58000183105469,
    "USD_CNY_exchange_rate": 7.121300220489502,
    "Commodity_Index_ETF": 22.110000610351562,
    "US_Dollar_Index": 98.9749984741211,
    "ETH_price": 3959.70751953125,
    "GOLD_spot_price": 4140.39990234375,
    "LEAN_HOGS_future": 83.30000305175781,
    "COPPER_future": 4.952000141143799,
    "High_Yield_Bond_ETF": 80.76000213623047,
    "LIVE_CATTLE_future": 245.4250030517578,
    "GOLD_near_month_future": 4140.60009765625,
    "NATURAL_GAS_future": 3.489000082015991,
    "PLATINUM_future": 1538.800048828125,
    "SILVER_future": 48.1349983215332,
    "Long_Term_Treasury_ETF": 92.0,
    "CORN_future": 419.75,
    "SOYBEANS_future": 1048.5,
    "WHEAT_future": 500.5,
    "SP500_close": 6735.35009765625,
    "NASDAQ_close": 22953.666015625,
    "US_10Y_Treasury_Yield": 3.9630000591278076,
    "VIX_close": 17.8700008392334,
    "GOLD_basis_spot_vs_near": -0.2001953125,
    "China_10Y_Treasury_Yield": 1.8357
  }
}