{
  "latest_date": "2025-11-05",
  "latest_values": {
    "Shanghai_Composite_Index": 3960.18603515625,
    "CSI_300_Index": 4618.7001953125,
    "Shenzhen_Component_Index": 13175.2197265625,
    "ALUMINUM_future": 2791.75,
    "BTC_price": 101800.140625,
    "OIL_price": 60.630001068115234,
    "USD_CNY_exchange_rate": 7.126100063323975,
    "Commodity_Index_ETF": 22.889999389648438,
    "US_Dollar_Index": 100.12200164794922,
    "ETH_price": 3325.462158203125,
    "GOLD_spot_price": 3971.60009765625,
    "LEAN_HOGS_future": 79.82499694824219,
    "COPPER_future": 4.957499980926514,
    "High_Yield_Bond_ETF": 80.1500015258789,
    "LIVE_CATTLE_future": 227.39999389648438,
    "GOLD_near_month_future": 3971.5,
    "NATURAL_GAS_future": 4.308000087738037,
    "PLATINUM_future": 1535.5,
    "SILVER_future": 47.435001373291016,
    "Long_Term_Treasury_ETF": 89.94000244140625,
    "CORN_future": 430.25,
    "SOYBEANS_future": 1127.75,
    "WHEAT_future": 548.25,
    "SP500_close": 6771.5498046875,
    "NASDAQ_close": 23348.640625,
    "US_10Y_Treasury_Yield": 4.089000225067139,
    "VIX_close": 19.0,
    "GOLD_basis_spot_vs_near": 0.10009765625,
    "China_10Y_Treasury_Yield": 1.7984
  }
}