{
  "latest_date": "2025-12-22",
  "latest_values": {
    "Shanghai_Composite_Index": 3890.447998046875,
    "CSI_300_Index": 4568.18017578125,
    "Shenzhen_Component_Index": 13140.2099609375,
    "ALUMINUM_future": 2968.25,
    "BTC_price": 89390.3359375,
    "OIL_price": 57.099998474121094,
    "USD_CNY_exchange_rate": 7.0366997718811035,
    "Commodity_Index_ETF": 22.850000381469727,
    "US_Dollar_Index": 98.5,
    "ETH_price": 3029.614013671875,
    "GOLD_spot_price": 4442.5,
    "LEAN_HOGS_future": 84.5,
    "COPPER_future": 5.517000198364258,
    "High_Yield_Bond_ETF": 80.36000061035156,
    "LIVE_CATTLE_future": 230.8000030517578,
    "GOLD_near_month_future": 4442.10009765625,
    "NATURAL_GAS_future": 4.114999771118164,
    "PLATINUM_future": 2092.0,
    "SILVER_future": 68.71499633789062,
    "Long_Term_Treasury_ETF": 87.55000305175781,
    "CORN_future": 445.75,
    "SOYBEANS_future": 1063.75,
    "WHEAT_future": 513.5,
    "SP500_close": 6834.5,
    "NASDAQ_close": 23307.619140625,
    "US_10Y_Treasury_Yield": 4.151000022888184,
    "VIX_close": 15.25,
    "GOLD_basis_spot_vs_near": 0.39990234375,
    "China_10Y_Treasury_Yield": 1.8308
  }
}