{
  "latest_date": "2026-02-09",
  "latest_values": {
    "Shanghai_Composite_Index": 4065.5830078125,
    "CSI_300_Index": 4643.60009765625,
    "Shenzhen_Component_Index": 13906.73046875,
    "ALUMINUM_future": 3042.0,
    "BTC_price": 68551.921875,
    "OIL_price": 63.18000030517578,
    "USD_CNY_exchange_rate": 6.921500205993652,
    "Commodity_Index_ETF": 24.010000228881836,
    "US_Dollar_Index": 96.9530029296875,
    "ETH_price": 2015.6163330078125,
    "GOLD_spot_price": 5037.39990234375,
    "LEAN_HOGS_future": 87.375,
    "COPPER_future": 5.895999908447266,
    "High_Yield_Bond_ETF": 80.80999755859375,
    "LIVE_CATTLE_future": 237.75,
    "GOLD_near_month_future": 5037.10009765625,
    "NATURAL_GAS_future": 3.115999937057495,
    "PLATINUM_future": 2081.5,
    "SILVER_future": 79.4000015258789,
    "Long_Term_Treasury_ETF": 87.54000091552734,
    "CORN_future": 429.0,
    "SOYBEANS_future": 1114.5,
    "WHEAT_future": 529.75,
    "SP500_close": 6932.2998046875,
    "NASDAQ_close": 23031.2109375,
    "US_10Y_Treasury_Yield": 4.2179999351501465,
    "VIX_close": 18.579999923706055,
    "GOLD_basis_spot_vs_near": 0.2998046875,
    "China_10Y_Treasury_Yield": 1.8114
  }
}