{
  "latest_date": "2026-04-28",
  "latest_values": {
    "Shanghai_Composite_Index": 4078.637451171875,
    "CSI_300_Index": 4758.20849609375,
    "Shenzhen_Component_Index": 14830.455078125,
    "ALUMINUM_future": 3498.75,
    "BTC_price": 75925.203125,
    "OIL_price": 99.44999694824219,
    "USD_CNY_exchange_rate": 6.835899829864502,
    "Commodity_Index_ETF": 30.25,
    "US_Dollar_Index": 98.61900329589844,
    "ETH_price": 2275.639892578125,
    "GOLD_spot_price": 4592.7998046875,
    "LEAN_HOGS_future": 101.9749984741211,
    "COPPER_future": 5.972499847412109,
    "High_Yield_Bond_ETF": 80.3550033569336,
    "LIVE_CATTLE_future": 252.22500610351562,
    "GOLD_near_month_future": 4592.7998046875,
    "NATURAL_GAS_future": 2.7179999351501465,
    "PLATINUM_future": 1956.5,
    "SILVER_future": 73.46499633789062,
    "Long_Term_Treasury_ETF": 86.13500213623047,
    "CORN_future": 473.75,
    "SOYBEANS_future": 1188.0,
    "WHEAT_future": 649.0,
    "SP500_close": 7118.33984375,
    "NASDAQ_close": 24531.716796875,
    "US_10Y_Treasury_Yield": 4.359000205993652,
    "VIX_close": 18.59000015258789,
    "GOLD_basis_spot_vs_near": 0.0,
    "China_10Y_Treasury_Yield": 1.7654
  }
}