{
  "latest_date": "2026-03-05",
  "latest_values": {
    "Shanghai_Composite_Index": 4082.47412109375,
    "CSI_300_Index": 4602.6298828125,
    "Shenzhen_Component_Index": 13917.75,
    "ALUMINUM_future": 3346.5,
    "BTC_price": 72609.5859375,
    "OIL_price": 77.47000122070312,
    "USD_CNY_exchange_rate": 6.888899803161621,
    "Commodity_Index_ETF": 26.139999389648438,
    "US_Dollar_Index": 98.97000122070312,
    "ETH_price": 2128.178955078125,
    "GOLD_spot_price": 5184.7001953125,
    "LEAN_HOGS_future": 97.125,
    "COPPER_future": 5.8979997634887695,
    "High_Yield_Bond_ETF": 80.4000015258789,
    "LIVE_CATTLE_future": 238.52499389648438,
    "GOLD_near_month_future": 5184.7001953125,
    "NATURAL_GAS_future": 2.99399995803833,
    "PLATINUM_future": 2182.10009765625,
    "SILVER_future": 84.82499694824219,
    "Long_Term_Treasury_ETF": 89.1500015258789,
    "CORN_future": 444.5,
    "SOYBEANS_future": 1172.75,
    "WHEAT_future": 571.5,
    "SP500_close": 6869.5,
    "NASDAQ_close": 22807.48046875,
    "US_10Y_Treasury_Yield": 4.079999923706055,
    "VIX_close": 21.149999618530273,
    "GOLD_basis_spot_vs_near": 0.0,
    "China_10Y_Treasury_Yield": 1.7768
  }
}