{
  "latest_date": "2025-10-22",
  "latest_values": {
    "Shanghai_Composite_Index": 3913.757568359375,
    "CSI_300_Index": 4592.56982421875,
    "Shenzhen_Component_Index": 12996.6083984375,
    "ALUMINUM_future": 2760.25,
    "BTC_price": 108090.90625,
    "OIL_price": 58.810001373291016,
    "USD_CNY_exchange_rate": 7.119500160217285,
    "Commodity_Index_ETF": 22.299999237060547,
    "US_Dollar_Index": 98.80500030517578,
    "ETH_price": 3829.107177734375,
    "GOLD_spot_price": 4078.89990234375,
    "LEAN_HOGS_future": 82.625,
    "COPPER_future": 4.997499942779541,
    "High_Yield_Bond_ETF": 80.69999694824219,
    "LIVE_CATTLE_future": 242.25,
    "GOLD_near_month_future": 4078.800048828125,
    "NATURAL_GAS_future": 3.4660000801086426,
    "PLATINUM_future": 1559.4000244140625,
    "SILVER_future": 48.02000045776367,
    "Long_Term_Treasury_ETF": 92.11000061035156,
    "CORN_future": 422.0,
    "SOYBEANS_future": 1050.0,
    "WHEAT_future": 502.5,
    "SP500_close": 6689.02001953125,
    "NASDAQ_close": 22663.7109375,
    "US_10Y_Treasury_Yield": 3.9630000591278076,
    "VIX_close": 19.190000534057617,
    "GOLD_basis_spot_vs_near": 0.099853515625,
    "China_10Y_Treasury_Yield": 1.8293
  }
}