{
  "latest_date": "2026-06-25",
  "latest_values": {
    "Shanghai_Composite_Index": 4110.81298828125,
    "CSI_300_Index": 4941.60009765625,
    "Shenzhen_Component_Index": 16051.3203125,
    "ALUMINUM_future": 3259.25,
    "BTC_price": 60672.8984375,
    "OIL_price": 69.08999633789062,
    "USD_CNY_exchange_rate": 6.789999961853027,
    "Commodity_Index_ETF": 26.450000762939453,
    "US_Dollar_Index": 101.50800323486328,
    "ETH_price": 1616.5899658203125,
    "GOLD_spot_price": 3992.5,
    "LEAN_HOGS_future": 96.57499694824219,
    "COPPER_future": 5.982500076293945,
    "High_Yield_Bond_ETF": 79.8499984741211,
    "LIVE_CATTLE_future": 246.64999389648438,
    "GOLD_near_month_future": 3992.0,
    "NATURAL_GAS_future": 3.2850000858306885,
    "PLATINUM_future": 1563.300048828125,
    "SILVER_future": 56.79499816894531,
    "Long_Term_Treasury_ETF": 87.37999725341797,
    "CORN_future": 413.5,
    "SOYBEANS_future": 1133.25,
    "WHEAT_future": 596.0,
    "SP500_close": 7358.22021484375,
    "NASDAQ_close": 25476.634765625,
    "US_10Y_Treasury_Yield": 4.4019999504089355,
    "VIX_close": 18.6299991607666,
    "GOLD_basis_spot_vs_near": 0.5,
    "China_10Y_Treasury_Yield": 1.7454
  }
}