{
  "latest_date": "2026-07-02",
  "latest_values": {
    "Shanghai_Composite_Index": 4094.39697265625,
    "CSI_300_Index": 4868.22021484375,
    "Shenzhen_Component_Index": 16205.5595703125,
    "ALUMINUM_future": 3262.25,
    "BTC_price": 59640.609375,
    "OIL_price": 67.87000274658203,
    "USD_CNY_exchange_rate": 6.793600082397461,
    "Commodity_Index_ETF": 26.450000762939453,
    "US_Dollar_Index": 101.41699981689453,
    "ETH_price": 1599.6800537109375,
    "GOLD_spot_price": 4055.699951171875,
    "LEAN_HOGS_future": 97.0,
    "COPPER_future": 6.1554999351501465,
    "High_Yield_Bond_ETF": 79.58999633789062,
    "LIVE_CATTLE_future": 241.875,
    "GOLD_near_month_future": 4056.10009765625,
    "NATURAL_GAS_future": 3.2019999027252197,
    "PLATINUM_future": 1590.300048828125,
    "SILVER_future": 59.73500061035156,
    "Long_Term_Treasury_ETF": 85.5199966430664,
    "CORN_future": 442.5,
    "SOYBEANS_future": 1150.0,
    "WHEAT_future": 598.5,
    "SP500_close": 7483.22998046875,
    "NASDAQ_close": 26040.03125,
    "US_10Y_Treasury_Yield": 4.474999904632568,
    "VIX_close": 16.59000015258789,
    "GOLD_basis_spot_vs_near": -0.400146484375,
    "China_10Y_Treasury_Yield": 1.7448
  }
}