{
  "latest_date": "2026-04-07",
  "latest_values": {
    "Shanghai_Composite_Index": 3890.16455078125,
    "CSI_300_Index": 4440.6162109375,
    "Shenzhen_Component_Index": 13400.412109375,
    "ALUMINUM_future": 3445.25,
    "BTC_price": 68208.84375,
    "OIL_price": 116.0,
    "USD_CNY_exchange_rate": 6.861199855804443,
    "Commodity_Index_ETF": 29.479999542236328,
    "US_Dollar_Index": 99.9540023803711,
    "ETH_price": 2079.042236328125,
    "GOLD_spot_price": 4682.39990234375,
    "LEAN_HOGS_future": 90.4749984741211,
    "COPPER_future": 5.588500022888184,
    "High_Yield_Bond_ETF": 79.69999694824219,
    "LIVE_CATTLE_future": 248.02499389648438,
    "GOLD_near_month_future": 4682.39990234375,
    "NATURAL_GAS_future": 2.8340001106262207,
    "PLATINUM_future": 1950.0,
    "SILVER_future": 72.23999786376953,
    "Long_Term_Treasury_ETF": 86.6500015258789,
    "CORN_future": 452.5,
    "SOYBEANS_future": 1168.0,
    "WHEAT_future": 592.25,
    "SP500_close": 6611.830078125,
    "NASDAQ_close": 21996.33984375,
    "US_10Y_Treasury_Yield": 4.335000038146973,
    "VIX_close": 25.639999389648438,
    "GOLD_basis_spot_vs_near": 0.0,
    "China_10Y_Treasury_Yield": 1.8171
  }
}