{
  "latest_date": "2025-12-05",
  "latest_values": {
    "Shanghai_Composite_Index": 3902.8076171875,
    "CSI_300_Index": 4584.53662109375,
    "Shenzhen_Component_Index": 13147.6767578125,
    "ALUMINUM_future": 2877.75,
    "BTC_price": 89049.2265625,
    "OIL_price": 60.130001068115234,
    "USD_CNY_exchange_rate": 7.0696001052856445,
    "Commodity_Index_ETF": 23.329999923706055,
    "US_Dollar_Index": 98.99400329589844,
    "ETH_price": 3017.627197265625,
    "GOLD_spot_price": 4228.5,
    "LEAN_HOGS_future": 82.2249984741211,
    "COPPER_future": 5.372499942779541,
    "High_Yield_Bond_ETF": 80.75,
    "LIVE_CATTLE_future": 227.375,
    "GOLD_near_month_future": 4228.39990234375,
    "NATURAL_GAS_future": 5.3379998207092285,
    "PLATINUM_future": 1656.199951171875,
    "SILVER_future": 58.84000015258789,
    "Long_Term_Treasury_ETF": 88.16999816894531,
    "CORN_future": 445.0,
    "SOYBEANS_future": 1105.25,
    "WHEAT_future": 537.25,
    "SP500_close": 6870.39990234375,
    "NASDAQ_close": 23578.12890625,
    "US_10Y_Treasury_Yield": 4.138999938964844,
    "VIX_close": 15.40999984741211,
    "GOLD_basis_spot_vs_near": 0.10009765625,
    "China_10Y_Treasury_Yield": 1.848
  }
}