{
  "latest_date": "2025-10-27",
  "latest_values": {
    "Shanghai_Composite_Index": 3950.31201171875,
    "CSI_300_Index": 4660.68017578125,
    "Shenzhen_Component_Index": 13289.1796875,
    "ALUMINUM_future": 2824.5,
    "BTC_price": 114983.2109375,
    "OIL_price": 61.52000045776367,
    "USD_CNY_exchange_rate": 7.112400054931641,
    "Commodity_Index_ETF": 22.850000381469727,
    "US_Dollar_Index": 98.94300079345703,
    "ETH_price": 4196.1513671875,
    "GOLD_spot_price": 4077.199951171875,
    "LEAN_HOGS_future": 81.80000305175781,
    "COPPER_future": 5.194499969482422,
    "High_Yield_Bond_ETF": 81.08000183105469,
    "LIVE_CATTLE_future": 233.9250030517578,
    "GOLD_near_month_future": 4077.300048828125,
    "NATURAL_GAS_future": 3.3580000400543213,
    "PLATINUM_future": 1590.9000244140625,
    "SILVER_future": 47.869998931884766,
    "Long_Term_Treasury_ETF": 91.47000122070312,
    "CORN_future": 423.25,
    "SOYBEANS_future": 1060.25,
    "WHEAT_future": 512.5,
    "SP500_close": 6791.68994140625,
    "NASDAQ_close": 23204.869140625,
    "US_10Y_Treasury_Yield": 3.996999979019165,
    "VIX_close": 16.3700008392334,
    "GOLD_basis_spot_vs_near": -0.10009765625,
    "China_10Y_Treasury_Yield": 1.8486
  }
}