{
  "latest_date": "2025-11-14",
  "latest_values": {
    "Shanghai_Composite_Index": 4029.5009765625,
    "CSI_300_Index": 4702.06982421875,
    "Shenzhen_Component_Index": 13476.51953125,
    "ALUMINUM_future": 2857.5,
    "BTC_price": 95233.9375,
    "OIL_price": 59.84000015258789,
    "USD_CNY_exchange_rate": 7.098700046539307,
    "Commodity_Index_ETF": 22.920000076293945,
    "US_Dollar_Index": 99.12799835205078,
    "ETH_price": 3124.7685546875,
    "GOLD_spot_price": 4053.0,
    "LEAN_HOGS_future": 78.92500305175781,
    "COPPER_future": 5.015500068664551,
    "High_Yield_Bond_ETF": 80.19999694824219,
    "LIVE_CATTLE_future": 218.875,
    "GOLD_near_month_future": 4052.89990234375,
    "NATURAL_GAS_future": 4.460999965667725,
    "PLATINUM_future": 1535.300048828125,
    "SILVER_future": 50.54999923706055,
    "Long_Term_Treasury_ETF": 89.37999725341797,
    "CORN_future": 441.5,
    "SOYBEANS_future": 1148.5,
    "WHEAT_future": 556.5,
    "SP500_close": 6737.490234375,
    "NASDAQ_close": 22870.359375,
    "US_10Y_Treasury_Yield": 4.077000141143799,
    "VIX_close": 22.479999542236328,
    "GOLD_basis_spot_vs_near": 0.10009765625,
    "China_10Y_Treasury_Yield": 1.814
  }
}