{
  "latest_date": "2026-05-13",
  "latest_values": {
    "Shanghai_Composite_Index": 4214.48876953125,
    "CSI_300_Index": 4948.0498046875,
    "Shenzhen_Component_Index": 15824.919921875,
    "ALUMINUM_future": 3638.25,
    "BTC_price": 79398.3203125,
    "OIL_price": 101.55999755859375,
    "USD_CNY_exchange_rate": 6.7947998046875,
    "Commodity_Index_ETF": 31.469999313354492,
    "US_Dollar_Index": 98.50299835205078,
    "ETH_price": 2256.219970703125,
    "GOLD_spot_price": 4701.60009765625,
    "LEAN_HOGS_future": 101.05000305175781,
    "COPPER_future": 6.660999774932861,
    "High_Yield_Bond_ETF": 79.93000030517578,
    "LIVE_CATTLE_future": 253.6999969482422,
    "GOLD_near_month_future": 4701.5,
    "NATURAL_GAS_future": 2.874000072479248,
    "PLATINUM_future": 2189.10009765625,
    "SILVER_future": 88.94000244140625,
    "Long_Term_Treasury_ETF": 84.70500183105469,
    "CORN_future": 482.25,
    "SOYBEANS_future": 1232.0,
    "WHEAT_future": 678.25,
    "SP500_close": 7447.4501953125,
    "NASDAQ_close": 26403.291015625,
    "US_10Y_Treasury_Yield": 4.4730000495910645,
    "VIX_close": 17.969999313354492,
    "GOLD_basis_spot_vs_near": 0.10009765625,
    "China_10Y_Treasury_Yield": 1.7514
  }
}