{
  "latest_date": "2025-09-16",
  "latest_values": {
    "Shanghai_Composite_Index": 3860.50390625,
    "CSI_300_Index": 4522.0,
    "Shenzhen_Component_Index": 12924.1298828125,
    "ALUMINUM_future": 2591.0,
    "BTC_price": 115174.265625,
    "OIL_price": 63.4900016784668,
    "USD_CNY_exchange_rate": 7.118100166320801,
    "Commodity_Index_ETF": 22.549999237060547,
    "US_Dollar_Index": 97.23899841308594,
    "ETH_price": 4527.42529296875,
    "GOLD_spot_price": 3717.5,
    "LEAN_HOGS_future": 97.57499694824219,
    "COPPER_future": 4.718999862670898,
    "High_Yield_Bond_ETF": 81.19000244140625,
    "LIVE_CATTLE_future": 234.625,
    "GOLD_near_month_future": 3718.89990234375,
    "NATURAL_GAS_future": 3.0179998874664307,
    "PLATINUM_future": 1411.9000244140625,
    "SILVER_future": 43.16999816894531,
    "Long_Term_Treasury_ETF": 90.16000366210938,
    "CORN_future": 424.5,
    "SOYBEANS_future": 1046.25,
    "WHEAT_future": 527.0,
    "SP500_close": 6615.27978515625,
    "NASDAQ_close": 22348.75,
    "US_10Y_Treasury_Yield": 4.033999919891357,
    "VIX_close": 15.6899995803833,
    "GOLD_basis_spot_vs_near": -1.39990234375,
    "China_10Y_Treasury_Yield": 1.8724
  }
}