{
  "latest_date": "2026-04-13",
  "latest_values": {
    "Shanghai_Composite_Index": 3986.22509765625,
    "CSI_300_Index": 4636.56982421875,
    "Shenzhen_Component_Index": 14309.4697265625,
    "ALUMINUM_future": 3574.5,
    "BTC_price": 72326.8828125,
    "OIL_price": 99.4000015258789,
    "USD_CNY_exchange_rate": 6.831399917602539,
    "Commodity_Index_ETF": 29.145000457763672,
    "US_Dollar_Index": 98.56800079345703,
    "ETH_price": 2227.416015625,
    "GOLD_spot_price": 4753.39990234375,
    "LEAN_HOGS_future": 103.17500305175781,
    "COPPER_future": 6.012499809265137,
    "High_Yield_Bond_ETF": 80.125,
    "LIVE_CATTLE_future": 248.6999969482422,
    "GOLD_near_month_future": 4753.2998046875,
    "NATURAL_GAS_future": 2.630000114440918,
    "PLATINUM_future": 2075.0,
    "SILVER_future": 75.5,
    "Long_Term_Treasury_ETF": 86.58499908447266,
    "CORN_future": 443.75,
    "SOYBEANS_future": 1169.0,
    "WHEAT_future": 587.0,
    "SP500_close": 6847.81982421875,
    "NASDAQ_close": 23060.931640625,
    "US_10Y_Treasury_Yield": 4.307000160217285,
    "VIX_close": 19.6200008392334,
    "GOLD_basis_spot_vs_near": 0.10009765625,
    "China_10Y_Treasury_Yield": 1.7933
  }
}