{
  "latest_date": "2026-06-22",
  "latest_values": {
    "Shanghai_Composite_Index": 4090.48095703125,
    "CSI_300_Index": 4941.60009765625,
    "Shenzhen_Component_Index": 16030.7001953125,
    "ALUMINUM_future": 3475.25,
    "BTC_price": 64458.12890625,
    "OIL_price": 74.23999786376953,
    "USD_CNY_exchange_rate": 6.767099857330322,
    "Commodity_Index_ETF": 27.415000915527344,
    "US_Dollar_Index": 101.01699829101562,
    "ETH_price": 1734.3499755859375,
    "GOLD_spot_price": 4211.2998046875,
    "LEAN_HOGS_future": 96.69999694824219,
    "COPPER_future": 6.365499973297119,
    "High_Yield_Bond_ETF": 79.93000030517578,
    "LIVE_CATTLE_future": 247.6750030517578,
    "GOLD_near_month_future": 4210.7998046875,
    "NATURAL_GAS_future": 3.2709999084472656,
    "PLATINUM_future": 1677.5999755859375,
    "SILVER_future": 65.30500030517578,
    "Long_Term_Treasury_ETF": 86.08999633789062,
    "CORN_future": 411.25,
    "SOYBEANS_future": 1141.5,
    "WHEAT_future": 607.0,
    "SP500_close": 7472.7900390625,
    "NASDAQ_close": 26166.6015625,
    "US_10Y_Treasury_Yield": 4.508999824523926,
    "VIX_close": 17.350000381469727,
    "GOLD_basis_spot_vs_near": 0.5,
    "China_10Y_Treasury_Yield": 1.7375
  }
}