{
  "latest_date": "2026-06-01",
  "latest_values": {
    "Shanghai_Composite_Index": 4057.739990234375,
    "CSI_300_Index": 4844.25537109375,
    "Shenzhen_Component_Index": 15340.3564453125,
    "ALUMINUM_future": 3681.5,
    "BTC_price": 72786.078125,
    "OIL_price": 90.81999969482422,
    "USD_CNY_exchange_rate": 6.7795000076293945,
    "Commodity_Index_ETF": 29.479999542236328,
    "US_Dollar_Index": 99.0469970703125,
    "ETH_price": 1985.31005859375,
    "GOLD_spot_price": 4525.0,
    "LEAN_HOGS_future": 95.8499984741211,
    "COPPER_future": 6.550000190734863,
    "High_Yield_Bond_ETF": 80.30999755859375,
    "LIVE_CATTLE_future": 248.25,
    "GOLD_near_month_future": 4524.7998046875,
    "NATURAL_GAS_future": 3.3459999561309814,
    "PLATINUM_future": 1935.5,
    "SILVER_future": 75.99500274658203,
    "Long_Term_Treasury_ETF": 85.76000213623047,
    "CORN_future": 446.5,
    "SOYBEANS_future": 1192.5,
    "WHEAT_future": 615.25,
    "SP500_close": 7580.06005859375,
    "NASDAQ_close": 26972.619140625,
    "US_10Y_Treasury_Yield": 4.453000068664551,
    "VIX_close": 15.84000015258789,
    "GOLD_basis_spot_vs_near": 0.2001953125,
    "China_10Y_Treasury_Yield": 1.709
  }
}