{
  "latest_date": "2026-01-26",
  "latest_values": {
    "Shanghai_Composite_Index": 4136.1640625,
    "CSI_300_Index": 4702.5,
    "Shenzhen_Component_Index": 14439.66015625,
    "ALUMINUM_future": 3145.75,
    "BTC_price": 87701.6328125,
    "OIL_price": 61.2599983215332,
    "USD_CNY_exchange_rate": 6.954800128936768,
    "Commodity_Index_ETF": 24.18000030517578,
    "US_Dollar_Index": 97.0780029296875,
    "ETH_price": 2866.177734375,
    "GOLD_spot_price": 5071.60009765625,
    "LEAN_HOGS_future": 96.17500305175781,
    "COPPER_future": 5.916999816894531,
    "High_Yield_Bond_ETF": 81.13999938964844,
    "LIVE_CATTLE_future": 236.9250030517578,
    "GOLD_near_month_future": 5072.10009765625,
    "NATURAL_GAS_future": 3.799999952316284,
    "PLATINUM_future": 2843.199951171875,
    "SILVER_future": 107.54499816894531,
    "Long_Term_Treasury_ETF": 87.93000030517578,
    "CORN_future": 430.75,
    "SOYBEANS_future": 1074.0,
    "WHEAT_future": 532.25,
    "SP500_close": 6915.60986328125,
    "NASDAQ_close": 23501.240234375,
    "US_10Y_Treasury_Yield": 4.238999843597412,
    "VIX_close": 16.09000015258789,
    "GOLD_basis_spot_vs_near": -0.5,
    "China_10Y_Treasury_Yield": 1.8298
  }
}