{
  "latest_date": "2026-07-24",
  "latest_values": {
    "Shanghai_Composite_Index": 3814.19775390625,
    "CSI_300_Index": 4649.19189453125,
    "Shenzhen_Component_Index": 13774.67578125,
    "ALUMINUM_future": 3449.0,
    "BTC_price": 63753.94140625,
    "OIL_price": 89.7699966430664,
    "USD_CNY_exchange_rate": 6.772500038146973,
    "Commodity_Index_ETF": 30.030000686645508,
    "US_Dollar_Index": 101.4520034790039,
    "ETH_price": 1853.0899658203125,
    "GOLD_spot_price": 4063.0,
    "LEAN_HOGS_future": 89.2249984741211,
    "COPPER_future": 6.3470001220703125,
    "High_Yield_Bond_ETF": 79.19499969482422,
    "LIVE_CATTLE_future": 223.6999969482422,
    "GOLD_near_month_future": 4065.39990234375,
    "NATURAL_GAS_future": 2.953000068664551,
    "PLATINUM_future": 1587.300048828125,
    "SILVER_future": 58.584999084472656,
    "Long_Term_Treasury_ETF": 83.52999877929688,
    "CORN_future": 482.5,
    "SOYBEANS_future": 1246.75,
    "WHEAT_future": 669.75,
    "SP500_close": 7411.02001953125,
    "NASDAQ_close": 24974.138671875,
    "US_10Y_Treasury_Yield": 4.666999816894531,
    "VIX_close": 18.639999389648438,
    "GOLD_basis_spot_vs_near": -2.39990234375,
    "China_10Y_Treasury_Yield": 1.7282
  }
}