{
  "latest_date": "2025-10-13",
  "latest_values": {
    "Shanghai_Composite_Index": 3889.502197265625,
    "CSI_300_Index": 4593.978515625,
    "Shenzhen_Component_Index": 13231.4658203125,
    "ALUMINUM_future": 2702.0,
    "BTC_price": 114872.6171875,
    "OIL_price": 59.70000076293945,
    "USD_CNY_exchange_rate": 7.131499767303467,
    "Commodity_Index_ETF": 22.34000015258789,
    "US_Dollar_Index": 99.23600006103516,
    "ETH_price": 4174.69287109375,
    "GOLD_spot_price": 4127.2998046875,
    "LEAN_HOGS_future": 85.07499694824219,
    "COPPER_future": 5.152500152587891,
    "High_Yield_Bond_ETF": 80.35009765625,
    "LIVE_CATTLE_future": 244.9250030517578,
    "GOLD_near_month_future": 4127.0,
    "NATURAL_GAS_future": 3.111999988555908,
    "PLATINUM_future": 1690.300048828125,
    "SILVER_future": 50.51499938964844,
    "Long_Term_Treasury_ETF": 90.18499755859375,
    "CORN_future": 411.0,
    "SOYBEANS_future": 1025.25,
    "WHEAT_future": 498.5,
    "SP500_close": 6667.31005859375,
    "NASDAQ_close": 22712.837890625,
    "US_10Y_Treasury_Yield": 4.050999641418457,
    "VIX_close": 19.299999237060547,
    "GOLD_basis_spot_vs_near": 0.2998046875,
    "China_10Y_Treasury_Yield": 1.8383
  }
}