{
  "latest_date": "2026-05-08",
  "latest_values": {
    "Shanghai_Composite_Index": 4179.95263671875,
    "CSI_300_Index": 4871.912109375,
    "Shenzhen_Component_Index": 15563.796875,
    "ALUMINUM_future": 3467.75,
    "BTC_price": 80328.9609375,
    "OIL_price": 95.12000274658203,
    "USD_CNY_exchange_rate": 6.810999870300293,
    "Commodity_Index_ETF": 30.25,
    "US_Dollar_Index": 97.96199798583984,
    "ETH_price": 2296.110107421875,
    "GOLD_spot_price": 4717.60009765625,
    "LEAN_HOGS_future": 91.5,
    "COPPER_future": 6.2829999923706055,
    "High_Yield_Bond_ETF": 79.86000061035156,
    "LIVE_CATTLE_future": 250.0500030517578,
    "GOLD_near_month_future": 4717.89990234375,
    "NATURAL_GAS_future": 2.7769999504089355,
    "PLATINUM_future": 2049.300048828125,
    "SILVER_future": 81.18000030517578,
    "Long_Term_Treasury_ETF": 85.6500015258789,
    "CORN_future": 465.75,
    "SOYBEANS_future": 1195.0,
    "WHEAT_future": 613.0,
    "SP500_close": 7337.10986328125,
    "NASDAQ_close": 25806.19921875,
    "US_10Y_Treasury_Yield": 4.392000198364258,
    "VIX_close": 17.049999237060547,
    "GOLD_basis_spot_vs_near": -0.2998046875,
    "China_10Y_Treasury_Yield": 1.7648
  }
}