{
  "latest_date": "2026-02-18",
  "latest_values": {
    "Shanghai_Composite_Index": 4082.072998046875,
    "CSI_300_Index": 4660.41015625,
    "Shenzhen_Component_Index": 14100.1904296875,
    "ALUMINUM_future": 3031.5,
    "BTC_price": 67463.265625,
    "OIL_price": 63.86000061035156,
    "USD_CNY_exchange_rate": 6.903200149536133,
    "Commodity_Index_ETF": 23.59000015258789,
    "US_Dollar_Index": 97.1989974975586,
    "ETH_price": 1986.8851318359375,
    "GOLD_spot_price": 4979.0,
    "LEAN_HOGS_future": 82.3499984741211,
    "COPPER_future": 5.732500076293945,
    "High_Yield_Bond_ETF": 80.80999755859375,
    "LIVE_CATTLE_future": 246.1999969482422,
    "GOLD_near_month_future": 4978.89990234375,
    "NATURAL_GAS_future": 3.009000062942505,
    "PLATINUM_future": 2069.199951171875,
    "SILVER_future": 76.0199966430664,
    "Long_Term_Treasury_ETF": 89.87000274658203,
    "CORN_future": 427.75,
    "SOYBEANS_future": 1155.25,
    "WHEAT_future": 549.75,
    "SP500_close": 6843.22021484375,
    "NASDAQ_close": 22578.380859375,
    "US_10Y_Treasury_Yield": 4.052000045776367,
    "VIX_close": 19.84000015258789,
    "GOLD_basis_spot_vs_near": 0.10009765625,
    "China_10Y_Treasury_Yield": 1.7899
  }
}