{
  "latest_date": "2026-03-03",
  "latest_values": {
    "Shanghai_Composite_Index": 4182.5908203125,
    "CSI_300_Index": 4728.669921875,
    "Shenzhen_Component_Index": 14465.7900390625,
    "ALUMINUM_future": 3180.0,
    "BTC_price": 67380.6015625,
    "OIL_price": 77.37999725341797,
    "USD_CNY_exchange_rate": 6.899099826812744,
    "Commodity_Index_ETF": 25.809999465942383,
    "US_Dollar_Index": 99.2509994506836,
    "ETH_price": 1973.54443359375,
    "GOLD_spot_price": 5162.60009765625,
    "LEAN_HOGS_future": 85.875,
    "COPPER_future": 5.792500019073486,
    "High_Yield_Bond_ETF": 80.27999877929688,
    "LIVE_CATTLE_future": 229.22500610351562,
    "GOLD_near_month_future": 5163.39990234375,
    "NATURAL_GAS_future": 3.140000104904175,
    "PLATINUM_future": 2051.199951171875,
    "SILVER_future": 81.48999786376953,
    "Long_Term_Treasury_ETF": 89.61000061035156,
    "CORN_future": 451.0,
    "SOYBEANS_future": 1178.0,
    "WHEAT_future": 580.25,
    "SP500_close": 6881.6201171875,
    "NASDAQ_close": 22748.859375,
    "US_10Y_Treasury_Yield": 4.047999858856201,
    "VIX_close": 25.700000762939453,
    "GOLD_basis_spot_vs_near": -0.7998046875,
    "China_10Y_Treasury_Yield": 1.7807
  }
}