{
  "latest_date": "2025-12-04",
  "latest_values": {
    "Shanghai_Composite_Index": 3878.0,
    "CSI_300_Index": 4531.0498046875,
    "Shenzhen_Component_Index": 12955.25,
    "ALUMINUM_future": 2922.5,
    "BTC_price": 92937.9375,
    "OIL_price": 59.220001220703125,
    "USD_CNY_exchange_rate": 7.06879997253418,
    "Commodity_Index_ETF": 23.1299991607666,
    "US_Dollar_Index": 98.96199798583984,
    "ETH_price": 3183.733642578125,
    "GOLD_spot_price": 4210.5,
    "LEAN_HOGS_future": 80.55000305175781,
    "COPPER_future": 5.389999866485596,
    "High_Yield_Bond_ETF": 80.69000244140625,
    "LIVE_CATTLE_future": 218.9499969482422,
    "GOLD_near_month_future": 4210.39990234375,
    "NATURAL_GAS_future": 4.966000080108643,
    "PLATINUM_future": 1661.5,
    "SILVER_future": 58.13999938964844,
    "Long_Term_Treasury_ETF": 89.05999755859375,
    "CORN_future": 442.25,
    "SOYBEANS_future": 1116.0,
    "WHEAT_future": 538.25,
    "SP500_close": 6849.72021484375,
    "NASDAQ_close": 23454.08984375,
    "US_10Y_Treasury_Yield": 4.057000160217285,
    "VIX_close": 16.079999923706055,
    "GOLD_basis_spot_vs_near": 0.10009765625,
    "China_10Y_Treasury_Yield": 1.8519
  }
}