{
  "latest_date": "2026-06-24",
  "latest_values": {
    "Shanghai_Composite_Index": 4106.2509765625,
    "CSI_300_Index": 4941.60009765625,
    "Shenzhen_Component_Index": 15854.2001953125,
    "ALUMINUM_future": 3221.0,
    "BTC_price": 60932.140625,
    "OIL_price": 69.94999694824219,
    "USD_CNY_exchange_rate": 6.789999961853027,
    "Commodity_Index_ETF": 26.450000762939453,
    "US_Dollar_Index": 101.58399963378906,
    "ETH_price": 1618.219970703125,
    "GOLD_spot_price": 4014.199951171875,
    "LEAN_HOGS_future": 96.57499694824219,
    "COPPER_future": 5.980000019073486,
    "High_Yield_Bond_ETF": 79.8499984741211,
    "LIVE_CATTLE_future": 246.64999389648438,
    "GOLD_near_month_future": 4013.89990234375,
    "NATURAL_GAS_future": 3.2699999809265137,
    "PLATINUM_future": 1586.300048828125,
    "SILVER_future": 57.60499954223633,
    "Long_Term_Treasury_ETF": 87.37999725341797,
    "CORN_future": 414.5,
    "SOYBEANS_future": 1134.0,
    "WHEAT_future": 595.75,
    "SP500_close": 7358.22021484375,
    "NASDAQ_close": 25476.634765625,
    "US_10Y_Treasury_Yield": 4.4019999504089355,
    "VIX_close": 18.6299991607666,
    "GOLD_basis_spot_vs_near": 0.300048828125,
    "China_10Y_Treasury_Yield": 1.7454
  }
}