{
  "latest_date": "2026-03-12",
  "latest_values": {
    "Shanghai_Composite_Index": 4133.43310546875,
    "CSI_300_Index": 4704.5,
    "Shenzhen_Component_Index": 14465.41015625,
    "ALUMINUM_future": 3438.0,
    "BTC_price": 69334.328125,
    "OIL_price": 95.05999755859375,
    "USD_CNY_exchange_rate": 6.878200054168701,
    "Commodity_Index_ETF": 28.1299991607666,
    "US_Dollar_Index": 99.48899841308594,
    "ETH_price": 2025.3829345703125,
    "GOLD_spot_price": 5151.39990234375,
    "LEAN_HOGS_future": 95.19999694824219,
    "COPPER_future": 5.8379998207092285,
    "High_Yield_Bond_ETF": 79.86000061035156,
    "LIVE_CATTLE_future": 230.14999389648438,
    "GOLD_near_month_future": 5151.7998046875,
    "NATURAL_GAS_future": 3.2690000534057617,
    "PLATINUM_future": 2154.300048828125,
    "SILVER_future": 84.54000091552734,
    "Long_Term_Treasury_ETF": 87.13999938964844,
    "CORN_future": 463.25,
    "SOYBEANS_future": 1221.25,
    "WHEAT_future": 601.5,
    "SP500_close": 6775.7998046875,
    "NASDAQ_close": 22716.130859375,
    "US_10Y_Treasury_Yield": 4.208000183105469,
    "VIX_close": 24.229999542236328,
    "GOLD_basis_spot_vs_near": -0.39990234375,
    "China_10Y_Treasury_Yield": 1.8075
  }
}