{
  "latest_date": "2026-06-30",
  "latest_values": {
    "Shanghai_Composite_Index": 4073.902099609375,
    "CSI_300_Index": 4868.22021484375,
    "Shenzhen_Component_Index": 15812.8701171875,
    "ALUMINUM_future": 3269.25,
    "BTC_price": 58485.87109375,
    "OIL_price": 70.04000091552734,
    "USD_CNY_exchange_rate": 6.793600082397461,
    "Commodity_Index_ETF": 26.65999984741211,
    "US_Dollar_Index": 101.1719970703125,
    "ETH_price": 1567.52001953125,
    "GOLD_spot_price": 4023.39990234375,
    "LEAN_HOGS_future": 98.1500015258789,
    "COPPER_future": 6.251999855041504,
    "High_Yield_Bond_ETF": 79.97000122070312,
    "LIVE_CATTLE_future": 242.25,
    "GOLD_near_month_future": 4023.300048828125,
    "NATURAL_GAS_future": 3.25600004196167,
    "PLATINUM_future": 1560.699951171875,
    "SILVER_future": 59.09000015258789,
    "Long_Term_Treasury_ETF": 86.41999816894531,
    "CORN_future": 436.5,
    "SOYBEANS_future": 1143.5,
    "WHEAT_future": 587.5,
    "SP500_close": 7499.35986328125,
    "NASDAQ_close": 26213.71875,
    "US_10Y_Treasury_Yield": 4.418000221252441,
    "VIX_close": 16.450000762939453,
    "GOLD_basis_spot_vs_near": 0.099853515625,
    "China_10Y_Treasury_Yield": 1.733
  }
}