{
  "latest_date": "2026-05-19",
  "latest_values": {
    "Shanghai_Composite_Index": 4169.53759765625,
    "CSI_300_Index": 4852.88330078125,
    "Shenzhen_Component_Index": 15569.9072265625,
    "ALUMINUM_future": 3533.5,
    "BTC_price": 76442.5703125,
    "OIL_price": 103.45999908447266,
    "USD_CNY_exchange_rate": 6.809199810028076,
    "Commodity_Index_ETF": 31.43000030517578,
    "US_Dollar_Index": 99.39800262451172,
    "ETH_price": 2107.81005859375,
    "GOLD_spot_price": 4493.39990234375,
    "LEAN_HOGS_future": 103.125,
    "COPPER_future": 6.163000106811523,
    "High_Yield_Bond_ETF": 79.32499694824219,
    "LIVE_CATTLE_future": 247.0749969482422,
    "GOLD_near_month_future": 4493.10009765625,
    "NATURAL_GAS_future": 3.0929999351501465,
    "PLATINUM_future": 1931.0,
    "SILVER_future": 74.08999633789062,
    "Long_Term_Treasury_ETF": 83.01499938964844,
    "CORN_future": 475.5,
    "SOYBEANS_future": 1210.25,
    "WHEAT_future": 664.0,
    "SP500_close": 7349.47998046875,
    "NASDAQ_close": 25788.330078125,
    "US_10Y_Treasury_Yield": 4.678999900817871,
    "VIX_close": 18.299999237060547,
    "GOLD_basis_spot_vs_near": 0.2998046875,
    "China_10Y_Treasury_Yield": 1.7345
  }
}