{
  "latest_date": "2026-06-15",
  "latest_values": {
    "Shanghai_Composite_Index": 4031.512939453125,
    "CSI_300_Index": 4777.31982421875,
    "Shenzhen_Component_Index": 14963.41015625,
    "ALUMINUM_future": 3384.75,
    "BTC_price": 66826.453125,
    "OIL_price": 80.48999786376953,
    "USD_CNY_exchange_rate": 6.7754998207092285,
    "Commodity_Index_ETF": 28.145000457763672,
    "US_Dollar_Index": 99.58599853515625,
    "ETH_price": 1826.4100341796875,
    "GOLD_spot_price": 4343.7998046875,
    "LEAN_HOGS_future": 95.7750015258789,
    "COPPER_future": 6.491000175476074,
    "High_Yield_Bond_ETF": 80.11499786376953,
    "LIVE_CATTLE_future": 242.89999389648438,
    "GOLD_near_month_future": 4344.10009765625,
    "NATURAL_GAS_future": 3.1449999809265137,
    "PLATINUM_future": 1773.800048828125,
    "SILVER_future": 70.05000305175781,
    "Long_Term_Treasury_ETF": 85.7699966430664,
    "CORN_future": 415.0,
    "SOYBEANS_future": 1132.25,
    "WHEAT_future": 587.25,
    "SP500_close": 7564.18017578125,
    "NASDAQ_close": 26668.234375,
    "US_10Y_Treasury_Yield": 4.4670000076293945,
    "VIX_close": 16.1200008392334,
    "GOLD_basis_spot_vs_near": -0.30029296875,
    "China_10Y_Treasury_Yield": 1.7446
  }
}