{
  "latest_date": "2026-05-11",
  "latest_values": {
    "Shanghai_Composite_Index": 4179.953125,
    "CSI_300_Index": 4871.91015625,
    "Shenzhen_Component_Index": 15563.7998046875,
    "ALUMINUM_future": 3458.5,
    "BTC_price": 81784.71875,
    "OIL_price": 98.61000061035156,
    "USD_CNY_exchange_rate": 6.800000190734863,
    "Commodity_Index_ETF": 30.299999237060547,
    "US_Dollar_Index": 97.99600219726562,
    "ETH_price": 2361.9599609375,
    "GOLD_spot_price": 4694.39990234375,
    "LEAN_HOGS_future": 98.625,
    "COPPER_future": 6.28249979019165,
    "High_Yield_Bond_ETF": 80.13999938964844,
    "LIVE_CATTLE_future": 248.89999389648438,
    "GOLD_near_month_future": 4694.2998046875,
    "NATURAL_GAS_future": 2.819000005722046,
    "PLATINUM_future": 2042.9000244140625,
    "SILVER_future": 80.59500122070312,
    "Long_Term_Treasury_ETF": 86.08000183105469,
    "CORN_future": 474.25,
    "SOYBEANS_future": 1215.25,
    "WHEAT_future": 622.5,
    "SP500_close": 7398.93017578125,
    "NASDAQ_close": 26247.080078125,
    "US_10Y_Treasury_Yield": 4.363999843597412,
    "VIX_close": 17.190000534057617,
    "GOLD_basis_spot_vs_near": 0.10009765625,
    "China_10Y_Treasury_Yield": 1.767
  }
}