{
  "latest_date": "2025-11-21",
  "latest_values": {
    "Shanghai_Composite_Index": 3931.051025390625,
    "CSI_300_Index": 4564.9501953125,
    "Shenzhen_Component_Index": 12980.8203125,
    "ALUMINUM_future": 2728.75,
    "BTC_price": 85969.1875,
    "OIL_price": 58.02000045776367,
    "USD_CNY_exchange_rate": 7.111400127410889,
    "Commodity_Index_ETF": 22.68000030517578,
    "US_Dollar_Index": 100.13400268554688,
    "ETH_price": 2817.296630859375,
    "GOLD_spot_price": 4048.10009765625,
    "LEAN_HOGS_future": 79.5250015258789,
    "COPPER_future": 4.928999900817871,
    "High_Yield_Bond_ETF": 80.0999984741211,
    "LIVE_CATTLE_future": 214.4250030517578,
    "GOLD_near_month_future": 4048.199951171875,
    "NATURAL_GAS_future": 4.665999889373779,
    "PLATINUM_future": 1508.0999755859375,
    "SILVER_future": 49.29999923706055,
    "Long_Term_Treasury_ETF": 89.2300033569336,
    "CORN_future": 437.25,
    "SOYBEANS_future": 1122.0,
    "WHEAT_future": 537.5,
    "SP500_close": 6538.759765625,
    "NASDAQ_close": 22078.05078125,
    "US_10Y_Treasury_Yield": 4.105999946594238,
    "VIX_close": 26.420000076293945,
    "GOLD_basis_spot_vs_near": -0.099853515625,
    "China_10Y_Treasury_Yield": 1.8135
  }
}