{
  "latest_date": "2026-01-28",
  "latest_values": {
    "Shanghai_Composite_Index": 4139.90380859375,
    "CSI_300_Index": 4705.68994140625,
    "Shenzhen_Component_Index": 14329.91015625,
    "ALUMINUM_future": 3226.0,
    "BTC_price": 90042.6875,
    "OIL_price": 62.97999954223633,
    "USD_CNY_exchange_rate": 6.945700168609619,
    "Commodity_Index_ETF": 24.6200008392334,
    "US_Dollar_Index": 96.2040023803711,
    "ETH_price": 3032.05908203125,
    "GOLD_spot_price": 5309.2001953125,
    "LEAN_HOGS_future": 89.125,
    "COPPER_future": 5.910999774932861,
    "High_Yield_Bond_ETF": 81.16999816894531,
    "LIVE_CATTLE_future": 235.6999969482422,
    "GOLD_near_month_future": 5309.2001953125,
    "NATURAL_GAS_future": 3.6689999103546143,
    "PLATINUM_future": 2652.5,
    "SILVER_future": 113.67500305175781,
    "Long_Term_Treasury_ETF": 87.80000305175781,
    "CORN_future": 430.0,
    "SOYBEANS_future": 1077.25,
    "WHEAT_future": 532.5,
    "SP500_close": 6978.60009765625,
    "NASDAQ_close": 23817.099609375,
    "US_10Y_Treasury_Yield": 4.2230000495910645,
    "VIX_close": 16.399999618530273,
    "GOLD_basis_spot_vs_near": 0.0,
    "China_10Y_Treasury_Yield": 1.8164
  }
}