{
  "latest_date": "2026-04-22",
  "latest_values": {
    "Shanghai_Composite_Index": 4106.25830078125,
    "CSI_300_Index": 4799.626953125,
    "Shenzhen_Component_Index": 15177.2861328125,
    "ALUMINUM_future": 3559.25,
    "BTC_price": 78750.9765625,
    "OIL_price": 91.5199966430664,
    "USD_CNY_exchange_rate": 6.817399978637695,
    "Commodity_Index_ETF": 29.385000228881836,
    "US_Dollar_Index": 98.39700317382812,
    "ETH_price": 2399.199951171875,
    "GOLD_spot_price": 4764.39990234375,
    "LEAN_HOGS_future": 103.30000305175781,
    "COPPER_future": 6.10699987411499,
    "High_Yield_Bond_ETF": 80.50499725341797,
    "LIVE_CATTLE_future": 242.6999969482422,
    "GOLD_near_month_future": 4764.60009765625,
    "NATURAL_GAS_future": 2.740000009536743,
    "PLATINUM_future": 2101.0,
    "SILVER_future": 78.33000183105469,
    "Long_Term_Treasury_ETF": 86.94999694824219,
    "CORN_future": 463.25,
    "SOYBEANS_future": 1192.25,
    "WHEAT_future": 611.0,
    "SP500_close": 7119.990234375,
    "NASDAQ_close": 24527.3125,
    "US_10Y_Treasury_Yield": 4.27400016784668,
    "VIX_close": 19.0,
    "GOLD_basis_spot_vs_near": -0.2001953125,
    "China_10Y_Treasury_Yield": 1.7389
  }
}