{
  "latest_date": "2025-12-16",
  "latest_values": {
    "Shanghai_Composite_Index": 3867.9208984375,
    "CSI_300_Index": 4552.06005859375,
    "Shenzhen_Component_Index": 13112.08984375,
    "ALUMINUM_future": 2847.5,
    "BTC_price": 86322.375,
    "OIL_price": 55.75,
    "USD_CNY_exchange_rate": 7.041200160980225,
    "Commodity_Index_ETF": 22.809999465942383,
    "US_Dollar_Index": 98.20800018310547,
    "ETH_price": 2925.5947265625,
    "GOLD_spot_price": 4304.0,
    "LEAN_HOGS_future": 83.82499694824219,
    "COPPER_future": 5.34499979019165,
    "High_Yield_Bond_ETF": 80.61000061035156,
    "LIVE_CATTLE_future": 230.5749969482422,
    "GOLD_near_month_future": 4303.7998046875,
    "NATURAL_GAS_future": 3.9170000553131104,
    "PLATINUM_future": 1832.0,
    "SILVER_future": 62.86000061035156,
    "Long_Term_Treasury_ETF": 87.4000015258789,
    "CORN_future": 439.25,
    "SOYBEANS_future": 1074.5,
    "WHEAT_future": 518.75,
    "SP500_close": 6816.509765625,
    "NASDAQ_close": 23057.41015625,
    "US_10Y_Treasury_Yield": 4.182000160217285,
    "VIX_close": 17.270000457763672,
    "GOLD_basis_spot_vs_near": 0.2001953125,
    "China_10Y_Treasury_Yield": 1.8458
  }
}