{
  "latest_date": "2025-11-18",
  "latest_values": {
    "Shanghai_Composite_Index": 3990.491943359375,
    "CSI_300_Index": 4628.14013671875,
    "Shenzhen_Component_Index": 13216.0302734375,
    "ALUMINUM_future": 2737.25,
    "BTC_price": 91748.3515625,
    "OIL_price": 59.650001525878906,
    "USD_CNY_exchange_rate": 7.107100009918213,
    "Commodity_Index_ETF": 22.940000534057617,
    "US_Dollar_Index": 99.56099700927734,
    "ETH_price": 3025.0791015625,
    "GOLD_spot_price": 4040.300048828125,
    "LEAN_HOGS_future": 78.375,
    "COPPER_future": 4.998000144958496,
    "High_Yield_Bond_ETF": 80.08999633789062,
    "LIVE_CATTLE_future": 221.4250030517578,
    "GOLD_near_month_future": 4039.89990234375,
    "NATURAL_GAS_future": 4.329999923706055,
    "PLATINUM_future": 1547.0,
    "SILVER_future": 49.904998779296875,
    "Long_Term_Treasury_ETF": 89.08999633789062,
    "CORN_future": 433.75,
    "SOYBEANS_future": 1154.25,
    "WHEAT_future": 556.25,
    "SP500_close": 6672.41015625,
    "NASDAQ_close": 22708.07421875,
    "US_10Y_Treasury_Yield": 4.133000373840332,
    "VIX_close": 22.3799991607666,
    "GOLD_basis_spot_vs_near": 0.400146484375,
    "China_10Y_Treasury_Yield": 1.8109
  }
}