{
  "latest_date": "2026-01-28",
  "latest_values": {
    "Shanghai_Composite_Index": 4132.60498046875,
    "CSI_300_Index": 4706.9599609375,
    "Shenzhen_Component_Index": 14316.6396484375,
    "ALUMINUM_future": 3182.75,
    "BTC_price": 89177.2890625,
    "OIL_price": 62.41999816894531,
    "USD_CNY_exchange_rate": 6.949100017547607,
    "Commodity_Index_ETF": 24.6200008392334,
    "US_Dollar_Index": 96.0719985961914,
    "ETH_price": 3008.841552734375,
    "GOLD_spot_price": 5184.39990234375,
    "LEAN_HOGS_future": 97.0250015258789,
    "COPPER_future": 5.927999973297119,
    "High_Yield_Bond_ETF": 81.16999816894531,
    "LIVE_CATTLE_future": 237.39999389648438,
    "GOLD_near_month_future": 5184.60009765625,
    "NATURAL_GAS_future": 3.7639999389648438,
    "PLATINUM_future": 2674.39990234375,
    "SILVER_future": 113.40499877929688,
    "Long_Term_Treasury_ETF": 87.80000305175781,
    "CORN_future": 427.25,
    "SOYBEANS_future": 1068.5,
    "WHEAT_future": 524.25,
    "SP500_close": 6978.60009765625,
    "NASDAQ_close": 23817.09765625,
    "US_10Y_Treasury_Yield": 4.2230000495910645,
    "VIX_close": 16.350000381469727,
    "GOLD_basis_spot_vs_near": -0.2001953125,
    "China_10Y_Treasury_Yield": 1.8311
  }
}