{
  "latest_date": "2026-03-02",
  "latest_values": {
    "Shanghai_Composite_Index": 4182.5908203125,
    "CSI_300_Index": 4728.6689453125,
    "Shenzhen_Component_Index": 14495.08984375,
    "ALUMINUM_future": 3132.25,
    "BTC_price": 69719.8203125,
    "OIL_price": 71.1500015258789,
    "USD_CNY_exchange_rate": 6.8815999031066895,
    "Commodity_Index_ETF": 25.68000030517578,
    "US_Dollar_Index": 98.68800354003906,
    "ETH_price": 2074.813232421875,
    "GOLD_spot_price": 5285.2001953125,
    "LEAN_HOGS_future": 95.4749984741211,
    "COPPER_future": 5.944499969482422,
    "High_Yield_Bond_ETF": 80.1449966430664,
    "LIVE_CATTLE_future": 230.3249969482422,
    "GOLD_near_month_future": 5285.5,
    "NATURAL_GAS_future": 2.944999933242798,
    "PLATINUM_future": 2273.10009765625,
    "SILVER_future": 87.28500366210938,
    "Long_Term_Treasury_ETF": 89.53990173339844,
    "CORN_future": 444.0,
    "SOYBEANS_future": 1164.5,
    "WHEAT_future": 577.25,
    "SP500_close": 6870.22021484375,
    "NASDAQ_close": 22684.75390625,
    "US_10Y_Treasury_Yield": 4.046000003814697,
    "VIX_close": 21.559999465942383,
    "GOLD_basis_spot_vs_near": -0.2998046875,
    "China_10Y_Treasury_Yield": 1.7761
  }
}