{
  "latest_date": "2025-12-12",
  "latest_values": {
    "Shanghai_Composite_Index": 3873.318115234375,
    "CSI_300_Index": 4552.18994140625,
    "Shenzhen_Component_Index": 13147.3896484375,
    "ALUMINUM_future": 2893.75,
    "BTC_price": 92451.296875,
    "OIL_price": 58.02000045776367,
    "USD_CNY_exchange_rate": 7.054699897766113,
    "Commodity_Index_ETF": 23.110000610351562,
    "US_Dollar_Index": 98.39199829101562,
    "ETH_price": 3249.708740234375,
    "GOLD_spot_price": 4298.10009765625,
    "LEAN_HOGS_future": 84.125,
    "COPPER_future": 5.4664998054504395,
    "High_Yield_Bond_ETF": 80.72000122070312,
    "LIVE_CATTLE_future": 230.9499969482422,
    "GOLD_near_month_future": 4298.10009765625,
    "NATURAL_GAS_future": 4.236000061035156,
    "PLATINUM_future": 1714.699951171875,
    "SILVER_future": 63.88999938964844,
    "Long_Term_Treasury_ETF": 88.19000244140625,
    "CORN_future": 433.0,
    "SOYBEANS_future": 1092.0,
    "WHEAT_future": 533.75,
    "SP500_close": 6901.0,
    "NASDAQ_close": 23593.859375,
    "US_10Y_Treasury_Yield": 4.140999794006348,
    "VIX_close": 14.850000381469727,
    "GOLD_basis_spot_vs_near": 0.0,
    "China_10Y_Treasury_Yield": 1.8404
  }
}