{
  "latest_date": "2025-12-19",
  "latest_values": {
    "Shanghai_Composite_Index": 3870.278076171875,
    "CSI_300_Index": 4579.8798828125,
    "Shenzhen_Component_Index": 13224.509765625,
    "ALUMINUM_future": 2916.0,
    "BTC_price": 85430.3828125,
    "OIL_price": 55.869998931884766,
    "USD_CNY_exchange_rate": 7.040800094604492,
    "Commodity_Index_ETF": 22.690000534057617,
    "US_Dollar_Index": 98.44599914550781,
    "ETH_price": 2828.98388671875,
    "GOLD_spot_price": 4351.10009765625,
    "LEAN_HOGS_future": 84.07499694824219,
    "COPPER_future": 5.447500228881836,
    "High_Yield_Bond_ETF": 80.77999877929688,
    "LIVE_CATTLE_future": 228.52499389648438,
    "GOLD_near_month_future": 4351.2001953125,
    "NATURAL_GAS_future": 3.9260001182556152,
    "PLATINUM_future": 1947.699951171875,
    "SILVER_future": 65.04499816894531,
    "Long_Term_Treasury_ETF": 88.22000122070312,
    "CORN_future": 444.0,
    "SOYBEANS_future": 1049.75,
    "WHEAT_future": 506.5,
    "SP500_close": 6774.759765625,
    "NASDAQ_close": 23006.361328125,
    "US_10Y_Treasury_Yield": 4.116000175476074,
    "VIX_close": 16.8700008392334,
    "GOLD_basis_spot_vs_near": -0.10009765625,
    "China_10Y_Treasury_Yield": 1.8356
  }
}