{
  "latest_date": "2026-03-04",
  "latest_values": {
    "Shanghai_Composite_Index": 4122.67578125,
    "CSI_300_Index": 4655.89990234375,
    "Shenzhen_Component_Index": 14022.3896484375,
    "ALUMINUM_future": 3239.25,
    "BTC_price": 68103.3046875,
    "OIL_price": 75.93000030517578,
    "USD_CNY_exchange_rate": 6.921500205993652,
    "Commodity_Index_ETF": 25.90999984741211,
    "US_Dollar_Index": 99.22699737548828,
    "ETH_price": 1965.541015625,
    "GOLD_spot_price": 5150.60009765625,
    "LEAN_HOGS_future": 95.7750015258789,
    "COPPER_future": 5.895500183105469,
    "High_Yield_Bond_ETF": 80.12000274658203,
    "LIVE_CATTLE_future": 234.3000030517578,
    "GOLD_near_month_future": 5150.7998046875,
    "NATURAL_GAS_future": 3.062999963760376,
    "PLATINUM_future": 2125.89990234375,
    "SILVER_future": 84.12000274658203,
    "Long_Term_Treasury_ETF": 89.43000030517578,
    "CORN_future": 446.25,
    "SOYBEANS_future": 1169.25,
    "WHEAT_future": 575.0,
    "SP500_close": 6816.6298828125,
    "NASDAQ_close": 22516.689453125,
    "US_10Y_Treasury_Yield": 4.056000232696533,
    "VIX_close": 23.56999969482422,
    "GOLD_basis_spot_vs_near": -0.19970703125,
    "China_10Y_Treasury_Yield": 1.7807
  }
}