{
  "latest_date": "2026-03-13",
  "latest_values": {
    "Shanghai_Composite_Index": 4095.448486328125,
    "CSI_300_Index": 4669.14013671875,
    "Shenzhen_Component_Index": 14280.7802734375,
    "ALUMINUM_future": 3426.0,
    "BTC_price": 71482.953125,
    "OIL_price": 99.30999755859375,
    "USD_CNY_exchange_rate": 6.895599842071533,
    "Commodity_Index_ETF": 28.709999084472656,
    "ETH_price": 2115.25439453125,
    "GOLD_spot_price": 5023.10009765625,
    "LEAN_HOGS_future": 93.32499694824219,
    "COPPER_future": 5.675000190734863,
    "High_Yield_Bond_ETF": 79.19999694824219,
    "LIVE_CATTLE_future": 228.85000610351562,
    "GOLD_near_month_future": 5023.0,
    "NATURAL_GAS_future": 3.131999969482422,
    "PLATINUM_future": 2024.5,
    "SILVER_future": 80.6449966430664,
    "Long_Term_Treasury_ETF": 86.54000091552734,
    "CORN_future": 467.0,
    "SOYBEANS_future": 1223.75,
    "WHEAT_future": 613.25,
    "SP500_close": 6632.18994140625,
    "NASDAQ_close": 22105.359375,
    "US_10Y_Treasury_Yield": 4.284999847412109,
    "VIX_close": 27.190000534057617,
    "GOLD_basis_spot_vs_near": 0.10009765625,
    "China_10Y_Treasury_Yield": 1.8143
  }
}