{
  "latest_date": "2026-02-18",
  "latest_values": {
    "Shanghai_Composite_Index": 4082.072998046875,
    "CSI_300_Index": 4660.41015625,
    "Shenzhen_Component_Index": 14100.1904296875,
    "ALUMINUM_future": 3054.25,
    "BTC_price": 67145.8671875,
    "OIL_price": 64.19000244140625,
    "USD_CNY_exchange_rate": 6.90749979019165,
    "Commodity_Index_ETF": 24.079999923706055,
    "US_Dollar_Index": 97.41600036621094,
    "ETH_price": 1967.960205078125,
    "GOLD_spot_price": 5021.0,
    "LEAN_HOGS_future": 92.875,
    "COPPER_future": 5.799499988555908,
    "High_Yield_Bond_ETF": 80.94999694824219,
    "LIVE_CATTLE_future": 242.5749969482422,
    "GOLD_near_month_future": 5021.39990234375,
    "NATURAL_GAS_future": 2.9790000915527344,
    "PLATINUM_future": 2107.10009765625,
    "SILVER_future": 77.76499938964844,
    "Long_Term_Treasury_ETF": 89.76499938964844,
    "CORN_future": 426.5,
    "SOYBEANS_future": 1151.0,
    "WHEAT_future": 550.25,
    "SP500_close": 6899.14990234375,
    "NASDAQ_close": 22858.265625,
    "US_10Y_Treasury_Yield": 4.077000141143799,
    "VIX_close": 18.549999237060547,
    "GOLD_basis_spot_vs_near": -0.39990234375,
    "China_10Y_Treasury_Yield": 1.7899
  }
}