{
  "latest_date": "2026-03-31",
  "latest_values": {
    "Shanghai_Composite_Index": 3923.287109375,
    "CSI_300_Index": 4491.9501953125,
    "Shenzhen_Component_Index": 13726.1904296875,
    "ALUMINUM_future": 3366.5,
    "BTC_price": 67528.625,
    "OIL_price": 103.02999877929688,
    "USD_CNY_exchange_rate": 6.911600112915039,
    "Commodity_Index_ETF": 29.260000228881836,
    "US_Dollar_Index": 100.45099639892578,
    "ETH_price": 2061.986328125,
    "GOLD_spot_price": 4593.89990234375,
    "LEAN_HOGS_future": 90.4749984741211,
    "COPPER_future": 5.494999885559082,
    "High_Yield_Bond_ETF": 78.80999755859375,
    "LIVE_CATTLE_future": 239.5500030517578,
    "GOLD_near_month_future": 4593.89990234375,
    "NATURAL_GAS_future": 2.8359999656677246,
    "PLATINUM_future": 1912.5,
    "SILVER_future": 72.2300033569336,
    "Long_Term_Treasury_ETF": 86.77999877929688,
    "CORN_future": 455.75,
    "SOYBEANS_future": 1160.25,
    "WHEAT_future": 609.5,
    "SP500_close": 6343.72021484375,
    "NASDAQ_close": 20794.640625,
    "US_10Y_Treasury_Yield": 4.3420000076293945,
    "VIX_close": 30.610000610351562,
    "GOLD_basis_spot_vs_near": 0.0,
    "China_10Y_Treasury_Yield": 1.8063
  }
}