{
  "latest_date": "2026-02-13",
  "latest_values": {
    "Shanghai_Composite_Index": 4134.01806640625,
    "CSI_300_Index": 4719.580078125,
    "Shenzhen_Component_Index": 14283.0,
    "ALUMINUM_future": 2985.0,
    "BTC_price": 67116.703125,
    "OIL_price": 62.720001220703125,
    "USD_CNY_exchange_rate": 6.90749979019165,
    "Commodity_Index_ETF": 23.799999237060547,
    "US_Dollar_Index": 96.94200134277344,
    "ETH_price": 1964.5302734375,
    "GOLD_spot_price": 5007.0,
    "LEAN_HOGS_future": 86.7750015258789,
    "COPPER_future": 5.76200008392334,
    "High_Yield_Bond_ETF": 80.79000091552734,
    "LIVE_CATTLE_future": 242.64999389648438,
    "GOLD_near_month_future": 5007.5,
    "NATURAL_GAS_future": 3.1500000953674316,
    "PLATINUM_future": 2056.10009765625,
    "SILVER_future": 78.45999908447266,
    "Long_Term_Treasury_ETF": 89.2300033569336,
    "CORN_future": 430.25,
    "SOYBEANS_future": 1129.75,
    "WHEAT_future": 547.0,
    "SP500_close": 6832.759765625,
    "NASDAQ_close": 22597.150390625,
    "US_10Y_Treasury_Yield": 4.086999893188477,
    "VIX_close": 20.489999771118164,
    "GOLD_basis_spot_vs_near": -0.5,
    "China_10Y_Treasury_Yield": 1.7928
  }
}