{
  "latest_date": "2026-06-19",
  "latest_values": {
    "Shanghai_Composite_Index": 4108.076171875,
    "CSI_300_Index": 4777.31982421875,
    "Shenzhen_Component_Index": 15880.9501953125,
    "ALUMINUM_future": 3477.0,
    "BTC_price": 62582.94140625,
    "OIL_price": 75.81999969482422,
    "USD_CNY_exchange_rate": 6.767499923706055,
    "Commodity_Index_ETF": 27.709999084472656,
    "US_Dollar_Index": 100.77899932861328,
    "ETH_price": 1691.3399658203125,
    "GOLD_spot_price": 4161.0,
    "LEAN_HOGS_future": 95.0250015258789,
    "COPPER_future": 6.3420000076293945,
    "High_Yield_Bond_ETF": 79.7300033569336,
    "LIVE_CATTLE_future": 254.8000030517578,
    "GOLD_near_month_future": 4161.0,
    "NATURAL_GAS_future": 3.2260000705718994,
    "PLATINUM_future": 1666.699951171875,
    "SILVER_future": 64.48500061035156,
    "Long_Term_Treasury_ETF": 86.33000183105469,
    "CORN_future": 417.5,
    "SOYBEANS_future": 1122.75,
    "WHEAT_future": 605.75,
    "SP500_close": 7420.10009765625,
    "NASDAQ_close": 26021.66015625,
    "US_10Y_Treasury_Yield": 4.486999988555908,
    "VIX_close": 17.190000534057617,
    "GOLD_basis_spot_vs_near": 0.0,
    "China_10Y_Treasury_Yield": 1.7299
  }
}