{
  "latest_date": "2025-11-11",
  "latest_values": {
    "Shanghai_Composite_Index": 4002.757568359375,
    "CSI_300_Index": 4652.16552734375,
    "Shenzhen_Component_Index": 13289.0048828125,
    "ALUMINUM_future": 2830.0,
    "BTC_price": 103339.2421875,
    "OIL_price": 61.13999938964844,
    "USD_CNY_exchange_rate": 7.118599891662598,
    "Commodity_Index_ETF": 23.272899627685547,
    "US_Dollar_Index": 99.38899993896484,
    "ETH_price": 3482.017333984375,
    "GOLD_spot_price": 4119.10009765625,
    "LEAN_HOGS_future": 82.55000305175781,
    "COPPER_future": 5.059500217437744,
    "High_Yield_Bond_ETF": 80.68499755859375,
    "LIVE_CATTLE_future": 227.9250030517578,
    "GOLD_near_month_future": 4119.2001953125,
    "NATURAL_GAS_future": 4.525000095367432,
    "PLATINUM_future": 1596.800048828125,
    "SILVER_future": 50.584999084472656,
    "Long_Term_Treasury_ETF": 89.964599609375,
    "CORN_future": 431.5,
    "SOYBEANS_future": 1127.5,
    "WHEAT_future": 534.5,
    "SP500_close": 6826.18994140625,
    "NASDAQ_close": 23391.080078125,
    "US_10Y_Treasury_Yield": 4.119999885559082,
    "VIX_close": 17.68000030517578,
    "GOLD_basis_spot_vs_near": -0.10009765625,
    "China_10Y_Treasury_Yield": 1.8119
  }
}