{
  "latest_date": "2026-04-24",
  "latest_values": {
    "Shanghai_Composite_Index": 4093.25,
    "CSI_300_Index": 4786.330078125,
    "Shenzhen_Component_Index": 15043.4501953125,
    "ALUMINUM_future": 3566.25,
    "BTC_price": 77632.2890625,
    "OIL_price": 93.69999694824219,
    "USD_CNY_exchange_rate": 6.835899829864502,
    "Commodity_Index_ETF": 29.700000762939453,
    "US_Dollar_Index": 98.52200317382812,
    "ETH_price": 2315.8798828125,
    "GOLD_spot_price": 4743.2998046875,
    "LEAN_HOGS_future": 102.0250015258789,
    "COPPER_future": 6.0269999504089355,
    "High_Yield_Bond_ETF": 80.45500183105469,
    "LIVE_CATTLE_future": 244.02499389648438,
    "GOLD_near_month_future": 4743.39990234375,
    "NATURAL_GAS_future": 2.684999942779541,
    "PLATINUM_future": 2031.199951171875,
    "SILVER_future": 76.45999908447266,
    "Long_Term_Treasury_ETF": 86.6050033569336,
    "CORN_future": 463.0,
    "SOYBEANS_future": 1178.25,
    "WHEAT_future": 614.75,
    "SP500_close": 7152.39013671875,
    "NASDAQ_close": 24783.201171875,
    "US_10Y_Treasury_Yield": 4.308000087738037,
    "VIX_close": 18.639999389648438,
    "GOLD_basis_spot_vs_near": -0.10009765625,
    "China_10Y_Treasury_Yield": 1.7601
  }
}