{
  "latest_date": "2025-10-10",
  "latest_values": {
    "Shanghai_Composite_Index": 3897.028076171875,
    "CSI_300_Index": 4616.833984375,
    "Shenzhen_Component_Index": 13725.5595703125,
    "ALUMINUM_future": 2725.25,
    "BTC_price": 120215.578125,
    "OIL_price": 60.36000061035156,
    "USD_CNY_exchange_rate": 7.118500232696533,
    "Commodity_Index_ETF": 22.275800704956055,
    "US_Dollar_Index": 99.2490005493164,
    "ETH_price": 4255.60302734375,
    "GOLD_spot_price": 4001.699951171875,
    "LEAN_HOGS_future": 84.0,
    "COPPER_future": 5.15749979019165,
    "High_Yield_Bond_ETF": 80.20999908447266,
    "LIVE_CATTLE_future": 239.4499969482422,
    "GOLD_near_month_future": 4001.800048828125,
    "NATURAL_GAS_future": 3.190999984741211,
    "PLATINUM_future": 1668.300048828125,
    "SILVER_future": 48.459999084472656,
    "Long_Term_Treasury_ETF": 90.34500122070312,
    "CORN_future": 415.75,
    "SOYBEANS_future": 1030.75,
    "WHEAT_future": 502.0,
    "SP500_close": 6686.06005859375,
    "NASDAQ_close": 22771.736328125,
    "US_10Y_Treasury_Yield": 4.105000019073486,
    "VIX_close": 16.280000686645508,
    "GOLD_basis_spot_vs_near": -0.10009765625,
    "China_10Y_Treasury_Yield": 1.846
  }
}