{
  "latest_date": "2026-05-08",
  "latest_values": {
    "Shanghai_Composite_Index": 4179.95263671875,
    "CSI_300_Index": 4871.912109375,
    "Shenzhen_Component_Index": 15563.796875,
    "ALUMINUM_future": 3480.75,
    "BTC_price": 80289.8125,
    "OIL_price": 94.77999877929688,
    "USD_CNY_exchange_rate": 6.810999870300293,
    "Commodity_Index_ETF": 30.25,
    "US_Dollar_Index": 97.96600341796875,
    "ETH_price": 2292.895751953125,
    "GOLD_spot_price": 4730.10009765625,
    "LEAN_HOGS_future": 91.5,
    "COPPER_future": 6.2835001945495605,
    "High_Yield_Bond_ETF": 79.86000061035156,
    "LIVE_CATTLE_future": 250.0500030517578,
    "GOLD_near_month_future": 4730.7001953125,
    "NATURAL_GAS_future": 2.802000045776367,
    "PLATINUM_future": 2057.39990234375,
    "SILVER_future": 81.11499786376953,
    "Long_Term_Treasury_ETF": 85.6500015258789,
    "CORN_future": 466.5,
    "SOYBEANS_future": 1193.0,
    "WHEAT_future": 613.5,
    "SP500_close": 7337.10986328125,
    "NASDAQ_close": 25806.19921875,
    "US_10Y_Treasury_Yield": 4.392000198364258,
    "VIX_close": 17.100000381469727,
    "GOLD_basis_spot_vs_near": -0.60009765625,
    "China_10Y_Treasury_Yield": 1.7648
  }
}