{
  "latest_date": "2026-03-06",
  "latest_values": {
    "Shanghai_Composite_Index": 4108.56689453125,
    "CSI_300_Index": 4647.68994140625,
    "Shenzhen_Component_Index": 14088.83984375,
    "ALUMINUM_future": 3221.25,
    "BTC_price": 70966.875,
    "OIL_price": 79.06999969482422,
    "USD_CNY_exchange_rate": 6.906400203704834,
    "Commodity_Index_ETF": 26.520000457763672,
    "US_Dollar_Index": 99.03900146484375,
    "ETH_price": 2081.706298828125,
    "GOLD_spot_price": 5095.10009765625,
    "LEAN_HOGS_future": 95.875,
    "COPPER_future": 5.8354997634887695,
    "High_Yield_Bond_ETF": 80.08000183105469,
    "LIVE_CATTLE_future": 238.5749969482422,
    "GOLD_near_month_future": 5094.89990234375,
    "NATURAL_GAS_future": 2.9790000915527344,
    "PLATINUM_future": 2132.5,
    "SILVER_future": 83.06500244140625,
    "Long_Term_Treasury_ETF": 88.79000091552734,
    "CORN_future": 453.25,
    "SOYBEANS_future": 1180.25,
    "WHEAT_future": 585.25,
    "SP500_close": 6830.7099609375,
    "NASDAQ_close": 22748.990234375,
    "US_10Y_Treasury_Yield": 4.145999908447266,
    "VIX_close": 23.75,
    "GOLD_basis_spot_vs_near": 0.2001953125,
    "China_10Y_Treasury_Yield": 1.7779
  }
}