{
  "latest_date": "2026-06-04",
  "latest_values": {
    "Shanghai_Composite_Index": 4083.97412109375,
    "CSI_300_Index": 4938.81005859375,
    "Shenzhen_Component_Index": 15704.7099609375,
    "ALUMINUM_future": 3737.5,
    "BTC_price": 64153.828125,
    "OIL_price": 95.41999816894531,
    "USD_CNY_exchange_rate": 6.762199878692627,
    "Commodity_Index_ETF": 30.290000915527344,
    "US_Dollar_Index": 99.46600341796875,
    "ETH_price": 1789.3399658203125,
    "GOLD_spot_price": 4501.10009765625,
    "LEAN_HOGS_future": 96.05000305175781,
    "COPPER_future": 6.454999923706055,
    "High_Yield_Bond_ETF": 79.68000030517578,
    "LIVE_CATTLE_future": 246.625,
    "GOLD_near_month_future": 4501.0,
    "NATURAL_GAS_future": 3.2219998836517334,
    "PLATINUM_future": 1881.5,
    "SILVER_future": 73.5999984741211,
    "Long_Term_Treasury_ETF": 85.30999755859375,
    "CORN_future": 425.75,
    "SOYBEANS_future": 1149.75,
    "WHEAT_future": 583.0,
    "SP500_close": 7553.68017578125,
    "NASDAQ_close": 26853.98046875,
    "US_10Y_Treasury_Yield": 4.491000175476074,
    "VIX_close": 16.059999465942383,
    "GOLD_basis_spot_vs_near": 0.10009765625,
    "China_10Y_Treasury_Yield": 1.7128
  }
}