{
  "latest_date": "2025-09-18",
  "latest_values": {
    "Shanghai_Composite_Index": 3876.341064453125,
    "CSI_300_Index": 4551.02001953125,
    "Shenzhen_Component_Index": 13215.4599609375,
    "ALUMINUM_future": 2628.75,
    "BTC_price": 117358.9921875,
    "OIL_price": 64.05999755859375,
    "USD_CNY_exchange_rate": 7.114200115203857,
    "Commodity_Index_ETF": 22.540000915527344,
    "US_Dollar_Index": 97.26699829101562,
    "ETH_price": 4579.11767578125,
    "GOLD_spot_price": 3695.699951171875,
    "LEAN_HOGS_future": 97.3499984741211,
    "COPPER_future": 4.610000133514404,
    "High_Yield_Bond_ETF": 81.05000305175781,
    "LIVE_CATTLE_future": 231.47500610351562,
    "GOLD_near_month_future": 3695.60009765625,
    "NATURAL_GAS_future": 3.068000078201294,
    "PLATINUM_future": 1405.699951171875,
    "SILVER_future": 42.095001220703125,
    "Long_Term_Treasury_ETF": 90.12000274658203,
    "CORN_future": 426.0,
    "SOYBEANS_future": 1041.25,
    "WHEAT_future": 529.75,
    "SP500_close": 6600.35009765625,
    "NASDAQ_close": 22261.330078125,
    "US_10Y_Treasury_Yield": 4.102999687194824,
    "VIX_close": 14.960000038146973,
    "GOLD_basis_spot_vs_near": 0.099853515625,
    "China_10Y_Treasury_Yield": 1.8546
  }
}