{
  "latest_date": "2025-09-25",
  "latest_values": {
    "Shanghai_Composite_Index": 3853.302001953125,
    "CSI_300_Index": 4593.4873046875,
    "Shenzhen_Component_Index": 13445.8955078125,
    "ALUMINUM_future": 2587.0,
    "BTC_price": 109425.0859375,
    "OIL_price": 65.22000122070312,
    "USD_CNY_exchange_rate": 7.133299827575684,
    "Commodity_Index_ETF": 22.799999237060547,
    "US_Dollar_Index": 98.4749984741211,
    "ETH_price": 3903.333251953125,
    "GOLD_spot_price": 3780.5,
    "LEAN_HOGS_future": 100.125,
    "COPPER_future": 4.78849983215332,
    "High_Yield_Bond_ETF": 80.91999816894531,
    "LIVE_CATTLE_future": 232.02499389648438,
    "GOLD_near_month_future": 3780.60009765625,
    "NATURAL_GAS_future": 3.2309999465942383,
    "PLATINUM_future": 1541.0,
    "SILVER_future": 45.470001220703125,
    "Long_Term_Treasury_ETF": 88.9800033569336,
    "CORN_future": 424.75,
    "SOYBEANS_future": 1012.0,
    "WHEAT_future": 526.25,
    "SP500_close": 6604.72021484375,
    "NASDAQ_close": 22384.697265625,
    "US_10Y_Treasury_Yield": 4.171999931335449,
    "VIX_close": 16.739999771118164,
    "GOLD_basis_spot_vs_near": -0.10009765625,
    "China_10Y_Treasury_Yield": 1.884
  }
}