{
  "latest_date": "2026-05-20",
  "latest_values": {
    "Shanghai_Composite_Index": 4169.5380859375,
    "CSI_300_Index": 4852.8798828125,
    "Shenzhen_Component_Index": 15569.91015625,
    "ALUMINUM_future": 3593.25,
    "BTC_price": 77614.140625,
    "OIL_price": 98.4800033569336,
    "USD_CNY_exchange_rate": 6.80049991607666,
    "Commodity_Index_ETF": 30.8799991607666,
    "US_Dollar_Index": 99.12699890136719,
    "ETH_price": 2133.5,
    "GOLD_spot_price": 4546.7001953125,
    "LEAN_HOGS_future": 102.0,
    "COPPER_future": 6.339000225067139,
    "High_Yield_Bond_ETF": 79.86000061035156,
    "LIVE_CATTLE_future": 245.1750030517578,
    "GOLD_near_month_future": 4546.89990234375,
    "NATURAL_GAS_future": 3.0369999408721924,
    "PLATINUM_future": 1962.0999755859375,
    "SILVER_future": 76.25,
    "Long_Term_Treasury_ETF": 83.91000366210938,
    "CORN_future": 465.75,
    "SOYBEANS_future": 1199.25,
    "WHEAT_future": 661.0,
    "SP500_close": 7432.97021484375,
    "NASDAQ_close": 26270.359375,
    "US_10Y_Treasury_Yield": 4.572000026702881,
    "VIX_close": 17.440000534057617,
    "GOLD_basis_spot_vs_near": -0.19970703125,
    "China_10Y_Treasury_Yield": 1.7382
  }
}