{
  "latest_date": "2025-11-27",
  "latest_values": {
    "Shanghai_Composite_Index": 3875.259521484375,
    "CSI_300_Index": 4515.40283203125,
    "Shenzhen_Component_Index": 12907.830078125,
    "ALUMINUM_future": 2825.0,
    "BTC_price": 91013.671875,
    "OIL_price": 58.88999938964844,
    "USD_CNY_exchange_rate": 7.078400135040283,
    "Commodity_Index_ETF": 22.760000228881836,
    "US_Dollar_Index": 99.55599975585938,
    "ETH_price": 3012.48583984375,
    "GOLD_spot_price": 4190.60009765625,
    "LEAN_HOGS_future": 81.67500305175781,
    "COPPER_future": 5.16949987411499,
    "High_Yield_Bond_ETF": 80.94999694824219,
    "LIVE_CATTLE_future": 213.0500030517578,
    "GOLD_near_month_future": 4190.7001953125,
    "NATURAL_GAS_future": 4.60099983215332,
    "PLATINUM_future": 1623.0,
    "SILVER_future": 53.59000015258789,
    "Long_Term_Treasury_ETF": 90.63999938964844,
    "CORN_future": 446.25,
    "SOYBEANS_future": 1132.25,
    "WHEAT_future": 529.0,
    "SP500_close": 6812.60986328125,
    "NASDAQ_close": 23214.689453125,
    "US_10Y_Treasury_Yield": 3.997999906539917,
    "VIX_close": 17.31999969482422,
    "GOLD_basis_spot_vs_near": -0.10009765625,
    "China_10Y_Treasury_Yield": 1.8537
  }
}