{
  "latest_date": "2025-11-13",
  "latest_values": {
    "Shanghai_Composite_Index": 4029.501220703125,
    "CSI_300_Index": 4702.07373046875,
    "Shenzhen_Component_Index": 13476.521484375,
    "ALUMINUM_future": 2852.0,
    "BTC_price": 98395.90625,
    "OIL_price": 58.63999938964844,
    "USD_CNY_exchange_rate": 7.094600200653076,
    "Commodity_Index_ETF": 22.940000534057617,
    "US_Dollar_Index": 99.13899993896484,
    "ETH_price": 3204.35595703125,
    "GOLD_spot_price": 4158.0,
    "LEAN_HOGS_future": 78.7249984741211,
    "COPPER_future": 5.052499771118164,
    "High_Yield_Bond_ETF": 80.2249984741211,
    "LIVE_CATTLE_future": 218.35000610351562,
    "GOLD_near_month_future": 4158.0,
    "NATURAL_GAS_future": 4.681000232696533,
    "PLATINUM_future": 1589.199951171875,
    "SILVER_future": 52.209999084472656,
    "Long_Term_Treasury_ETF": 89.5802001953125,
    "CORN_future": 439.75,
    "SOYBEANS_future": 1144.25,
    "WHEAT_future": 535.5,
    "SP500_close": 6740.66015625,
    "NASDAQ_close": 22825.791015625,
    "US_10Y_Treasury_Yield": 4.104000091552734,
    "VIX_close": 20.6200008392334,
    "GOLD_basis_spot_vs_near": 0.0,
    "China_10Y_Treasury_Yield": 1.8126
  }
}