{
  "latest_date": "2025-11-16",
  "latest_values": {
    "Shanghai_Composite_Index": 3990.491943359375,
    "CSI_300_Index": 4628.14013671875,
    "Shenzhen_Component_Index": 13216.0302734375,
    "ALUMINUM_future": 2786.5,
    "BTC_price": 95674.75,
    "OIL_price": 60.09000015258789,
    "USD_CNY_exchange_rate": 7.098400115966797,
    "Commodity_Index_ETF": 22.969999313354492,
    "US_Dollar_Index": 99.2699966430664,
    "ETH_price": 3196.920654296875,
    "GOLD_spot_price": 4087.60009765625,
    "LEAN_HOGS_future": 78.5,
    "COPPER_future": 5.049499988555908,
    "High_Yield_Bond_ETF": 80.22000122070312,
    "LIVE_CATTLE_future": 219.14999389648438,
    "GOLD_near_month_future": 4094.199951171875,
    "NATURAL_GAS_future": 4.565999984741211,
    "PLATINUM_future": 1555.199951171875,
    "SILVER_future": 50.59000015258789,
    "Long_Term_Treasury_ETF": 88.87000274658203,
    "CORN_future": 430.25,
    "SOYBEANS_future": 1112.75,
    "WHEAT_future": 527.25,
    "SP500_close": 6734.10986328125,
    "NASDAQ_close": 22900.58984375,
    "US_10Y_Treasury_Yield": 4.1479997634887695,
    "VIX_close": 19.829999923706055,
    "GOLD_basis_spot_vs_near": -6.599853515625,
    "China_10Y_Treasury_Yield": 1.814
  }
}