{
  "latest_date": "2025-12-04",
  "latest_values": {
    "Shanghai_Composite_Index": 3875.793212890625,
    "CSI_300_Index": 4546.56640625,
    "Shenzhen_Component_Index": 13006.716796875,
    "ALUMINUM_future": 2740.5,
    "BTC_price": 92436.46875,
    "OIL_price": 59.68000030517578,
    "USD_CNY_exchange_rate": 7.070899963378906,
    "Commodity_Index_ETF": 23.19499969482422,
    "US_Dollar_Index": 99.07099914550781,
    "ETH_price": 3142.34033203125,
    "GOLD_spot_price": 4238.7001953125,
    "LEAN_HOGS_future": 81.8499984741211,
    "COPPER_future": 5.357500076293945,
    "High_Yield_Bond_ETF": 80.74500274658203,
    "LIVE_CATTLE_future": 224.02499389648438,
    "GOLD_near_month_future": 4238.7001953125,
    "NATURAL_GAS_future": 5.072000026702881,
    "PLATINUM_future": 1663.300048828125,
    "SILVER_future": 57.474998474121094,
    "Long_Term_Treasury_ETF": 88.58000183105469,
    "CORN_future": 446.5,
    "SOYBEANS_future": 1119.75,
    "WHEAT_future": 540.0,
    "SP500_close": 6857.1201171875,
    "NASDAQ_close": 23505.13671875,
    "US_10Y_Treasury_Yield": 4.1080002784729,
    "VIX_close": 15.829999923706055,
    "GOLD_basis_spot_vs_near": 0.0,
    "China_10Y_Treasury_Yield": 1.8718
  }
}