{
  "latest_date": "2025-09-25",
  "latest_values": {
    "Shanghai_Composite_Index": 3853.302001953125,
    "CSI_300_Index": 4593.4873046875,
    "Shenzhen_Component_Index": 13356.1396484375,
    "ALUMINUM_future": 2605.0,
    "BTC_price": 111653.1015625,
    "OIL_price": 64.8499984741211,
    "USD_CNY_exchange_rate": 7.111599922180176,
    "Commodity_Index_ETF": 22.704999923706055,
    "US_Dollar_Index": 98.40699768066406,
    "ETH_price": 4003.106689453125,
    "GOLD_spot_price": 3766.60009765625,
    "LEAN_HOGS_future": 90.80000305175781,
    "COPPER_future": 4.7789998054504395,
    "High_Yield_Bond_ETF": 80.97000122070312,
    "LIVE_CATTLE_future": 231.1999969482422,
    "GOLD_near_month_future": 3766.800048828125,
    "NATURAL_GAS_future": 2.9149999618530273,
    "PLATINUM_future": 1527.9000244140625,
    "SILVER_future": 45.040000915527344,
    "Long_Term_Treasury_ETF": 88.5999984741211,
    "CORN_future": 425.5,
    "SOYBEANS_future": 1013.25,
    "WHEAT_future": 525.0,
    "SP500_close": 6613.3798828125,
    "NASDAQ_close": 22430.6171875,
    "US_10Y_Treasury_Yield": 4.190999984741211,
    "VIX_close": 16.5,
    "GOLD_basis_spot_vs_near": -0.199951171875,
    "China_10Y_Treasury_Yield": 1.884
  }
}