{
  "latest_date": "2026-02-12",
  "latest_values": {
    "Shanghai_Composite_Index": 4128.373046875,
    "CSI_300_Index": 4724.2998046875,
    "Shenzhen_Component_Index": 14210.6298828125,
    "ALUMINUM_future": 3054.25,
    "BTC_price": 67773.328125,
    "OIL_price": 64.98999786376953,
    "USD_CNY_exchange_rate": 6.902500152587891,
    "Commodity_Index_ETF": 24.3700008392334,
    "US_Dollar_Index": 96.88200378417969,
    "ETH_price": 1968.3734130859375,
    "GOLD_spot_price": 5077.0,
    "LEAN_HOGS_future": 93.8499984741211,
    "COPPER_future": 5.963500022888184,
    "High_Yield_Bond_ETF": 80.83000183105469,
    "LIVE_CATTLE_future": 240.97500610351562,
    "GOLD_near_month_future": 5077.10009765625,
    "NATURAL_GAS_future": 3.2190001010894775,
    "PLATINUM_future": 2106.39990234375,
    "SILVER_future": 82.29000091552734,
    "Long_Term_Treasury_ETF": 88.05999755859375,
    "CORN_future": 428.75,
    "SOYBEANS_future": 1137.75,
    "WHEAT_future": 539.5,
    "SP500_close": 6941.47021484375,
    "NASDAQ_close": 23066.466796875,
    "US_10Y_Treasury_Yield": 4.171999931335449,
    "VIX_close": 17.649999618530273,
    "GOLD_basis_spot_vs_near": -0.10009765625,
    "China_10Y_Treasury_Yield": 1.7994
  }
}