{
  "latest_date": "2026-02-28",
  "latest_values": {
    "Shanghai_Composite_Index": 4162.880859375,
    "CSI_300_Index": 4710.64990234375,
    "Shenzhen_Component_Index": 14495.08984375,
    "ALUMINUM_future": 3078.0,
    "BTC_price": 65766.7265625,
    "OIL_price": 67.29000091552734,
    "USD_CNY_exchange_rate": 6.857399940490723,
    "Commodity_Index_ETF": 25.100000381469727,
    "US_Dollar_Index": 97.64600372314453,
    "ETH_price": 1925.523193359375,
    "GOLD_spot_price": 5296.39990234375,
    "LEAN_HOGS_future": 95.625,
    "COPPER_future": 6.060999870300293,
    "High_Yield_Bond_ETF": 80.72000122070312,
    "LIVE_CATTLE_future": 232.10000610351562,
    "GOLD_near_month_future": 5296.89990234375,
    "NATURAL_GAS_future": 2.8570001125335693,
    "PLATINUM_future": 2376.199951171875,
    "SILVER_future": 94.38500213623047,
    "Long_Term_Treasury_ETF": 90.81999969482422,
    "CORN_future": 448.25,
    "SOYBEANS_future": 1170.0,
    "WHEAT_future": 591.5,
    "SP500_close": 6878.8798828125,
    "NASDAQ_close": 22668.2109375,
    "US_10Y_Treasury_Yield": 3.9619998931884766,
    "VIX_close": 19.860000610351562,
    "GOLD_basis_spot_vs_near": -0.5,
    "China_10Y_Treasury_Yield": 1.7877
  }
}