{
  "latest_date": "2025-10-01",
  "latest_values": {
    "Shanghai_Composite_Index": 3882.777099609375,
    "CSI_300_Index": 4640.68994140625,
    "Shenzhen_Component_Index": 13526.509765625,
    "ALUMINUM_future": 2631.5,
    "BTC_price": 117718.4140625,
    "OIL_price": 61.83000183105469,
    "USD_CNY_exchange_rate": 7.133800029754639,
    "Commodity_Index_ETF": 22.44499969482422,
    "US_Dollar_Index": 97.81099700927734,
    "ETH_price": 4334.60888671875,
    "GOLD_spot_price": 3898.0,
    "LEAN_HOGS_future": 89.32499694824219,
    "COPPER_future": 4.880499839782715,
    "High_Yield_Bond_ETF": 80.86499786376953,
    "LIVE_CATTLE_future": 237.5749969482422,
    "GOLD_near_month_future": 3898.10009765625,
    "NATURAL_GAS_future": 3.4709999561309814,
    "PLATINUM_future": 1588.4000244140625,
    "SILVER_future": 47.70000076293945,
    "Long_Term_Treasury_ETF": 89.15499877929688,
    "CORN_future": 413.0,
    "SOYBEANS_future": 999.5,
    "WHEAT_future": 505.0,
    "SP500_close": 6699.47021484375,
    "NASDAQ_close": 22735.998046875,
    "US_10Y_Treasury_Yield": 4.120999813079834,
    "VIX_close": 16.25,
    "GOLD_basis_spot_vs_near": -0.10009765625,
    "China_10Y_Treasury_Yield": 1.8605
  }
}