{
  "latest_date": "2025-09-30",
  "latest_values": {
    "Shanghai_Composite_Index": 3882.77734375,
    "CSI_300_Index": 4640.693359375,
    "Shenzhen_Component_Index": 13526.5087890625,
    "ALUMINUM_future": 2625.0,
    "BTC_price": 114715.703125,
    "OIL_price": 62.40999984741211,
    "USD_CNY_exchange_rate": 7.133800029754639,
    "Commodity_Index_ETF": 22.530000686645508,
    "US_Dollar_Index": 97.83599853515625,
    "ETH_price": 4197.43359375,
    "GOLD_spot_price": 3887.89990234375,
    "LEAN_HOGS_future": 88.75,
    "COPPER_future": 4.877999782562256,
    "High_Yield_Bond_ETF": 81.19000244140625,
    "LIVE_CATTLE_future": 237.3249969482422,
    "GOLD_near_month_future": 3888.0,
    "NATURAL_GAS_future": 3.3310000896453857,
    "PLATINUM_future": 1584.9000244140625,
    "SILVER_future": 46.83000183105469,
    "Long_Term_Treasury_ETF": 89.37000274658203,
    "CORN_future": 416.0,
    "SOYBEANS_future": 1000.75,
    "WHEAT_future": 507.5,
    "SP500_close": 6688.4599609375,
    "NASDAQ_close": 22660.009765625,
    "US_10Y_Treasury_Yield": 4.1479997634887695,
    "VIX_close": 16.280000686645508,
    "GOLD_basis_spot_vs_near": -0.10009765625,
    "China_10Y_Treasury_Yield": 1.8605
  }
}