{
  "latest_date": "2025-11-17",
  "latest_values": {
    "Shanghai_Composite_Index": 3990.491943359375,
    "CSI_300_Index": 4628.14013671875,
    "Shenzhen_Component_Index": 13216.0302734375,
    "ALUMINUM_future": 2812.75,
    "BTC_price": 95190.6171875,
    "OIL_price": 59.38999938964844,
    "USD_CNY_exchange_rate": 7.103600025177002,
    "Commodity_Index_ETF": 22.969999313354492,
    "US_Dollar_Index": 99.38099670410156,
    "ETH_price": 3191.278564453125,
    "GOLD_spot_price": 4066.60009765625,
    "LEAN_HOGS_future": 78.5,
    "COPPER_future": 5.034999847412109,
    "High_Yield_Bond_ETF": 80.22000122070312,
    "LIVE_CATTLE_future": 219.52499389648438,
    "GOLD_near_month_future": 4066.60009765625,
    "NATURAL_GAS_future": 4.480000019073486,
    "PLATINUM_future": 1559.9000244140625,
    "SILVER_future": 50.505001068115234,
    "Long_Term_Treasury_ETF": 88.87000274658203,
    "CORN_future": 430.75,
    "SOYBEANS_future": 1129.75,
    "WHEAT_future": 528.75,
    "SP500_close": 6734.10986328125,
    "NASDAQ_close": 22900.58984375,
    "US_10Y_Treasury_Yield": 4.1479997634887695,
    "VIX_close": 19.829999923706055,
    "GOLD_basis_spot_vs_near": 0.0,
    "China_10Y_Treasury_Yield": 1.814
  }
}