{
  "latest_date": "2026-05-12",
  "latest_values": {
    "Shanghai_Composite_Index": 4225.02099609375,
    "CSI_300_Index": 4951.83984375,
    "Shenzhen_Component_Index": 15899.2998046875,
    "ALUMINUM_future": 3510.0,
    "BTC_price": 80990.609375,
    "OIL_price": 100.04000091552734,
    "USD_CNY_exchange_rate": 6.80049991607666,
    "Commodity_Index_ETF": 31.059999465942383,
    "US_Dollar_Index": 98.16699981689453,
    "ETH_price": 2302.699951171875,
    "GOLD_spot_price": 4708.7998046875,
    "LEAN_HOGS_future": 90.875,
    "COPPER_future": 6.453999996185303,
    "High_Yield_Bond_ETF": 79.9800033569336,
    "LIVE_CATTLE_future": 249.39999389648438,
    "GOLD_near_month_future": 4709.10009765625,
    "NATURAL_GAS_future": 2.928999900817871,
    "PLATINUM_future": 2089.5,
    "SILVER_future": 85.15499877929688,
    "Long_Term_Treasury_ETF": 85.55999755859375,
    "CORN_future": 475.5,
    "SOYBEANS_future": 1216.5,
    "WHEAT_future": 642.25,
    "SP500_close": 7412.83984375,
    "NASDAQ_close": 26274.130859375,
    "US_10Y_Treasury_Yield": 4.409999847412109,
    "VIX_close": 18.3799991607666,
    "GOLD_basis_spot_vs_near": -0.30029296875,
    "China_10Y_Treasury_Yield": 1.7622
  }
}