{
  "latest_date": "2026-06-12",
  "latest_values": {
    "Shanghai_Composite_Index": 3987.014892578125,
    "CSI_300_Index": 4722.41015625,
    "Shenzhen_Component_Index": 14851.98046875,
    "ALUMINUM_future": 3546.0,
    "BTC_price": 62950.0,
    "OIL_price": 85.7699966430664,
    "USD_CNY_exchange_rate": 6.772500038146973,
    "Commodity_Index_ETF": 28.850000381469727,
    "US_Dollar_Index": 99.88899993896484,
    "ETH_price": 1657.9000244140625,
    "GOLD_spot_price": 4199.2001953125,
    "LEAN_HOGS_future": 92.7750015258789,
    "COPPER_future": 6.373000144958496,
    "High_Yield_Bond_ETF": 79.94000244140625,
    "LIVE_CATTLE_future": 251.47500610351562,
    "GOLD_near_month_future": 4198.7001953125,
    "NATURAL_GAS_future": 3.069999933242798,
    "PLATINUM_future": 1718.199951171875,
    "SILVER_future": 66.18000030517578,
    "Long_Term_Treasury_ETF": 85.9800033569336,
    "CORN_future": 412.75,
    "SOYBEANS_future": 1115.0,
    "WHEAT_future": 586.0,
    "SP500_close": 7394.2998046875,
    "NASDAQ_close": 25809.66015625,
    "US_10Y_Treasury_Yield": 4.4629998207092285,
    "VIX_close": 19.469999313354492,
    "GOLD_basis_spot_vs_near": 0.5,
    "China_10Y_Treasury_Yield": 1.7475
  }
}