{
  "latest_date": "2025-09-24",
  "latest_values": {
    "Shanghai_Composite_Index": 3853.64208984375,
    "CSI_300_Index": 4566.07080078125,
    "Shenzhen_Component_Index": 13356.142578125,
    "ALUMINUM_future": 2573.75,
    "BTC_price": 113665.1640625,
    "OIL_price": 64.86000061035156,
    "USD_CNY_exchange_rate": 7.131499767303467,
    "Commodity_Index_ETF": 22.616199493408203,
    "US_Dollar_Index": 97.88200378417969,
    "ETH_price": 4170.375,
    "GOLD_spot_price": 3758.89990234375,
    "LEAN_HOGS_future": 89.6500015258789,
    "COPPER_future": 4.824999809265137,
    "High_Yield_Bond_ETF": 81.1449966430664,
    "LIVE_CATTLE_future": 234.25,
    "GOLD_near_month_future": 3758.800048828125,
    "NATURAL_GAS_future": 3.1480000019073486,
    "PLATINUM_future": 1477.300048828125,
    "SILVER_future": 44.04999923706055,
    "Long_Term_Treasury_ETF": 88.90699768066406,
    "CORN_future": 424.0,
    "SOYBEANS_future": 1008.5,
    "WHEAT_future": 519.5,
    "SP500_close": 6633.31982421875,
    "NASDAQ_close": 22492.0078125,
    "US_10Y_Treasury_Yield": 4.1519999504089355,
    "VIX_close": 16.600000381469727,
    "GOLD_basis_spot_vs_near": 0.099853515625,
    "China_10Y_Treasury_Yield": 1.9022
  }
}