{
  "latest_date": "2025-10-16",
  "latest_values": {
    "Shanghai_Composite_Index": 3912.208984375,
    "CSI_300_Index": 4606.2900390625,
    "Shenzhen_Component_Index": 13118.75,
    "ALUMINUM_future": 2698.25,
    "BTC_price": 111702.03125,
    "OIL_price": 58.81999969482422,
    "USD_CNY_exchange_rate": 7.138400077819824,
    "Commodity_Index_ETF": 22.18000030517578,
    "US_Dollar_Index": 98.63200378417969,
    "ETH_price": 4041.420166015625,
    "GOLD_spot_price": 4234.0,
    "LEAN_HOGS_future": 83.4749984741211,
    "COPPER_future": 4.992000102996826,
    "High_Yield_Bond_ETF": 80.80000305175781,
    "LIVE_CATTLE_future": 246.64999389648438,
    "GOLD_near_month_future": 4234.0,
    "NATURAL_GAS_future": 3.046999931335449,
    "PLATINUM_future": 1687.0,
    "SILVER_future": 51.8650016784668,
    "Long_Term_Treasury_ETF": 90.66000366210938,
    "CORN_future": 417.25,
    "SOYBEANS_future": 1027.5,
    "WHEAT_future": 497.5,
    "SP500_close": 6671.06005859375,
    "NASDAQ_close": 22670.080078125,
    "US_10Y_Treasury_Yield": 4.046000003814697,
    "VIX_close": 20.639999389648438,
    "GOLD_basis_spot_vs_near": 0.0,
    "China_10Y_Treasury_Yield": 1.8449
  }
}