{
  "latest_date": "2026-03-24",
  "latest_values": {
    "Shanghai_Composite_Index": 3881.27978515625,
    "CSI_300_Index": 4474.72216796875,
    "Shenzhen_Component_Index": 13536.5556640625,
    "ALUMINUM_future": 3144.25,
    "BTC_price": 69091.6953125,
    "OIL_price": 93.26000213623047,
    "USD_CNY_exchange_rate": 6.891300201416016,
    "Commodity_Index_ETF": 28.34000015258789,
    "US_Dollar_Index": 99.60600280761719,
    "ETH_price": 2112.713134765625,
    "GOLD_spot_price": 4393.2001953125,
    "LEAN_HOGS_future": 103.6500015258789,
    "COPPER_future": 5.433000087738037,
    "High_Yield_Bond_ETF": 79.16000366210938,
    "LIVE_CATTLE_future": 235.0,
    "GOLD_near_month_future": 4393.10009765625,
    "NATURAL_GAS_future": 2.924999952316284,
    "PLATINUM_future": 1886.0999755859375,
    "SILVER_future": 69.34500122070312,
    "Long_Term_Treasury_ETF": 85.68000030517578,
    "CORN_future": 465.75,
    "SOYBEANS_future": 1161.25,
    "WHEAT_future": 593.75,
    "SP500_close": 6557.9599609375,
    "NASDAQ_close": 21739.208984375,
    "US_10Y_Treasury_Yield": 4.420000076293945,
    "VIX_close": 26.969999313354492,
    "GOLD_basis_spot_vs_near": 0.10009765625,
    "China_10Y_Treasury_Yield": 1.8272
  }
}