{
  "latest_date": "2025-10-29",
  "latest_values": {
    "Shanghai_Composite_Index": 3996.945068359375,
    "CSI_300_Index": 4716.02001953125,
    "Shenzhen_Component_Index": 13489.400390625,
    "ALUMINUM_future": 2847.75,
    "BTC_price": 112369.9296875,
    "OIL_price": 60.2599983215332,
    "USD_CNY_exchange_rate": 7.099299907684326,
    "Commodity_Index_ETF": 22.59000015258789,
    "US_Dollar_Index": 98.68199920654297,
    "ETH_price": 3977.0126953125,
    "GOLD_spot_price": 3992.300048828125,
    "LEAN_HOGS_future": 82.4000015258789,
    "COPPER_future": 5.170499801635742,
    "High_Yield_Bond_ETF": 81.19999694824219,
    "LIVE_CATTLE_future": 224.5,
    "GOLD_near_month_future": 3992.5,
    "NATURAL_GAS_future": 3.2300000190734863,
    "PLATINUM_future": 1602.5,
    "SILVER_future": 47.53499984741211,
    "Long_Term_Treasury_ETF": 92.0199966430664,
    "CORN_future": 430.5,
    "SOYBEANS_future": 1089.5,
    "WHEAT_future": 529.0,
    "SP500_close": 6890.89013671875,
    "NASDAQ_close": 23827.494140625,
    "US_10Y_Treasury_Yield": 3.9830002784729004,
    "VIX_close": 16.420000076293945,
    "GOLD_basis_spot_vs_near": -0.199951171875,
    "China_10Y_Treasury_Yield": 1.8179
  }
}