{
  "latest_date": "2026-02-06",
  "latest_values": {
    "Shanghai_Composite_Index": 4075.9169921875,
    "CSI_300_Index": 4670.419921875,
    "Shenzhen_Component_Index": 13952.7099609375,
    "ALUMINUM_future": 2954.75,
    "BTC_price": 64142.42578125,
    "OIL_price": 63.45000076293945,
    "USD_CNY_exchange_rate": 6.939000129699707,
    "Commodity_Index_ETF": 23.760000228881836,
    "US_Dollar_Index": 97.87300109863281,
    "ETH_price": 1886.5364990234375,
    "GOLD_spot_price": 4819.10009765625,
    "LEAN_HOGS_future": 87.4000015258789,
    "COPPER_future": 5.751999855041504,
    "High_Yield_Bond_ETF": 80.52999877929688,
    "LIVE_CATTLE_future": 235.22500610351562,
    "GOLD_near_month_future": 4818.7998046875,
    "NATURAL_GAS_future": 3.5139999389648438,
    "PLATINUM_future": 1917.0999755859375,
    "SILVER_future": 71.38500213623047,
    "Long_Term_Treasury_ETF": 87.4800033569336,
    "CORN_future": 434.25,
    "SOYBEANS_future": 1106.75,
    "WHEAT_future": 533.25,
    "SP500_close": 6798.39990234375,
    "NASDAQ_close": 22540.58984375,
    "US_10Y_Treasury_Yield": 4.210000038146973,
    "VIX_close": 21.770000457763672,
    "GOLD_basis_spot_vs_near": 0.30029296875,
    "China_10Y_Treasury_Yield": 1.8169
  }
}