{
  "latest_date": "2025-11-05",
  "latest_values": {
    "Shanghai_Composite_Index": 3969.248291015625,
    "CSI_300_Index": 4627.2568359375,
    "Shenzhen_Component_Index": 13175.2197265625,
    "ALUMINUM_future": 2788.75,
    "BTC_price": 103583.3828125,
    "OIL_price": 60.619998931884766,
    "USD_CNY_exchange_rate": 7.125500202178955,
    "Commodity_Index_ETF": 22.98780059814453,
    "US_Dollar_Index": 100.26300048828125,
    "ETH_price": 3396.905517578125,
    "GOLD_spot_price": 3987.10009765625,
    "LEAN_HOGS_future": 80.57499694824219,
    "COPPER_future": 4.973999977111816,
    "High_Yield_Bond_ETF": 80.18499755859375,
    "LIVE_CATTLE_future": 221.8000030517578,
    "GOLD_near_month_future": 3987.199951171875,
    "NATURAL_GAS_future": 4.300000190734863,
    "PLATINUM_future": 1556.9000244140625,
    "SILVER_future": 47.935001373291016,
    "Long_Term_Treasury_ETF": 89.07499694824219,
    "CORN_future": 434.5,
    "SOYBEANS_future": 1132.0,
    "WHEAT_future": 549.5,
    "SP500_close": 6798.08984375,
    "NASDAQ_close": 23505.650390625,
    "US_10Y_Treasury_Yield": 4.144000053405762,
    "VIX_close": 17.81999969482422,
    "GOLD_basis_spot_vs_near": -0.099853515625,
    "China_10Y_Treasury_Yield": 1.7964
  }
}