{
  "latest_date": "2026-04-22",
  "latest_values": {
    "Shanghai_Composite_Index": 4085.076904296875,
    "CSI_300_Index": 4768.0,
    "Shenzhen_Component_Index": 14982.1396484375,
    "ALUMINUM_future": 3490.25,
    "BTC_price": 76213.1796875,
    "OIL_price": 89.20999908447266,
    "USD_CNY_exchange_rate": 6.817399978637695,
    "Commodity_Index_ETF": 29.209999084472656,
    "US_Dollar_Index": 98.37699890136719,
    "ETH_price": 2317.909912109375,
    "GOLD_spot_price": 4764.39990234375,
    "LEAN_HOGS_future": 103.05000305175781,
    "COPPER_future": 6.039000034332275,
    "High_Yield_Bond_ETF": 80.37000274658203,
    "LIVE_CATTLE_future": 243.5,
    "GOLD_near_month_future": 4764.89990234375,
    "NATURAL_GAS_future": 2.680000066757202,
    "PLATINUM_future": 2070.800048828125,
    "SILVER_future": 77.76000213623047,
    "Long_Term_Treasury_ETF": 86.56999969482422,
    "CORN_future": 463.0,
    "SOYBEANS_future": 1194.25,
    "WHEAT_future": 612.5,
    "SP500_close": 7064.009765625,
    "NASDAQ_close": 24259.96484375,
    "US_10Y_Treasury_Yield": 4.291999816894531,
    "VIX_close": 19.5,
    "GOLD_basis_spot_vs_near": -0.5,
    "China_10Y_Treasury_Yield": 1.751
  }
}