{
  "latest_date": "2025-10-02",
  "latest_values": {
    "Shanghai_Composite_Index": 3882.777099609375,
    "CSI_300_Index": 4640.68994140625,
    "Shenzhen_Component_Index": 13526.509765625,
    "ALUMINUM_future": 2597.5,
    "BTC_price": 118515.328125,
    "OIL_price": 61.939998626708984,
    "USD_CNY_exchange_rate": 7.118500232696533,
    "Commodity_Index_ETF": 22.489999771118164,
    "US_Dollar_Index": 97.61199951171875,
    "ETH_price": 4378.9091796875,
    "GOLD_spot_price": 3891.699951171875,
    "LEAN_HOGS_future": 86.80000305175781,
    "COPPER_future": 4.964000225067139,
    "High_Yield_Bond_ETF": 80.95999908447266,
    "LIVE_CATTLE_future": 237.22500610351562,
    "GOLD_near_month_future": 3891.60009765625,
    "NATURAL_GAS_future": 3.433000087738037,
    "PLATINUM_future": 1581.0,
    "SILVER_future": 47.51499938964844,
    "Long_Term_Treasury_ETF": 89.29000091552734,
    "CORN_future": 417.5,
    "SOYBEANS_future": 1030.25,
    "WHEAT_future": 509.5,
    "SP500_close": 6711.2001953125,
    "NASDAQ_close": 22755.16015625,
    "US_10Y_Treasury_Yield": 4.105999946594238,
    "VIX_close": 16.190000534057617,
    "GOLD_basis_spot_vs_near": 0.099853515625,
    "China_10Y_Treasury_Yield": 1.8605
  }
}