{
  "latest_date": "2025-12-10",
  "latest_values": {
    "Shanghai_Composite_Index": 3909.52099609375,
    "CSI_300_Index": 4598.22021484375,
    "Shenzhen_Component_Index": 13277.3603515625,
    "ALUMINUM_future": 2866.5,
    "BTC_price": 92712.3046875,
    "OIL_price": 58.31999969482422,
    "USD_CNY_exchange_rate": 7.061500072479248,
    "Commodity_Index_ETF": 22.989999771118164,
    "US_Dollar_Index": 99.0790023803711,
    "ETH_price": 3328.504150390625,
    "GOLD_spot_price": 4233.10009765625,
    "LEAN_HOGS_future": 82.05000305175781,
    "COPPER_future": 5.363500118255615,
    "High_Yield_Bond_ETF": 80.45999908447266,
    "LIVE_CATTLE_future": 226.97500610351562,
    "GOLD_near_month_future": 4233.10009765625,
    "NATURAL_GAS_future": 4.576000213623047,
    "PLATINUM_future": 1689.199951171875,
    "SILVER_future": 61.90999984741211,
    "Long_Term_Treasury_ETF": 87.97000122070312,
    "CORN_future": 447.75,
    "SOYBEANS_future": 1084.0,
    "WHEAT_future": 535.0,
    "SP500_close": 6840.509765625,
    "NASDAQ_close": 23576.490234375,
    "US_10Y_Treasury_Yield": 4.185999870300293,
    "VIX_close": 16.93000030517578,
    "GOLD_basis_spot_vs_near": 0.0,
    "China_10Y_Treasury_Yield": 1.8425
  }
}