{
  "latest_date": "2025-10-23",
  "latest_values": {
    "Shanghai_Composite_Index": 3922.41015625,
    "CSI_300_Index": 4606.3447265625,
    "Shenzhen_Component_Index": 13025.4462890625,
    "ALUMINUM_future": 2813.75,
    "BTC_price": 109998.7109375,
    "OIL_price": 62.0,
    "USD_CNY_exchange_rate": 7.121799945831299,
    "Commodity_Index_ETF": 22.885099411010742,
    "US_Dollar_Index": 99.02799987792969,
    "ETH_price": 3895.11083984375,
    "GOLD_spot_price": 4149.60009765625,
    "LEAN_HOGS_future": 81.94999694824219,
    "COPPER_future": 5.112500190734863,
    "High_Yield_Bond_ETF": 80.7750015258789,
    "LIVE_CATTLE_future": 241.6999969482422,
    "GOLD_near_month_future": 4149.7001953125,
    "NATURAL_GAS_future": 3.3929998874664307,
    "PLATINUM_future": 1597.5,
    "SILVER_future": 48.79499816894531,
    "Long_Term_Treasury_ETF": 91.48999786376953,
    "CORN_future": 424.75,
    "SOYBEANS_future": 1060.25,
    "WHEAT_future": 512.0,
    "SP500_close": 6733.8701171875,
    "NASDAQ_close": 22930.375,
    "US_10Y_Treasury_Yield": 3.997000217437744,
    "VIX_close": 17.479999542236328,
    "GOLD_basis_spot_vs_near": -0.10009765625,
    "China_10Y_Treasury_Yield": 1.8391
  }
}