{
  "latest_date": "2026-02-24",
  "latest_values": {
    "Shanghai_Composite_Index": 4117.40869140625,
    "CSI_300_Index": 4707.5439453125,
    "Shenzhen_Component_Index": 14291.5654296875,
    "ALUMINUM_future": 3068.25,
    "BTC_price": 64367.5078125,
    "OIL_price": 65.69999694824219,
    "USD_CNY_exchange_rate": 6.8831000328063965,
    "Commodity_Index_ETF": 24.6200008392334,
    "US_Dollar_Index": 97.8270034790039,
    "ETH_price": 1851.0028076171875,
    "GOLD_spot_price": 5172.2001953125,
    "LEAN_HOGS_future": 95.80000305175781,
    "COPPER_future": 5.971499919891357,
    "High_Yield_Bond_ETF": 80.82499694824219,
    "LIVE_CATTLE_future": 239.1750030517578,
    "GOLD_near_month_future": 5172.10009765625,
    "NATURAL_GAS_future": 2.8429999351501465,
    "PLATINUM_future": 2180.5,
    "SILVER_future": 86.88500213623047,
    "Long_Term_Treasury_ETF": 89.90499877929688,
    "CORN_future": 438.25,
    "SOYBEANS_future": 1155.0,
    "WHEAT_future": 572.75,
    "SP500_close": 6883.8798828125,
    "NASDAQ_close": 22838.4921875,
    "US_10Y_Treasury_Yield": 4.0329999923706055,
    "VIX_close": 19.530000686645508,
    "GOLD_basis_spot_vs_near": 0.10009765625,
    "China_10Y_Treasury_Yield": 1.8023
  }
}