{
  "latest_date": "2026-03-18",
  "latest_values": {
    "Shanghai_Composite_Index": 4049.906982421875,
    "CSI_300_Index": 4637.43994140625,
    "Shenzhen_Component_Index": 14039.73046875,
    "ALUMINUM_future": 3297.0,
    "BTC_price": 72790.90625,
    "OIL_price": 94.75,
    "USD_CNY_exchange_rate": 6.871600151062012,
    "Commodity_Index_ETF": 28.760000228881836,
    "ETH_price": 2260.248291015625,
    "GOLD_spot_price": 4922.7998046875,
    "LEAN_HOGS_future": 93.7249984741211,
    "COPPER_future": 5.702000141143799,
    "High_Yield_Bond_ETF": 79.80999755859375,
    "LIVE_CATTLE_future": 235.22500610351562,
    "GOLD_near_month_future": 4921.2001953125,
    "NATURAL_GAS_future": 2.9730000495910645,
    "PLATINUM_future": 2073.39990234375,
    "SILVER_future": 78.7300033569336,
    "Long_Term_Treasury_ETF": 87.44999694824219,
    "CORN_future": 452.25,
    "SOYBEANS_future": 1149.0,
    "WHEAT_future": 588.0,
    "SP500_close": 6716.08984375,
    "NASDAQ_close": 22479.52734375,
    "US_10Y_Treasury_Yield": 4.202000141143799,
    "VIX_close": 22.190000534057617,
    "GOLD_basis_spot_vs_near": 1.599609375,
    "China_10Y_Treasury_Yield": 1.8175
  }
}