{
  "latest_date": "2025-10-21",
  "latest_values": {
    "Shanghai_Composite_Index": 3863.89306640625,
    "CSI_300_Index": 4538.22021484375,
    "Shenzhen_Component_Index": 12813.2099609375,
    "ALUMINUM_future": 2700.0,
    "BTC_price": 108524.0859375,
    "OIL_price": 57.290000915527344,
    "USD_CNY_exchange_rate": 7.126399993896484,
    "Commodity_Index_ETF": 22.34000015258789,
    "US_Dollar_Index": 98.89900207519531,
    "ETH_price": 3878.75390625,
    "GOLD_spot_price": 4221.10009765625,
    "LEAN_HOGS_future": 82.25,
    "COPPER_future": 4.992499828338623,
    "High_Yield_Bond_ETF": 80.87999725341797,
    "LIVE_CATTLE_future": 243.6750030517578,
    "GOLD_near_month_future": 4221.2001953125,
    "NATURAL_GAS_future": 3.38100004196167,
    "PLATINUM_future": 1569.699951171875,
    "SILVER_future": 49.040000915527344,
    "Long_Term_Treasury_ETF": 91.55000305175781,
    "CORN_future": 422.0,
    "SOYBEANS_future": 1051.75,
    "WHEAT_future": 502.0,
    "SP500_close": 6735.1298828125,
    "NASDAQ_close": 22990.5390625,
    "US_10Y_Treasury_Yield": 3.9650001525878906,
    "VIX_close": 18.59000015258789,
    "GOLD_basis_spot_vs_near": -0.10009765625,
    "China_10Y_Treasury_Yield": 1.8357
  }
}