{
  "latest_date": "2025-12-10",
  "latest_values": {
    "Shanghai_Composite_Index": 3909.52099609375,
    "CSI_300_Index": 4598.22021484375,
    "Shenzhen_Component_Index": 13277.3603515625,
    "ALUMINUM_future": 2871.0,
    "BTC_price": 92462.4765625,
    "OIL_price": 58.380001068115234,
    "USD_CNY_exchange_rate": 7.060500144958496,
    "Commodity_Index_ETF": 22.989999771118164,
    "US_Dollar_Index": 99.20700073242188,
    "ETH_price": 3317.796630859375,
    "GOLD_spot_price": 4217.0,
    "LEAN_HOGS_future": 82.05000305175781,
    "COPPER_future": 5.374499797821045,
    "High_Yield_Bond_ETF": 80.45999908447266,
    "LIVE_CATTLE_future": 226.8249969482422,
    "GOLD_near_month_future": 4240.10009765625,
    "NATURAL_GAS_future": 4.543000221252441,
    "PLATINUM_future": 1690.699951171875,
    "SILVER_future": 61.82500076293945,
    "Long_Term_Treasury_ETF": 87.97000122070312,
    "CORN_future": 440.5,
    "SOYBEANS_future": 1084.5,
    "WHEAT_future": 533.5,
    "SP500_close": 6840.509765625,
    "NASDAQ_close": 23576.490234375,
    "US_10Y_Treasury_Yield": 4.185999870300293,
    "VIX_close": 16.93000030517578,
    "GOLD_basis_spot_vs_near": -23.10009765625,
    "China_10Y_Treasury_Yield": 1.8425
  }
}