{
  "latest_date": "2025-09-30",
  "latest_values": {
    "Shanghai_Composite_Index": 3882.77734375,
    "CSI_300_Index": 4640.693359375,
    "Shenzhen_Component_Index": 13526.5087890625,
    "ALUMINUM_future": 2625.0,
    "BTC_price": 113256.21875,
    "OIL_price": 62.43000030517578,
    "USD_CNY_exchange_rate": 7.133800029754639,
    "Commodity_Index_ETF": 22.4950008392334,
    "US_Dollar_Index": 97.70999908447266,
    "ETH_price": 4097.2041015625,
    "GOLD_spot_price": 3871.699951171875,
    "LEAN_HOGS_future": 100.0999984741211,
    "COPPER_future": 4.860000133514404,
    "High_Yield_Bond_ETF": 81.12989807128906,
    "LIVE_CATTLE_future": 237.14999389648438,
    "GOLD_near_month_future": 3871.699951171875,
    "NATURAL_GAS_future": 3.322000026702881,
    "PLATINUM_future": 1604.5,
    "SILVER_future": 46.560001373291016,
    "Long_Term_Treasury_ETF": 89.41000366210938,
    "CORN_future": 415.25,
    "SOYBEANS_future": 1001.5,
    "WHEAT_future": 508.0,
    "SP500_close": 6653.41015625,
    "NASDAQ_close": 22534.970703125,
    "US_10Y_Treasury_Yield": 4.138999938964844,
    "VIX_close": 16.350000381469727,
    "GOLD_basis_spot_vs_near": 0.0,
    "China_10Y_Treasury_Yield": 1.8605
  }
}