{
  "latest_date": "2026-03-31",
  "latest_values": {
    "Shanghai_Composite_Index": 3891.860595703125,
    "CSI_300_Index": 4450.04931640625,
    "Shenzhen_Component_Index": 13478.0556640625,
    "ALUMINUM_future": 3431.0,
    "BTC_price": 66727.109375,
    "OIL_price": 104.87999725341797,
    "USD_CNY_exchange_rate": 6.911600112915039,
    "Commodity_Index_ETF": 29.260000228881836,
    "US_Dollar_Index": 100.54399871826172,
    "ETH_price": 2036.04150390625,
    "GOLD_spot_price": 4573.2001953125,
    "LEAN_HOGS_future": 90.4749984741211,
    "COPPER_future": 5.519999980926514,
    "High_Yield_Bond_ETF": 78.80999755859375,
    "LIVE_CATTLE_future": 239.5500030517578,
    "GOLD_near_month_future": 4573.0,
    "NATURAL_GAS_future": 2.8389999866485596,
    "PLATINUM_future": 1925.0,
    "SILVER_future": 72.7699966430664,
    "Long_Term_Treasury_ETF": 86.77999877929688,
    "CORN_future": 455.5,
    "SOYBEANS_future": 1162.25,
    "WHEAT_future": 612.75,
    "SP500_close": 6343.72021484375,
    "NASDAQ_close": 20794.640625,
    "US_10Y_Treasury_Yield": 4.3420000076293945,
    "VIX_close": 28.940000534057617,
    "GOLD_basis_spot_vs_near": 0.2001953125,
    "China_10Y_Treasury_Yield": 1.8171
  }
}