{
  "latest_date": "2026-06-16",
  "latest_values": {
    "Shanghai_Composite_Index": 4091.8916015625,
    "CSI_300_Index": 4884.232421875,
    "Shenzhen_Component_Index": 15675.24609375,
    "ALUMINUM_future": 3381.0,
    "BTC_price": 65977.203125,
    "OIL_price": 76.9000015258789,
    "USD_CNY_exchange_rate": 6.765999794006348,
    "Commodity_Index_ETF": 28.030000686645508,
    "US_Dollar_Index": 99.61000061035156,
    "ETH_price": 1796.77001953125,
    "GOLD_spot_price": 4358.89990234375,
    "LEAN_HOGS_future": 95.875,
    "COPPER_future": 6.520999908447266,
    "High_Yield_Bond_ETF": 80.09500122070312,
    "LIVE_CATTLE_future": 244.5500030517578,
    "GOLD_near_month_future": 4358.7998046875,
    "NATURAL_GAS_future": 3.180999994277954,
    "PLATINUM_future": 1814.0,
    "SILVER_future": 70.55500030517578,
    "Long_Term_Treasury_ETF": 85.9749984741211,
    "CORN_future": 416.75,
    "SOYBEANS_future": 1148.25,
    "WHEAT_future": 605.5,
    "SP500_close": 7560.52978515625,
    "NASDAQ_close": 26765.60546875,
    "US_10Y_Treasury_Yield": 4.453000068664551,
    "VIX_close": 16.0,
    "GOLD_basis_spot_vs_near": 0.10009765625,
    "China_10Y_Treasury_Yield": 1.7324
  }
}