{
  "latest_date": "2026-03-30",
  "latest_values": {
    "Shanghai_Composite_Index": 3913.72412109375,
    "CSI_300_Index": 4502.56982421875,
    "Shenzhen_Component_Index": 13760.3701171875,
    "ALUMINUM_future": 3336.5,
    "BTC_price": 67338.0078125,
    "OIL_price": 101.5999984741211,
    "USD_CNY_exchange_rate": 6.910699844360352,
    "Commodity_Index_ETF": 29.100000381469727,
    "US_Dollar_Index": 100.18900299072266,
    "ETH_price": 2044.0635986328125,
    "GOLD_spot_price": 4554.2998046875,
    "LEAN_HOGS_future": 90.7750015258789,
    "COPPER_future": 5.499000072479248,
    "High_Yield_Bond_ETF": 78.72000122070312,
    "LIVE_CATTLE_future": 238.5,
    "GOLD_near_month_future": 4554.39990234375,
    "NATURAL_GAS_future": 2.924999952316284,
    "PLATINUM_future": 1910.5999755859375,
    "SILVER_future": 70.1449966430664,
    "Long_Term_Treasury_ETF": 85.63999938964844,
    "CORN_future": 462.5,
    "SOYBEANS_future": 1166.25,
    "WHEAT_future": 605.75,
    "SP500_close": 6368.85009765625,
    "NASDAQ_close": 20948.359375,
    "US_10Y_Treasury_Yield": 4.440000057220459,
    "VIX_close": 30.829999923706055,
    "GOLD_basis_spot_vs_near": -0.10009765625,
    "China_10Y_Treasury_Yield": 1.8172
  }
}