{
  "latest_date": "2026-03-26",
  "latest_values": {
    "Shanghai_Composite_Index": 3931.8369140625,
    "CSI_300_Index": 4537.47021484375,
    "Shenzhen_Component_Index": 13801.0,
    "ALUMINUM_future": 3184.75,
    "BTC_price": 69617.9609375,
    "OIL_price": 93.3499984741211,
    "USD_CNY_exchange_rate": 6.905900001525879,
    "Commodity_Index_ETF": 28.170000076293945,
    "US_Dollar_Index": 99.65299987792969,
    "ETH_price": 2079.384033203125,
    "GOLD_spot_price": 4419.2001953125,
    "LEAN_HOGS_future": 90.9000015258789,
    "COPPER_future": 5.515500068664551,
    "High_Yield_Bond_ETF": 79.41999816894531,
    "LIVE_CATTLE_future": 234.4250030517578,
    "GOLD_near_month_future": 4418.7998046875,
    "NATURAL_GAS_future": 2.9040000438690186,
    "PLATINUM_future": 1867.0999755859375,
    "SILVER_future": 68.19999694824219,
    "Long_Term_Treasury_ETF": 86.83999633789062,
    "CORN_future": 467.25,
    "SOYBEANS_future": 1172.5,
    "WHEAT_future": 595.0,
    "SP500_close": 6591.89990234375,
    "NASDAQ_close": 21929.826171875,
    "US_10Y_Treasury_Yield": 4.328000068664551,
    "VIX_close": 27.1299991607666,
    "GOLD_basis_spot_vs_near": 0.400390625,
    "China_10Y_Treasury_Yield": 1.8194
  }
}