{
  "latest_date": "2026-05-27",
  "latest_values": {
    "Shanghai_Composite_Index": 4145.373046875,
    "CSI_300_Index": 4947.85009765625,
    "Shenzhen_Component_Index": 15876.16015625,
    "ALUMINUM_future": 3691.25,
    "BTC_price": 75807.4296875,
    "OIL_price": 92.86000061035156,
    "USD_CNY_exchange_rate": 6.79449987411499,
    "Commodity_Index_ETF": 30.030000686645508,
    "US_Dollar_Index": 99.11299896240234,
    "ETH_price": 2072.1298828125,
    "GOLD_spot_price": 4514.7001953125,
    "LEAN_HOGS_future": 100.0250015258789,
    "COPPER_future": 6.45550012588501,
    "High_Yield_Bond_ETF": 80.18000030517578,
    "LIVE_CATTLE_future": 239.3000030517578,
    "GOLD_near_month_future": 4514.60009765625,
    "NATURAL_GAS_future": 3.00600004196167,
    "PLATINUM_future": 1959.800048828125,
    "SILVER_future": 77.5,
    "Long_Term_Treasury_ETF": 85.0999984741211,
    "CORN_future": 458.25,
    "SOYBEANS_future": 1186.0,
    "WHEAT_future": 635.0,
    "SP500_close": 7519.1201171875,
    "NASDAQ_close": 26656.1796875,
    "US_10Y_Treasury_Yield": 4.493000030517578,
    "VIX_close": 17.010000228881836,
    "GOLD_basis_spot_vs_near": 0.10009765625,
    "China_10Y_Treasury_Yield": 1.7405
  }
}