{
  "latest_date": "2026-04-17",
  "latest_values": {
    "Shanghai_Composite_Index": 4051.42529296875,
    "CSI_300_Index": 4728.67138671875,
    "Shenzhen_Component_Index": 14885.416015625,
    "ALUMINUM_future": 3589.0,
    "BTC_price": 75765.0078125,
    "OIL_price": 87.68000030517578,
    "USD_CNY_exchange_rate": 6.817999839782715,
    "Commodity_Index_ETF": 29.110000610351562,
    "US_Dollar_Index": 98.08699798583984,
    "ETH_price": 2358.610107421875,
    "GOLD_spot_price": 4823.5,
    "LEAN_HOGS_future": 94.05000305175781,
    "COPPER_future": 6.050000190734863,
    "High_Yield_Bond_ETF": 80.3499984741211,
    "LIVE_CATTLE_future": 250.3000030517578,
    "GOLD_near_month_future": 4823.2001953125,
    "NATURAL_GAS_future": 2.700000047683716,
    "PLATINUM_future": 2089.60009765625,
    "SILVER_future": 79.88999938964844,
    "Long_Term_Treasury_ETF": 86.27999877929688,
    "CORN_future": 458.5,
    "SOYBEANS_future": 1159.75,
    "WHEAT_future": 608.0,
    "SP500_close": 7041.27978515625,
    "NASDAQ_close": 24102.69921875,
    "US_10Y_Treasury_Yield": 4.309000015258789,
    "VIX_close": 17.75,
    "GOLD_basis_spot_vs_near": 0.2998046875,
    "China_10Y_Treasury_Yield": 1.7623
  }
}