{
  "latest_date": "2026-06-09",
  "latest_values": {
    "Shanghai_Composite_Index": 3959.337890625,
    "CSI_300_Index": 4713.64013671875,
    "Shenzhen_Component_Index": 14821.1904296875,
    "ALUMINUM_future": 3660.25,
    "BTC_price": 63291.01953125,
    "OIL_price": 89.9800033569336,
    "USD_CNY_exchange_rate": 6.765500068664551,
    "Commodity_Index_ETF": 29.469999313354492,
    "US_Dollar_Index": 99.9219970703125,
    "ETH_price": 1687.739990234375,
    "GOLD_spot_price": 4352.7001953125,
    "LEAN_HOGS_future": 94.0250015258789,
    "COPPER_future": 6.369500160217285,
    "High_Yield_Bond_ETF": 79.54000091552734,
    "LIVE_CATTLE_future": 246.52499389648438,
    "GOLD_near_month_future": 4353.0,
    "NATURAL_GAS_future": 3.1760001182556152,
    "PLATINUM_future": 1758.0999755859375,
    "SILVER_future": 68.41500091552734,
    "Long_Term_Treasury_ETF": 84.62000274658203,
    "CORN_future": 422.0,
    "SOYBEANS_future": 1115.25,
    "WHEAT_future": 588.0,
    "SP500_close": 7405.72998046875,
    "NASDAQ_close": 25929.66015625,
    "US_10Y_Treasury_Yield": 4.552000045776367,
    "VIX_close": 18.920000076293945,
    "GOLD_basis_spot_vs_near": -0.2998046875,
    "China_10Y_Treasury_Yield": 1.7275
  }
}