{
  "latest_date": "2026-02-03",
  "latest_values": {
    "Shanghai_Composite_Index": 4067.73779296875,
    "CSI_300_Index": 4660.107421875,
    "Shenzhen_Component_Index": 13824.349609375,
    "ALUMINUM_future": 3038.75,
    "BTC_price": 77103.2109375,
    "OIL_price": 62.65999984741211,
    "USD_CNY_exchange_rate": 6.93720006942749,
    "Commodity_Index_ETF": 23.990100860595703,
    "US_Dollar_Index": 97.55999755859375,
    "ETH_price": 2256.03515625,
    "GOLD_spot_price": 4943.7998046875,
    "LEAN_HOGS_future": 87.9749984741211,
    "COPPER_future": 6.0395002365112305,
    "High_Yield_Bond_ETF": 80.66999816894531,
    "LIVE_CATTLE_future": 237.4250030517578,
    "GOLD_near_month_future": 4943.7001953125,
    "NATURAL_GAS_future": 3.3369998931884766,
    "PLATINUM_future": 2247.800048828125,
    "SILVER_future": 87.54000091552734,
    "Long_Term_Treasury_ETF": 86.52999877929688,
    "CORN_future": 428.0,
    "SOYBEANS_future": 1068.0,
    "WHEAT_future": 529.75,
    "SP500_close": 6944.22998046875,
    "NASDAQ_close": 23353.765625,
    "US_10Y_Treasury_Yield": 4.2820000648498535,
    "VIX_close": 17.260000228881836,
    "GOLD_basis_spot_vs_near": 0.099609375,
    "China_10Y_Treasury_Yield": 1.8172
  }
}