{
  "latest_date": "2026-04-13",
  "latest_values": {
    "Shanghai_Composite_Index": 3986.22509765625,
    "CSI_300_Index": 4636.56982421875,
    "Shenzhen_Component_Index": 14309.4697265625,
    "ALUMINUM_future": 3450.0,
    "BTC_price": 70916.1796875,
    "OIL_price": 104.68000030517578,
    "USD_CNY_exchange_rate": 6.831399917602539,
    "Commodity_Index_ETF": 28.5,
    "US_Dollar_Index": 99.01300048828125,
    "ETH_price": 2189.234375,
    "GOLD_spot_price": 4743.39990234375,
    "LEAN_HOGS_future": 90.7249984741211,
    "COPPER_future": 5.814499855041504,
    "High_Yield_Bond_ETF": 79.95999908447266,
    "LIVE_CATTLE_future": 251.77499389648438,
    "GOLD_near_month_future": 4744.10009765625,
    "NATURAL_GAS_future": 2.6649999618530273,
    "PLATINUM_future": 2053.10009765625,
    "SILVER_future": 74.55500030517578,
    "Long_Term_Treasury_ETF": 86.48999786376953,
    "CORN_future": 444.25,
    "SOYBEANS_future": 1176.0,
    "WHEAT_future": 578.75,
    "SP500_close": 6816.89013671875,
    "NASDAQ_close": 22902.890625,
    "US_10Y_Treasury_Yield": 4.316999912261963,
    "VIX_close": 19.229999542236328,
    "GOLD_basis_spot_vs_near": -0.7001953125,
    "China_10Y_Treasury_Yield": 1.8128
  }
}