{
  "latest_date": "2026-04-23",
  "latest_values": {
    "Shanghai_Composite_Index": 4093.25,
    "CSI_300_Index": 4786.3271484375,
    "Shenzhen_Component_Index": 15043.44921875,
    "ALUMINUM_future": 3551.75,
    "BTC_price": 77661.5234375,
    "OIL_price": 94.66000366210938,
    "USD_CNY_exchange_rate": 6.820799827575684,
    "Commodity_Index_ETF": 29.510000228881836,
    "US_Dollar_Index": 98.68199920654297,
    "ETH_price": 2322.139892578125,
    "GOLD_spot_price": 4716.7001953125,
    "LEAN_HOGS_future": 95.05000305175781,
    "COPPER_future": 6.0304999351501465,
    "High_Yield_Bond_ETF": 80.5,
    "LIVE_CATTLE_future": 246.85000610351562,
    "GOLD_near_month_future": 4716.7998046875,
    "NATURAL_GAS_future": 2.8510000705718994,
    "PLATINUM_future": 2029.4000244140625,
    "SILVER_future": 75.50499725341797,
    "Long_Term_Treasury_ETF": 86.73999786376953,
    "CORN_future": 464.5,
    "SOYBEANS_future": 1180.75,
    "WHEAT_future": 612.0,
    "SP500_close": 7137.89990234375,
    "NASDAQ_close": 24657.5703125,
    "US_10Y_Treasury_Yield": 4.294000148773193,
    "VIX_close": 19.809999465942383,
    "GOLD_basis_spot_vs_near": -0.099609375,
    "China_10Y_Treasury_Yield": 1.7389
  }
}