{
  "latest_date": "2026-03-05",
  "latest_values": {
    "Shanghai_Composite_Index": 4082.47412109375,
    "CSI_300_Index": 4602.6298828125,
    "Shenzhen_Component_Index": 13917.75,
    "ALUMINUM_future": 3331.5,
    "BTC_price": 72418.2734375,
    "OIL_price": 77.02999877929688,
    "USD_CNY_exchange_rate": 6.88670015335083,
    "Commodity_Index_ETF": 26.139999389648438,
    "US_Dollar_Index": 98.83399963378906,
    "ETH_price": 2118.9736328125,
    "GOLD_spot_price": 5186.2001953125,
    "LEAN_HOGS_future": 97.125,
    "COPPER_future": 5.923999786376953,
    "High_Yield_Bond_ETF": 80.4000015258789,
    "LIVE_CATTLE_future": 238.52499389648438,
    "GOLD_near_month_future": 5185.89990234375,
    "NATURAL_GAS_future": 2.984999895095825,
    "PLATINUM_future": 2183.699951171875,
    "SILVER_future": 84.70500183105469,
    "Long_Term_Treasury_ETF": 89.1500015258789,
    "CORN_future": 444.25,
    "SOYBEANS_future": 1171.75,
    "WHEAT_future": 571.0,
    "SP500_close": 6869.5,
    "NASDAQ_close": 22807.48046875,
    "US_10Y_Treasury_Yield": 4.079999923706055,
    "VIX_close": 21.149999618530273,
    "GOLD_basis_spot_vs_near": 0.30029296875,
    "China_10Y_Treasury_Yield": 1.7768
  }
}