{
  "latest_date": "2026-04-07",
  "latest_values": {
    "Shanghai_Composite_Index": 3880.096923828125,
    "CSI_300_Index": 4440.7900390625,
    "Shenzhen_Component_Index": 13352.900390625,
    "ALUMINUM_future": 3445.0,
    "BTC_price": 68795.8984375,
    "OIL_price": 113.83999633789062,
    "USD_CNY_exchange_rate": 6.882400035858154,
    "Commodity_Index_ETF": 29.479999542236328,
    "US_Dollar_Index": 99.90899658203125,
    "ETH_price": 2109.983154296875,
    "GOLD_spot_price": 4685.2001953125,
    "LEAN_HOGS_future": 90.4749984741211,
    "COPPER_future": 5.614999771118164,
    "High_Yield_Bond_ETF": 79.69999694824219,
    "LIVE_CATTLE_future": 248.02499389648438,
    "GOLD_near_month_future": 4685.60009765625,
    "NATURAL_GAS_future": 2.7909998893737793,
    "PLATINUM_future": 1980.0999755859375,
    "SILVER_future": 72.75499725341797,
    "Long_Term_Treasury_ETF": 86.6500015258789,
    "CORN_future": 451.5,
    "SOYBEANS_future": 1167.25,
    "WHEAT_future": 589.5,
    "SP500_close": 6611.830078125,
    "NASDAQ_close": 21996.33984375,
    "US_10Y_Treasury_Yield": 4.335000038146973,
    "VIX_close": 24.68000030517578,
    "GOLD_basis_spot_vs_near": -0.39990234375,
    "China_10Y_Treasury_Yield": 1.8199
  }
}