{
  "latest_date": "2026-05-12",
  "latest_values": {
    "Shanghai_Composite_Index": 4225.02099609375,
    "CSI_300_Index": 4951.83984375,
    "Shenzhen_Component_Index": 15899.2998046875,
    "ALUMINUM_future": 3545.0,
    "BTC_price": 80748.40625,
    "OIL_price": 102.29000091552734,
    "USD_CNY_exchange_rate": 6.791500091552734,
    "Commodity_Index_ETF": 31.646499633789062,
    "US_Dollar_Index": 98.27400207519531,
    "ETH_price": 2284.469970703125,
    "GOLD_spot_price": 4711.2001953125,
    "LEAN_HOGS_future": 98.44999694824219,
    "COPPER_future": 6.627999782562256,
    "High_Yield_Bond_ETF": 79.87000274658203,
    "LIVE_CATTLE_future": 247.60000610351562,
    "GOLD_near_month_future": 4711.2998046875,
    "NATURAL_GAS_future": 2.8410000801086426,
    "PLATINUM_future": 2142.199951171875,
    "SILVER_future": 86.83000183105469,
    "Long_Term_Treasury_ETF": 84.96900177001953,
    "CORN_future": 478.75,
    "SOYBEANS_future": 1225.25,
    "WHEAT_future": 679.0,
    "SP500_close": 7399.2900390625,
    "NASDAQ_close": 26051.740234375,
    "US_10Y_Treasury_Yield": 4.463000297546387,
    "VIX_close": 18.030000686645508,
    "GOLD_basis_spot_vs_near": -0.099609375,
    "China_10Y_Treasury_Yield": 1.7592
  }
}