{
  "latest_date": "2025-12-18",
  "latest_values": {
    "Shanghai_Composite_Index": 3876.37060546875,
    "CSI_300_Index": 4552.79248046875,
    "Shenzhen_Component_Index": 13053.974609375,
    "ALUMINUM_future": 2918.75,
    "BTC_price": 84986.4375,
    "OIL_price": 55.84000015258789,
    "USD_CNY_exchange_rate": 7.040599822998047,
    "Commodity_Index_ETF": 22.69809913635254,
    "US_Dollar_Index": 98.43599700927734,
    "ETH_price": 2804.68896484375,
    "GOLD_spot_price": 4355.39990234375,
    "LEAN_HOGS_future": 84.07499694824219,
    "COPPER_future": 5.422500133514404,
    "High_Yield_Bond_ETF": 80.75499725341797,
    "LIVE_CATTLE_future": 228.52499389648438,
    "GOLD_near_month_future": 4355.39990234375,
    "NATURAL_GAS_future": 3.890000104904175,
    "PLATINUM_future": 1957.0999755859375,
    "SILVER_future": 64.98999786376953,
    "Long_Term_Treasury_ETF": 88.19989776611328,
    "CORN_future": 444.0,
    "SOYBEANS_future": 1051.5,
    "WHEAT_future": 508.0,
    "SP500_close": 6778.7900390625,
    "NASDAQ_close": 23011.923828125,
    "US_10Y_Treasury_Yield": 4.119999885559082,
    "VIX_close": 16.729999542236328,
    "GOLD_basis_spot_vs_near": 0.0,
    "China_10Y_Treasury_Yield": 1.8356
  }
}