{
  "latest_date": "2026-03-04",
  "latest_values": {
    "Shanghai_Composite_Index": 4122.67578125,
    "CSI_300_Index": 4655.89990234375,
    "Shenzhen_Component_Index": 14022.3896484375,
    "ALUMINUM_future": 3257.75,
    "BTC_price": 71683.015625,
    "OIL_price": 76.6500015258789,
    "USD_CNY_exchange_rate": 6.902500152587891,
    "Commodity_Index_ETF": 25.90999984741211,
    "US_Dollar_Index": 98.9729995727539,
    "ETH_price": 2084.53173828125,
    "GOLD_spot_price": 5195.39990234375,
    "LEAN_HOGS_future": 86.44999694824219,
    "COPPER_future": 5.945000171661377,
    "High_Yield_Bond_ETF": 80.12000274658203,
    "LIVE_CATTLE_future": 228.89999389648438,
    "GOLD_near_month_future": 5195.2001953125,
    "NATURAL_GAS_future": 3.066999912261963,
    "PLATINUM_future": 2180.699951171875,
    "SILVER_future": 86.56999969482422,
    "Long_Term_Treasury_ETF": 89.43000030517578,
    "CORN_future": 446.0,
    "SOYBEANS_future": 1175.5,
    "WHEAT_future": 571.75,
    "SP500_close": 6816.6298828125,
    "NASDAQ_close": 22516.689453125,
    "US_10Y_Treasury_Yield": 4.056000232696533,
    "VIX_close": 23.75,
    "GOLD_basis_spot_vs_near": 0.19970703125,
    "China_10Y_Treasury_Yield": 1.7768
  }
}