{
  "latest_date": "2025-12-04",
  "latest_values": {
    "Shanghai_Composite_Index": 3878.0,
    "CSI_300_Index": 4531.0498046875,
    "Shenzhen_Component_Index": 12955.25,
    "ALUMINUM_future": 2740.5,
    "BTC_price": 93302.2578125,
    "OIL_price": 59.2599983215332,
    "USD_CNY_exchange_rate": 7.06820011138916,
    "Commodity_Index_ETF": 23.1299991607666,
    "US_Dollar_Index": 98.98500061035156,
    "ETH_price": 3191.28564453125,
    "GOLD_spot_price": 4225.0,
    "LEAN_HOGS_future": 80.55000305175781,
    "COPPER_future": 5.309500217437744,
    "High_Yield_Bond_ETF": 80.69000244140625,
    "LIVE_CATTLE_future": 218.9499969482422,
    "GOLD_near_month_future": 4224.7998046875,
    "NATURAL_GAS_future": 5.013000011444092,
    "PLATINUM_future": 1669.0,
    "SILVER_future": 58.73500061035156,
    "Long_Term_Treasury_ETF": 89.05999755859375,
    "CORN_future": 442.5,
    "SOYBEANS_future": 1116.25,
    "WHEAT_future": 537.5,
    "SP500_close": 6849.72021484375,
    "NASDAQ_close": 23454.08984375,
    "US_10Y_Treasury_Yield": 4.057000160217285,
    "VIX_close": 16.079999923706055,
    "GOLD_basis_spot_vs_near": 0.2001953125,
    "China_10Y_Treasury_Yield": 1.8519
  }
}