{
  "latest_date": "2026-02-05",
  "latest_values": {
    "Shanghai_Composite_Index": 4102.2021484375,
    "CSI_300_Index": 4698.68017578125,
    "Shenzhen_Component_Index": 14156.26953125,
    "ALUMINUM_future": 3011.0,
    "BTC_price": 72664.9140625,
    "OIL_price": 64.31999969482422,
    "USD_CNY_exchange_rate": 6.942999839782715,
    "Commodity_Index_ETF": 24.190000534057617,
    "US_Dollar_Index": 97.66200256347656,
    "ETH_price": 2155.9072265625,
    "GOLD_spot_price": 4961.0,
    "LEAN_HOGS_future": 87.9000015258789,
    "COPPER_future": 5.9004998207092285,
    "High_Yield_Bond_ETF": 80.62000274658203,
    "LIVE_CATTLE_future": 240.52499389648438,
    "GOLD_near_month_future": 4961.2001953125,
    "NATURAL_GAS_future": 3.4539999961853027,
    "PLATINUM_future": 2219.89990234375,
    "SILVER_future": 86.70999908447266,
    "Long_Term_Treasury_ETF": 86.54000091552734,
    "CORN_future": 427.75,
    "SOYBEANS_future": 1092.25,
    "WHEAT_future": 524.75,
    "SP500_close": 6882.72021484375,
    "NASDAQ_close": 22904.580078125,
    "US_10Y_Treasury_Yield": 4.275000095367432,
    "VIX_close": 18.639999389648438,
    "GOLD_basis_spot_vs_near": -0.2001953125,
    "China_10Y_Treasury_Yield": 1.8193
  }
}