{
  "latest_date": "2026-07-01",
  "latest_values": {
    "Shanghai_Composite_Index": 4112.4453125,
    "CSI_300_Index": 4958.9775390625,
    "Shenzhen_Component_Index": 16119.16796875,
    "ALUMINUM_future": 3225.0,
    "BTC_price": 59755.69921875,
    "OIL_price": 68.11000061035156,
    "USD_CNY_exchange_rate": 6.793600082397461,
    "Commodity_Index_ETF": 26.54990005493164,
    "US_Dollar_Index": 101.28500366210938,
    "ETH_price": 1608.06005859375,
    "GOLD_spot_price": 4105.7998046875,
    "LEAN_HOGS_future": 98.82499694824219,
    "COPPER_future": 6.186999797821045,
    "High_Yield_Bond_ETF": 79.59500122070312,
    "LIVE_CATTLE_future": 241.9499969482422,
    "GOLD_near_month_future": 4105.89990234375,
    "NATURAL_GAS_future": 3.2060000896453857,
    "PLATINUM_future": 1603.699951171875,
    "SILVER_future": 60.81999969482422,
    "Long_Term_Treasury_ETF": 85.66500091552734,
    "CORN_future": 439.25,
    "SOYBEANS_future": 1147.25,
    "WHEAT_future": 602.75,
    "SP500_close": 7502.2099609375,
    "NASDAQ_close": 26125.396484375,
    "US_10Y_Treasury_Yield": 4.465000152587891,
    "VIX_close": 16.3700008392334,
    "GOLD_basis_spot_vs_near": -0.10009765625,
    "China_10Y_Treasury_Yield": 1.7448
  }
}