{
  "latest_date": "2026-05-14",
  "latest_values": {
    "Shanghai_Composite_Index": 4242.57177734375,
    "CSI_300_Index": 4998.33984375,
    "Shenzhen_Component_Index": 16089.75,
    "ALUMINUM_future": 3613.5,
    "BTC_price": 79432.9765625,
    "OIL_price": 101.66999816894531,
    "USD_CNY_exchange_rate": 6.791999816894531,
    "Commodity_Index_ETF": 31.3700008392334,
    "US_Dollar_Index": 98.49099731445312,
    "ETH_price": 2256.929931640625,
    "GOLD_spot_price": 4707.7998046875,
    "LEAN_HOGS_future": 90.9000015258789,
    "COPPER_future": 6.580999851226807,
    "High_Yield_Bond_ETF": 79.91000366210938,
    "LIVE_CATTLE_future": 252.8000030517578,
    "GOLD_near_month_future": 4708.60009765625,
    "NATURAL_GAS_future": 2.88700008392334,
    "PLATINUM_future": 2158.39990234375,
    "SILVER_future": 87.66500091552734,
    "Long_Term_Treasury_ETF": 84.80000305175781,
    "CORN_future": 482.25,
    "SOYBEANS_future": 1225.0,
    "WHEAT_future": 684.5,
    "SP500_close": 7444.25,
    "NASDAQ_close": 26402.33984375,
    "US_10Y_Treasury_Yield": 4.480999946594238,
    "VIX_close": 17.8700008392334,
    "GOLD_basis_spot_vs_near": -0.80029296875,
    "China_10Y_Treasury_Yield": 1.7514
  }
}