{
  "latest_date": "2025-12-22",
  "latest_values": {
    "Shanghai_Composite_Index": 3890.447998046875,
    "CSI_300_Index": 4568.18017578125,
    "Shenzhen_Component_Index": 13140.2099609375,
    "ALUMINUM_future": 2955.75,
    "BTC_price": 88812.8671875,
    "OIL_price": 57.16999816894531,
    "USD_CNY_exchange_rate": 7.03980016708374,
    "Commodity_Index_ETF": 22.850000381469727,
    "US_Dollar_Index": 98.62100219726562,
    "ETH_price": 3028.201904296875,
    "GOLD_spot_price": 4433.5,
    "LEAN_HOGS_future": 84.5,
    "COPPER_future": 5.491000175476074,
    "High_Yield_Bond_ETF": 80.36000061035156,
    "LIVE_CATTLE_future": 230.8000030517578,
    "GOLD_near_month_future": 4433.5,
    "NATURAL_GAS_future": 4.093999862670898,
    "PLATINUM_future": 2081.89990234375,
    "SILVER_future": 68.63999938964844,
    "Long_Term_Treasury_ETF": 87.55000305175781,
    "CORN_future": 445.5,
    "SOYBEANS_future": 1064.0,
    "WHEAT_future": 512.5,
    "SP500_close": 6834.5,
    "NASDAQ_close": 23307.619140625,
    "US_10Y_Treasury_Yield": 4.151000022888184,
    "VIX_close": 14.90999984741211,
    "GOLD_basis_spot_vs_near": 0.0,
    "China_10Y_Treasury_Yield": 1.8308
  }
}