{
  "latest_date": "2025-12-11",
  "latest_values": {
    "Shanghai_Composite_Index": 3900.49609375,
    "CSI_300_Index": 4591.830078125,
    "Shenzhen_Component_Index": 13316.419921875,
    "ALUMINUM_future": 2882.75,
    "BTC_price": 90071.40625,
    "OIL_price": 58.720001220703125,
    "USD_CNY_exchange_rate": 7.060699939727783,
    "Commodity_Index_ETF": 23.1299991607666,
    "US_Dollar_Index": 98.56800079345703,
    "ETH_price": 3218.687255859375,
    "GOLD_spot_price": 4260.0,
    "LEAN_HOGS_future": 82.375,
    "COPPER_future": 5.421000003814697,
    "High_Yield_Bond_ETF": 80.7300033569336,
    "LIVE_CATTLE_future": 228.52499389648438,
    "GOLD_near_month_future": 4259.89990234375,
    "NATURAL_GAS_future": 4.609000205993652,
    "PLATINUM_future": 1687.0,
    "SILVER_future": 62.900001525878906,
    "Long_Term_Treasury_ETF": 88.30999755859375,
    "CORN_future": 443.75,
    "SOYBEANS_future": 1091.0,
    "WHEAT_future": 530.25,
    "SP500_close": 6886.68017578125,
    "NASDAQ_close": 23654.150390625,
    "US_10Y_Treasury_Yield": 4.164000034332275,
    "VIX_close": 15.770000457763672,
    "GOLD_basis_spot_vs_near": 0.10009765625,
    "China_10Y_Treasury_Yield": 1.8447
  }
}