{
  "latest_date": "2025-10-23",
  "latest_values": {
    "Shanghai_Composite_Index": 3913.758056640625,
    "CSI_300_Index": 4592.56982421875,
    "Shenzhen_Component_Index": 12996.6103515625,
    "ALUMINUM_future": 2770.0,
    "BTC_price": 109553.0234375,
    "OIL_price": 61.79999923706055,
    "USD_CNY_exchange_rate": 7.121799945831299,
    "Commodity_Index_ETF": 22.459999084472656,
    "US_Dollar_Index": 99.06300354003906,
    "ETH_price": 3895.610595703125,
    "GOLD_spot_price": 4138.7001953125,
    "LEAN_HOGS_future": 82.375,
    "COPPER_future": 5.079999923706055,
    "High_Yield_Bond_ETF": 80.68000030517578,
    "LIVE_CATTLE_future": 239.97500610351562,
    "GOLD_near_month_future": 4138.39990234375,
    "NATURAL_GAS_future": 3.486999988555908,
    "PLATINUM_future": 1620.5999755859375,
    "SILVER_future": 48.779998779296875,
    "Long_Term_Treasury_ETF": 92.05999755859375,
    "CORN_future": 424.5,
    "SOYBEANS_future": 1055.75,
    "WHEAT_future": 503.75,
    "SP500_close": 6699.39990234375,
    "NASDAQ_close": 22740.400390625,
    "US_10Y_Treasury_Yield": 3.953000068664551,
    "VIX_close": 18.829999923706055,
    "GOLD_basis_spot_vs_near": 0.30029296875,
    "China_10Y_Treasury_Yield": 1.8391
  }
}