{
  "latest_date": "2026-04-06",
  "latest_values": {
    "Shanghai_Composite_Index": 3880.096923828125,
    "CSI_300_Index": 4440.7900390625,
    "Shenzhen_Component_Index": 13352.900390625,
    "ALUMINUM_future": 3411.0,
    "BTC_price": 69041.5625,
    "OIL_price": 111.0999984741211,
    "USD_CNY_exchange_rate": 6.8850998878479,
    "Commodity_Index_ETF": 29.329999923706055,
    "US_Dollar_Index": 100.08399963378906,
    "ETH_price": 2133.70458984375,
    "GOLD_spot_price": 4670.7001953125,
    "LEAN_HOGS_future": 90.3499984741211,
    "COPPER_future": 5.5945000648498535,
    "High_Yield_Bond_ETF": 79.55999755859375,
    "LIVE_CATTLE_future": 246.1999969482422,
    "GOLD_near_month_future": 4670.7998046875,
    "NATURAL_GAS_future": 2.7909998893737793,
    "PLATINUM_future": 1972.5,
    "SILVER_future": 71.9000015258789,
    "Long_Term_Treasury_ETF": 86.79000091552734,
    "CORN_future": 450.0,
    "SOYBEANS_future": 1164.0,
    "WHEAT_future": 591.0,
    "SP500_close": 6582.68994140625,
    "NASDAQ_close": 21879.1796875,
    "US_10Y_Treasury_Yield": 4.313000202178955,
    "VIX_close": 24.850000381469727,
    "GOLD_basis_spot_vs_near": -0.099609375,
    "China_10Y_Treasury_Yield": 1.8199
  }
}