{
  "latest_date": "2026-04-26",
  "latest_values": {
    "Shanghai_Composite_Index": 4079.89990234375,
    "CSI_300_Index": 4769.3701171875,
    "Shenzhen_Component_Index": 14940.2998046875,
    "ALUMINUM_future": 3555.75,
    "BTC_price": 78570.1875,
    "OIL_price": 94.4000015258789,
    "USD_CNY_exchange_rate": 6.835400104522705,
    "Commodity_Index_ETF": 29.860000610351562,
    "US_Dollar_Index": 98.60700225830078,
    "ETH_price": 2369.5400390625,
    "GOLD_spot_price": 4740.89990234375,
    "LEAN_HOGS_future": 101.9000015258789,
    "COPPER_future": 6.0269999504089355,
    "High_Yield_Bond_ETF": 80.4800033569336,
    "LIVE_CATTLE_future": 245.22500610351562,
    "GOLD_near_month_future": 4740.89990234375,
    "NATURAL_GAS_future": 2.683000087738037,
    "PLATINUM_future": 2030.4000244140625,
    "SILVER_future": 76.41400146484375,
    "Long_Term_Treasury_ETF": 86.70999908447266,
    "CORN_future": 463.5,
    "SOYBEANS_future": 1178.5,
    "WHEAT_future": 616.75,
    "SP500_close": 7165.080078125,
    "NASDAQ_close": 24836.599609375,
    "US_10Y_Treasury_Yield": 4.309999942779541,
    "VIX_close": 18.709999084472656,
    "GOLD_basis_spot_vs_near": 0.0,
    "China_10Y_Treasury_Yield": 1.7601
  }
}