{
  "latest_date": "2025-12-18",
  "latest_values": {
    "Shanghai_Composite_Index": 3876.37060546875,
    "CSI_300_Index": 4552.79248046875,
    "Shenzhen_Component_Index": 13053.974609375,
    "ALUMINUM_future": 2918.75,
    "BTC_price": 85185.171875,
    "OIL_price": 55.880001068115234,
    "USD_CNY_exchange_rate": 7.040599822998047,
    "Commodity_Index_ETF": 22.69499969482422,
    "US_Dollar_Index": 98.46499633789062,
    "ETH_price": 2806.851806640625,
    "GOLD_spot_price": 4365.0,
    "LEAN_HOGS_future": 84.07499694824219,
    "COPPER_future": 5.427999973297119,
    "High_Yield_Bond_ETF": 80.76499938964844,
    "LIVE_CATTLE_future": 228.52499389648438,
    "GOLD_near_month_future": 4364.89990234375,
    "NATURAL_GAS_future": 3.890000104904175,
    "PLATINUM_future": 1960.5999755859375,
    "SILVER_future": 65.42500305175781,
    "Long_Term_Treasury_ETF": 88.22000122070312,
    "CORN_future": 444.0,
    "SOYBEANS_future": 1051.5,
    "WHEAT_future": 508.0,
    "SP500_close": 6774.759765625,
    "NASDAQ_close": 23006.361328125,
    "US_10Y_Treasury_Yield": 4.116000175476074,
    "VIX_close": 16.469999313354492,
    "GOLD_basis_spot_vs_near": 0.10009765625,
    "China_10Y_Treasury_Yield": 1.8356
  }
}