{
  "latest_date": "2026-03-12",
  "latest_values": {
    "Shanghai_Composite_Index": 4133.43310546875,
    "CSI_300_Index": 4704.5,
    "Shenzhen_Component_Index": 14465.41015625,
    "ALUMINUM_future": 3425.75,
    "BTC_price": 69429.7890625,
    "OIL_price": 94.44999694824219,
    "USD_CNY_exchange_rate": 6.879300117492676,
    "Commodity_Index_ETF": 28.1299991607666,
    "US_Dollar_Index": 99.47000122070312,
    "ETH_price": 2024.9700927734375,
    "GOLD_spot_price": 5156.7001953125,
    "LEAN_HOGS_future": 95.19999694824219,
    "COPPER_future": 5.8404998779296875,
    "High_Yield_Bond_ETF": 79.86000061035156,
    "LIVE_CATTLE_future": 230.14999389648438,
    "GOLD_near_month_future": 5156.39990234375,
    "NATURAL_GAS_future": 3.2790000438690186,
    "PLATINUM_future": 2160.5,
    "SILVER_future": 84.9000015258789,
    "Long_Term_Treasury_ETF": 87.13999938964844,
    "CORN_future": 463.5,
    "SOYBEANS_future": 1223.5,
    "WHEAT_future": 600.25,
    "SP500_close": 6775.7998046875,
    "NASDAQ_close": 22716.130859375,
    "US_10Y_Treasury_Yield": 4.208000183105469,
    "VIX_close": 24.229999542236328,
    "GOLD_basis_spot_vs_near": 0.30029296875,
    "China_10Y_Treasury_Yield": 1.8075
  }
}