{
  "latest_date": "2025-10-23",
  "latest_values": {
    "Shanghai_Composite_Index": 3913.758056640625,
    "CSI_300_Index": 4592.56982421875,
    "Shenzhen_Component_Index": 12996.6103515625,
    "ALUMINUM_future": 2790.25,
    "BTC_price": 109006.6015625,
    "OIL_price": 61.9900016784668,
    "USD_CNY_exchange_rate": 7.121799945831299,
    "Commodity_Index_ETF": 22.459999084472656,
    "US_Dollar_Index": 99.00399780273438,
    "ETH_price": 3842.400146484375,
    "GOLD_spot_price": 4149.5,
    "LEAN_HOGS_future": 82.375,
    "COPPER_future": 5.084000110626221,
    "High_Yield_Bond_ETF": 80.68000030517578,
    "LIVE_CATTLE_future": 239.97500610351562,
    "GOLD_near_month_future": 4149.39990234375,
    "NATURAL_GAS_future": 3.385999917984009,
    "PLATINUM_future": 1616.0999755859375,
    "SILVER_future": 48.935001373291016,
    "Long_Term_Treasury_ETF": 92.05999755859375,
    "CORN_future": 423.0,
    "SOYBEANS_future": 1054.0,
    "WHEAT_future": 503.75,
    "SP500_close": 6699.39990234375,
    "NASDAQ_close": 22740.400390625,
    "US_10Y_Treasury_Yield": 3.9800000190734863,
    "VIX_close": 18.93000030517578,
    "GOLD_basis_spot_vs_near": 0.10009765625,
    "China_10Y_Treasury_Yield": 1.8391
  }
}