{
  "latest_date": "2026-03-20",
  "latest_values": {
    "Shanghai_Composite_Index": 4062.98388671875,
    "CSI_300_Index": 4658.330078125,
    "Shenzhen_Component_Index": 14187.7998046875,
    "ALUMINUM_future": 3208.5,
    "BTC_price": 70649.8515625,
    "OIL_price": 93.68000030517578,
    "USD_CNY_exchange_rate": 6.893400192260742,
    "Commodity_Index_ETF": 28.84000015258789,
    "US_Dollar_Index": 99.43000030517578,
    "ETH_price": 2150.97314453125,
    "GOLD_spot_price": 4733.7998046875,
    "LEAN_HOGS_future": 104.7249984741211,
    "COPPER_future": 5.546999931335449,
    "High_Yield_Bond_ETF": 79.66000366210938,
    "LIVE_CATTLE_future": 231.75,
    "GOLD_near_month_future": 4733.2001953125,
    "NATURAL_GAS_future": 3.13100004196167,
    "PLATINUM_future": 2010.4000244140625,
    "SILVER_future": 74.19499969482422,
    "Long_Term_Treasury_ETF": 87.48999786376953,
    "CORN_future": 468.0,
    "SOYBEANS_future": 1172.0,
    "WHEAT_future": 607.0,
    "SP500_close": 6606.490234375,
    "NASDAQ_close": 22090.69140625,
    "US_10Y_Treasury_Yield": 4.281000137329102,
    "VIX_close": 24.059999465942383,
    "GOLD_basis_spot_vs_near": 0.599609375,
    "China_10Y_Treasury_Yield": 1.8252
  }
}