{
  "latest_date": "2025-10-31",
  "latest_values": {
    "Shanghai_Composite_Index": 3954.7900390625,
    "CSI_300_Index": 4640.66748046875,
    "Shenzhen_Component_Index": 13378.2119140625,
    "ALUMINUM_future": 2867.0,
    "BTC_price": 109217.59375,
    "OIL_price": 60.880001068115234,
    "USD_CNY_exchange_rate": 7.1168999671936035,
    "Commodity_Index_ETF": 22.864999771118164,
    "US_Dollar_Index": 99.78700256347656,
    "ETH_price": 3844.244140625,
    "GOLD_spot_price": 4011.10009765625,
    "LEAN_HOGS_future": 81.3499984741211,
    "COPPER_future": 5.096499919891357,
    "High_Yield_Bond_ETF": 80.81999969482422,
    "LIVE_CATTLE_future": 229.6999969482422,
    "GOLD_near_month_future": 4011.10009765625,
    "NATURAL_GAS_future": 3.9560000896453857,
    "PLATINUM_future": 1580.5,
    "SILVER_future": 48.2599983215332,
    "Long_Term_Treasury_ETF": 90.25499725341797,
    "CORN_future": 431.0,
    "SOYBEANS_future": 1100.0,
    "WHEAT_future": 533.75,
    "SP500_close": 6846.919921875,
    "NASDAQ_close": 23745.248046875,
    "US_10Y_Treasury_Yield": 4.095000267028809,
    "VIX_close": 17.610000610351562,
    "GOLD_basis_spot_vs_near": 0.0,
    "China_10Y_Treasury_Yield": 1.7954
  }
}