{
  "latest_date": "2025-12-02",
  "latest_values": {
    "Shanghai_Composite_Index": 3897.711669921875,
    "CSI_300_Index": 4554.33447265625,
    "Shenzhen_Component_Index": 13056.701171875,
    "ALUMINUM_future": 2874.5,
    "BTC_price": 91695.734375,
    "OIL_price": 58.93000030517578,
    "USD_CNY_exchange_rate": 7.069499969482422,
    "Commodity_Index_ETF": 23.024999618530273,
    "US_Dollar_Index": 99.46199798583984,
    "ETH_price": 3022.787841796875,
    "GOLD_spot_price": 4225.60009765625,
    "LEAN_HOGS_future": 80.3499984741211,
    "COPPER_future": 5.168000221252441,
    "High_Yield_Bond_ETF": 80.58000183105469,
    "LIVE_CATTLE_future": 217.9250030517578,
    "GOLD_near_month_future": 4225.5,
    "NATURAL_GAS_future": 4.886000156402588,
    "PLATINUM_future": 1651.699951171875,
    "SILVER_future": 58.665000915527344,
    "Long_Term_Treasury_ETF": 88.80500030517578,
    "CORN_future": 449.5,
    "SOYBEANS_future": 1127.0,
    "WHEAT_future": 542.25,
    "SP500_close": 6826.93017578125,
    "NASDAQ_close": 23415.015625,
    "US_10Y_Treasury_Yield": 4.0920000076293945,
    "VIX_close": 16.809999465942383,
    "GOLD_basis_spot_vs_near": 0.10009765625,
    "China_10Y_Treasury_Yield": 1.8442
  }
}