{
  "latest_date": "2025-10-31",
  "latest_values": {
    "Shanghai_Composite_Index": 3986.90087890625,
    "CSI_300_Index": 4709.91015625,
    "Shenzhen_Component_Index": 13532.1298828125,
    "ALUMINUM_future": 2844.25,
    "BTC_price": 109620.953125,
    "OIL_price": 60.209999084472656,
    "USD_CNY_exchange_rate": 7.11269998550415,
    "Commodity_Index_ETF": 22.719999313354492,
    "US_Dollar_Index": 99.59400177001953,
    "ETH_price": 3829.113037109375,
    "GOLD_spot_price": 4021.199951171875,
    "LEAN_HOGS_future": 80.875,
    "COPPER_future": 5.081500053405762,
    "High_Yield_Bond_ETF": 80.80000305175781,
    "LIVE_CATTLE_future": 231.1750030517578,
    "GOLD_near_month_future": 4021.300048828125,
    "NATURAL_GAS_future": 4.076000213623047,
    "PLATINUM_future": 1617.5,
    "SILVER_future": 48.654998779296875,
    "Long_Term_Treasury_ETF": 90.55999755859375,
    "CORN_future": 431.0,
    "SOYBEANS_future": 1110.0,
    "WHEAT_future": 524.25,
    "SP500_close": 6822.33984375,
    "NASDAQ_close": 23581.140625,
    "US_10Y_Treasury_Yield": 4.0929999351501465,
    "VIX_close": 16.90999984741211,
    "GOLD_basis_spot_vs_near": -0.10009765625,
    "China_10Y_Treasury_Yield": 1.8098
  }
}