{
  "latest_date": "2026-05-22",
  "latest_values": {
    "Shanghai_Composite_Index": 4077.277099609375,
    "CSI_300_Index": 4783.10009765625,
    "Shenzhen_Component_Index": 15247.26953125,
    "ALUMINUM_future": 3622.25,
    "BTC_price": 77304.953125,
    "OIL_price": 98.12000274658203,
    "USD_CNY_exchange_rate": 6.80049991607666,
    "Commodity_Index_ETF": 30.700000762939453,
    "US_Dollar_Index": 99.30400085449219,
    "ETH_price": 2125.77001953125,
    "GOLD_spot_price": 4525.89990234375,
    "LEAN_HOGS_future": 95.125,
    "COPPER_future": 6.352499961853027,
    "High_Yield_Bond_ETF": 79.9000015258789,
    "LIVE_CATTLE_future": 249.14999389648438,
    "GOLD_near_month_future": 4525.7001953125,
    "NATURAL_GAS_future": 3.13700008392334,
    "PLATINUM_future": 1957.199951171875,
    "SILVER_future": 76.44499969482422,
    "Long_Term_Treasury_ETF": 84.22000122070312,
    "CORN_future": 462.75,
    "SOYBEANS_future": 1196.25,
    "WHEAT_future": 648.25,
    "SP500_close": 7445.72021484375,
    "NASDAQ_close": 26293.099609375,
    "US_10Y_Treasury_Yield": 4.585999965667725,
    "VIX_close": 16.760000228881836,
    "GOLD_basis_spot_vs_near": 0.19970703125,
    "China_10Y_Treasury_Yield": 1.7448
  }
}