{
  "latest_date": "2025-11-17",
  "latest_values": {
    "Shanghai_Composite_Index": 3972.034912109375,
    "CSI_300_Index": 4598.052734375,
    "Shenzhen_Component_Index": 13216.0302734375,
    "ALUMINUM_future": 2750.0,
    "BTC_price": 94676.171875,
    "OIL_price": 59.970001220703125,
    "USD_CNY_exchange_rate": 7.107500076293945,
    "Commodity_Index_ETF": 22.979299545288086,
    "US_Dollar_Index": 99.48600006103516,
    "ETH_price": 3149.537353515625,
    "GOLD_spot_price": 4075.60009765625,
    "LEAN_HOGS_future": 78.55000305175781,
    "COPPER_future": 5.021500110626221,
    "High_Yield_Bond_ETF": 80.23500061035156,
    "LIVE_CATTLE_future": 220.10000610351562,
    "GOLD_near_month_future": 4075.199951171875,
    "NATURAL_GAS_future": 4.508999824523926,
    "PLATINUM_future": 1552.5,
    "SILVER_future": 50.61000061035156,
    "Long_Term_Treasury_ETF": 89.0604019165039,
    "CORN_future": 434.0,
    "SOYBEANS_future": 1143.75,
    "WHEAT_future": 554.25,
    "SP500_close": 6734.0,
    "NASDAQ_close": 22925.31640625,
    "US_10Y_Treasury_Yield": 4.138999938964844,
    "VIX_close": 20.100000381469727,
    "GOLD_basis_spot_vs_near": 0.400146484375,
    "China_10Y_Treasury_Yield": 1.8109
  }
}