{
  "latest_date": "2026-04-27",
  "latest_values": {
    "Shanghai_Composite_Index": 4079.89990234375,
    "CSI_300_Index": 4769.3701171875,
    "Shenzhen_Component_Index": 14940.2998046875,
    "ALUMINUM_future": 3518.25,
    "BTC_price": 76667.1875,
    "OIL_price": 96.69999694824219,
    "USD_CNY_exchange_rate": 6.822800159454346,
    "Commodity_Index_ETF": 30.110000610351562,
    "US_Dollar_Index": 98.45700073242188,
    "ETH_price": 2285.1298828125,
    "GOLD_spot_price": 4695.89990234375,
    "LEAN_HOGS_future": 102.17500305175781,
    "COPPER_future": 6.090000152587891,
    "High_Yield_Bond_ETF": 80.4749984741211,
    "LIVE_CATTLE_future": 248.97500610351562,
    "GOLD_near_month_future": 4696.0,
    "NATURAL_GAS_future": 2.757999897003174,
    "PLATINUM_future": 1999.5,
    "SILVER_future": 75.47000122070312,
    "Long_Term_Treasury_ETF": 86.32499694824219,
    "CORN_future": 469.5,
    "SOYBEANS_future": 1191.75,
    "WHEAT_future": 630.25,
    "SP500_close": 7174.33984375,
    "NASDAQ_close": 24876.720703125,
    "US_10Y_Treasury_Yield": 4.338000297546387,
    "VIX_close": 18.530000686645508,
    "GOLD_basis_spot_vs_near": -0.10009765625,
    "China_10Y_Treasury_Yield": 1.7697
  }
}