{
  "latest_date": "2026-07-09",
  "latest_values": {
    "Shanghai_Composite_Index": 4036.587890625,
    "CSI_300_Index": 4876.3125,
    "Shenzhen_Component_Index": 15398.728515625,
    "ALUMINUM_future": 3336.0,
    "BTC_price": 62789.4609375,
    "OIL_price": 74.0199966430664,
    "USD_CNY_exchange_rate": 6.793399810791016,
    "Commodity_Index_ETF": 27.799999237060547,
    "US_Dollar_Index": 100.98100280761719,
    "ETH_price": 1743.2900390625,
    "GOLD_spot_price": 4117.60009765625,
    "LEAN_HOGS_future": 94.5,
    "COPPER_future": 6.241499900817871,
    "High_Yield_Bond_ETF": 79.66000366210938,
    "LIVE_CATTLE_future": 237.625,
    "GOLD_near_month_future": 4117.7001953125,
    "NATURAL_GAS_future": 3.2139999866485596,
    "PLATINUM_future": 1624.5,
    "SILVER_future": 59.40999984741211,
    "Long_Term_Treasury_ETF": 84.36000061035156,
    "CORN_future": 451.5,
    "SOYBEANS_future": 1188.25,
    "WHEAT_future": 606.75,
    "SP500_close": 7482.7099609375,
    "NASDAQ_close": 25870.650390625,
    "US_10Y_Treasury_Yield": 4.568999767303467,
    "VIX_close": 16.8799991607666,
    "GOLD_basis_spot_vs_near": -0.10009765625,
    "China_10Y_Treasury_Yield": 1.7376
  }
}