{
  "latest_date": "2026-01-26",
  "latest_values": {
    "Shanghai_Composite_Index": 4132.60498046875,
    "CSI_300_Index": 4706.9638671875,
    "Shenzhen_Component_Index": 14316.63671875,
    "ALUMINUM_future": 3187.75,
    "BTC_price": 88293.5,
    "OIL_price": 60.61000061035156,
    "USD_CNY_exchange_rate": 6.953700065612793,
    "Commodity_Index_ETF": 24.325000762939453,
    "US_Dollar_Index": 97.03299713134766,
    "ETH_price": 2926.358154296875,
    "GOLD_spot_price": 5063.0,
    "LEAN_HOGS_future": 88.30000305175781,
    "COPPER_future": 5.973999977111816,
    "High_Yield_Bond_ETF": 81.17500305175781,
    "LIVE_CATTLE_future": 236.0749969482422,
    "GOLD_near_month_future": 5063.2001953125,
    "NATURAL_GAS_future": 3.8540000915527344,
    "PLATINUM_future": 2769.800048828125,
    "SILVER_future": 111.22000122070312,
    "Long_Term_Treasury_ETF": 88.26249694824219,
    "CORN_future": 428.25,
    "SOYBEANS_future": 1061.5,
    "WHEAT_future": 522.25,
    "SP500_close": 6961.27978515625,
    "NASDAQ_close": 23667.509765625,
    "US_10Y_Treasury_Yield": 4.210999965667725,
    "VIX_close": 15.9399995803833,
    "GOLD_basis_spot_vs_near": -0.2001953125,
    "China_10Y_Treasury_Yield": 1.8242
  }
}