{
  "latest_date": "2026-03-31",
  "latest_values": {
    "Shanghai_Composite_Index": 3891.860595703125,
    "CSI_300_Index": 4450.04931640625,
    "Shenzhen_Component_Index": 13478.0556640625,
    "ALUMINUM_future": 3452.75,
    "BTC_price": 66527.578125,
    "OIL_price": 102.83999633789062,
    "USD_CNY_exchange_rate": 6.911600112915039,
    "Commodity_Index_ETF": 29.260000228881836,
    "US_Dollar_Index": 100.22799682617188,
    "ETH_price": 2035.9317626953125,
    "GOLD_spot_price": 4626.39990234375,
    "LEAN_HOGS_future": 90.4749984741211,
    "COPPER_future": 5.552000045776367,
    "High_Yield_Bond_ETF": 78.80999755859375,
    "LIVE_CATTLE_future": 239.5500030517578,
    "GOLD_near_month_future": 4626.60009765625,
    "NATURAL_GAS_future": 2.8440001010894775,
    "PLATINUM_future": 1933.4000244140625,
    "SILVER_future": 73.68000030517578,
    "Long_Term_Treasury_ETF": 86.77999877929688,
    "CORN_future": 454.0,
    "SOYBEANS_future": 1162.0,
    "WHEAT_future": 609.0,
    "SP500_close": 6343.72021484375,
    "NASDAQ_close": 20794.640625,
    "US_10Y_Treasury_Yield": 4.3420000076293945,
    "VIX_close": 28.540000915527344,
    "GOLD_basis_spot_vs_near": -0.2001953125,
    "China_10Y_Treasury_Yield": 1.8171
  }
}