{
  "latest_date": "2026-01-28",
  "latest_values": {
    "Shanghai_Composite_Index": 4139.90380859375,
    "CSI_300_Index": 4705.68994140625,
    "Shenzhen_Component_Index": 14329.91015625,
    "ALUMINUM_future": 3230.75,
    "BTC_price": 90081.4609375,
    "OIL_price": 63.349998474121094,
    "USD_CNY_exchange_rate": 6.945700168609619,
    "Commodity_Index_ETF": 24.6200008392334,
    "US_Dollar_Index": 96.31400299072266,
    "ETH_price": 3027.12158203125,
    "GOLD_spot_price": 5295.7001953125,
    "LEAN_HOGS_future": 89.125,
    "COPPER_future": 5.925000190734863,
    "High_Yield_Bond_ETF": 81.16999816894531,
    "LIVE_CATTLE_future": 235.6999969482422,
    "GOLD_near_month_future": 5295.89990234375,
    "NATURAL_GAS_future": 3.6710000038146973,
    "PLATINUM_future": 2668.0,
    "SILVER_future": 114.20999908447266,
    "Long_Term_Treasury_ETF": 87.80000305175781,
    "CORN_future": 430.0,
    "SOYBEANS_future": 1078.5,
    "WHEAT_future": 532.75,
    "SP500_close": 6978.60009765625,
    "NASDAQ_close": 23817.099609375,
    "US_10Y_Treasury_Yield": 4.243000030517578,
    "VIX_close": 16.450000762939453,
    "GOLD_basis_spot_vs_near": -0.19970703125,
    "China_10Y_Treasury_Yield": 1.8164
  }
}