{
  "latest_date": "2026-02-06",
  "latest_values": {
    "Shanghai_Composite_Index": 4075.9169921875,
    "CSI_300_Index": 4670.419921875,
    "Shenzhen_Component_Index": 13952.7099609375,
    "ALUMINUM_future": 2975.75,
    "BTC_price": 65519.984375,
    "OIL_price": 63.88999938964844,
    "USD_CNY_exchange_rate": 6.938700199127197,
    "Commodity_Index_ETF": 23.760000228881836,
    "US_Dollar_Index": 97.80000305175781,
    "ETH_price": 1909.946533203125,
    "GOLD_spot_price": 4894.2001953125,
    "LEAN_HOGS_future": 87.4000015258789,
    "COPPER_future": 5.795499801635742,
    "High_Yield_Bond_ETF": 80.52999877929688,
    "LIVE_CATTLE_future": 235.22500610351562,
    "GOLD_near_month_future": 4893.7001953125,
    "NATURAL_GAS_future": 3.489000082015991,
    "PLATINUM_future": 1982.9000244140625,
    "SILVER_future": 73.74500274658203,
    "Long_Term_Treasury_ETF": 87.4800033569336,
    "CORN_future": 432.5,
    "SOYBEANS_future": 1109.75,
    "WHEAT_future": 533.5,
    "SP500_close": 6798.39990234375,
    "NASDAQ_close": 22540.58984375,
    "US_10Y_Treasury_Yield": 4.210000038146973,
    "VIX_close": 20.399999618530273,
    "GOLD_basis_spot_vs_near": 0.5,
    "China_10Y_Treasury_Yield": 1.8102
  }
}