{
  "latest_date": "2026-03-31",
  "latest_values": {
    "Shanghai_Composite_Index": 3891.860595703125,
    "CSI_300_Index": 4450.04931640625,
    "Shenzhen_Component_Index": 13478.0556640625,
    "ALUMINUM_future": 3382.25,
    "BTC_price": 66327.1953125,
    "OIL_price": 103.79000091552734,
    "USD_CNY_exchange_rate": 6.911600112915039,
    "Commodity_Index_ETF": 29.260000228881836,
    "US_Dollar_Index": 100.47100067138672,
    "ETH_price": 2024.13134765625,
    "GOLD_spot_price": 4589.2998046875,
    "LEAN_HOGS_future": 90.4749984741211,
    "COPPER_future": 5.514999866485596,
    "High_Yield_Bond_ETF": 78.80999755859375,
    "LIVE_CATTLE_future": 239.5500030517578,
    "GOLD_near_month_future": 4589.2001953125,
    "NATURAL_GAS_future": 2.8359999656677246,
    "PLATINUM_future": 1928.9000244140625,
    "SILVER_future": 73.30000305175781,
    "Long_Term_Treasury_ETF": 86.77999877929688,
    "CORN_future": 455.25,
    "SOYBEANS_future": 1163.25,
    "WHEAT_future": 610.5,
    "SP500_close": 6343.72021484375,
    "NASDAQ_close": 20794.640625,
    "US_10Y_Treasury_Yield": 4.3420000076293945,
    "VIX_close": 28.850000381469727,
    "GOLD_basis_spot_vs_near": 0.099609375,
    "China_10Y_Treasury_Yield": 1.8171
  }
}