{
  "latest_date": "2025-12-01",
  "latest_values": {
    "Shanghai_Composite_Index": 3914.006103515625,
    "CSI_300_Index": 4576.48583984375,
    "Shenzhen_Component_Index": 13146.7158203125,
    "ALUMINUM_future": 2890.25,
    "BTC_price": 86736.28125,
    "OIL_price": 59.5099983215332,
    "USD_CNY_exchange_rate": 7.071199893951416,
    "Commodity_Index_ETF": 23.1200008392334,
    "US_Dollar_Index": 99.40599822998047,
    "ETH_price": 2806.947021484375,
    "GOLD_spot_price": 4236.89990234375,
    "LEAN_HOGS_future": 80.19999694824219,
    "COPPER_future": 5.188499927520752,
    "High_Yield_Bond_ETF": 80.47000122070312,
    "LIVE_CATTLE_future": 214.3249969482422,
    "GOLD_near_month_future": 4237.0,
    "NATURAL_GAS_future": 4.89300012588501,
    "PLATINUM_future": 1671.199951171875,
    "SILVER_future": 57.6349983215332,
    "Long_Term_Treasury_ETF": 88.7699966430664,
    "CORN_future": 432.75,
    "SOYBEANS_future": 1127.25,
    "WHEAT_future": 535.25,
    "SP500_close": 6812.6298828125,
    "NASDAQ_close": 23275.921875,
    "US_10Y_Treasury_Yield": 4.095999717712402,
    "VIX_close": 17.239999771118164,
    "GOLD_basis_spot_vs_near": -0.10009765625,
    "China_10Y_Treasury_Yield": 1.8366
  }
}