{
  "latest_date": "2025-09-25",
  "latest_values": {
    "Shanghai_Composite_Index": 3853.302001953125,
    "CSI_300_Index": 4593.4873046875,
    "Shenzhen_Component_Index": 13445.8955078125,
    "ALUMINUM_future": 2587.0,
    "BTC_price": 109856.96875,
    "OIL_price": 65.2300033569336,
    "USD_CNY_exchange_rate": 7.111599922180176,
    "Commodity_Index_ETF": 22.78499984741211,
    "US_Dollar_Index": 98.56199645996094,
    "ETH_price": 3931.831298828125,
    "GOLD_spot_price": 3787.0,
    "LEAN_HOGS_future": 100.125,
    "COPPER_future": 4.778500080108643,
    "High_Yield_Bond_ETF": 80.94999694824219,
    "LIVE_CATTLE_future": 236.0500030517578,
    "GOLD_near_month_future": 3787.0,
    "NATURAL_GAS_future": 2.9070000648498535,
    "PLATINUM_future": 1541.800048828125,
    "SILVER_future": 45.380001068115234,
    "Long_Term_Treasury_ETF": 88.94499969482422,
    "CORN_future": 424.75,
    "SOYBEANS_future": 1012.0,
    "WHEAT_future": 526.25,
    "SP500_close": 6605.1298828125,
    "NASDAQ_close": 22385.359375,
    "US_10Y_Treasury_Yield": 4.171999931335449,
    "VIX_close": 16.920000076293945,
    "GOLD_basis_spot_vs_near": 0.0,
    "China_10Y_Treasury_Yield": 1.884
  }
}