{
  "latest_date": "2026-07-07",
  "latest_values": {
    "Shanghai_Composite_Index": 4041.238037109375,
    "CSI_300_Index": 4842.169921875,
    "Shenzhen_Component_Index": 15416.7998046875,
    "ALUMINUM_future": 3364.0,
    "BTC_price": 63773.28125,
    "OIL_price": 72.06999969482422,
    "USD_CNY_exchange_rate": 6.79580020904541,
    "Commodity_Index_ETF": 27.344999313354492,
    "US_Dollar_Index": 101.06600189208984,
    "ETH_price": 1789.030029296875,
    "GOLD_spot_price": 4121.7998046875,
    "LEAN_HOGS_future": 96.92500305175781,
    "COPPER_future": 6.18149995803833,
    "High_Yield_Bond_ETF": 79.78500366210938,
    "LIVE_CATTLE_future": 238.35000610351562,
    "GOLD_near_month_future": 4121.7998046875,
    "NATURAL_GAS_future": 3.2730000019073486,
    "PLATINUM_future": 1647.800048828125,
    "SILVER_future": 60.47999954223633,
    "Long_Term_Treasury_ETF": 84.59500122070312,
    "CORN_future": 463.5,
    "SOYBEANS_future": 1196.5,
    "WHEAT_future": 617.75,
    "SP500_close": 7502.9501953125,
    "NASDAQ_close": 25804.427734375,
    "US_10Y_Treasury_Yield": 4.529000282287598,
    "VIX_close": 16.350000381469727,
    "GOLD_basis_spot_vs_near": 0.0,
    "China_10Y_Treasury_Yield": 1.7406
  }
}