{
  "latest_date": "2026-03-03",
  "latest_values": {
    "Shanghai_Composite_Index": 4122.67578125,
    "CSI_300_Index": 4655.89599609375,
    "Shenzhen_Component_Index": 14022.3916015625,
    "ALUMINUM_future": 3215.5,
    "BTC_price": 68356.203125,
    "OIL_price": 73.56999969482422,
    "USD_CNY_exchange_rate": 6.899099826812744,
    "Commodity_Index_ETF": 25.809999465942383,
    "US_Dollar_Index": 99.04499816894531,
    "ETH_price": 1983.9495849609375,
    "GOLD_spot_price": 5127.10009765625,
    "LEAN_HOGS_future": 95.7750015258789,
    "COPPER_future": 5.860000133514404,
    "High_Yield_Bond_ETF": 80.21499633789062,
    "LIVE_CATTLE_future": 234.3000030517578,
    "GOLD_near_month_future": 5127.7998046875,
    "NATURAL_GAS_future": 3.0429999828338623,
    "PLATINUM_future": 2111.699951171875,
    "SILVER_future": 83.4000015258789,
    "Long_Term_Treasury_ETF": 89.50990295410156,
    "CORN_future": 446.25,
    "SOYBEANS_future": 1171.5,
    "WHEAT_future": 574.75,
    "SP500_close": 6828.990234375,
    "NASDAQ_close": 22557.88671875,
    "US_10Y_Treasury_Yield": 4.053999900817871,
    "VIX_close": 22.459999084472656,
    "GOLD_basis_spot_vs_near": -0.69970703125,
    "China_10Y_Treasury_Yield": 1.7807
  }
}