{
  "latest_date": "2025-11-26",
  "latest_values": {
    "Shanghai_Composite_Index": 3836.764892578125,
    "CSI_300_Index": 4448.0498046875,
    "Shenzhen_Component_Index": 12585.080078125,
    "ALUMINUM_future": 2776.0,
    "BTC_price": 87600.3359375,
    "OIL_price": 58.08000183105469,
    "USD_CNY_exchange_rate": 7.0833001136779785,
    "Commodity_Index_ETF": 22.520000457763672,
    "US_Dollar_Index": 99.81300354003906,
    "ETH_price": 2960.42724609375,
    "GOLD_spot_price": 4180.0,
    "LEAN_HOGS_future": 78.44999694824219,
    "COPPER_future": 5.118500232696533,
    "High_Yield_Bond_ETF": 80.87000274658203,
    "LIVE_CATTLE_future": 207.3249969482422,
    "GOLD_near_month_future": 4179.7001953125,
    "NATURAL_GAS_future": 4.489999771118164,
    "PLATINUM_future": 1559.0,
    "SILVER_future": 51.904998779296875,
    "Long_Term_Treasury_ETF": 90.23999786376953,
    "CORN_future": 438.0,
    "SOYBEANS_future": 1126.25,
    "WHEAT_future": 524.25,
    "SP500_close": 6765.8798828125,
    "NASDAQ_close": 23025.591796875,
    "US_10Y_Treasury_Yield": 4.001999855041504,
    "VIX_close": 18.559999465942383,
    "GOLD_basis_spot_vs_near": 0.2998046875,
    "China_10Y_Treasury_Yield": 1.8301
  }
}