{
  "latest_date": "2026-05-17",
  "latest_values": {
    "Shanghai_Composite_Index": 4135.38916015625,
    "CSI_300_Index": 4859.58984375,
    "Shenzhen_Component_Index": 15561.3701171875,
    "ALUMINUM_future": 3511.0,
    "BTC_price": 78074.9921875,
    "OIL_price": 101.0199966430664,
    "USD_CNY_exchange_rate": 6.808700084686279,
    "Commodity_Index_ETF": 31.190000534057617,
    "US_Dollar_Index": 99.2699966430664,
    "ETH_price": 2185.179931640625,
    "GOLD_spot_price": 4561.89990234375,
    "LEAN_HOGS_future": 103.3499984741211,
    "COPPER_future": 6.295000076293945,
    "High_Yield_Bond_ETF": 79.45999908447266,
    "LIVE_CATTLE_future": 247.9250030517578,
    "GOLD_near_month_future": 4561.89990234375,
    "NATURAL_GAS_future": 2.9600000381469727,
    "PLATINUM_future": 1991.800048828125,
    "SILVER_future": 77.5469970703125,
    "Long_Term_Treasury_ETF": 83.66000366210938,
    "CORN_future": 455.75,
    "SOYBEANS_future": 1177.0,
    "WHEAT_future": 635.75,
    "SP500_close": 7408.5,
    "NASDAQ_close": 26225.140625,
    "US_10Y_Treasury_Yield": 4.59499979019165,
    "VIX_close": 18.43000030517578,
    "GOLD_basis_spot_vs_near": 0.0,
    "China_10Y_Treasury_Yield": 1.7658
  }
}