{
  "latest_date": "2025-09-17",
  "latest_values": {
    "Shanghai_Composite_Index": 3876.3408203125,
    "CSI_300_Index": 4551.02294921875,
    "Shenzhen_Component_Index": 13215.45703125,
    "ALUMINUM_future": 2625.25,
    "BTC_price": 115810.203125,
    "OIL_price": 64.30999755859375,
    "USD_CNY_exchange_rate": 7.102799892425537,
    "Commodity_Index_ETF": 22.625,
    "US_Dollar_Index": 96.7300033569336,
    "ETH_price": 4493.13037109375,
    "GOLD_spot_price": 3720.0,
    "LEAN_HOGS_future": 97.375,
    "COPPER_future": 4.627999782562256,
    "High_Yield_Bond_ETF": 81.08499908447266,
    "LIVE_CATTLE_future": 231.35000610351562,
    "GOLD_near_month_future": 3719.89990234375,
    "NATURAL_GAS_future": 3.0789999961853027,
    "PLATINUM_future": 1378.300048828125,
    "SILVER_future": 42.26499938964844,
    "Long_Term_Treasury_ETF": 90.3550033569336,
    "CORN_future": 426.5,
    "SOYBEANS_future": 1043.5,
    "WHEAT_future": 527.5,
    "SP500_close": 6594.27001953125,
    "NASDAQ_close": 22213.1484375,
    "US_10Y_Treasury_Yield": 4.049000263214111,
    "VIX_close": 16.670000076293945,
    "GOLD_basis_spot_vs_near": 0.10009765625,
    "China_10Y_Treasury_Yield": 1.8349
  }
}