{
  "latest_date": "2026-06-23",
  "latest_values": {
    "Shanghai_Composite_Index": 4163.09716796875,
    "CSI_300_Index": 4941.60009765625,
    "Shenzhen_Component_Index": 16372.5,
    "ALUMINUM_future": 3397.0,
    "BTC_price": 62546.6484375,
    "OIL_price": 73.05000305175781,
    "USD_CNY_exchange_rate": 6.774499893188477,
    "Commodity_Index_ETF": 27.1200008392334,
    "US_Dollar_Index": 101.35900115966797,
    "ETH_price": 1665.06005859375,
    "GOLD_spot_price": 4129.0,
    "LEAN_HOGS_future": 97.2750015258789,
    "COPPER_future": 6.125,
    "High_Yield_Bond_ETF": 79.87000274658203,
    "LIVE_CATTLE_future": 246.0500030517578,
    "GOLD_near_month_future": 4129.0,
    "NATURAL_GAS_future": 3.194999933242798,
    "PLATINUM_future": 1652.9000244140625,
    "SILVER_future": 61.630001068115234,
    "Long_Term_Treasury_ETF": 86.19999694824219,
    "CORN_future": 437.75,
    "SOYBEANS_future": 1141.5,
    "WHEAT_future": 598.0,
    "SP500_close": 7365.4599609375,
    "NASDAQ_close": 25587.0390625,
    "US_10Y_Treasury_Yield": 4.493000030517578,
    "VIX_close": 19.489999771118164,
    "GOLD_basis_spot_vs_near": 0.0,
    "China_10Y_Treasury_Yield": 1.7437
  }
}