{
  "latest_date": "2026-04-27",
  "latest_values": {
    "Shanghai_Composite_Index": 4079.89990234375,
    "CSI_300_Index": 4769.3701171875,
    "Shenzhen_Component_Index": 14940.2998046875,
    "ALUMINUM_future": 3523.75,
    "BTC_price": 76716.296875,
    "OIL_price": 96.33000183105469,
    "USD_CNY_exchange_rate": 6.826000213623047,
    "Commodity_Index_ETF": 30.084999084472656,
    "US_Dollar_Index": 98.4219970703125,
    "ETH_price": 2275.860107421875,
    "GOLD_spot_price": 4689.10009765625,
    "LEAN_HOGS_future": 102.42500305175781,
    "COPPER_future": 6.064000129699707,
    "High_Yield_Bond_ETF": 80.4749984741211,
    "LIVE_CATTLE_future": 248.875,
    "GOLD_near_month_future": 4689.0,
    "NATURAL_GAS_future": 2.7679998874664307,
    "PLATINUM_future": 1998.9000244140625,
    "SILVER_future": 75.02999877929688,
    "Long_Term_Treasury_ETF": 86.38009643554688,
    "CORN_future": 468.25,
    "SOYBEANS_future": 1192.75,
    "WHEAT_future": 626.5,
    "SP500_close": 7166.2099609375,
    "NASDAQ_close": 24823.22265625,
    "US_10Y_Treasury_Yield": 4.328000068664551,
    "VIX_close": 18.530000686645508,
    "GOLD_basis_spot_vs_near": 0.10009765625,
    "China_10Y_Treasury_Yield": 1.7697
  }
}