{
  "latest_date": "2026-04-02",
  "latest_values": {
    "Shanghai_Composite_Index": 3948.552001953125,
    "CSI_300_Index": 4526.06982421875,
    "Shenzhen_Component_Index": 13706.51953125,
    "ALUMINUM_future": 3426.5,
    "BTC_price": 67009.140625,
    "OIL_price": 110.97000122070312,
    "USD_CNY_exchange_rate": 6.894199848175049,
    "Commodity_Index_ETF": 29.274999618530273,
    "US_Dollar_Index": 100.01100158691406,
    "ETH_price": 2057.972412109375,
    "GOLD_spot_price": 4703.2001953125,
    "LEAN_HOGS_future": 104.44999694824219,
    "COPPER_future": 5.603499889373779,
    "High_Yield_Bond_ETF": 79.44000244140625,
    "LIVE_CATTLE_future": 246.1999969482422,
    "GOLD_near_month_future": 4703.0,
    "NATURAL_GAS_future": 2.7990000247955322,
    "PLATINUM_future": 1995.800048828125,
    "SILVER_future": 72.91999816894531,
    "Long_Term_Treasury_ETF": 86.74500274658203,
    "CORN_future": 452.0,
    "SOYBEANS_future": 1162.75,
    "WHEAT_future": 597.75,
    "SP500_close": 6569.85009765625,
    "NASDAQ_close": 21819.79296875,
    "US_10Y_Treasury_Yield": 4.313000202178955,
    "VIX_close": 24.940000534057617,
    "GOLD_basis_spot_vs_near": 0.2001953125,
    "China_10Y_Treasury_Yield": 1.8209
  }
}