{
  "latest_date": "2026-06-02",
  "latest_values": {
    "Shanghai_Composite_Index": 4057.739990234375,
    "CSI_300_Index": 4844.259765625,
    "Shenzhen_Component_Index": 15340.3603515625,
    "ALUMINUM_future": 3980.75,
    "BTC_price": 70244.6015625,
    "OIL_price": 91.70999908447266,
    "USD_CNY_exchange_rate": 6.766200065612793,
    "Commodity_Index_ETF": 29.989999771118164,
    "US_Dollar_Index": 99.21299743652344,
    "ETH_price": 1966.800048828125,
    "GOLD_spot_price": 4501.39990234375,
    "LEAN_HOGS_future": 99.7249984741211,
    "COPPER_future": 6.541500091552734,
    "High_Yield_Bond_ETF": 79.83999633789062,
    "LIVE_CATTLE_future": 240.39999389648438,
    "GOLD_near_month_future": 4501.2998046875,
    "NATURAL_GAS_future": 3.191999912261963,
    "PLATINUM_future": 1935.5999755859375,
    "SILVER_future": 75.05000305175781,
    "Long_Term_Treasury_ETF": 85.47000122070312,
    "CORN_future": 441.25,
    "SOYBEANS_future": 1178.0,
    "WHEAT_future": 604.75,
    "SP500_close": 7599.9599609375,
    "NASDAQ_close": 27086.80859375,
    "US_10Y_Treasury_Yield": 4.474999904632568,
    "VIX_close": 16.049999237060547,
    "GOLD_basis_spot_vs_near": 0.10009765625,
    "China_10Y_Treasury_Yield": 1.7009
  }
}