{
  "latest_date": "2025-10-30",
  "latest_values": {
    "Shanghai_Composite_Index": 4016.3310546875,
    "CSI_300_Index": 4747.83984375,
    "Shenzhen_Component_Index": 13691.3798828125,
    "ALUMINUM_future": 2858.0,
    "BTC_price": 111131.71875,
    "OIL_price": 59.900001525878906,
    "USD_CNY_exchange_rate": 7.108699798583984,
    "Commodity_Index_ETF": 22.709999084472656,
    "US_Dollar_Index": 99.10600280761719,
    "ETH_price": 3927.638427734375,
    "GOLD_spot_price": 3976.800048828125,
    "LEAN_HOGS_future": 80.75,
    "COPPER_future": 5.179500102996826,
    "High_Yield_Bond_ETF": 80.94999694824219,
    "LIVE_CATTLE_future": 229.64999389648438,
    "GOLD_near_month_future": 3976.60009765625,
    "NATURAL_GAS_future": 3.3359999656677246,
    "PLATINUM_future": 1591.9000244140625,
    "SILVER_future": 47.459999084472656,
    "Long_Term_Treasury_ETF": 91.08999633789062,
    "CORN_future": 429.0,
    "SOYBEANS_future": 1079.0,
    "WHEAT_future": 524.25,
    "SP500_close": 6890.58984375,
    "NASDAQ_close": 23958.470703125,
    "US_10Y_Treasury_Yield": 4.058000087738037,
    "VIX_close": 16.040000915527344,
    "GOLD_basis_spot_vs_near": 0.199951171875,
    "China_10Y_Treasury_Yield": 1.8208
  }
}