{
  "latest_date": "2026-05-19",
  "latest_values": {
    "Shanghai_Composite_Index": 4131.52783203125,
    "CSI_300_Index": 4833.52001953125,
    "Shenzhen_Component_Index": 15530.23046875,
    "ALUMINUM_future": 3544.25,
    "BTC_price": 76748.6796875,
    "OIL_price": 103.5,
    "USD_CNY_exchange_rate": 6.809199810028076,
    "Commodity_Index_ETF": 31.50200080871582,
    "US_Dollar_Index": 99.26699829101562,
    "ETH_price": 2113.7099609375,
    "GOLD_spot_price": 4507.60009765625,
    "LEAN_HOGS_future": 102.05000305175781,
    "COPPER_future": 6.205999851226807,
    "High_Yield_Bond_ETF": 79.42500305175781,
    "LIVE_CATTLE_future": 247.4250030517578,
    "GOLD_near_month_future": 4507.39990234375,
    "NATURAL_GAS_future": 3.0980000495910645,
    "PLATINUM_future": 1944.0999755859375,
    "SILVER_future": 74.91000366210938,
    "Long_Term_Treasury_ETF": 83.13140106201172,
    "CORN_future": 473.5,
    "SOYBEANS_future": 1211.25,
    "WHEAT_future": 665.75,
    "SP500_close": 7381.3701171875,
    "NASDAQ_close": 25967.33984375,
    "US_10Y_Treasury_Yield": 4.6529998779296875,
    "VIX_close": 17.950000762939453,
    "GOLD_basis_spot_vs_near": 0.2001953125,
    "China_10Y_Treasury_Yield": 1.7345
  }
}