{
  "latest_date": "2025-11-19",
  "latest_values": {
    "Shanghai_Composite_Index": 3946.742431640625,
    "CSI_300_Index": 4588.2919921875,
    "Shenzhen_Component_Index": 13080.0859375,
    "ALUMINUM_future": 2722.5,
    "BTC_price": 89452.7578125,
    "OIL_price": 59.290000915527344,
    "USD_CNY_exchange_rate": 7.110099792480469,
    "Commodity_Index_ETF": 22.899999618530273,
    "US_Dollar_Index": 100.1729965209961,
    "ETH_price": 2940.8125,
    "GOLD_spot_price": 4076.89990234375,
    "LEAN_HOGS_future": 78.67500305175781,
    "COPPER_future": 5.02400016784668,
    "High_Yield_Bond_ETF": 80.1500015258789,
    "LIVE_CATTLE_future": 216.1750030517578,
    "GOLD_near_month_future": 4076.699951171875,
    "NATURAL_GAS_future": 4.564000129699707,
    "PLATINUM_future": 1552.199951171875,
    "SILVER_future": 50.94499969482422,
    "Long_Term_Treasury_ETF": 88.87999725341797,
    "CORN_future": 429.75,
    "SOYBEANS_future": 1135.25,
    "WHEAT_future": 537.0,
    "SP500_close": 6642.16015625,
    "NASDAQ_close": 22564.228515625,
    "US_10Y_Treasury_Yield": 4.133000373840332,
    "VIX_close": 23.520000457763672,
    "GOLD_basis_spot_vs_near": 0.199951171875,
    "China_10Y_Treasury_Yield": 1.8179
  }
}