{
  "latest_date": "2026-05-08",
  "latest_values": {
    "Shanghai_Composite_Index": 4179.95263671875,
    "CSI_300_Index": 4871.912109375,
    "Shenzhen_Component_Index": 15563.796875,
    "ALUMINUM_future": 3448.5,
    "BTC_price": 80177.8671875,
    "OIL_price": 95.5,
    "USD_CNY_exchange_rate": 6.810999870300293,
    "Commodity_Index_ETF": 30.329999923706055,
    "US_Dollar_Index": 97.93699645996094,
    "ETH_price": 2285.030029296875,
    "GOLD_spot_price": 4731.5,
    "LEAN_HOGS_future": 99.7750015258789,
    "COPPER_future": 6.294000148773193,
    "High_Yield_Bond_ETF": 80.05000305175781,
    "LIVE_CATTLE_future": 250.97500610351562,
    "GOLD_near_month_future": 4731.2001953125,
    "NATURAL_GAS_future": 2.821000099182129,
    "PLATINUM_future": 2042.199951171875,
    "SILVER_future": 81.31500244140625,
    "Long_Term_Treasury_ETF": 86.19999694824219,
    "CORN_future": 467.0,
    "SOYBEANS_future": 1199.5,
    "WHEAT_future": 615.5,
    "SP500_close": 7387.8701171875,
    "NASDAQ_close": 26083.546875,
    "US_10Y_Treasury_Yield": 4.354000091552734,
    "VIX_close": 17.3799991607666,
    "GOLD_basis_spot_vs_near": 0.2998046875,
    "China_10Y_Treasury_Yield": 1.7648
  }
}