{
  "latest_date": "2025-12-19",
  "latest_values": {
    "Shanghai_Composite_Index": 3890.447509765625,
    "CSI_300_Index": 4568.17822265625,
    "Shenzhen_Component_Index": 13140.21484375,
    "ALUMINUM_future": 2960.75,
    "BTC_price": 87906.8046875,
    "OIL_price": 56.400001525878906,
    "USD_CNY_exchange_rate": 7.04040002822876,
    "Commodity_Index_ETF": 22.826499938964844,
    "US_Dollar_Index": 98.62999725341797,
    "ETH_price": 2970.458251953125,
    "GOLD_spot_price": 4379.39990234375,
    "LEAN_HOGS_future": 84.25,
    "COPPER_future": 5.495500087738037,
    "High_Yield_Bond_ETF": 80.3949966430664,
    "LIVE_CATTLE_future": 231.39999389648438,
    "GOLD_near_month_future": 4379.39990234375,
    "NATURAL_GAS_future": 3.930999994277954,
    "PLATINUM_future": 2019.0,
    "SILVER_future": 67.26000213623047,
    "Long_Term_Treasury_ETF": 87.48999786376953,
    "CORN_future": 442.75,
    "SOYBEANS_future": 1058.0,
    "WHEAT_future": 508.0,
    "SP500_close": 6829.5400390625,
    "NASDAQ_close": 23252.365234375,
    "US_10Y_Treasury_Yield": 4.138999938964844,
    "VIX_close": 15.420000076293945,
    "GOLD_basis_spot_vs_near": 0.0,
    "China_10Y_Treasury_Yield": 1.8308
  }
}