{
  "latest_date": "2026-04-17",
  "latest_values": {
    "Shanghai_Composite_Index": 4051.42529296875,
    "CSI_300_Index": 4728.67138671875,
    "Shenzhen_Component_Index": 14885.416015625,
    "ALUMINUM_future": 3503.0,
    "BTC_price": 77930.2578125,
    "OIL_price": 80.52999877929688,
    "USD_CNY_exchange_rate": 6.817999839782715,
    "Commodity_Index_ETF": 28.075000762939453,
    "US_Dollar_Index": 97.84300231933594,
    "ETH_price": 2446.199951171875,
    "GOLD_spot_price": 4891.60009765625,
    "LEAN_HOGS_future": 100.67500305175781,
    "COPPER_future": 6.111999988555908,
    "High_Yield_Bond_ETF": 80.70999908447266,
    "LIVE_CATTLE_future": 243.4499969482422,
    "GOLD_near_month_future": 4891.60009765625,
    "NATURAL_GAS_future": 2.683000087738037,
    "PLATINUM_future": 2141.10009765625,
    "SILVER_future": 82.80000305175781,
    "Long_Term_Treasury_ETF": 87.0999984741211,
    "CORN_future": 455.0,
    "SOYBEANS_future": 1161.25,
    "WHEAT_future": 594.5,
    "SP500_close": 7128.83984375,
    "NASDAQ_close": 24484.666015625,
    "US_10Y_Treasury_Yield": 4.236000061035156,
    "VIX_close": 17.440000534057617,
    "GOLD_basis_spot_vs_near": 0.0,
    "China_10Y_Treasury_Yield": 1.7623
  }
}