{
  "latest_date": "2026-05-26",
  "latest_values": {
    "Shanghai_Composite_Index": 4152.56787109375,
    "CSI_300_Index": 4921.60009765625,
    "Shenzhen_Component_Index": 15856.6103515625,
    "ALUMINUM_future": 3675.5,
    "BTC_price": 75829.34375,
    "OIL_price": 93.87999725341797,
    "USD_CNY_exchange_rate": 6.79449987411499,
    "Commodity_Index_ETF": 30.094999313354492,
    "US_Dollar_Index": 99.21199798583984,
    "ETH_price": 2066.81005859375,
    "GOLD_spot_price": 4500.60009765625,
    "LEAN_HOGS_future": 100.1500015258789,
    "COPPER_future": 6.392000198364258,
    "High_Yield_Bond_ETF": 80.08999633789062,
    "LIVE_CATTLE_future": 239.39999389648438,
    "GOLD_near_month_future": 4500.60009765625,
    "NATURAL_GAS_future": 3.0350000858306885,
    "PLATINUM_future": 1948.5,
    "SILVER_future": 76.41000366210938,
    "Long_Term_Treasury_ETF": 84.96009826660156,
    "CORN_future": 458.25,
    "SOYBEANS_future": 1186.25,
    "WHEAT_future": 638.0,
    "SP500_close": 7506.68994140625,
    "NASDAQ_close": 26578.46875,
    "US_10Y_Treasury_Yield": 4.504000186920166,
    "VIX_close": 17.079999923706055,
    "GOLD_basis_spot_vs_near": 0.0,
    "China_10Y_Treasury_Yield": 1.7405
  }
}