{
  "latest_date": "2026-06-16",
  "latest_values": {
    "Shanghai_Composite_Index": 4091.8916015625,
    "CSI_300_Index": 4884.232421875,
    "Shenzhen_Component_Index": 15675.24609375,
    "ALUMINUM_future": 3365.75,
    "BTC_price": 66455.7109375,
    "OIL_price": 78.05000305175781,
    "USD_CNY_exchange_rate": 6.765999794006348,
    "Commodity_Index_ETF": 28.549999237060547,
    "US_Dollar_Index": 99.61900329589844,
    "ETH_price": 1787.5899658203125,
    "GOLD_spot_price": 4363.39990234375,
    "LEAN_HOGS_future": 96.57499694824219,
    "COPPER_future": 6.480999946594238,
    "High_Yield_Bond_ETF": 79.94000244140625,
    "LIVE_CATTLE_future": 250.625,
    "GOLD_near_month_future": 4363.2998046875,
    "NATURAL_GAS_future": 3.190999984741211,
    "PLATINUM_future": 1802.699951171875,
    "SILVER_future": 70.54000091552734,
    "Long_Term_Treasury_ETF": 85.72000122070312,
    "CORN_future": 413.75,
    "SOYBEANS_future": 1126.75,
    "WHEAT_future": 588.75,
    "SP500_close": 7431.4599609375,
    "NASDAQ_close": 25888.83984375,
    "US_10Y_Treasury_Yield": 4.486999988555908,
    "VIX_close": 16.149999618530273,
    "GOLD_basis_spot_vs_near": 0.10009765625,
    "China_10Y_Treasury_Yield": 1.7446
  }
}