{
  "latest_date": "2025-12-17",
  "latest_values": {
    "Shanghai_Composite_Index": 3870.277587890625,
    "CSI_300_Index": 4579.875,
    "Shenzhen_Component_Index": 13224.513671875,
    "ALUMINUM_future": 2909.0,
    "BTC_price": 85892.0390625,
    "OIL_price": 56.59000015258789,
    "USD_CNY_exchange_rate": 7.042900085449219,
    "Commodity_Index_ETF": 22.84000015258789,
    "US_Dollar_Index": 98.39199829101562,
    "ETH_price": 2823.718994140625,
    "GOLD_spot_price": 4372.60009765625,
    "LEAN_HOGS_future": 83.125,
    "COPPER_future": 5.421999931335449,
    "High_Yield_Bond_ETF": 80.55999755859375,
    "LIVE_CATTLE_future": 229.52499389648438,
    "GOLD_near_month_future": 4372.89990234375,
    "NATURAL_GAS_future": 4.0879998207092285,
    "PLATINUM_future": 1931.699951171875,
    "SILVER_future": 66.6050033569336,
    "Long_Term_Treasury_ETF": 87.80000305175781,
    "CORN_future": 440.75,
    "SOYBEANS_future": 1058.5,
    "WHEAT_future": 506.25,
    "SP500_close": 6721.43017578125,
    "NASDAQ_close": 22693.322265625,
    "US_10Y_Treasury_Yield": 4.151000022888184,
    "VIX_close": 17.559999465942383,
    "GOLD_basis_spot_vs_near": -0.2998046875,
    "China_10Y_Treasury_Yield": 1.834
  }
}