{
  "latest_date": "2026-03-13",
  "latest_values": {
    "Shanghai_Composite_Index": 4095.448486328125,
    "CSI_300_Index": 4669.14013671875,
    "Shenzhen_Component_Index": 14280.7802734375,
    "ALUMINUM_future": 3423.0,
    "BTC_price": 71026.8515625,
    "OIL_price": 98.0199966430664,
    "USD_CNY_exchange_rate": 6.896100044250488,
    "Commodity_Index_ETF": 28.770000457763672,
    "ETH_price": 2102.968017578125,
    "GOLD_spot_price": 5050.39990234375,
    "LEAN_HOGS_future": 86.0,
    "COPPER_future": 5.750500202178955,
    "High_Yield_Bond_ETF": 79.17500305175781,
    "LIVE_CATTLE_future": 225.77499389648438,
    "GOLD_near_month_future": 5050.7001953125,
    "NATURAL_GAS_future": 3.1470000743865967,
    "PLATINUM_future": 2043.5,
    "SILVER_future": 80.98500061035156,
    "Long_Term_Treasury_ETF": 86.54499816894531,
    "CORN_future": 466.25,
    "SOYBEANS_future": 1222.0,
    "WHEAT_future": 612.5,
    "SP500_close": 6643.1298828125,
    "NASDAQ_close": 22112.7578125,
    "US_10Y_Treasury_Yield": 4.284999847412109,
    "VIX_close": 27.56999969482422,
    "GOLD_basis_spot_vs_near": -0.30029296875,
    "China_10Y_Treasury_Yield": 1.8143
  }
}