{
  "latest_date": "2025-10-16",
  "latest_values": {
    "Shanghai_Composite_Index": 3916.22802734375,
    "CSI_300_Index": 4618.421875,
    "Shenzhen_Component_Index": 13086.4091796875,
    "ALUMINUM_future": 2737.0,
    "BTC_price": 107928.9296875,
    "OIL_price": 57.38999938964844,
    "USD_CNY_exchange_rate": 7.122499942779541,
    "Commodity_Index_ETF": 22.139999389648438,
    "US_Dollar_Index": 98.35299682617188,
    "ETH_price": 3853.32470703125,
    "GOLD_spot_price": 4342.7998046875,
    "LEAN_HOGS_future": 82.55000305175781,
    "COPPER_future": 4.985499858856201,
    "High_Yield_Bond_ETF": 80.51000213623047,
    "LIVE_CATTLE_future": 247.75,
    "GOLD_near_month_future": 4342.7001953125,
    "NATURAL_GAS_future": 2.927999973297119,
    "PLATINUM_future": 1753.4000244140625,
    "SILVER_future": 53.3849983215332,
    "Long_Term_Treasury_ETF": 91.33999633789062,
    "CORN_future": 422.0,
    "SOYBEANS_future": 1029.25,
    "WHEAT_future": 502.5,
    "SP500_close": 6629.06982421875,
    "NASDAQ_close": 22562.537109375,
    "US_10Y_Treasury_Yield": 3.9759998321533203,
    "VIX_close": 25.309999465942383,
    "GOLD_basis_spot_vs_near": 0.099609375,
    "China_10Y_Treasury_Yield": 1.8407
  }
}