{
  "latest_date": "2026-05-26",
  "latest_values": {
    "Shanghai_Composite_Index": 4152.56787109375,
    "CSI_300_Index": 4921.60009765625,
    "Shenzhen_Component_Index": 15856.6103515625,
    "ALUMINUM_future": 3654.25,
    "BTC_price": 76765.203125,
    "OIL_price": 92.44000244140625,
    "USD_CNY_exchange_rate": 6.79449987411499,
    "Commodity_Index_ETF": 30.540000915527344,
    "US_Dollar_Index": 99.09700012207031,
    "ETH_price": 2096.969970703125,
    "GOLD_spot_price": 4530.60009765625,
    "LEAN_HOGS_future": 95.75,
    "COPPER_future": 6.401000022888184,
    "High_Yield_Bond_ETF": 79.91000366210938,
    "LIVE_CATTLE_future": 249.3000030517578,
    "GOLD_near_month_future": 4531.0,
    "NATURAL_GAS_future": 3.059999942779541,
    "PLATINUM_future": 1960.0,
    "SILVER_future": 76.95999908447266,
    "Long_Term_Treasury_ETF": 84.68000030517578,
    "CORN_future": 459.5,
    "SOYBEANS_future": 1190.5,
    "WHEAT_future": 639.75,
    "SP500_close": 7473.47021484375,
    "NASDAQ_close": 26343.970703125,
    "US_10Y_Treasury_Yield": 4.558000087738037,
    "VIX_close": 16.59000015258789,
    "GOLD_basis_spot_vs_near": -0.39990234375,
    "China_10Y_Treasury_Yield": 1.7484
  }
}