{
  "latest_date": "2026-07-13",
  "latest_values": {
    "Shanghai_Composite_Index": 3996.162109375,
    "CSI_300_Index": 4780.7900390625,
    "Shenzhen_Component_Index": 15046.669921875,
    "ALUMINUM_future": 3325.5,
    "BTC_price": 63228.3984375,
    "OIL_price": 79.4000015258789,
    "USD_CNY_exchange_rate": 6.776599884033203,
    "Commodity_Index_ETF": 28.329999923706055,
    "US_Dollar_Index": 101.28099822998047,
    "ETH_price": 1799.0,
    "GOLD_spot_price": 4002.300048828125,
    "LEAN_HOGS_future": 98.1500015258789,
    "COPPER_future": 6.267499923706055,
    "High_Yield_Bond_ETF": 79.5199966430664,
    "LIVE_CATTLE_future": 234.9499969482422,
    "GOLD_near_month_future": 4002.300048828125,
    "NATURAL_GAS_future": 2.8919999599456787,
    "PLATINUM_future": 1608.5,
    "SILVER_future": 57.755001068115234,
    "Long_Term_Treasury_ETF": 83.97000122070312,
    "CORN_future": 463.0,
    "SOYBEANS_future": 1193.5,
    "WHEAT_future": 635.25,
    "SP500_close": 7515.33984375,
    "NASDAQ_close": 25873.17578125,
    "US_10Y_Treasury_Yield": 4.609000205993652,
    "VIX_close": 17.15999984741211,
    "GOLD_basis_spot_vs_near": 0.0,
    "China_10Y_Treasury_Yield": 1.7442
  }
}