{
  "latest_date": "2025-10-15",
  "latest_values": {
    "Shanghai_Composite_Index": 3865.22900390625,
    "CSI_300_Index": 4539.06005859375,
    "Shenzhen_Component_Index": 12895.1103515625,
    "ALUMINUM_future": 2686.5,
    "BTC_price": 112371.484375,
    "OIL_price": 58.619998931884766,
    "USD_CNY_exchange_rate": 7.099999904632568,
    "Commodity_Index_ETF": 22.100000381469727,
    "US_Dollar_Index": 98.88500213623047,
    "ETH_price": 4116.42919921875,
    "GOLD_spot_price": 4204.0,
    "LEAN_HOGS_future": 83.125,
    "COPPER_future": 5.047500133514404,
    "High_Yield_Bond_ETF": 80.54000091552734,
    "LIVE_CATTLE_future": 246.60000610351562,
    "GOLD_near_month_future": 4204.0,
    "NATURAL_GAS_future": 2.994999885559082,
    "PLATINUM_future": 1689.300048828125,
    "SILVER_future": 51.32500076293945,
    "Long_Term_Treasury_ETF": 90.86000061035156,
    "CORN_future": 412.5,
    "SOYBEANS_future": 1025.25,
    "WHEAT_future": 500.5,
    "SP500_close": 6644.31005859375,
    "NASDAQ_close": 22521.69921875,
    "US_10Y_Treasury_Yield": 4.021999835968018,
    "VIX_close": 20.809999465942383,
    "GOLD_basis_spot_vs_near": 0.0,
    "China_10Y_Treasury_Yield": 1.8368
  }
}