{
  "latest_date": "2026-02-20",
  "latest_values": {
    "Shanghai_Composite_Index": 4082.072998046875,
    "CSI_300_Index": 4660.41015625,
    "Shenzhen_Component_Index": 14100.1904296875,
    "ALUMINUM_future": 3065.25,
    "BTC_price": 67676.3046875,
    "OIL_price": 66.44999694824219,
    "USD_CNY_exchange_rate": 6.90749979019165,
    "Commodity_Index_ETF": 24.579999923706055,
    "US_Dollar_Index": 97.78700256347656,
    "ETH_price": 1965.2747802734375,
    "GOLD_spot_price": 5102.2001953125,
    "LEAN_HOGS_future": 93.625,
    "COPPER_future": 5.864999771118164,
    "High_Yield_Bond_ETF": 80.98500061035156,
    "LIVE_CATTLE_future": 241.72500610351562,
    "GOLD_near_month_future": 5102.10009765625,
    "NATURAL_GAS_future": 2.9820001125335693,
    "PLATINUM_future": 2176.60009765625,
    "SILVER_future": 83.375,
    "Long_Term_Treasury_ETF": 89.4198989868164,
    "CORN_future": 440.0,
    "SOYBEANS_future": 1153.75,
    "WHEAT_future": 581.75,
    "SP500_close": 6907.759765625,
    "NASDAQ_close": 22881.1875,
    "US_10Y_Treasury_Yield": 4.088000297546387,
    "VIX_close": 19.040000915527344,
    "GOLD_basis_spot_vs_near": 0.10009765625,
    "China_10Y_Treasury_Yield": 1.7899
  }
}