{
  "latest_date": "2025-10-02",
  "latest_values": {
    "Shanghai_Composite_Index": 3882.777099609375,
    "CSI_300_Index": 4640.68994140625,
    "Shenzhen_Component_Index": 13526.509765625,
    "ALUMINUM_future": 2597.5,
    "BTC_price": 120592.6171875,
    "OIL_price": 60.529998779296875,
    "USD_CNY_exchange_rate": 7.11899995803833,
    "Commodity_Index_ETF": 22.329999923706055,
    "US_Dollar_Index": 97.84700012207031,
    "ETH_price": 4488.7724609375,
    "GOLD_spot_price": 3875.60009765625,
    "LEAN_HOGS_future": 86.7750015258789,
    "COPPER_future": 4.94350004196167,
    "High_Yield_Bond_ETF": 80.92500305175781,
    "LIVE_CATTLE_future": 230.52499389648438,
    "GOLD_near_month_future": 3875.699951171875,
    "NATURAL_GAS_future": 3.446000099182129,
    "PLATINUM_future": 1591.800048828125,
    "SILVER_future": 46.57500076293945,
    "Long_Term_Treasury_ETF": 89.54499816894531,
    "CORN_future": 421.25,
    "SOYBEANS_future": 1040.0,
    "WHEAT_future": 514.25,
    "SP500_close": 6721.5400390625,
    "NASDAQ_close": 22859.765625,
    "US_10Y_Treasury_Yield": 4.085999965667725,
    "VIX_close": 16.469999313354492,
    "GOLD_basis_spot_vs_near": -0.099853515625,
    "China_10Y_Treasury_Yield": 1.8605
  }
}