{
  "latest_date": "2026-03-25",
  "latest_values": {
    "Shanghai_Composite_Index": 3881.280029296875,
    "CSI_300_Index": 4474.72021484375,
    "Shenzhen_Component_Index": 13536.5595703125,
    "ALUMINUM_future": 3136.25,
    "BTC_price": 71053.5078125,
    "OIL_price": 88.87000274658203,
    "USD_CNY_exchange_rate": 6.894800186157227,
    "Commodity_Index_ETF": 28.239999771118164,
    "US_Dollar_Index": 99.30799865722656,
    "ETH_price": 2169.1162109375,
    "GOLD_spot_price": 4561.0,
    "LEAN_HOGS_future": 91.05000305175781,
    "COPPER_future": 5.5304999351501465,
    "High_Yield_Bond_ETF": 79.16999816894531,
    "LIVE_CATTLE_future": 235.375,
    "GOLD_near_month_future": 4560.7001953125,
    "NATURAL_GAS_future": 2.8499999046325684,
    "PLATINUM_future": 1957.800048828125,
    "SILVER_future": 73.5199966430664,
    "Long_Term_Treasury_ETF": 86.01000213623047,
    "CORN_future": 459.25,
    "SOYBEANS_future": 1154.25,
    "WHEAT_future": 582.25,
    "SP500_close": 6556.3701171875,
    "NASDAQ_close": 21761.89453125,
    "US_10Y_Treasury_Yield": 4.3919997215271,
    "VIX_close": 26.950000762939453,
    "GOLD_basis_spot_vs_near": 0.2998046875,
    "China_10Y_Treasury_Yield": 1.8272
  }
}