{
  "latest_date": "2026-05-18",
  "latest_values": {
    "Shanghai_Composite_Index": 4135.38916015625,
    "CSI_300_Index": 4859.58984375,
    "Shenzhen_Component_Index": 15561.3701171875,
    "ALUMINUM_future": 3512.5,
    "BTC_price": 77089.671875,
    "OIL_price": 102.27999877929688,
    "USD_CNY_exchange_rate": 6.808700084686279,
    "Commodity_Index_ETF": 31.190000534057617,
    "US_Dollar_Index": 99.34500122070312,
    "ETH_price": 2111.889892578125,
    "GOLD_spot_price": 4522.0,
    "LEAN_HOGS_future": 103.3499984741211,
    "COPPER_future": 6.265500068664551,
    "High_Yield_Bond_ETF": 79.45999908447266,
    "LIVE_CATTLE_future": 247.9250030517578,
    "GOLD_near_month_future": 4521.89990234375,
    "NATURAL_GAS_future": 3.0179998874664307,
    "PLATINUM_future": 1979.300048828125,
    "SILVER_future": 75.68000030517578,
    "Long_Term_Treasury_ETF": 83.66000366210938,
    "CORN_future": 467.0,
    "SOYBEANS_future": 1194.75,
    "WHEAT_future": 652.75,
    "SP500_close": 7408.5,
    "NASDAQ_close": 26225.140625,
    "US_10Y_Treasury_Yield": 4.59499979019165,
    "VIX_close": 18.43000030517578,
    "GOLD_basis_spot_vs_near": 0.10009765625,
    "China_10Y_Treasury_Yield": 1.7658
  }
}