{
  "latest_date": "2025-10-07",
  "latest_values": {
    "Shanghai_Composite_Index": 3882.777099609375,
    "CSI_300_Index": 4640.68994140625,
    "Shenzhen_Component_Index": 13526.509765625,
    "ALUMINUM_future": 2699.0,
    "BTC_price": 121993.6484375,
    "OIL_price": 62.130001068115234,
    "USD_CNY_exchange_rate": 7.11899995803833,
    "Commodity_Index_ETF": 22.729999542236328,
    "US_Dollar_Index": 98.5739974975586,
    "ETH_price": 4495.45947265625,
    "GOLD_spot_price": 4011.800048828125,
    "LEAN_HOGS_future": 86.2750015258789,
    "COPPER_future": 5.087500095367432,
    "High_Yield_Bond_ETF": 80.7699966430664,
    "LIVE_CATTLE_future": 237.8000030517578,
    "GOLD_near_month_future": 4011.800048828125,
    "NATURAL_GAS_future": 3.5169999599456787,
    "PLATINUM_future": 1652.5,
    "SILVER_future": 47.724998474121094,
    "Long_Term_Treasury_ETF": 89.18000030517578,
    "CORN_future": 419.25,
    "SOYBEANS_future": 1038.5,
    "WHEAT_future": 505.75,
    "SP500_close": 6714.58984375,
    "NASDAQ_close": 22788.36328125,
    "US_10Y_Treasury_Yield": 4.126999855041504,
    "VIX_close": 17.239999771118164,
    "GOLD_basis_spot_vs_near": 0.0,
    "China_10Y_Treasury_Yield": 1.8605
  }
}