{
  "latest_date": "2025-11-19",
  "latest_values": {
    "Shanghai_Composite_Index": 3939.81298828125,
    "CSI_300_Index": 4568.18994140625,
    "Shenzhen_Component_Index": 13080.490234375,
    "ALUMINUM_future": 2763.5,
    "BTC_price": 91121.0078125,
    "OIL_price": 60.400001525878906,
    "USD_CNY_exchange_rate": 7.108699798583984,
    "Commodity_Index_ETF": 23.1299991607666,
    "US_Dollar_Index": 99.56300354003906,
    "ETH_price": 3047.3916015625,
    "GOLD_spot_price": 4091.10009765625,
    "LEAN_HOGS_future": 77.875,
    "COPPER_future": 4.983500003814697,
    "High_Yield_Bond_ETF": 80.11000061035156,
    "LIVE_CATTLE_future": 220.02499389648438,
    "GOLD_near_month_future": 4091.199951171875,
    "NATURAL_GAS_future": 4.380000114440918,
    "PLATINUM_future": 1556.199951171875,
    "SILVER_future": 51.279998779296875,
    "Long_Term_Treasury_ETF": 89.05999755859375,
    "CORN_future": 435.0,
    "SOYBEANS_future": 1148.75,
    "WHEAT_future": 545.0,
    "SP500_close": 6617.31982421875,
    "NASDAQ_close": 22432.849609375,
    "US_10Y_Treasury_Yield": 4.123000144958496,
    "VIX_close": 24.690000534057617,
    "GOLD_basis_spot_vs_near": -0.099853515625,
    "China_10Y_Treasury_Yield": 1.8121
  }
}