{
  "latest_date": "2026-05-22",
  "latest_values": {
    "Shanghai_Composite_Index": 4162.18505859375,
    "CSI_300_Index": 4850.7001953125,
    "Shenzhen_Component_Index": 15569.98046875,
    "ALUMINUM_future": 3619.25,
    "BTC_price": 77398.4921875,
    "OIL_price": 97.97000122070312,
    "USD_CNY_exchange_rate": 6.80049991607666,
    "Commodity_Index_ETF": 30.700000762939453,
    "US_Dollar_Index": 99.24299621582031,
    "ETH_price": 2128.699951171875,
    "GOLD_spot_price": 4526.7998046875,
    "LEAN_HOGS_future": 100.1500015258789,
    "COPPER_future": 6.3414998054504395,
    "High_Yield_Bond_ETF": 79.9000015258789,
    "LIVE_CATTLE_future": 240.14999389648438,
    "GOLD_near_month_future": 4526.7998046875,
    "NATURAL_GAS_future": 3.127000093460083,
    "PLATINUM_future": 1961.5999755859375,
    "SILVER_future": 76.38500213623047,
    "Long_Term_Treasury_ETF": 84.22000122070312,
    "CORN_future": 461.5,
    "SOYBEANS_future": 1195.25,
    "WHEAT_future": 645.0,
    "SP500_close": 7445.72021484375,
    "NASDAQ_close": 26293.09765625,
    "US_10Y_Treasury_Yield": 4.585999965667725,
    "VIX_close": 16.760000228881836,
    "GOLD_basis_spot_vs_near": 0.0,
    "China_10Y_Treasury_Yield": 1.7448
  }
}