{
  "latest_date": "2025-12-05",
  "latest_values": {
    "Shanghai_Composite_Index": 3875.79296875,
    "CSI_300_Index": 4546.56982421875,
    "Shenzhen_Component_Index": 13006.7197265625,
    "ALUMINUM_future": 2877.75,
    "BTC_price": 92257.25,
    "OIL_price": 59.560001373291016,
    "USD_CNY_exchange_rate": 7.06790018081665,
    "Commodity_Index_ETF": 23.190000534057617,
    "US_Dollar_Index": 98.89600372314453,
    "ETH_price": 3169.08349609375,
    "GOLD_spot_price": 4255.2001953125,
    "LEAN_HOGS_future": 81.8499984741211,
    "COPPER_future": 5.479000091552734,
    "High_Yield_Bond_ETF": 80.75,
    "LIVE_CATTLE_future": 221.39999389648438,
    "GOLD_near_month_future": 4255.2998046875,
    "NATURAL_GAS_future": 5.045000076293945,
    "PLATINUM_future": 1672.300048828125,
    "SILVER_future": 58.84000015258789,
    "Long_Term_Treasury_ETF": 88.58000183105469,
    "CORN_future": 437.25,
    "SOYBEANS_future": 1116.5,
    "WHEAT_future": 539.0,
    "SP500_close": 6857.1201171875,
    "NASDAQ_close": 23505.140625,
    "US_10Y_Treasury_Yield": 4.107999801635742,
    "VIX_close": 15.779999732971191,
    "GOLD_basis_spot_vs_near": -0.099609375,
    "China_10Y_Treasury_Yield": 1.8718
  }
}