{
  "latest_date": "2026-02-24",
  "latest_values": {
    "Shanghai_Composite_Index": 4117.40869140625,
    "CSI_300_Index": 4707.5439453125,
    "Shenzhen_Component_Index": 14291.5654296875,
    "ALUMINUM_future": 3072.0,
    "BTC_price": 64161.63671875,
    "OIL_price": 65.94000244140625,
    "USD_CNY_exchange_rate": 6.882500171661377,
    "Commodity_Index_ETF": 24.690000534057617,
    "US_Dollar_Index": 97.81300354003906,
    "ETH_price": 1849.7178955078125,
    "GOLD_spot_price": 5185.2998046875,
    "LEAN_HOGS_future": 95.5999984741211,
    "COPPER_future": 5.982999801635742,
    "High_Yield_Bond_ETF": 80.83999633789062,
    "LIVE_CATTLE_future": 238.8000030517578,
    "GOLD_near_month_future": 5185.10009765625,
    "NATURAL_GAS_future": 2.865999937057495,
    "PLATINUM_future": 2188.199951171875,
    "SILVER_future": 87.96499633789062,
    "Long_Term_Treasury_ETF": 89.91500091552734,
    "CORN_future": 437.25,
    "SOYBEANS_future": 1155.25,
    "WHEAT_future": 572.75,
    "SP500_close": 6889.43017578125,
    "NASDAQ_close": 22856.546875,
    "US_10Y_Treasury_Yield": 4.034999847412109,
    "VIX_close": 19.350000381469727,
    "GOLD_basis_spot_vs_near": 0.19970703125,
    "China_10Y_Treasury_Yield": 1.8023
  }
}