{
  "latest_date": "2025-12-12",
  "latest_values": {
    "Shanghai_Composite_Index": 3873.318115234375,
    "CSI_300_Index": 4552.18994140625,
    "Shenzhen_Component_Index": 13147.3896484375,
    "ALUMINUM_future": 2893.75,
    "BTC_price": 92266.2578125,
    "OIL_price": 58.08000183105469,
    "USD_CNY_exchange_rate": 7.054800033569336,
    "Commodity_Index_ETF": 23.110000610351562,
    "US_Dollar_Index": 98.37699890136719,
    "ETH_price": 3242.98388671875,
    "GOLD_spot_price": 4301.2998046875,
    "LEAN_HOGS_future": 84.125,
    "COPPER_future": 5.473999977111816,
    "High_Yield_Bond_ETF": 80.72000122070312,
    "LIVE_CATTLE_future": 230.9499969482422,
    "GOLD_near_month_future": 4301.2998046875,
    "NATURAL_GAS_future": 4.230000019073486,
    "PLATINUM_future": 1714.199951171875,
    "SILVER_future": 63.8849983215332,
    "Long_Term_Treasury_ETF": 88.19000244140625,
    "CORN_future": 446.75,
    "SOYBEANS_future": 1092.75,
    "WHEAT_future": 535.0,
    "SP500_close": 6901.0,
    "NASDAQ_close": 23593.859375,
    "US_10Y_Treasury_Yield": 4.140999794006348,
    "VIX_close": 14.850000381469727,
    "GOLD_basis_spot_vs_near": 0.0,
    "China_10Y_Treasury_Yield": 1.8404
  }
}