{
  "latest_date": "2025-11-06",
  "latest_values": {
    "Shanghai_Composite_Index": 3969.248046875,
    "CSI_300_Index": 4627.259765625,
    "Shenzhen_Component_Index": 13223.5595703125,
    "ALUMINUM_future": 2788.75,
    "BTC_price": 102984.2265625,
    "OIL_price": 59.91999816894531,
    "USD_CNY_exchange_rate": 7.129499912261963,
    "Commodity_Index_ETF": 22.81999969482422,
    "US_Dollar_Index": 99.927001953125,
    "ETH_price": 3390.165283203125,
    "GOLD_spot_price": 4026.5,
    "LEAN_HOGS_future": 80.5,
    "COPPER_future": 5.011499881744385,
    "High_Yield_Bond_ETF": 80.2300033569336,
    "LIVE_CATTLE_future": 220.52499389648438,
    "GOLD_near_month_future": 4026.699951171875,
    "NATURAL_GAS_future": 4.281000137329102,
    "PLATINUM_future": 1567.800048828125,
    "SILVER_future": 48.48500061035156,
    "Long_Term_Treasury_ETF": 88.95999908447266,
    "CORN_future": 433.5,
    "SOYBEANS_future": 1125.25,
    "WHEAT_future": 547.25,
    "SP500_close": 6796.2900390625,
    "NASDAQ_close": 23499.80078125,
    "US_10Y_Treasury_Yield": 4.1570000648498535,
    "VIX_close": 17.90999984741211,
    "GOLD_basis_spot_vs_near": -0.199951171875,
    "China_10Y_Treasury_Yield": 1.81
  }
}