{
  "latest_date": "2026-03-08",
  "latest_values": {
    "Shanghai_Composite_Index": 4124.19384765625,
    "CSI_300_Index": 4660.43994140625,
    "Shenzhen_Component_Index": 14172.6298828125,
    "ALUMINUM_future": 3379.75,
    "BTC_price": 66298.1796875,
    "OIL_price": 106.80999755859375,
    "USD_CNY_exchange_rate": 6.895999908447266,
    "Commodity_Index_ETF": 27.510000228881836,
    "US_Dollar_Index": 99.39800262451172,
    "ETH_price": 1949.2138671875,
    "GOLD_spot_price": 5133.0,
    "LEAN_HOGS_future": 95.625,
    "COPPER_future": 5.718500137329102,
    "High_Yield_Bond_ETF": 79.69000244140625,
    "LIVE_CATTLE_future": 234.5749969482422,
    "GOLD_near_month_future": 5132.39990234375,
    "NATURAL_GAS_future": 3.3369998931884766,
    "PLATINUM_future": 2071.699951171875,
    "SILVER_future": 83.3499984741211,
    "Long_Term_Treasury_ETF": 88.45999908447266,
    "CORN_future": 460.5,
    "SOYBEANS_future": 1200.75,
    "WHEAT_future": 616.75,
    "SP500_close": 6740.02001953125,
    "NASDAQ_close": 22387.6796875,
    "US_10Y_Treasury_Yield": 4.132999897003174,
    "VIX_close": 29.489999771118164,
    "GOLD_basis_spot_vs_near": 0.60009765625,
    "China_10Y_Treasury_Yield": 1.781
  }
}