{
  "latest_date": "2026-04-17",
  "latest_values": {
    "Shanghai_Composite_Index": 4055.547119140625,
    "CSI_300_Index": 4736.60986328125,
    "Shenzhen_Component_Index": 14796.330078125,
    "ALUMINUM_future": 3490.5,
    "BTC_price": 78140.828125,
    "OIL_price": 81.19999694824219,
    "USD_CNY_exchange_rate": 6.817999839782715,
    "Commodity_Index_ETF": 28.114999771118164,
    "US_Dollar_Index": 97.98699951171875,
    "ETH_price": 2448.409912109375,
    "GOLD_spot_price": 4894.2001953125,
    "LEAN_HOGS_future": 100.69999694824219,
    "COPPER_future": 6.117499828338623,
    "High_Yield_Bond_ETF": 80.74500274658203,
    "LIVE_CATTLE_future": 245.75,
    "GOLD_near_month_future": 4894.2998046875,
    "NATURAL_GAS_future": 2.684999942779541,
    "PLATINUM_future": 2140.0,
    "SILVER_future": 82.6500015258789,
    "Long_Term_Treasury_ETF": 87.19000244140625,
    "CORN_future": 455.0,
    "SOYBEANS_future": 1161.25,
    "WHEAT_future": 595.0,
    "SP500_close": 7136.97998046875,
    "NASDAQ_close": 24485.5390625,
    "US_10Y_Treasury_Yield": 4.236000061035156,
    "VIX_close": 17.399999618530273,
    "GOLD_basis_spot_vs_near": -0.099609375,
    "China_10Y_Treasury_Yield": 1.7623
  }
}