{
  "latest_date": "2025-12-16",
  "latest_values": {
    "Shanghai_Composite_Index": 3867.9208984375,
    "CSI_300_Index": 4552.06005859375,
    "Shenzhen_Component_Index": 13112.08984375,
    "ALUMINUM_future": 2778.0,
    "BTC_price": 86136.671875,
    "OIL_price": 56.369998931884766,
    "USD_CNY_exchange_rate": 7.042399883270264,
    "Commodity_Index_ETF": 22.809999465942383,
    "US_Dollar_Index": 98.27100372314453,
    "ETH_price": 2928.70166015625,
    "GOLD_spot_price": 4313.2001953125,
    "LEAN_HOGS_future": 83.8499984741211,
    "COPPER_future": 5.3404998779296875,
    "High_Yield_Bond_ETF": 80.61000061035156,
    "LIVE_CATTLE_future": 230.5749969482422,
    "GOLD_near_month_future": 4312.89990234375,
    "NATURAL_GAS_future": 3.9200000762939453,
    "PLATINUM_future": 1837.0999755859375,
    "SILVER_future": 62.779998779296875,
    "Long_Term_Treasury_ETF": 87.4000015258789,
    "CORN_future": 438.75,
    "SOYBEANS_future": 1072.5,
    "WHEAT_future": 517.25,
    "SP500_close": 6816.509765625,
    "NASDAQ_close": 23057.41015625,
    "US_10Y_Treasury_Yield": 4.182000160217285,
    "VIX_close": 16.5,
    "GOLD_basis_spot_vs_near": 0.30029296875,
    "China_10Y_Treasury_Yield": 1.8488
  }
}