{
  "latest_date": "2025-12-08",
  "latest_values": {
    "Shanghai_Composite_Index": 3924.077880859375,
    "CSI_300_Index": 4621.75439453125,
    "Shenzhen_Component_Index": 13329.990234375,
    "ALUMINUM_future": 2887.0,
    "BTC_price": 90918.203125,
    "OIL_price": 58.849998474121094,
    "USD_CNY_exchange_rate": 7.070499897003174,
    "Commodity_Index_ETF": 23.040000915527344,
    "US_Dollar_Index": 99.11000061035156,
    "ETH_price": 3133.1015625,
    "GOLD_spot_price": 4219.89990234375,
    "LEAN_HOGS_future": 82.3499984741211,
    "COPPER_future": 5.426499843597412,
    "High_Yield_Bond_ETF": 80.55000305175781,
    "LIVE_CATTLE_future": 226.8249969482422,
    "GOLD_near_month_future": 4219.7001953125,
    "NATURAL_GAS_future": 4.861000061035156,
    "PLATINUM_future": 1662.0,
    "SILVER_future": 58.5,
    "Long_Term_Treasury_ETF": 87.87999725341797,
    "CORN_future": 444.0,
    "SOYBEANS_future": 1093.75,
    "WHEAT_future": 534.5,
    "SP500_close": 6846.509765625,
    "NASDAQ_close": 23545.904296875,
    "US_10Y_Treasury_Yield": 4.171999931335449,
    "VIX_close": 16.65999984741211,
    "GOLD_basis_spot_vs_near": 0.19970703125,
    "China_10Y_Treasury_Yield": 1.8499
  }
}