{
  "latest_date": "2026-03-25",
  "latest_values": {
    "Shanghai_Composite_Index": 3881.280029296875,
    "CSI_300_Index": 4474.72021484375,
    "Shenzhen_Component_Index": 13536.5595703125,
    "ALUMINUM_future": 3160.75,
    "BTC_price": 70664.0703125,
    "OIL_price": 87.55999755859375,
    "USD_CNY_exchange_rate": 6.885700225830078,
    "Commodity_Index_ETF": 28.239999771118164,
    "US_Dollar_Index": 99.13899993896484,
    "ETH_price": 2159.153076171875,
    "GOLD_spot_price": 4574.2998046875,
    "LEAN_HOGS_future": 104.0250015258789,
    "COPPER_future": 5.543499946594238,
    "High_Yield_Bond_ETF": 79.16999816894531,
    "LIVE_CATTLE_future": 234.4499969482422,
    "GOLD_near_month_future": 4573.60009765625,
    "NATURAL_GAS_future": 2.8369998931884766,
    "PLATINUM_future": 1982.0999755859375,
    "SILVER_future": 74.125,
    "Long_Term_Treasury_ETF": 86.01000213623047,
    "CORN_future": 458.25,
    "SOYBEANS_future": 1153.0,
    "WHEAT_future": 584.75,
    "SP500_close": 6556.3701171875,
    "NASDAQ_close": 21761.89453125,
    "US_10Y_Treasury_Yield": 4.3919997215271,
    "VIX_close": 26.950000762939453,
    "GOLD_basis_spot_vs_near": 0.69970703125,
    "China_10Y_Treasury_Yield": 1.8272
  }
}