{
  "latest_date": "2026-05-22",
  "latest_values": {
    "Shanghai_Composite_Index": 4077.277099609375,
    "CSI_300_Index": 4783.10009765625,
    "Shenzhen_Component_Index": 15247.26953125,
    "ALUMINUM_future": 3629.0,
    "BTC_price": 76536.09375,
    "OIL_price": 96.43000030517578,
    "USD_CNY_exchange_rate": 6.794000148773193,
    "Commodity_Index_ETF": 30.545000076293945,
    "US_Dollar_Index": 99.24500274658203,
    "ETH_price": 2105.489990234375,
    "GOLD_spot_price": 4518.7001953125,
    "LEAN_HOGS_future": 100.4000015258789,
    "COPPER_future": 6.395500183105469,
    "High_Yield_Bond_ETF": 79.94000244140625,
    "LIVE_CATTLE_future": 239.375,
    "GOLD_near_month_future": 4518.60009765625,
    "NATURAL_GAS_future": 3.0220000743865967,
    "PLATINUM_future": 1936.0,
    "SILVER_future": 76.37999725341797,
    "Long_Term_Treasury_ETF": 84.53500366210938,
    "CORN_future": 463.75,
    "SOYBEANS_future": 1197.25,
    "WHEAT_future": 647.0,
    "SP500_close": 7486.83984375,
    "NASDAQ_close": 26393.955078125,
    "US_10Y_Treasury_Yield": 4.558000087738037,
    "VIX_close": 16.649999618530273,
    "GOLD_basis_spot_vs_near": 0.10009765625,
    "China_10Y_Treasury_Yield": 1.7519
  }
}