{
  "latest_date": "2026-05-27",
  "latest_values": {
    "Shanghai_Composite_Index": 4145.373046875,
    "CSI_300_Index": 4921.60009765625,
    "Shenzhen_Component_Index": 15876.16015625,
    "ALUMINUM_future": 3683.25,
    "BTC_price": 75845.921875,
    "OIL_price": 93.0999984741211,
    "USD_CNY_exchange_rate": 6.79449987411499,
    "Commodity_Index_ETF": 30.030000686645508,
    "US_Dollar_Index": 99.08200073242188,
    "ETH_price": 2076.030029296875,
    "GOLD_spot_price": 4514.2001953125,
    "LEAN_HOGS_future": 100.0250015258789,
    "COPPER_future": 6.451000213623047,
    "High_Yield_Bond_ETF": 80.18000030517578,
    "LIVE_CATTLE_future": 239.3000030517578,
    "GOLD_near_month_future": 4515.60009765625,
    "NATURAL_GAS_future": 3.007999897003174,
    "PLATINUM_future": 1972.4000244140625,
    "SILVER_future": 77.7249984741211,
    "Long_Term_Treasury_ETF": 85.0999984741211,
    "CORN_future": 459.5,
    "SOYBEANS_future": 1187.25,
    "WHEAT_future": 637.0,
    "SP500_close": 7519.1201171875,
    "NASDAQ_close": 26656.1796875,
    "US_10Y_Treasury_Yield": 4.493000030517578,
    "VIX_close": 17.010000228881836,
    "GOLD_basis_spot_vs_near": -1.39990234375,
    "China_10Y_Treasury_Yield": 1.7405
  }
}