{
  "latest_date": "2026-01-27",
  "latest_values": {
    "Shanghai_Composite_Index": 4132.60498046875,
    "CSI_300_Index": 4706.9599609375,
    "Shenzhen_Component_Index": 14316.6396484375,
    "ALUMINUM_future": 3151.25,
    "BTC_price": 87833.359375,
    "OIL_price": 60.59000015258789,
    "USD_CNY_exchange_rate": 6.954999923706055,
    "Commodity_Index_ETF": 24.290000915527344,
    "US_Dollar_Index": 96.94999694824219,
    "ETH_price": 2906.4521484375,
    "GOLD_spot_price": 5091.7998046875,
    "LEAN_HOGS_future": 88.3499984741211,
    "COPPER_future": 5.909999847412109,
    "High_Yield_Bond_ETF": 81.18000030517578,
    "LIVE_CATTLE_future": 236.02499389648438,
    "GOLD_near_month_future": 5092.5,
    "NATURAL_GAS_future": 3.7279999256134033,
    "PLATINUM_future": 2697.300048828125,
    "SILVER_future": 112.50499725341797,
    "Long_Term_Treasury_ETF": 88.3499984741211,
    "CORN_future": 429.25,
    "SOYBEANS_future": 1063.5,
    "WHEAT_future": 522.0,
    "SP500_close": 6950.22998046875,
    "NASDAQ_close": 23601.359375,
    "US_10Y_Treasury_Yield": 4.2129998207092285,
    "VIX_close": 16.020000457763672,
    "GOLD_basis_spot_vs_near": -0.7001953125,
    "China_10Y_Treasury_Yield": 1.8311
  }
}