{
  "latest_date": "2026-07-09",
  "latest_values": {
    "Shanghai_Composite_Index": 3970.8798828125,
    "CSI_300_Index": 4842.169921875,
    "Shenzhen_Component_Index": 14939.73046875,
    "ALUMINUM_future": 3339.0,
    "BTC_price": 62948.7109375,
    "OIL_price": 72.45999908447266,
    "USD_CNY_exchange_rate": 6.793399810791016,
    "Commodity_Index_ETF": 27.799999237060547,
    "US_Dollar_Index": 100.90399932861328,
    "ETH_price": 1756.0999755859375,
    "GOLD_spot_price": 4125.2001953125,
    "LEAN_HOGS_future": 94.5,
    "COPPER_future": 6.212500095367432,
    "High_Yield_Bond_ETF": 79.66000366210938,
    "LIVE_CATTLE_future": 237.625,
    "GOLD_near_month_future": 4125.0,
    "NATURAL_GAS_future": 3.2160000801086426,
    "PLATINUM_future": 1627.5999755859375,
    "SILVER_future": 59.7599983215332,
    "Long_Term_Treasury_ETF": 84.36000061035156,
    "CORN_future": 451.0,
    "SOYBEANS_future": 1186.25,
    "WHEAT_future": 603.75,
    "SP500_close": 7482.7099609375,
    "NASDAQ_close": 25870.650390625,
    "US_10Y_Treasury_Yield": 4.568999767303467,
    "VIX_close": 16.579999923706055,
    "GOLD_basis_spot_vs_near": 0.2001953125,
    "China_10Y_Treasury_Yield": 1.7385
  }
}