{
  "latest_date": "2026-01-26",
  "latest_values": {
    "Shanghai_Composite_Index": 4136.1640625,
    "CSI_300_Index": 4702.5,
    "Shenzhen_Component_Index": 14439.66015625,
    "ALUMINUM_future": 3171.75,
    "BTC_price": 87732.8984375,
    "OIL_price": 61.290000915527344,
    "USD_CNY_exchange_rate": 6.9552998542785645,
    "Commodity_Index_ETF": 24.18000030517578,
    "US_Dollar_Index": 97.14900207519531,
    "ETH_price": 2897.831787109375,
    "GOLD_spot_price": 5087.2998046875,
    "LEAN_HOGS_future": 88.3499984741211,
    "COPPER_future": 5.94950008392334,
    "High_Yield_Bond_ETF": 81.13999938964844,
    "LIVE_CATTLE_future": 234.89999389648438,
    "GOLD_near_month_future": 5087.2998046875,
    "NATURAL_GAS_future": 3.818000078201294,
    "PLATINUM_future": 2877.5,
    "SILVER_future": 109.26499938964844,
    "Long_Term_Treasury_ETF": 87.93000030517578,
    "CORN_future": 430.0,
    "SOYBEANS_future": 1073.25,
    "WHEAT_future": 531.75,
    "SP500_close": 6915.60986328125,
    "NASDAQ_close": 23501.240234375,
    "US_10Y_Treasury_Yield": 4.238999843597412,
    "VIX_close": 16.709999084472656,
    "GOLD_basis_spot_vs_near": 0.0,
    "China_10Y_Treasury_Yield": 1.8298
  }
}