{
  "latest_date": "2025-12-08",
  "latest_values": {
    "Shanghai_Composite_Index": 3902.80810546875,
    "CSI_300_Index": 4584.5400390625,
    "Shenzhen_Component_Index": 13147.6796875,
    "ALUMINUM_future": 2918.75,
    "BTC_price": 92255.546875,
    "OIL_price": 59.91999816894531,
    "USD_CNY_exchange_rate": 7.0696001052856445,
    "Commodity_Index_ETF": 23.329999923706055,
    "US_Dollar_Index": 98.9219970703125,
    "ETH_price": 3167.8427734375,
    "GOLD_spot_price": 4238.7001953125,
    "LEAN_HOGS_future": 81.6500015258789,
    "COPPER_future": 5.4710001945495605,
    "High_Yield_Bond_ETF": 80.75,
    "LIVE_CATTLE_future": 227.14999389648438,
    "GOLD_near_month_future": 4239.0,
    "NATURAL_GAS_future": 5.09499979019165,
    "PLATINUM_future": 1672.0999755859375,
    "SILVER_future": 58.86000061035156,
    "Long_Term_Treasury_ETF": 88.16999816894531,
    "CORN_future": 444.25,
    "SOYBEANS_future": 1096.75,
    "WHEAT_future": 536.5,
    "SP500_close": 6870.39990234375,
    "NASDAQ_close": 23578.130859375,
    "US_10Y_Treasury_Yield": 4.138999938964844,
    "VIX_close": 16.209999084472656,
    "GOLD_basis_spot_vs_near": -0.2998046875,
    "China_10Y_Treasury_Yield": 1.848
  }
}