{
  "latest_date": "2025-09-12",
  "latest_values": {
    "Shanghai_Composite_Index": 3875.309326171875,
    "CSI_300_Index": 4548.03466796875,
    "Shenzhen_Component_Index": 12979.8916015625,
    "ALUMINUM_future": 2605.75,
    "BTC_price": 115629.171875,
    "OIL_price": 62.16999816894531,
    "USD_CNY_exchange_rate": 7.120699882507324,
    "Commodity_Index_ETF": 22.219999313354492,
    "US_Dollar_Index": 97.552001953125,
    "ETH_price": 4461.48486328125,
    "GOLD_spot_price": 3670.0,
    "LEAN_HOGS_future": 98.17500305175781,
    "COPPER_future": 4.665500164031982,
    "High_Yield_Bond_ETF": 81.04000091552734,
    "LIVE_CATTLE_future": 232.39999389648438,
    "GOLD_near_month_future": 3670.0,
    "NATURAL_GAS_future": 2.927000045776367,
    "PLATINUM_future": 1389.4000244140625,
    "SILVER_future": 41.96500015258789,
    "Long_Term_Treasury_ETF": 90.33999633789062,
    "CORN_future": 420.0,
    "SOYBEANS_future": 1033.5,
    "WHEAT_future": 520.75,
    "SP500_close": 6587.47021484375,
    "NASDAQ_close": 22043.07421875,
    "US_10Y_Treasury_Yield": 4.011000156402588,
    "VIX_close": 14.710000038146973,
    "GOLD_basis_spot_vs_near": 0.0,
    "China_10Y_Treasury_Yield": 1.8743
  }
}