{
  "latest_date": "2026-02-10",
  "latest_values": {
    "Shanghai_Composite_Index": 4128.373046875,
    "CSI_300_Index": 4724.29541015625,
    "Shenzhen_Component_Index": 14210.6259765625,
    "ALUMINUM_future": 3008.5,
    "BTC_price": 68649.09375,
    "OIL_price": 64.30999755859375,
    "USD_CNY_exchange_rate": 6.910099983215332,
    "Commodity_Index_ETF": 24.139999389648438,
    "US_Dollar_Index": 96.89299774169922,
    "ETH_price": 2016.7738037109375,
    "GOLD_spot_price": 5057.89990234375,
    "LEAN_HOGS_future": 95.57499694824219,
    "COPPER_future": 5.911499977111816,
    "High_Yield_Bond_ETF": 80.83999633789062,
    "LIVE_CATTLE_future": 237.4499969482422,
    "GOLD_near_month_future": 5056.7001953125,
    "NATURAL_GAS_future": 3.1549999713897705,
    "PLATINUM_future": 2094.0,
    "SILVER_future": 80.8499984741211,
    "Long_Term_Treasury_ETF": 88.52999877929688,
    "CORN_future": 428.75,
    "SOYBEANS_future": 1123.25,
    "WHEAT_future": 529.5,
    "SP500_close": 6941.81005859375,
    "NASDAQ_close": 23102.474609375,
    "US_10Y_Treasury_Yield": 4.147000312805176,
    "VIX_close": 17.790000915527344,
    "GOLD_basis_spot_vs_near": 1.19970703125,
    "China_10Y_Treasury_Yield": 1.8094
  }
}