{
  "latest_date": "2025-11-01",
  "latest_values": {
    "Shanghai_Composite_Index": 3954.7900390625,
    "CSI_300_Index": 4640.669921875,
    "Shenzhen_Component_Index": 13378.2099609375,
    "ALUMINUM_future": 2824.75,
    "BTC_price": 110364.4765625,
    "OIL_price": 60.97999954223633,
    "USD_CNY_exchange_rate": 7.109799861907959,
    "Commodity_Index_ETF": 22.8799991607666,
    "US_Dollar_Index": 99.80000305175781,
    "ETH_price": 3882.05859375,
    "GOLD_spot_price": 3982.199951171875,
    "LEAN_HOGS_future": 81.2750015258789,
    "COPPER_future": 5.065499782562256,
    "High_Yield_Bond_ETF": 80.80000305175781,
    "LIVE_CATTLE_future": 236.60000610351562,
    "GOLD_near_month_future": 3996.5,
    "NATURAL_GAS_future": 4.124000072479248,
    "PLATINUM_future": 1569.800048828125,
    "SILVER_future": 47.99399948120117,
    "Long_Term_Treasury_ETF": 90.29000091552734,
    "CORN_future": 431.5,
    "SOYBEANS_future": 1099.75,
    "WHEAT_future": 534.0,
    "SP500_close": 6840.2001953125,
    "NASDAQ_close": 23724.9609375,
    "US_10Y_Treasury_Yield": 4.10099983215332,
    "VIX_close": 17.440000534057617,
    "GOLD_basis_spot_vs_near": -14.300048828125,
    "China_10Y_Treasury_Yield": 1.7954
  }
}