{
  "latest_date": "2026-04-16",
  "latest_values": {
    "Shanghai_Composite_Index": 4027.208984375,
    "CSI_300_Index": 4685.25,
    "Shenzhen_Component_Index": 14498.4599609375,
    "ALUMINUM_future": 3591.5,
    "BTC_price": 75029.4296875,
    "OIL_price": 91.4000015258789,
    "USD_CNY_exchange_rate": 6.815700054168701,
    "Commodity_Index_ETF": 28.889999389648438,
    "US_Dollar_Index": 97.93199920654297,
    "ETH_price": 2361.510009765625,
    "GOLD_spot_price": 4841.2001953125,
    "LEAN_HOGS_future": 101.82499694824219,
    "COPPER_future": 6.107999801635742,
    "High_Yield_Bond_ETF": 80.45999908447266,
    "LIVE_CATTLE_future": 251.22500610351562,
    "GOLD_near_month_future": 4841.89990234375,
    "NATURAL_GAS_future": 2.5929999351501465,
    "PLATINUM_future": 2149.5,
    "SILVER_future": 80.48500061035156,
    "Long_Term_Treasury_ETF": 86.83000183105469,
    "CORN_future": 451.25,
    "SOYBEANS_future": 1166.5,
    "WHEAT_future": 602.0,
    "SP500_close": 7022.9501953125,
    "NASDAQ_close": 24016.017578125,
    "US_10Y_Treasury_Yield": 4.2820000648498535,
    "VIX_close": 18.170000076293945,
    "GOLD_basis_spot_vs_near": -0.69970703125,
    "China_10Y_Treasury_Yield": 1.7809
  }
}