{
  "latest_date": "2025-09-12",
  "latest_values": {
    "Shanghai_Composite_Index": 3870.598388671875,
    "CSI_300_Index": 4521.998046875,
    "Shenzhen_Component_Index": 12924.134765625,
    "ALUMINUM_future": 2619.25,
    "BTC_price": 115479.9375,
    "OIL_price": 62.59000015258789,
    "USD_CNY_exchange_rate": 7.120699882507324,
    "Commodity_Index_ETF": 22.329999923706055,
    "US_Dollar_Index": 97.65699768066406,
    "ETH_price": 4569.1630859375,
    "GOLD_spot_price": 3688.10009765625,
    "LEAN_HOGS_future": 96.9000015258789,
    "COPPER_future": 4.652500152587891,
    "High_Yield_Bond_ETF": 80.95500183105469,
    "LIVE_CATTLE_future": 230.27499389648438,
    "GOLD_near_month_future": 3688.0,
    "NATURAL_GAS_future": 2.9649999141693115,
    "PLATINUM_future": 1415.0999755859375,
    "SILVER_future": 42.779998779296875,
    "Long_Term_Treasury_ETF": 89.73999786376953,
    "CORN_future": 420.0,
    "SOYBEANS_future": 1040.75,
    "WHEAT_future": 516.5,
    "SP500_close": 6587.93994140625,
    "NASDAQ_close": 22141.650390625,
    "US_10Y_Treasury_Yield": 4.070000171661377,
    "VIX_close": 14.5,
    "GOLD_basis_spot_vs_near": 0.10009765625,
    "China_10Y_Treasury_Yield": 1.867
  }
}