{
  "latest_date": "2026-06-07",
  "latest_values": {
    "Shanghai_Composite_Index": 4027.736083984375,
    "CSI_300_Index": 4816.919921875,
    "Shenzhen_Component_Index": 15314.7001953125,
    "ALUMINUM_future": 3950.25,
    "BTC_price": 61646.91015625,
    "OIL_price": 90.54000091552734,
    "USD_CNY_exchange_rate": 6.765999794006348,
    "Commodity_Index_ETF": 29.229999542236328,
    "US_Dollar_Index": 100.06999969482422,
    "ETH_price": 1613.760009765625,
    "GOLD_spot_price": 4337.10009765625,
    "LEAN_HOGS_future": 98.80000305175781,
    "COPPER_future": 6.263500213623047,
    "High_Yield_Bond_ETF": 79.43000030517578,
    "LIVE_CATTLE_future": 241.64999389648438,
    "GOLD_near_month_future": 4337.10009765625,
    "NATURAL_GAS_future": 3.2290000915527344,
    "PLATINUM_future": 1792.0,
    "SILVER_future": 68.94300079345703,
    "Long_Term_Treasury_ETF": 85.05999755859375,
    "CORN_future": 417.5,
    "SOYBEANS_future": 1121.5,
    "WHEAT_future": 580.0,
    "SP500_close": 7383.740234375,
    "NASDAQ_close": 25709.4296875,
    "US_10Y_Treasury_Yield": 4.535999774932861,
    "VIX_close": 21.510000228881836,
    "GOLD_basis_spot_vs_near": 0.0,
    "China_10Y_Treasury_Yield": 1.7207
  }
}