{
  "latest_date": "2026-05-26",
  "latest_values": {
    "Shanghai_Composite_Index": 4145.373046875,
    "CSI_300_Index": 4947.84912109375,
    "Shenzhen_Component_Index": 15876.1630859375,
    "ALUMINUM_future": 3667.5,
    "BTC_price": 77108.609375,
    "OIL_price": 93.94999694824219,
    "USD_CNY_exchange_rate": 6.79449987411499,
    "Commodity_Index_ETF": 30.190000534057617,
    "US_Dollar_Index": 99.17400360107422,
    "ETH_price": 2124.070068359375,
    "GOLD_spot_price": 4518.0,
    "LEAN_HOGS_future": 100.57499694824219,
    "COPPER_future": 6.400000095367432,
    "High_Yield_Bond_ETF": 80.1050033569336,
    "LIVE_CATTLE_future": 240.97500610351562,
    "GOLD_near_month_future": 4518.0,
    "NATURAL_GAS_future": 3.0899999141693115,
    "PLATINUM_future": 1958.5999755859375,
    "SILVER_future": 76.42500305175781,
    "Long_Term_Treasury_ETF": 85.2300033569336,
    "CORN_future": 460.0,
    "SOYBEANS_future": 1190.75,
    "WHEAT_future": 642.25,
    "SP500_close": 7529.39990234375,
    "NASDAQ_close": 26651.4140625,
    "US_10Y_Treasury_Yield": 4.495999813079834,
    "VIX_close": 16.860000610351562,
    "GOLD_basis_spot_vs_near": 0.0,
    "China_10Y_Treasury_Yield": 1.7405
  }
}