{
  "latest_date": "2026-05-05",
  "latest_values": {
    "Shanghai_Composite_Index": 4112.1591796875,
    "CSI_300_Index": 4807.31005859375,
    "Shenzhen_Component_Index": 15107.5498046875,
    "ALUMINUM_future": 3525.25,
    "BTC_price": 80937.359375,
    "OIL_price": 102.48999786376953,
    "USD_CNY_exchange_rate": 6.827499866485596,
    "Commodity_Index_ETF": 31.199899673461914,
    "US_Dollar_Index": 98.40599822998047,
    "ETH_price": 2376.989990234375,
    "GOLD_spot_price": 4590.2998046875,
    "LEAN_HOGS_future": 91.625,
    "COPPER_future": 5.999000072479248,
    "High_Yield_Bond_ETF": 79.91999816894531,
    "LIVE_CATTLE_future": 251.75,
    "GOLD_near_month_future": 4590.2001953125,
    "NATURAL_GAS_future": 2.8269999027252197,
    "PLATINUM_future": 1988.5999755859375,
    "SILVER_future": 74.20999908447266,
    "Long_Term_Treasury_ETF": 85.13999938964844,
    "CORN_future": 482.5,
    "SOYBEANS_future": 1218.0,
    "WHEAT_future": 634.5,
    "SP500_close": 7247.2001953125,
    "NASDAQ_close": 25298.34375,
    "US_10Y_Treasury_Yield": 4.424000263214111,
    "VIX_close": 17.5,
    "GOLD_basis_spot_vs_near": 0.099609375,
    "China_10Y_Treasury_Yield": 1.7473
  }
}