{
  "latest_date": "2026-04-27",
  "latest_values": {
    "Shanghai_Composite_Index": 4086.34423828125,
    "CSI_300_Index": 4770.94677734375,
    "Shenzhen_Component_Index": 14995.748046875,
    "ALUMINUM_future": 3517.25,
    "BTC_price": 77005.3125,
    "OIL_price": 97.20999908447266,
    "USD_CNY_exchange_rate": 6.826000213623047,
    "Commodity_Index_ETF": 30.16990089416504,
    "US_Dollar_Index": 98.39900207519531,
    "ETH_price": 2280.800048828125,
    "GOLD_spot_price": 4689.10009765625,
    "LEAN_HOGS_future": 102.69999694824219,
    "COPPER_future": 6.060500144958496,
    "High_Yield_Bond_ETF": 80.46499633789062,
    "LIVE_CATTLE_future": 247.875,
    "GOLD_near_month_future": 4689.2001953125,
    "NATURAL_GAS_future": 2.803999900817871,
    "PLATINUM_future": 1996.0,
    "SILVER_future": 74.98500061035156,
    "Long_Term_Treasury_ETF": 86.31999969482422,
    "CORN_future": 468.0,
    "SOYBEANS_future": 1190.25,
    "WHEAT_future": 623.25,
    "SP500_close": 7153.35986328125,
    "NASDAQ_close": 24761.310546875,
    "US_10Y_Treasury_Yield": 4.333000183105469,
    "VIX_close": 18.760000228881836,
    "GOLD_basis_spot_vs_near": -0.10009765625,
    "China_10Y_Treasury_Yield": 1.7697
  }
}