{
  "latest_date": "2025-11-05",
  "latest_values": {
    "Shanghai_Composite_Index": 3969.248291015625,
    "CSI_300_Index": 4627.2568359375,
    "Shenzhen_Component_Index": 13223.5595703125,
    "ALUMINUM_future": 2821.0,
    "BTC_price": 103781.265625,
    "OIL_price": 59.77000045776367,
    "USD_CNY_exchange_rate": 7.125500202178955,
    "Commodity_Index_ETF": 22.825899124145508,
    "US_Dollar_Index": 100.23200225830078,
    "ETH_price": 3438.344482421875,
    "GOLD_spot_price": 3990.199951171875,
    "LEAN_HOGS_future": 80.75,
    "COPPER_future": 4.984000205993652,
    "High_Yield_Bond_ETF": 80.23500061035156,
    "LIVE_CATTLE_future": 220.52499389648438,
    "GOLD_near_month_future": 3990.39990234375,
    "NATURAL_GAS_future": 4.245999813079834,
    "PLATINUM_future": 1560.4000244140625,
    "SILVER_future": 48.01499938964844,
    "Long_Term_Treasury_ETF": 89.04000091552734,
    "CORN_future": 434.75,
    "SOYBEANS_future": 1130.0,
    "WHEAT_future": 553.75,
    "SP500_close": 6824.81982421875,
    "NASDAQ_close": 23591.66015625,
    "US_10Y_Treasury_Yield": 4.1570000648498535,
    "VIX_close": 17.40999984741211,
    "GOLD_basis_spot_vs_near": -0.199951171875,
    "China_10Y_Treasury_Yield": 1.7964
  }
}