{
  "latest_date": "2026-06-17",
  "latest_values": {
    "Shanghai_Composite_Index": 4091.89208984375,
    "CSI_300_Index": 4777.31982421875,
    "Shenzhen_Component_Index": 15675.25,
    "ALUMINUM_future": 3390.0,
    "BTC_price": 64081.87890625,
    "OIL_price": 75.3499984741211,
    "USD_CNY_exchange_rate": 6.757199764251709,
    "Commodity_Index_ETF": 27.727699279785156,
    "US_Dollar_Index": 100.56300354003906,
    "ETH_price": 1729.469970703125,
    "GOLD_spot_price": 4252.5,
    "LEAN_HOGS_future": 96.55000305175781,
    "COPPER_future": 6.334499835968018,
    "High_Yield_Bond_ETF": 79.75499725341797,
    "LIVE_CATTLE_future": 249.0500030517578,
    "GOLD_near_month_future": 4252.7998046875,
    "NATURAL_GAS_future": 3.180000066757202,
    "PLATINUM_future": 1723.5999755859375,
    "SILVER_future": 67.04499816894531,
    "Long_Term_Treasury_ETF": 86.2750015258789,
    "CORN_future": 421.25,
    "SOYBEANS_future": 1150.5,
    "WHEAT_future": 621.5,
    "SP500_close": 7406.8701171875,
    "NASDAQ_close": 25968.033203125,
    "US_10Y_Treasury_Yield": 4.463000297546387,
    "VIX_close": 18.190000534057617,
    "GOLD_basis_spot_vs_near": -0.2998046875,
    "China_10Y_Treasury_Yield": 1.727
  }
}