{
  "latest_date": "2026-03-17",
  "latest_values": {
    "Shanghai_Composite_Index": 4095.447998046875,
    "CSI_300_Index": 4669.14013671875,
    "Shenzhen_Component_Index": 14280.7802734375,
    "ALUMINUM_future": 3378.75,
    "BTC_price": 74391.828125,
    "OIL_price": 95.55999755859375,
    "USD_CNY_exchange_rate": 6.883699893951416,
    "Commodity_Index_ETF": 28.309999465942383,
    "ETH_price": 2316.973388671875,
    "GOLD_spot_price": 5041.7998046875,
    "LEAN_HOGS_future": 93.44999694824219,
    "COPPER_future": 5.833499908447266,
    "High_Yield_Bond_ETF": 79.44999694824219,
    "LIVE_CATTLE_future": 230.89999389648438,
    "GOLD_near_month_future": 5042.5,
    "NATURAL_GAS_future": 3.0220000743865967,
    "PLATINUM_future": 2158.199951171875,
    "SILVER_future": 82.49500274658203,
    "Long_Term_Treasury_ETF": 87.20999908447266,
    "CORN_future": 458.25,
    "SOYBEANS_future": 1162.0,
    "WHEAT_future": 604.75,
    "SP500_close": 6699.3798828125,
    "NASDAQ_close": 22374.177734375,
    "US_10Y_Treasury_Yield": 4.220000267028809,
    "VIX_close": 23.510000228881836,
    "GOLD_basis_spot_vs_near": -0.7001953125,
    "China_10Y_Treasury_Yield": 1.8312
  }
}