{
  "latest_date": "2026-05-13",
  "latest_values": {
    "Shanghai_Composite_Index": 4242.57177734375,
    "CSI_300_Index": 4998.341796875,
    "Shenzhen_Component_Index": 16089.7490234375,
    "ALUMINUM_future": 3645.0,
    "BTC_price": 78790.0,
    "OIL_price": 102.44999694824219,
    "USD_CNY_exchange_rate": 6.7947998046875,
    "Commodity_Index_ETF": 31.530000686645508,
    "US_Dollar_Index": 98.4739990234375,
    "ETH_price": 2233.300048828125,
    "GOLD_spot_price": 4704.89990234375,
    "LEAN_HOGS_future": 101.32499694824219,
    "COPPER_future": 6.684999942779541,
    "High_Yield_Bond_ETF": 79.84500122070312,
    "LIVE_CATTLE_future": 252.02499389648438,
    "GOLD_near_month_future": 4704.7001953125,
    "NATURAL_GAS_future": 2.878999948501587,
    "PLATINUM_future": 2203.199951171875,
    "SILVER_future": 89.33000183105469,
    "Long_Term_Treasury_ETF": 84.7249984741211,
    "CORN_future": 482.0,
    "SOYBEANS_future": 1229.25,
    "WHEAT_future": 680.0,
    "SP500_close": 7418.6201171875,
    "NASDAQ_close": 26269.48046875,
    "US_10Y_Treasury_Yield": 4.486999988555908,
    "VIX_close": 18.059999465942383,
    "GOLD_basis_spot_vs_near": 0.19970703125,
    "China_10Y_Treasury_Yield": 1.7514
  }
}