{
  "latest_date": "2026-02-25",
  "latest_values": {
    "Shanghai_Composite_Index": 4117.4091796875,
    "CSI_300_Index": 4707.5400390625,
    "Shenzhen_Component_Index": 14291.5703125,
    "ALUMINUM_future": 3076.75,
    "BTC_price": 65913.1015625,
    "OIL_price": 66.25,
    "USD_CNY_exchange_rate": 6.870800018310547,
    "Commodity_Index_ETF": 24.719999313354492,
    "US_Dollar_Index": 97.73500061035156,
    "ETH_price": 1921.1483154296875,
    "GOLD_spot_price": 5195.89990234375,
    "LEAN_HOGS_future": 95.80000305175781,
    "COPPER_future": 6.011499881744385,
    "High_Yield_Bond_ETF": 80.80999755859375,
    "LIVE_CATTLE_future": 239.1750030517578,
    "GOLD_near_month_future": 5195.7998046875,
    "NATURAL_GAS_future": 2.8389999866485596,
    "PLATINUM_future": 2233.10009765625,
    "SILVER_future": 89.18000030517578,
    "Long_Term_Treasury_ETF": 89.9000015258789,
    "CORN_future": 440.5,
    "SOYBEANS_future": 1163.75,
    "WHEAT_future": 574.75,
    "SP500_close": 6890.06982421875,
    "NASDAQ_close": 22863.6796875,
    "US_10Y_Treasury_Yield": 4.0329999923706055,
    "VIX_close": 19.549999237060547,
    "GOLD_basis_spot_vs_near": 0.10009765625,
    "China_10Y_Treasury_Yield": 1.8023
  }
}