{
  "latest_date": "2025-11-13",
  "latest_values": {
    "Shanghai_Composite_Index": 4029.501220703125,
    "CSI_300_Index": 4702.07373046875,
    "Shenzhen_Component_Index": 13240.6201171875,
    "ALUMINUM_future": 2852.0,
    "BTC_price": 101166.5703125,
    "OIL_price": 58.81999969482422,
    "USD_CNY_exchange_rate": 7.0945000648498535,
    "Commodity_Index_ETF": 23.084999084472656,
    "US_Dollar_Index": 99.0719985961914,
    "ETH_price": 3376.44775390625,
    "GOLD_spot_price": 4201.39990234375,
    "LEAN_HOGS_future": 78.69999694824219,
    "COPPER_future": 5.124499797821045,
    "High_Yield_Bond_ETF": 80.32499694824219,
    "LIVE_CATTLE_future": 222.35000610351562,
    "GOLD_near_month_future": 4201.60009765625,
    "NATURAL_GAS_future": 4.611000061035156,
    "PLATINUM_future": 1608.199951171875,
    "SILVER_future": 52.63999938964844,
    "Long_Term_Treasury_ETF": 89.80999755859375,
    "CORN_future": 438.75,
    "SOYBEANS_future": 1146.5,
    "WHEAT_future": 553.5,
    "SP500_close": 6773.4501953125,
    "NASDAQ_close": 22984.85546875,
    "US_10Y_Treasury_Yield": 4.104000091552734,
    "VIX_close": 18.989999771118164,
    "GOLD_basis_spot_vs_near": -0.2001953125,
    "China_10Y_Treasury_Yield": 1.8126
  }
}