{
  "latest_date": "2025-12-15",
  "latest_values": {
    "Shanghai_Composite_Index": 3873.318115234375,
    "CSI_300_Index": 4552.18994140625,
    "Shenzhen_Component_Index": 13147.3896484375,
    "ALUMINUM_future": 2871.0,
    "BTC_price": 89614.203125,
    "OIL_price": 57.70000076293945,
    "USD_CNY_exchange_rate": 7.049900054931641,
    "Commodity_Index_ETF": 22.920000076293945,
    "US_Dollar_Index": 98.3489990234375,
    "ETH_price": 3120.416748046875,
    "GOLD_spot_price": 4377.2998046875,
    "LEAN_HOGS_future": 84.5250015258789,
    "COPPER_future": 5.40500020980835,
    "High_Yield_Bond_ETF": 80.56999969482422,
    "LIVE_CATTLE_future": 229.5500030517578,
    "GOLD_near_month_future": 4377.0,
    "NATURAL_GAS_future": 4.160999774932861,
    "PLATINUM_future": 1821.300048828125,
    "SILVER_future": 63.279998779296875,
    "Long_Term_Treasury_ETF": 87.33999633789062,
    "CORN_future": 440.75,
    "SOYBEANS_future": 1075.75,
    "WHEAT_future": 527.0,
    "SP500_close": 6827.41015625,
    "NASDAQ_close": 23195.169921875,
    "US_10Y_Treasury_Yield": 4.193999767303467,
    "VIX_close": 15.739999771118164,
    "GOLD_basis_spot_vs_near": 0.2998046875,
    "China_10Y_Treasury_Yield": 1.8396
  }
}