{
  "latest_date": "2026-05-29",
  "latest_values": {
    "Shanghai_Composite_Index": 4093.72705078125,
    "CSI_300_Index": 4908.169921875,
    "Shenzhen_Component_Index": 15736.4697265625,
    "ALUMINUM_future": 3665.5,
    "BTC_price": 73649.5234375,
    "OIL_price": 88.12000274658203,
    "USD_CNY_exchange_rate": 6.778800010681152,
    "Commodity_Index_ETF": 29.719999313354492,
    "US_Dollar_Index": 99.00700378417969,
    "ETH_price": 2011.1199951171875,
    "GOLD_spot_price": 4524.2998046875,
    "LEAN_HOGS_future": 102.0,
    "COPPER_future": 6.413000106811523,
    "High_Yield_Bond_ETF": 80.2300033569336,
    "LIVE_CATTLE_future": 241.14999389648438,
    "GOLD_near_month_future": 4524.2998046875,
    "NATURAL_GAS_future": 3.2869999408721924,
    "PLATINUM_future": 1923.0,
    "SILVER_future": 75.98999786376953,
    "Long_Term_Treasury_ETF": 85.73999786376953,
    "CORN_future": 455.75,
    "SOYBEANS_future": 1195.5,
    "WHEAT_future": 621.0,
    "SP500_close": 7563.6298828125,
    "NASDAQ_close": 26917.470703125,
    "US_10Y_Treasury_Yield": 4.454999923706055,
    "VIX_close": 15.739999771118164,
    "GOLD_basis_spot_vs_near": 0.0,
    "China_10Y_Treasury_Yield": 1.7193
  }
}