{
  "latest_date": "2026-03-17",
  "latest_values": {
    "Shanghai_Composite_Index": 4084.785888671875,
    "CSI_300_Index": 4637.43896484375,
    "Shenzhen_Component_Index": 14307.580078125,
    "ALUMINUM_future": 3327.75,
    "BTC_price": 74070.9765625,
    "OIL_price": 93.8499984741211,
    "USD_CNY_exchange_rate": 6.886300086975098,
    "Commodity_Index_ETF": 28.6200008392334,
    "ETH_price": 2326.017822265625,
    "GOLD_spot_price": 5015.0,
    "LEAN_HOGS_future": 86.44999694824219,
    "COPPER_future": 5.768499851226807,
    "High_Yield_Bond_ETF": 79.7699966430664,
    "LIVE_CATTLE_future": 229.5,
    "GOLD_near_month_future": 5014.89990234375,
    "NATURAL_GAS_future": 3.0380001068115234,
    "PLATINUM_future": 2138.300048828125,
    "SILVER_future": 80.30999755859375,
    "Long_Term_Treasury_ETF": 87.5250015258789,
    "CORN_future": 450.5,
    "SOYBEANS_future": 1155.5,
    "WHEAT_future": 588.5,
    "SP500_close": 6732.7900390625,
    "NASDAQ_close": 22482.609375,
    "US_10Y_Treasury_Yield": 4.197000026702881,
    "VIX_close": 22.399999618530273,
    "GOLD_basis_spot_vs_near": 0.10009765625,
    "China_10Y_Treasury_Yield": 1.8314
  }
}