{
  "latest_date": "2026-07-15",
  "latest_values": {
    "Shanghai_Composite_Index": 3955.578125,
    "CSI_300_Index": 4786.78271484375,
    "Shenzhen_Component_Index": 14779.396484375,
    "ALUMINUM_future": 3326.75,
    "BTC_price": 65303.7109375,
    "OIL_price": 80.12000274658203,
    "USD_CNY_exchange_rate": 6.7795000076293945,
    "Commodity_Index_ETF": 28.700000762939453,
    "US_Dollar_Index": 100.83499908447266,
    "ETH_price": 1936.489990234375,
    "GOLD_spot_price": 4069.89990234375,
    "LEAN_HOGS_future": 95.0999984741211,
    "COPPER_future": 6.401000022888184,
    "High_Yield_Bond_ETF": 79.75,
    "LIVE_CATTLE_future": 231.4250030517578,
    "GOLD_near_month_future": 4069.89990234375,
    "NATURAL_GAS_future": 2.872999906539917,
    "PLATINUM_future": 1657.300048828125,
    "SILVER_future": 58.849998474121094,
    "Long_Term_Treasury_ETF": 84.1050033569336,
    "CORN_future": 464.5,
    "SOYBEANS_future": 1192.25,
    "WHEAT_future": 665.5,
    "SP500_close": 7572.47021484375,
    "NASDAQ_close": 26272.986328125,
    "US_10Y_Treasury_Yield": 4.568999767303467,
    "VIX_close": 16.170000076293945,
    "GOLD_basis_spot_vs_near": 0.0,
    "China_10Y_Treasury_Yield": 1.7406
  }
}