{
  "latest_date": "2025-11-07",
  "latest_values": {
    "Shanghai_Composite_Index": 3997.5556640625,
    "CSI_300_Index": 4678.79443359375,
    "Shenzhen_Component_Index": 13404.0556640625,
    "ALUMINUM_future": 2790.5,
    "BTC_price": 103328.625,
    "OIL_price": 59.83000183105469,
    "USD_CNY_exchange_rate": 7.121399879455566,
    "Commodity_Index_ETF": 22.88990020751953,
    "US_Dollar_Index": 99.5989990234375,
    "ETH_price": 3448.729736328125,
    "GOLD_spot_price": 4014.0,
    "LEAN_HOGS_future": 79.3499984741211,
    "COPPER_future": 4.958499908447266,
    "High_Yield_Bond_ETF": 80.25499725341797,
    "LIVE_CATTLE_future": 219.72500610351562,
    "GOLD_near_month_future": 4014.0,
    "PLATINUM_future": 1552.5,
    "SILVER_future": 48.28499984741211,
    "Long_Term_Treasury_ETF": 89.58769989013672,
    "CORN_future": 426.75,
    "SOYBEANS_future": 1117.25,
    "WHEAT_future": 527.0,
    "SP500_close": 6712.89990234375,
    "NASDAQ_close": 22938.375,
    "US_10Y_Treasury_Yield": 4.086999893188477,
    "VIX_close": 20.139999389648438,
    "GOLD_basis_spot_vs_near": 0.0,
    "China_10Y_Treasury_Yield": 1.8142
  }
}