{
  "latest_date": "2026-02-06",
  "latest_values": {
    "Shanghai_Composite_Index": 4075.9169921875,
    "CSI_300_Index": 4670.419921875,
    "Shenzhen_Component_Index": 13952.7099609375,
    "ALUMINUM_future": 2945.25,
    "BTC_price": 65500.12890625,
    "OIL_price": 63.66999816894531,
    "USD_CNY_exchange_rate": 6.938799858093262,
    "Commodity_Index_ETF": 23.760000228881836,
    "US_Dollar_Index": 97.77799987792969,
    "ETH_price": 1920.419921875,
    "GOLD_spot_price": 4837.60009765625,
    "LEAN_HOGS_future": 87.4000015258789,
    "COPPER_future": 5.749000072479248,
    "High_Yield_Bond_ETF": 80.52999877929688,
    "LIVE_CATTLE_future": 235.22500610351562,
    "GOLD_near_month_future": 4836.39990234375,
    "NATURAL_GAS_future": 3.5,
    "PLATINUM_future": 1950.300048828125,
    "SILVER_future": 72.68499755859375,
    "Long_Term_Treasury_ETF": 87.4800033569336,
    "CORN_future": 434.25,
    "SOYBEANS_future": 1107.0,
    "WHEAT_future": 533.0,
    "SP500_close": 6798.39990234375,
    "NASDAQ_close": 22540.58984375,
    "US_10Y_Treasury_Yield": 4.210000038146973,
    "VIX_close": 21.770000457763672,
    "GOLD_basis_spot_vs_near": 1.2001953125,
    "China_10Y_Treasury_Yield": 1.8169
  }
}