{
  "latest_date": "2026-05-11",
  "latest_values": {
    "Shanghai_Composite_Index": 4225.0205078125,
    "CSI_300_Index": 4951.83642578125,
    "Shenzhen_Component_Index": 15899.3017578125,
    "ALUMINUM_future": 3501.25,
    "BTC_price": 80991.5390625,
    "OIL_price": 97.83999633789062,
    "USD_CNY_exchange_rate": 6.801400184631348,
    "Commodity_Index_ETF": 30.299999237060547,
    "US_Dollar_Index": 97.9990005493164,
    "ETH_price": 2331.43994140625,
    "GOLD_spot_price": 4673.2998046875,
    "LEAN_HOGS_future": 90.875,
    "COPPER_future": 6.376500129699707,
    "High_Yield_Bond_ETF": 80.13999938964844,
    "LIVE_CATTLE_future": 248.89999389648438,
    "GOLD_near_month_future": 4673.0,
    "NATURAL_GAS_future": 2.809000015258789,
    "PLATINUM_future": 2057.300048828125,
    "SILVER_future": 81.05500030517578,
    "Long_Term_Treasury_ETF": 86.08000183105469,
    "CORN_future": 474.25,
    "SOYBEANS_future": 1221.75,
    "WHEAT_future": 625.25,
    "SP500_close": 7398.93017578125,
    "NASDAQ_close": 26247.080078125,
    "US_10Y_Treasury_Yield": 4.363999843597412,
    "VIX_close": 18.15999984741211,
    "GOLD_basis_spot_vs_near": 0.2998046875,
    "China_10Y_Treasury_Yield": 1.7622
  }
}