{
  "latest_date": "2025-11-05",
  "latest_values": {
    "Shanghai_Composite_Index": 3960.18603515625,
    "CSI_300_Index": 4618.7001953125,
    "Shenzhen_Component_Index": 13175.2197265625,
    "ALUMINUM_future": 2800.75,
    "BTC_price": 102002.0546875,
    "OIL_price": 60.5,
    "USD_CNY_exchange_rate": 7.127399921417236,
    "Commodity_Index_ETF": 22.889999389648438,
    "US_Dollar_Index": 100.14199829101562,
    "ETH_price": 3331.502197265625,
    "GOLD_spot_price": 3978.199951171875,
    "LEAN_HOGS_future": 79.82499694824219,
    "COPPER_future": 4.952499866485596,
    "High_Yield_Bond_ETF": 80.1500015258789,
    "LIVE_CATTLE_future": 227.39999389648438,
    "GOLD_near_month_future": 3978.199951171875,
    "NATURAL_GAS_future": 4.313000202178955,
    "PLATINUM_future": 1540.699951171875,
    "SILVER_future": 47.51499938964844,
    "Long_Term_Treasury_ETF": 89.94000244140625,
    "CORN_future": 430.25,
    "SOYBEANS_future": 1127.25,
    "WHEAT_future": 548.5,
    "SP500_close": 6771.5498046875,
    "NASDAQ_close": 23348.640625,
    "US_10Y_Treasury_Yield": 4.089000225067139,
    "VIX_close": 19.0,
    "GOLD_basis_spot_vs_near": 0.0,
    "China_10Y_Treasury_Yield": 1.7984
  }
}