{
  "latest_date": "2025-10-23",
  "latest_values": {
    "Shanghai_Composite_Index": 3922.41015625,
    "CSI_300_Index": 4606.3447265625,
    "Shenzhen_Component_Index": 13025.4462890625,
    "ALUMINUM_future": 2850.0,
    "BTC_price": 110461.3828125,
    "OIL_price": 61.7599983215332,
    "USD_CNY_exchange_rate": 7.121600151062012,
    "Commodity_Index_ETF": 22.857999801635742,
    "US_Dollar_Index": 98.94000244140625,
    "ETH_price": 3860.059326171875,
    "GOLD_spot_price": 4152.5,
    "LEAN_HOGS_future": 81.875,
    "COPPER_future": 5.100500106811523,
    "High_Yield_Bond_ETF": 80.84500122070312,
    "LIVE_CATTLE_future": 241.14999389648438,
    "GOLD_near_month_future": 4152.7998046875,
    "NATURAL_GAS_future": 3.315999984741211,
    "PLATINUM_future": 1599.5,
    "SILVER_future": 48.875,
    "Long_Term_Treasury_ETF": 91.52999877929688,
    "CORN_future": 427.75,
    "SOYBEANS_future": 1061.25,
    "WHEAT_future": 513.0,
    "SP500_close": 6747.77001953125,
    "NASDAQ_close": 22969.125,
    "US_10Y_Treasury_Yield": 3.993000030517578,
    "VIX_close": 17.09000015258789,
    "GOLD_basis_spot_vs_near": -0.2998046875,
    "China_10Y_Treasury_Yield": 1.8391
  }
}