{
  "latest_date": "2026-03-13",
  "latest_values": {
    "Shanghai_Composite_Index": 4129.10302734375,
    "CSI_300_Index": 4687.56005859375,
    "Shenzhen_Component_Index": 14374.8701171875,
    "ALUMINUM_future": 3446.75,
    "BTC_price": 71818.53125,
    "OIL_price": 95.38999938964844,
    "USD_CNY_exchange_rate": 6.895599842071533,
    "Commodity_Index_ETF": 28.860000610351562,
    "ETH_price": 2104.482421875,
    "GOLD_spot_price": 5100.0,
    "LEAN_HOGS_future": 94.3499984741211,
    "COPPER_future": 5.803500175476074,
    "High_Yield_Bond_ETF": 79.3499984741211,
    "LIVE_CATTLE_future": 231.25,
    "GOLD_near_month_future": 5100.2998046875,
    "NATURAL_GAS_future": 3.2829999923706055,
    "PLATINUM_future": 2076.39990234375,
    "SILVER_future": 82.93000030517578,
    "Long_Term_Treasury_ETF": 86.97000122070312,
    "CORN_future": 462.5,
    "SOYBEANS_future": 1217.5,
    "WHEAT_future": 600.0,
    "SP500_close": 6672.6201171875,
    "NASDAQ_close": 22311.98046875,
    "US_10Y_Treasury_Yield": 4.2729997634887695,
    "VIX_close": 27.3700008392334,
    "GOLD_basis_spot_vs_near": -0.2998046875,
    "China_10Y_Treasury_Yield": 1.8052
  }
}