{
  "latest_date": "2025-10-02",
  "latest_values": {
    "Shanghai_Composite_Index": 3882.777099609375,
    "CSI_300_Index": 4640.68994140625,
    "Shenzhen_Component_Index": 13526.509765625,
    "ALUMINUM_future": 2650.25,
    "BTC_price": 119302.234375,
    "OIL_price": 61.150001525878906,
    "USD_CNY_exchange_rate": 7.118500232696533,
    "Commodity_Index_ETF": 22.489999771118164,
    "US_Dollar_Index": 97.70700073242188,
    "ETH_price": 4406.75341796875,
    "GOLD_spot_price": 3912.800048828125,
    "LEAN_HOGS_future": 86.80000305175781,
    "COPPER_future": 4.957499980926514,
    "High_Yield_Bond_ETF": 80.95999908447266,
    "LIVE_CATTLE_future": 234.60000610351562,
    "GOLD_near_month_future": 3912.800048828125,
    "NATURAL_GAS_future": 3.5260000228881836,
    "PLATINUM_future": 1617.5999755859375,
    "SILVER_future": 47.689998626708984,
    "Long_Term_Treasury_ETF": 89.29000091552734,
    "CORN_future": 416.5,
    "SOYBEANS_future": 1011.75,
    "WHEAT_future": 512.0,
    "SP500_close": 6711.2001953125,
    "NASDAQ_close": 22755.16015625,
    "US_10Y_Treasury_Yield": 4.125,
    "VIX_close": 16.0,
    "GOLD_basis_spot_vs_near": 0.0,
    "China_10Y_Treasury_Yield": 1.8605
  }
}