{
  "latest_date": "2026-03-17",
  "latest_values": {
    "Shanghai_Composite_Index": 4095.447998046875,
    "CSI_300_Index": 4669.14013671875,
    "Shenzhen_Component_Index": 14280.7802734375,
    "ALUMINUM_future": 3362.5,
    "BTC_price": 75818.71875,
    "OIL_price": 95.95999908447266,
    "USD_CNY_exchange_rate": 6.8856000900268555,
    "Commodity_Index_ETF": 28.309999465942383,
    "ETH_price": 2365.41845703125,
    "GOLD_spot_price": 5011.2001953125,
    "LEAN_HOGS_future": 93.5,
    "COPPER_future": 5.828999996185303,
    "High_Yield_Bond_ETF": 79.44999694824219,
    "LIVE_CATTLE_future": 233.1999969482422,
    "GOLD_near_month_future": 5011.5,
    "NATURAL_GAS_future": 3.0369999408721924,
    "PLATINUM_future": 2101.199951171875,
    "SILVER_future": 80.5250015258789,
    "Long_Term_Treasury_ETF": 87.20999908447266,
    "CORN_future": 458.25,
    "SOYBEANS_future": 1161.0,
    "WHEAT_future": 605.25,
    "SP500_close": 6699.3798828125,
    "NASDAQ_close": 22374.177734375,
    "US_10Y_Treasury_Yield": 4.220000267028809,
    "VIX_close": 23.510000228881836,
    "GOLD_basis_spot_vs_near": -0.2998046875,
    "China_10Y_Treasury_Yield": 1.8312
  }
}