{
  "latest_date": "2026-07-09",
  "latest_values": {
    "Shanghai_Composite_Index": 3970.8798828125,
    "CSI_300_Index": 4842.169921875,
    "Shenzhen_Component_Index": 14939.73046875,
    "ALUMINUM_future": 3410.0,
    "BTC_price": 63094.05859375,
    "OIL_price": 71.87999725341797,
    "USD_CNY_exchange_rate": 6.802499771118164,
    "Commodity_Index_ETF": 27.579999923706055,
    "US_Dollar_Index": 100.93699645996094,
    "ETH_price": 1743.0699462890625,
    "GOLD_spot_price": 4133.39990234375,
    "LEAN_HOGS_future": 98.125,
    "COPPER_future": 6.245999813079834,
    "High_Yield_Bond_ETF": 79.75,
    "LIVE_CATTLE_future": 235.3000030517578,
    "GOLD_near_month_future": 4133.39990234375,
    "NATURAL_GAS_future": 3.009000062942505,
    "PLATINUM_future": 1625.0999755859375,
    "SILVER_future": 60.400001525878906,
    "Long_Term_Treasury_ETF": 84.48999786376953,
    "CORN_future": 451.75,
    "SOYBEANS_future": 1180.0,
    "WHEAT_future": 619.0,
    "SP500_close": 7543.64013671875,
    "NASDAQ_close": 26206.890625,
    "US_10Y_Treasury_Yield": 4.539000034332275,
    "VIX_close": 15.84000015258789,
    "GOLD_basis_spot_vs_near": 0.0,
    "China_10Y_Treasury_Yield": 1.7376
  }
}