{
  "latest_date": "2025-12-03",
  "latest_values": {
    "Shanghai_Composite_Index": 3877.99951171875,
    "CSI_300_Index": 4531.048828125,
    "Shenzhen_Component_Index": 12955.2529296875,
    "ALUMINUM_future": 2915.0,
    "BTC_price": 92911.6796875,
    "OIL_price": 59.119998931884766,
    "USD_CNY_exchange_rate": 7.0630998611450195,
    "Commodity_Index_ETF": 23.125,
    "US_Dollar_Index": 98.88999938964844,
    "ETH_price": 3133.575439453125,
    "GOLD_spot_price": 4236.7001953125,
    "LEAN_HOGS_future": 80.875,
    "COPPER_future": 5.393499851226807,
    "High_Yield_Bond_ETF": 80.70999908447266,
    "LIVE_CATTLE_future": 221.9499969482422,
    "GOLD_near_month_future": 4236.89990234375,
    "NATURAL_GAS_future": 5.00600004196167,
    "PLATINUM_future": 1673.5,
    "SILVER_future": 58.91999816894531,
    "Long_Term_Treasury_ETF": 89.05999755859375,
    "CORN_future": 432.0,
    "SOYBEANS_future": 1116.25,
    "WHEAT_future": 537.5,
    "SP500_close": 6849.72021484375,
    "NASDAQ_close": 23454.091796875,
    "US_10Y_Treasury_Yield": 4.057000160217285,
    "VIX_close": 16.059999465942383,
    "GOLD_basis_spot_vs_near": -0.19970703125,
    "China_10Y_Treasury_Yield": 1.8519
  }
}