{
  "latest_date": "2026-04-21",
  "latest_values": {
    "Shanghai_Composite_Index": 4085.07666015625,
    "CSI_300_Index": 4767.9970703125,
    "Shenzhen_Component_Index": 14982.1396484375,
    "ALUMINUM_future": 3510.5,
    "BTC_price": 75902.0,
    "OIL_price": 86.94000244140625,
    "USD_CNY_exchange_rate": 6.816999912261963,
    "Commodity_Index_ETF": 28.735000610351562,
    "US_Dollar_Index": 98.21900177001953,
    "ETH_price": 2305.919921875,
    "GOLD_spot_price": 4789.39990234375,
    "LEAN_HOGS_future": 94.2249984741211,
    "COPPER_future": 6.047500133514404,
    "High_Yield_Bond_ETF": 80.45999908447266,
    "LIVE_CATTLE_future": 249.60000610351562,
    "GOLD_near_month_future": 4789.7001953125,
    "NATURAL_GAS_future": 2.6730000972747803,
    "PLATINUM_future": 2079.0,
    "SILVER_future": 78.41500091552734,
    "Long_Term_Treasury_ETF": 86.94000244140625,
    "CORN_future": 461.5,
    "SOYBEANS_future": 1187.75,
    "WHEAT_future": 604.0,
    "SP500_close": 7114.2099609375,
    "NASDAQ_close": 24414.609375,
    "US_10Y_Treasury_Yield": 4.276000022888184,
    "VIX_close": 19.030000686645508,
    "GOLD_basis_spot_vs_near": -0.30029296875,
    "China_10Y_Treasury_Yield": 1.751
  }
}