{
  "latest_date": "2025-12-17",
  "latest_values": {
    "Shanghai_Composite_Index": 3824.81201171875,
    "CSI_300_Index": 4497.56005859375,
    "Shenzhen_Component_Index": 12914.669921875,
    "ALUMINUM_future": 2880.5,
    "BTC_price": 86405.25,
    "OIL_price": 55.959999084472656,
    "USD_CNY_exchange_rate": 7.0441999435424805,
    "Commodity_Index_ETF": 22.579999923706055,
    "US_Dollar_Index": 98.5469970703125,
    "ETH_price": 2923.516357421875,
    "GOLD_spot_price": 4347.2998046875,
    "LEAN_HOGS_future": 84.7750015258789,
    "COPPER_future": 5.392000198364258,
    "High_Yield_Bond_ETF": 80.66000366210938,
    "LIVE_CATTLE_future": 231.10000610351562,
    "GOLD_near_month_future": 4347.2001953125,
    "NATURAL_GAS_future": 3.9670000076293945,
    "PLATINUM_future": 1935.699951171875,
    "SILVER_future": 65.66999816894531,
    "Long_Term_Treasury_ETF": 87.87999725341797,
    "CORN_future": 437.5,
    "SOYBEANS_future": 1062.0,
    "WHEAT_future": 510.5,
    "SP500_close": 6800.259765625,
    "NASDAQ_close": 23111.4609375,
    "US_10Y_Treasury_Yield": 4.14900016784668,
    "VIX_close": 16.360000610351562,
    "GOLD_basis_spot_vs_near": 0.099609375,
    "China_10Y_Treasury_Yield": 1.8458
  }
}