{
  "latest_date": "2026-05-20",
  "latest_values": {
    "Shanghai_Composite_Index": 4162.1845703125,
    "CSI_300_Index": 4850.7001953125,
    "Shenzhen_Component_Index": 15569.978515625,
    "ALUMINUM_future": 3565.25,
    "BTC_price": 77043.859375,
    "OIL_price": 101.88999938964844,
    "USD_CNY_exchange_rate": 6.800000190734863,
    "Commodity_Index_ETF": 31.359899520874023,
    "US_Dollar_Index": 99.36799621582031,
    "ETH_price": 2118.010009765625,
    "GOLD_spot_price": 4493.0,
    "LEAN_HOGS_future": 101.7750015258789,
    "COPPER_future": 6.2769999504089355,
    "High_Yield_Bond_ETF": 79.47000122070312,
    "LIVE_CATTLE_future": 244.85000610351562,
    "GOLD_near_month_future": 4493.2001953125,
    "NATURAL_GAS_future": 3.072999954223633,
    "PLATINUM_future": 1937.300048828125,
    "SILVER_future": 75.3550033569336,
    "Long_Term_Treasury_ETF": 83.1500015258789,
    "CORN_future": 469.75,
    "SOYBEANS_future": 1203.0,
    "WHEAT_future": 669.0,
    "SP500_close": 7379.77001953125,
    "NASDAQ_close": 25987.4765625,
    "US_10Y_Treasury_Yield": 4.654999732971191,
    "VIX_close": 18.010000228881836,
    "GOLD_basis_spot_vs_near": -0.2001953125,
    "China_10Y_Treasury_Yield": 1.7382
  }
}