{
  "latest_date": "2026-02-11",
  "latest_values": {
    "Shanghai_Composite_Index": 4131.98486328125,
    "CSI_300_Index": 4713.818359375,
    "Shenzhen_Component_Index": 14210.6298828125,
    "ALUMINUM_future": 3053.25,
    "BTC_price": 66239.890625,
    "OIL_price": 65.20999908447266,
    "USD_CNY_exchange_rate": 6.9120001792907715,
    "Commodity_Index_ETF": 24.309999465942383,
    "US_Dollar_Index": 96.95899963378906,
    "ETH_price": 1918.82177734375,
    "GOLD_spot_price": 5097.2998046875,
    "LEAN_HOGS_future": 87.0,
    "COPPER_future": 5.9604997634887695,
    "High_Yield_Bond_ETF": 80.74500274658203,
    "LIVE_CATTLE_future": 240.1999969482422,
    "GOLD_near_month_future": 5097.2998046875,
    "NATURAL_GAS_future": 3.1600000858306885,
    "PLATINUM_future": 2146.39990234375,
    "SILVER_future": 83.625,
    "Long_Term_Treasury_ETF": 88.21499633789062,
    "CORN_future": 426.0,
    "SOYBEANS_future": 1116.25,
    "WHEAT_future": 529.0,
    "SP500_close": 6921.7998046875,
    "NASDAQ_close": 22948.65234375,
    "US_10Y_Treasury_Yield": 4.175999641418457,
    "VIX_close": 17.610000610351562,
    "GOLD_basis_spot_vs_near": 0.0,
    "China_10Y_Treasury_Yield": 1.7994
  }
}