{
  "latest_date": "2025-11-20",
  "latest_values": {
    "Shanghai_Composite_Index": 3946.741943359375,
    "CSI_300_Index": 4588.2900390625,
    "Shenzhen_Component_Index": 13080.08984375,
    "ALUMINUM_future": 2713.5,
    "BTC_price": 91795.6953125,
    "OIL_price": 59.36000061035156,
    "USD_CNY_exchange_rate": 7.114299774169922,
    "Commodity_Index_ETF": 22.899999618530273,
    "US_Dollar_Index": 100.26300048828125,
    "ETH_price": 3016.14599609375,
    "GOLD_spot_price": 4065.39990234375,
    "LEAN_HOGS_future": 78.67500305175781,
    "COPPER_future": 5.014500141143799,
    "High_Yield_Bond_ETF": 80.1500015258789,
    "LIVE_CATTLE_future": 216.1750030517578,
    "GOLD_near_month_future": 4065.5,
    "NATURAL_GAS_future": 4.526000022888184,
    "PLATINUM_future": 1552.699951171875,
    "SILVER_future": 50.76499938964844,
    "Long_Term_Treasury_ETF": 88.87999725341797,
    "CORN_future": 429.5,
    "SOYBEANS_future": 1133.0,
    "WHEAT_future": 550.75,
    "SP500_close": 6642.16015625,
    "NASDAQ_close": 22564.23046875,
    "US_10Y_Treasury_Yield": 4.132999897003174,
    "VIX_close": 23.65999984741211,
    "GOLD_basis_spot_vs_near": -0.10009765625,
    "China_10Y_Treasury_Yield": 1.8179
  }
}