{
  "latest_date": "2026-01-31",
  "latest_values": {
    "Shanghai_Composite_Index": 4117.9482421875,
    "CSI_300_Index": 4706.33984375,
    "Shenzhen_Component_Index": 14205.8896484375,
    "ALUMINUM_future": 3055.25,
    "BTC_price": 83980.171875,
    "OIL_price": 65.73999786376953,
    "USD_CNY_exchange_rate": 6.950500011444092,
    "Commodity_Index_ETF": 24.43000030517578,
    "US_Dollar_Index": 97.14700317382812,
    "ETH_price": 2699.07177734375,
    "GOLD_spot_price": 4907.5,
    "LEAN_HOGS_future": 95.25,
    "COPPER_future": 5.9670000076293945,
    "High_Yield_Bond_ETF": 81.12000274658203,
    "LIVE_CATTLE_future": 236.75,
    "GOLD_near_month_future": 4914.89990234375,
    "NATURAL_GAS_future": 4.415999889373779,
    "PLATINUM_future": 2178.199951171875,
    "SILVER_future": 85.25,
    "Long_Term_Treasury_ETF": 87.12999725341797,
    "CORN_future": 428.25,
    "SOYBEANS_future": 1064.25,
    "WHEAT_future": 538.5,
    "SP500_close": 6939.02978515625,
    "NASDAQ_close": 23461.8203125,
    "US_10Y_Treasury_Yield": 4.241000175476074,
    "VIX_close": 17.440000534057617,
    "GOLD_basis_spot_vs_near": -7.39990234375,
    "China_10Y_Treasury_Yield": 1.8112
  }
}