{
  "latest_date": "2026-03-20",
  "latest_values": {
    "Shanghai_Composite_Index": 4062.98388671875,
    "CSI_300_Index": 4658.330078125,
    "Shenzhen_Component_Index": 14187.7998046875,
    "ALUMINUM_future": 3192.25,
    "BTC_price": 70730.90625,
    "OIL_price": 95.33999633789062,
    "USD_CNY_exchange_rate": 6.888599872589111,
    "Commodity_Index_ETF": 28.84000015258789,
    "US_Dollar_Index": 99.4540023803711,
    "ETH_price": 2151.87841796875,
    "GOLD_spot_price": 4655.10009765625,
    "LEAN_HOGS_future": 92.05000305175781,
    "COPPER_future": 5.4664998054504395,
    "High_Yield_Bond_ETF": 79.66000366210938,
    "LIVE_CATTLE_future": 233.27499389648438,
    "GOLD_near_month_future": 4654.7998046875,
    "NATURAL_GAS_future": 3.128000020980835,
    "PLATINUM_future": 1946.800048828125,
    "SILVER_future": 71.95999908447266,
    "Long_Term_Treasury_ETF": 87.48999786376953,
    "CORN_future": 467.25,
    "SOYBEANS_future": 1169.75,
    "WHEAT_future": 603.0,
    "SP500_close": 6606.490234375,
    "NASDAQ_close": 22090.69140625,
    "US_10Y_Treasury_Yield": 4.281000137329102,
    "VIX_close": 25.209999084472656,
    "GOLD_basis_spot_vs_near": 0.30029296875,
    "China_10Y_Treasury_Yield": 1.8299
  }
}