{
  "latest_date": "2026-02-17",
  "latest_values": {
    "Shanghai_Composite_Index": 4082.072998046875,
    "CSI_300_Index": 4660.41015625,
    "Shenzhen_Component_Index": 14100.1904296875,
    "ALUMINUM_future": 3021.25,
    "BTC_price": 68051.1484375,
    "OIL_price": 63.68000030517578,
    "USD_CNY_exchange_rate": 6.903200149536133,
    "Commodity_Index_ETF": 23.8799991607666,
    "US_Dollar_Index": 97.24700164794922,
    "ETH_price": 1972.7725830078125,
    "GOLD_spot_price": 4949.39990234375,
    "LEAN_HOGS_future": 86.9749984741211,
    "COPPER_future": 5.697500228881836,
    "High_Yield_Bond_ETF": 80.8499984741211,
    "LIVE_CATTLE_future": 242.9250030517578,
    "GOLD_near_month_future": 4949.39990234375,
    "NATURAL_GAS_future": 3.1480000019073486,
    "PLATINUM_future": 2008.4000244140625,
    "SILVER_future": 74.44000244140625,
    "Long_Term_Treasury_ETF": 89.72000122070312,
    "CORN_future": 429.25,
    "SOYBEANS_future": 1146.75,
    "WHEAT_future": 542.0,
    "SP500_close": 6836.169921875,
    "NASDAQ_close": 22546.669921875,
    "US_10Y_Treasury_Yield": 4.056000232696533,
    "VIX_close": 21.799999237060547,
    "GOLD_basis_spot_vs_near": 0.0,
    "China_10Y_Treasury_Yield": 1.7899
  }
}