{
  "latest_date": "2026-02-26",
  "latest_values": {
    "Shanghai_Composite_Index": 4146.630859375,
    "CSI_300_Index": 4726.8740234375,
    "Shenzhen_Component_Index": 14503.7861328125,
    "ALUMINUM_future": 3094.75,
    "BTC_price": 67435.4453125,
    "OIL_price": 65.45999908447266,
    "USD_CNY_exchange_rate": 6.840400218963623,
    "Commodity_Index_ETF": 24.760000228881836,
    "US_Dollar_Index": 97.79399871826172,
    "ETH_price": 2030.8936767578125,
    "GOLD_spot_price": 5202.2001953125,
    "LEAN_HOGS_future": 95.6500015258789,
    "COPPER_future": 6.025000095367432,
    "High_Yield_Bond_ETF": 80.8499984741211,
    "LIVE_CATTLE_future": 236.97500610351562,
    "GOLD_near_month_future": 5201.7998046875,
    "NATURAL_GAS_future": 2.8369998931884766,
    "PLATINUM_future": 2287.300048828125,
    "SILVER_future": 88.86499786376953,
    "Long_Term_Treasury_ETF": 90.2699966430664,
    "CORN_future": 443.75,
    "SOYBEANS_future": 1163.0,
    "WHEAT_future": 574.0,
    "SP500_close": 6908.85986328125,
    "NASDAQ_close": 22878.3828125,
    "US_10Y_Treasury_Yield": 4.0169997215271,
    "VIX_close": 18.6299991607666,
    "GOLD_basis_spot_vs_near": 0.400390625,
    "China_10Y_Treasury_Yield": 1.8288
  }
}