{
  "latest_date": "2025-11-11",
  "latest_values": {
    "Shanghai_Composite_Index": 4002.757568359375,
    "CSI_300_Index": 4652.16552734375,
    "Shenzhen_Component_Index": 13289.0048828125,
    "ALUMINUM_future": 2809.5,
    "BTC_price": 103190.4140625,
    "OIL_price": 60.959999084472656,
    "USD_CNY_exchange_rate": 7.116300106048584,
    "Commodity_Index_ETF": 23.289899826049805,
    "US_Dollar_Index": 99.37999725341797,
    "ETH_price": 3463.032958984375,
    "GOLD_spot_price": 4120.2998046875,
    "LEAN_HOGS_future": 82.3499984741211,
    "COPPER_future": 5.067999839782715,
    "High_Yield_Bond_ETF": 80.70999908447266,
    "LIVE_CATTLE_future": 226.27499389648438,
    "GOLD_near_month_future": 4120.5,
    "NATURAL_GAS_future": 4.551000118255615,
    "PLATINUM_future": 1598.699951171875,
    "SILVER_future": 50.88999938964844,
    "Long_Term_Treasury_ETF": 89.91500091552734,
    "CORN_future": 432.5,
    "SOYBEANS_future": 1128.5,
    "WHEAT_future": 537.25,
    "SP500_close": 6849.169921875,
    "NASDAQ_close": 23489.8671875,
    "US_10Y_Treasury_Yield": 4.119999885559082,
    "VIX_close": 17.399999618530273,
    "GOLD_basis_spot_vs_near": -0.2001953125,
    "China_10Y_Treasury_Yield": 1.8119
  }
}