{
  "latest_date": "2026-03-24",
  "latest_values": {
    "Shanghai_Composite_Index": 3813.282958984375,
    "CSI_300_Index": 4418.0,
    "Shenzhen_Component_Index": 13345.509765625,
    "ALUMINUM_future": 3076.0,
    "BTC_price": 70358.6640625,
    "OIL_price": 91.8499984741211,
    "USD_CNY_exchange_rate": 6.8927998542785645,
    "Commodity_Index_ETF": 27.75,
    "US_Dollar_Index": 99.43399810791016,
    "ETH_price": 2135.085693359375,
    "GOLD_spot_price": 4339.2001953125,
    "LEAN_HOGS_future": 90.80000305175781,
    "COPPER_future": 5.393499851226807,
    "High_Yield_Bond_ETF": 79.44000244140625,
    "LIVE_CATTLE_future": 235.3000030517578,
    "GOLD_near_month_future": 4338.5,
    "NATURAL_GAS_future": 2.934000015258789,
    "PLATINUM_future": 1831.5999755859375,
    "SILVER_future": 66.9749984741211,
    "Long_Term_Treasury_ETF": 86.38500213623047,
    "CORN_future": 462.25,
    "SOYBEANS_future": 1164.5,
    "WHEAT_future": 593.25,
    "SP500_close": 6581.0,
    "NASDAQ_close": 21946.759765625,
    "US_10Y_Treasury_Yield": 4.334000110626221,
    "VIX_close": 26.149999618530273,
    "GOLD_basis_spot_vs_near": 0.7001953125,
    "China_10Y_Treasury_Yield": 1.8316
  }
}