{
  "latest_date": "2026-03-23",
  "latest_values": {
    "Shanghai_Composite_Index": 3957.052978515625,
    "CSI_300_Index": 4567.02001953125,
    "Shenzhen_Component_Index": 13866.2001953125,
    "ALUMINUM_future": 3102.0,
    "BTC_price": 68465.0625,
    "OIL_price": 98.76000213623047,
    "USD_CNY_exchange_rate": 6.9095001220703125,
    "Commodity_Index_ETF": 28.940000534057617,
    "US_Dollar_Index": 99.68099975585938,
    "ETH_price": 2067.94287109375,
    "GOLD_spot_price": 4364.0,
    "LEAN_HOGS_future": 104.4749984741211,
    "COPPER_future": 5.304999828338623,
    "High_Yield_Bond_ETF": 78.91999816894531,
    "LIVE_CATTLE_future": 233.4250030517578,
    "GOLD_near_month_future": 4363.5,
    "NATURAL_GAS_future": 3.052999973297119,
    "PLATINUM_future": 1828.5999755859375,
    "SILVER_future": 65.30500030517578,
    "Long_Term_Treasury_ETF": 85.83000183105469,
    "CORN_future": 469.0,
    "SOYBEANS_future": 1165.0,
    "WHEAT_future": 601.75,
    "SP500_close": 6506.47998046875,
    "NASDAQ_close": 21647.611328125,
    "US_10Y_Treasury_Yield": 4.390999794006348,
    "VIX_close": 26.780000686645508,
    "GOLD_basis_spot_vs_near": 0.5,
    "China_10Y_Treasury_Yield": 1.8299
  }
}