{
  "latest_date": "2026-06-22",
  "latest_values": {
    "Shanghai_Composite_Index": 4163.0966796875,
    "CSI_300_Index": 5059.658203125,
    "Shenzhen_Component_Index": 16372.4990234375,
    "ALUMINUM_future": 3475.25,
    "BTC_price": 64991.0390625,
    "OIL_price": 74.5199966430664,
    "USD_CNY_exchange_rate": 6.768599987030029,
    "Commodity_Index_ETF": 27.6299991607666,
    "US_Dollar_Index": 100.86000061035156,
    "ETH_price": 1761.75,
    "GOLD_spot_price": 4211.10009765625,
    "LEAN_HOGS_future": 95.0250015258789,
    "COPPER_future": 6.375999927520752,
    "High_Yield_Bond_ETF": 80.01000213623047,
    "LIVE_CATTLE_future": 254.8000030517578,
    "GOLD_near_month_future": 4211.2001953125,
    "NATURAL_GAS_future": 3.2679998874664307,
    "PLATINUM_future": 1681.5999755859375,
    "SILVER_future": 66.30500030517578,
    "Long_Term_Treasury_ETF": 86.75,
    "CORN_future": 414.75,
    "SOYBEANS_future": 1145.5,
    "WHEAT_future": 609.25,
    "SP500_close": 7500.580078125,
    "NASDAQ_close": 26517.9296875,
    "US_10Y_Treasury_Yield": 4.488999843597412,
    "VIX_close": 17.09000015258789,
    "GOLD_basis_spot_vs_near": -0.10009765625,
    "China_10Y_Treasury_Yield": 1.7375
  }
}