{
  "latest_date": "2026-03-31",
  "latest_values": {
    "Shanghai_Composite_Index": 3891.860595703125,
    "CSI_300_Index": 4450.04931640625,
    "Shenzhen_Component_Index": 13478.0556640625,
    "ALUMINUM_future": 3415.25,
    "BTC_price": 66773.953125,
    "OIL_price": 103.12999725341797,
    "USD_CNY_exchange_rate": 6.911600112915039,
    "Commodity_Index_ETF": 29.285499572753906,
    "US_Dollar_Index": 100.12899780273438,
    "ETH_price": 2061.627685546875,
    "GOLD_spot_price": 4613.60009765625,
    "LEAN_HOGS_future": 90.4749984741211,
    "COPPER_future": 5.546500205993652,
    "High_Yield_Bond_ETF": 79.20500183105469,
    "LIVE_CATTLE_future": 239.5500030517578,
    "GOLD_near_month_future": 4613.60009765625,
    "NATURAL_GAS_future": 2.9670000076293945,
    "PLATINUM_future": 1916.4000244140625,
    "SILVER_future": 73.07499694824219,
    "Long_Term_Treasury_ETF": 86.90499877929688,
    "CORN_future": 454.25,
    "SOYBEANS_future": 1163.75,
    "WHEAT_future": 610.0,
    "SP500_close": 6420.64013671875,
    "NASDAQ_close": 21118.71484375,
    "US_10Y_Treasury_Yield": 4.302999973297119,
    "VIX_close": 28.079999923706055,
    "GOLD_basis_spot_vs_near": 0.0,
    "China_10Y_Treasury_Yield": 1.8171
  }
}