{
  "latest_date": "2025-09-26",
  "latest_values": {
    "Shanghai_Composite_Index": 3853.302001953125,
    "CSI_300_Index": 4593.490234375,
    "Shenzhen_Component_Index": 13445.900390625,
    "ALUMINUM_future": 2590.25,
    "BTC_price": 109604.9921875,
    "OIL_price": 65.20999908447266,
    "USD_CNY_exchange_rate": 7.131499767303467,
    "Commodity_Index_ETF": 22.799999237060547,
    "US_Dollar_Index": 98.375,
    "ETH_price": 3963.6171875,
    "GOLD_spot_price": 3774.89990234375,
    "LEAN_HOGS_future": 100.125,
    "COPPER_future": 4.7870001792907715,
    "High_Yield_Bond_ETF": 80.91999816894531,
    "LIVE_CATTLE_future": 236.0500030517578,
    "GOLD_near_month_future": 3774.800048828125,
    "NATURAL_GAS_future": 3.2190001010894775,
    "PLATINUM_future": 1556.300048828125,
    "SILVER_future": 45.10499954223633,
    "Long_Term_Treasury_ETF": 88.9800033569336,
    "CORN_future": 425.25,
    "SOYBEANS_future": 1011.0,
    "WHEAT_future": 525.75,
    "SP500_close": 6604.72021484375,
    "NASDAQ_close": 22384.69921875,
    "US_10Y_Treasury_Yield": 4.171999931335449,
    "VIX_close": 16.739999771118164,
    "GOLD_basis_spot_vs_near": 0.099853515625,
    "China_10Y_Treasury_Yield": 1.884
  }
}