{
  "latest_date": "2025-11-18",
  "latest_values": {
    "Shanghai_Composite_Index": 3939.81298828125,
    "CSI_300_Index": 4568.19287109375,
    "Shenzhen_Component_Index": 13202.0,
    "ALUMINUM_future": 2737.25,
    "BTC_price": 90993.53125,
    "OIL_price": 59.5099983215332,
    "USD_CNY_exchange_rate": 7.1072998046875,
    "Commodity_Index_ETF": 22.899999618530273,
    "US_Dollar_Index": 99.4749984741211,
    "ETH_price": 3035.418212890625,
    "GOLD_spot_price": 4067.10009765625,
    "LEAN_HOGS_future": 79.4749984741211,
    "COPPER_future": 4.979499816894531,
    "High_Yield_Bond_ETF": 80.04499816894531,
    "LIVE_CATTLE_future": 220.9250030517578,
    "GOLD_near_month_future": 4067.300048828125,
    "NATURAL_GAS_future": 4.256999969482422,
    "PLATINUM_future": 1535.699951171875,
    "SILVER_future": 50.349998474121094,
    "Long_Term_Treasury_ETF": 89.37000274658203,
    "CORN_future": 435.25,
    "SOYBEANS_future": 1150.5,
    "WHEAT_future": 555.0,
    "SP500_close": 6597.0498046875,
    "NASDAQ_close": 22334.80859375,
    "US_10Y_Treasury_Yield": 4.095999717712402,
    "VIX_close": 24.440000534057617,
    "GOLD_basis_spot_vs_near": -0.199951171875,
    "China_10Y_Treasury_Yield": 1.8121
  }
}