{
  "latest_date": "2025-09-26",
  "latest_values": {
    "Shanghai_Composite_Index": 3853.302001953125,
    "CSI_300_Index": 4593.490234375,
    "Shenzhen_Component_Index": 13445.900390625,
    "ALUMINUM_future": 2602.25,
    "BTC_price": 109286.671875,
    "OIL_price": 64.70999908447266,
    "USD_CNY_exchange_rate": 7.131499767303467,
    "Commodity_Index_ETF": 22.799999237060547,
    "US_Dollar_Index": 98.40599822998047,
    "ETH_price": 3895.58837890625,
    "GOLD_spot_price": 3782.699951171875,
    "LEAN_HOGS_future": 89.94999694824219,
    "COPPER_future": 4.747000217437744,
    "High_Yield_Bond_ETF": 80.91999816894531,
    "LIVE_CATTLE_future": 236.0500030517578,
    "GOLD_near_month_future": 3782.5,
    "NATURAL_GAS_future": 3.2179999351501465,
    "PLATINUM_future": 1573.5999755859375,
    "SILVER_future": 45.404998779296875,
    "Long_Term_Treasury_ETF": 88.9800033569336,
    "CORN_future": 425.0,
    "SOYBEANS_future": 1011.0,
    "WHEAT_future": 524.0,
    "SP500_close": 6604.72021484375,
    "NASDAQ_close": 22384.69921875,
    "US_10Y_Treasury_Yield": 4.171999931335449,
    "VIX_close": 16.90999984741211,
    "GOLD_basis_spot_vs_near": 0.199951171875,
    "China_10Y_Treasury_Yield": 1.8768
  }
}