{
  "latest_date": "2026-05-08",
  "latest_values": {
    "Shanghai_Composite_Index": 4180.091796875,
    "CSI_300_Index": 4900.509765625,
    "Shenzhen_Component_Index": 15641.8896484375,
    "ALUMINUM_future": 3460.5,
    "BTC_price": 80249.9921875,
    "OIL_price": 94.86000061035156,
    "USD_CNY_exchange_rate": 6.810999870300293,
    "Commodity_Index_ETF": 30.299999237060547,
    "US_Dollar_Index": 97.87300109863281,
    "ETH_price": 2312.330078125,
    "GOLD_spot_price": 4726.89990234375,
    "LEAN_HOGS_future": 98.82499694824219,
    "COPPER_future": 6.28849983215332,
    "High_Yield_Bond_ETF": 80.13999938964844,
    "LIVE_CATTLE_future": 249.1750030517578,
    "GOLD_near_month_future": 4727.0,
    "NATURAL_GAS_future": 2.746000051498413,
    "PLATINUM_future": 2067.5,
    "SILVER_future": 80.91000366210938,
    "Long_Term_Treasury_ETF": 86.08000183105469,
    "CORN_future": 471.0,
    "SOYBEANS_future": 1206.25,
    "WHEAT_future": 620.0,
    "SP500_close": 7398.93017578125,
    "NASDAQ_close": 26247.076171875,
    "US_10Y_Treasury_Yield": 4.363999843597412,
    "VIX_close": 17.15999984741211,
    "GOLD_basis_spot_vs_near": -0.10009765625,
    "China_10Y_Treasury_Yield": 1.7648
  }
}