{
  "latest_date": "2025-12-19",
  "latest_values": {
    "Shanghai_Composite_Index": 3876.37109375,
    "CSI_300_Index": 4552.7900390625,
    "Shenzhen_Component_Index": 13053.9697265625,
    "ALUMINUM_future": 2938.75,
    "BTC_price": 87997.65625,
    "OIL_price": 56.2400016784668,
    "USD_CNY_exchange_rate": 7.040500164031982,
    "Commodity_Index_ETF": 22.690000534057617,
    "US_Dollar_Index": 98.68499755859375,
    "ETH_price": 2954.762939453125,
    "GOLD_spot_price": 4357.7001953125,
    "LEAN_HOGS_future": 84.07499694824219,
    "COPPER_future": 5.501500129699707,
    "High_Yield_Bond_ETF": 80.77999877929688,
    "LIVE_CATTLE_future": 228.52499389648438,
    "GOLD_near_month_future": 4357.5,
    "NATURAL_GAS_future": 3.927999973297119,
    "PLATINUM_future": 1971.199951171875,
    "SILVER_future": 65.94499969482422,
    "Long_Term_Treasury_ETF": 88.22000122070312,
    "CORN_future": 443.75,
    "SOYBEANS_future": 1060.0,
    "WHEAT_future": 506.5,
    "SP500_close": 6774.759765625,
    "NASDAQ_close": 23006.359375,
    "US_10Y_Treasury_Yield": 4.116000175476074,
    "VIX_close": 16.34000015258789,
    "GOLD_basis_spot_vs_near": 0.2001953125,
    "China_10Y_Treasury_Yield": 1.8308
  }
}