{
  "latest_date": "2025-12-12",
  "latest_values": {
    "Shanghai_Composite_Index": 3889.345703125,
    "CSI_300_Index": 4580.9501953125,
    "Shenzhen_Component_Index": 13258.328125,
    "ALUMINUM_future": 2860.25,
    "BTC_price": 90158.921875,
    "OIL_price": 57.540000915527344,
    "USD_CNY_exchange_rate": 7.053999900817871,
    "Commodity_Index_ETF": 22.915000915527344,
    "US_Dollar_Index": 98.35600280761719,
    "ETH_price": 3075.12060546875,
    "GOLD_spot_price": 4326.89990234375,
    "LEAN_HOGS_future": 84.55000305175781,
    "COPPER_future": 5.361000061035156,
    "High_Yield_Bond_ETF": 80.62999725341797,
    "LIVE_CATTLE_future": 229.4250030517578,
    "GOLD_near_month_future": 4327.10009765625,
    "NATURAL_GAS_future": 4.1579999923706055,
    "PLATINUM_future": 1764.9000244140625,
    "SILVER_future": 61.834999084472656,
    "Long_Term_Treasury_ETF": 87.32469940185547,
    "CORN_future": 440.25,
    "SOYBEANS_future": 1077.25,
    "WHEAT_future": 529.75,
    "SP500_close": 6832.72998046875,
    "NASDAQ_close": 23244.369140625,
    "US_10Y_Treasury_Yield": 4.193999767303467,
    "VIX_close": 15.819999694824219,
    "GOLD_basis_spot_vs_near": -0.2001953125,
    "China_10Y_Treasury_Yield": 1.8396
  }
}