{
  "latest_date": "2026-07-20",
  "latest_values": {
    "Shanghai_Composite_Index": 3764.155029296875,
    "CSI_300_Index": 4529.10009765625,
    "Shenzhen_Component_Index": 13706.8798828125,
    "ALUMINUM_future": 3448.75,
    "BTC_price": 65351.21875,
    "OIL_price": 81.80000305175781,
    "USD_CNY_exchange_rate": 6.772500038146973,
    "Commodity_Index_ETF": 29.110000610351562,
    "US_Dollar_Index": 100.95600128173828,
    "ETH_price": 1897.050048828125,
    "GOLD_spot_price": 4015.0,
    "LEAN_HOGS_future": 87.92500305175781,
    "COPPER_future": 6.347499847412109,
    "High_Yield_Bond_ETF": 79.69999694824219,
    "LIVE_CATTLE_future": 222.77499389648438,
    "GOLD_near_month_future": 4015.0,
    "NATURAL_GAS_future": 2.8459999561309814,
    "PLATINUM_future": 1604.699951171875,
    "SILVER_future": 57.095001220703125,
    "Long_Term_Treasury_ETF": 83.84500122070312,
    "CORN_future": 472.75,
    "SOYBEANS_future": 1226.25,
    "WHEAT_future": 674.25,
    "SP500_close": 7464.02001953125,
    "NASDAQ_close": 25609.12890625,
    "US_10Y_Treasury_Yield": 4.6020002365112305,
    "VIX_close": 18.020000457763672,
    "GOLD_basis_spot_vs_near": 0.0,
    "China_10Y_Treasury_Yield": 1.7453
  }
}