{
  "latest_date": "2025-09-25",
  "latest_values": {
    "Shanghai_Composite_Index": 3853.302001953125,
    "CSI_300_Index": 4593.4873046875,
    "Shenzhen_Component_Index": 13356.1396484375,
    "ALUMINUM_future": 2576.0,
    "BTC_price": 111464.4296875,
    "OIL_price": 64.2300033569336,
    "USD_CNY_exchange_rate": 7.111599922180176,
    "Commodity_Index_ETF": 22.639999389648438,
    "US_Dollar_Index": 98.38300323486328,
    "ETH_price": 4010.12744140625,
    "GOLD_spot_price": 3759.0,
    "LEAN_HOGS_future": 90.67500305175781,
    "COPPER_future": 4.760000228881836,
    "High_Yield_Bond_ETF": 80.9749984741211,
    "LIVE_CATTLE_future": 236.47500610351562,
    "GOLD_near_month_future": 3758.60009765625,
    "NATURAL_GAS_future": 2.944000005722046,
    "PLATINUM_future": 1526.5,
    "SILVER_future": 44.88999938964844,
    "Long_Term_Treasury_ETF": 88.68000030517578,
    "CORN_future": 428.0,
    "SOYBEANS_future": 1014.0,
    "WHEAT_future": 525.25,
    "SP500_close": 6606.5400390625,
    "NASDAQ_close": 22379.111328125,
    "US_10Y_Treasury_Yield": 4.186999797821045,
    "VIX_close": 16.770000457763672,
    "GOLD_basis_spot_vs_near": 0.39990234375,
    "China_10Y_Treasury_Yield": 1.884
  }
}