{
  "latest_date": "2026-06-30",
  "latest_values": {
    "Shanghai_Composite_Index": 4073.902099609375,
    "CSI_300_Index": 4868.22021484375,
    "Shenzhen_Component_Index": 15812.8701171875,
    "ALUMINUM_future": 3266.0,
    "BTC_price": 58438.62890625,
    "OIL_price": 69.94999694824219,
    "USD_CNY_exchange_rate": 6.797999858856201,
    "Commodity_Index_ETF": 26.65999984741211,
    "US_Dollar_Index": 101.21800231933594,
    "ETH_price": 1570.3900146484375,
    "GOLD_spot_price": 4045.60009765625,
    "LEAN_HOGS_future": 98.07499694824219,
    "COPPER_future": 6.265999794006348,
    "High_Yield_Bond_ETF": 80.0250015258789,
    "LIVE_CATTLE_future": 242.125,
    "GOLD_near_month_future": 4045.60009765625,
    "NATURAL_GAS_future": 3.322999954223633,
    "PLATINUM_future": 1570.4000244140625,
    "SILVER_future": 60.20500183105469,
    "Long_Term_Treasury_ETF": 86.95099639892578,
    "CORN_future": 434.75,
    "SOYBEANS_future": 1144.75,
    "WHEAT_future": 592.75,
    "SP500_close": 7498.22021484375,
    "NASDAQ_close": 26191.806640625,
    "US_10Y_Treasury_Yield": 4.4019999504089355,
    "VIX_close": 16.700000762939453,
    "GOLD_basis_spot_vs_near": 0.0,
    "China_10Y_Treasury_Yield": 1.733
  }
}