{
  "latest_date": "2025-11-10",
  "latest_values": {
    "Shanghai_Composite_Index": 4018.59716796875,
    "CSI_300_Index": 4695.05078125,
    "Shenzhen_Component_Index": 13427.6123046875,
    "ALUMINUM_future": 2867.0,
    "BTC_price": 106058.2734375,
    "OIL_price": 60.04999923706055,
    "USD_CNY_exchange_rate": 7.11929988861084,
    "Commodity_Index_ETF": 23.149999618530273,
    "US_Dollar_Index": 99.62200164794922,
    "ETH_price": 3573.81689453125,
    "GOLD_spot_price": 4123.39990234375,
    "LEAN_HOGS_future": 82.375,
    "COPPER_future": 5.0995001792907715,
    "High_Yield_Bond_ETF": 80.5999984741211,
    "LIVE_CATTLE_future": 228.375,
    "GOLD_near_month_future": 4123.0,
    "NATURAL_GAS_future": 4.375,
    "PLATINUM_future": 1596.800048828125,
    "SILVER_future": 50.404998779296875,
    "Long_Term_Treasury_ETF": 89.55000305175781,
    "CORN_future": 429.25,
    "SOYBEANS_future": 1127.5,
    "WHEAT_future": 535.5,
    "SP500_close": 6832.43017578125,
    "NASDAQ_close": 23527.173828125,
    "US_10Y_Treasury_Yield": 4.109999656677246,
    "VIX_close": 17.600000381469727,
    "GOLD_basis_spot_vs_near": 0.39990234375,
    "China_10Y_Treasury_Yield": 1.8139
  }
}