{
  "latest_date": "2026-02-24",
  "latest_values": {
    "Shanghai_Composite_Index": 4117.40869140625,
    "CSI_300_Index": 4707.5439453125,
    "Shenzhen_Component_Index": 14291.5654296875,
    "ALUMINUM_future": 3056.25,
    "BTC_price": 64120.8828125,
    "OIL_price": 66.08999633789062,
    "USD_CNY_exchange_rate": 6.882500171661377,
    "Commodity_Index_ETF": 24.719999313354492,
    "US_Dollar_Index": 97.87799835205078,
    "ETH_price": 1852.8612060546875,
    "GOLD_spot_price": 5159.39990234375,
    "LEAN_HOGS_future": 95.80000305175781,
    "COPPER_future": 5.956999778747559,
    "High_Yield_Bond_ETF": 80.80999755859375,
    "LIVE_CATTLE_future": 239.1750030517578,
    "GOLD_near_month_future": 5159.89990234375,
    "NATURAL_GAS_future": 2.8410000801086426,
    "PLATINUM_future": 2178.60009765625,
    "SILVER_future": 87.125,
    "Long_Term_Treasury_ETF": 89.9000015258789,
    "CORN_future": 439.0,
    "SOYBEANS_future": 1154.5,
    "WHEAT_future": 572.75,
    "SP500_close": 6890.06982421875,
    "NASDAQ_close": 22863.681640625,
    "US_10Y_Treasury_Yield": 4.0329999923706055,
    "VIX_close": 19.549999237060547,
    "GOLD_basis_spot_vs_near": -0.5,
    "China_10Y_Treasury_Yield": 1.8023
  }
}