{
  "latest_date": "2026-03-12",
  "latest_values": {
    "Shanghai_Composite_Index": 4133.43310546875,
    "CSI_300_Index": 4704.5,
    "Shenzhen_Component_Index": 14465.41015625,
    "ALUMINUM_future": 3431.75,
    "BTC_price": 69285.3671875,
    "OIL_price": 93.51000213623047,
    "USD_CNY_exchange_rate": 6.8796000480651855,
    "Commodity_Index_ETF": 28.1299991607666,
    "US_Dollar_Index": 99.48300170898438,
    "ETH_price": 2020.5316162109375,
    "GOLD_spot_price": 5150.5,
    "LEAN_HOGS_future": 95.19999694824219,
    "COPPER_future": 5.828499794006348,
    "High_Yield_Bond_ETF": 79.86000061035156,
    "LIVE_CATTLE_future": 230.14999389648438,
    "GOLD_near_month_future": 5150.39990234375,
    "NATURAL_GAS_future": 3.259999990463257,
    "PLATINUM_future": 2154.300048828125,
    "SILVER_future": 84.94000244140625,
    "Long_Term_Treasury_ETF": 87.13999938964844,
    "CORN_future": 462.75,
    "SOYBEANS_future": 1222.75,
    "WHEAT_future": 599.25,
    "SP500_close": 6775.7998046875,
    "NASDAQ_close": 22716.130859375,
    "US_10Y_Treasury_Yield": 4.208000183105469,
    "VIX_close": 24.229999542236328,
    "GOLD_basis_spot_vs_near": 0.10009765625,
    "China_10Y_Treasury_Yield": 1.8075
  }
}