{
  "latest_date": "2025-11-21",
  "latest_values": {
    "Shanghai_Composite_Index": 3946.741943359375,
    "CSI_300_Index": 4588.2900390625,
    "Shenzhen_Component_Index": 13080.08984375,
    "ALUMINUM_future": 2722.5,
    "BTC_price": 87151.765625,
    "OIL_price": 58.439998626708984,
    "USD_CNY_exchange_rate": 7.11269998550415,
    "Commodity_Index_ETF": 22.68000030517578,
    "US_Dollar_Index": 100.15899658203125,
    "ETH_price": 2875.132568359375,
    "GOLD_spot_price": 4063.199951171875,
    "LEAN_HOGS_future": 79.67500305175781,
    "COPPER_future": 4.9644999504089355,
    "High_Yield_Bond_ETF": 80.0999984741211,
    "LIVE_CATTLE_future": 214.4250030517578,
    "GOLD_near_month_future": 4063.199951171875,
    "NATURAL_GAS_future": 4.664999961853027,
    "PLATINUM_future": 1517.199951171875,
    "SILVER_future": 49.970001220703125,
    "Long_Term_Treasury_ETF": 89.2300033569336,
    "CORN_future": 426.25,
    "SOYBEANS_future": 1124.25,
    "WHEAT_future": 527.25,
    "SP500_close": 6538.759765625,
    "NASDAQ_close": 22078.048828125,
    "US_10Y_Treasury_Yield": 4.105999946594238,
    "VIX_close": 26.420000076293945,
    "GOLD_basis_spot_vs_near": 0.0,
    "China_10Y_Treasury_Yield": 1.8135
  }
}