{
  "latest_date": "2025-12-02",
  "latest_values": {
    "Shanghai_Composite_Index": 3914.006103515625,
    "CSI_300_Index": 4576.490234375,
    "Shenzhen_Component_Index": 13146.7197265625,
    "ALUMINUM_future": 2740.5,
    "BTC_price": 87440.3828125,
    "OIL_price": 59.099998474121094,
    "USD_CNY_exchange_rate": 7.069499969482422,
    "Commodity_Index_ETF": 23.1200008392334,
    "US_Dollar_Index": 99.45700073242188,
    "ETH_price": 2829.715087890625,
    "GOLD_spot_price": 4234.89990234375,
    "LEAN_HOGS_future": 80.19999694824219,
    "COPPER_future": 5.281000137329102,
    "High_Yield_Bond_ETF": 80.47000122070312,
    "LIVE_CATTLE_future": 214.3249969482422,
    "GOLD_near_month_future": 4234.7998046875,
    "NATURAL_GAS_future": 4.931000232696533,
    "PLATINUM_future": 1645.800048828125,
    "SILVER_future": 58.025001525878906,
    "Long_Term_Treasury_ETF": 88.7699966430664,
    "CORN_future": 446.5,
    "SOYBEANS_future": 1135.0,
    "WHEAT_future": 532.5,
    "SP500_close": 6812.6298828125,
    "NASDAQ_close": 23275.919921875,
    "US_10Y_Treasury_Yield": 4.0960001945495605,
    "VIX_close": 16.719999313354492,
    "GOLD_basis_spot_vs_near": 0.10009765625,
    "China_10Y_Treasury_Yield": 1.8442
  }
}