{
  "latest_date": "2026-02-25",
  "latest_values": {
    "Shanghai_Composite_Index": 4082.072998046875,
    "CSI_300_Index": 4660.41015625,
    "Shenzhen_Component_Index": 14100.1904296875,
    "ALUMINUM_future": 3069.5,
    "BTC_price": 66033.890625,
    "OIL_price": 66.16000366210938,
    "USD_CNY_exchange_rate": 6.875500202178955,
    "Commodity_Index_ETF": 24.719999313354492,
    "US_Dollar_Index": 97.84300231933594,
    "ETH_price": 1915.33154296875,
    "GOLD_spot_price": 5201.0,
    "LEAN_HOGS_future": 95.80000305175781,
    "COPPER_future": 5.998000144958496,
    "High_Yield_Bond_ETF": 80.80999755859375,
    "LIVE_CATTLE_future": 239.1750030517578,
    "GOLD_near_month_future": 5200.60009765625,
    "NATURAL_GAS_future": 2.8489999771118164,
    "PLATINUM_future": 2235.199951171875,
    "SILVER_future": 88.32499694824219,
    "Long_Term_Treasury_ETF": 89.9000015258789,
    "CORN_future": 439.25,
    "SOYBEANS_future": 1162.25,
    "WHEAT_future": 573.75,
    "SP500_close": 6890.06982421875,
    "NASDAQ_close": 22863.681640625,
    "US_10Y_Treasury_Yield": 4.0329999923706055,
    "VIX_close": 19.549999237060547,
    "GOLD_basis_spot_vs_near": 0.39990234375,
    "China_10Y_Treasury_Yield": 1.8023
  }
}