{
  "latest_date": "2026-05-19",
  "latest_values": {
    "Shanghai_Composite_Index": 4169.53759765625,
    "CSI_300_Index": 4852.88330078125,
    "Shenzhen_Component_Index": 15569.9072265625,
    "ALUMINUM_future": 3560.0,
    "BTC_price": 76938.34375,
    "OIL_price": 103.37000274658203,
    "USD_CNY_exchange_rate": 6.809199810028076,
    "Commodity_Index_ETF": 31.3799991607666,
    "US_Dollar_Index": 99.25599670410156,
    "ETH_price": 2116.580078125,
    "GOLD_spot_price": 4540.10009765625,
    "LEAN_HOGS_future": 98.5250015258789,
    "COPPER_future": 6.238500118255615,
    "High_Yield_Bond_ETF": 79.54000091552734,
    "LIVE_CATTLE_future": 253.375,
    "GOLD_near_month_future": 4540.2001953125,
    "NATURAL_GAS_future": 3.0380001068115234,
    "PLATINUM_future": 1972.0,
    "SILVER_future": 76.19000244140625,
    "Long_Term_Treasury_ETF": 83.55999755859375,
    "CORN_future": 478.5,
    "SOYBEANS_future": 1213.5,
    "WHEAT_future": 671.5,
    "SP500_close": 7403.0498046875,
    "NASDAQ_close": 26090.73046875,
    "US_10Y_Treasury_Yield": 4.623000144958496,
    "VIX_close": 18.06999969482422,
    "GOLD_basis_spot_vs_near": -0.10009765625,
    "China_10Y_Treasury_Yield": 1.7345
  }
}