{
  "latest_date": "2026-05-07",
  "latest_values": {
    "Shanghai_Composite_Index": 4160.173828125,
    "CSI_300_Index": 4877.08984375,
    "Shenzhen_Component_Index": 15459.6201171875,
    "ALUMINUM_future": 3436.75,
    "BTC_price": 79809.140625,
    "OIL_price": 93.80000305175781,
    "USD_CNY_exchange_rate": 6.830100059509277,
    "Commodity_Index_ETF": 30.062000274658203,
    "US_Dollar_Index": 97.9520034790039,
    "ETH_price": 2293.1298828125,
    "GOLD_spot_price": 4730.89990234375,
    "LEAN_HOGS_future": 100.32499694824219,
    "COPPER_future": 6.179999828338623,
    "High_Yield_Bond_ETF": 80.01499938964844,
    "LIVE_CATTLE_future": 252.89999389648438,
    "GOLD_near_month_future": 4731.0,
    "NATURAL_GAS_future": 2.806999921798706,
    "PLATINUM_future": 2056.300048828125,
    "SILVER_future": 80.62999725341797,
    "Long_Term_Treasury_ETF": 85.87110137939453,
    "CORN_future": 466.0,
    "SOYBEANS_future": 1192.0,
    "WHEAT_future": 610.75,
    "SP500_close": 7357.72021484375,
    "NASDAQ_close": 25877.50390625,
    "US_10Y_Treasury_Yield": 4.375999927520752,
    "VIX_close": 17.549999237060547,
    "GOLD_basis_spot_vs_near": -0.10009765625,
    "China_10Y_Treasury_Yield": 1.7631
  }
}