{
  "latest_date": "2025-12-11",
  "latest_values": {
    "Shanghai_Composite_Index": 3873.317626953125,
    "CSI_300_Index": 4552.1845703125,
    "Shenzhen_Component_Index": 13147.38671875,
    "ALUMINUM_future": 2899.0,
    "BTC_price": 92530.3125,
    "OIL_price": 57.91999816894531,
    "USD_CNY_exchange_rate": 7.057400226593018,
    "Commodity_Index_ETF": 23.110000610351562,
    "US_Dollar_Index": 98.34500122070312,
    "ETH_price": 3238.903564453125,
    "GOLD_spot_price": 4309.2998046875,
    "LEAN_HOGS_future": 84.125,
    "COPPER_future": 5.48799991607666,
    "High_Yield_Bond_ETF": 80.72000122070312,
    "LIVE_CATTLE_future": 230.9499969482422,
    "GOLD_near_month_future": 4309.39990234375,
    "NATURAL_GAS_future": 4.234000205993652,
    "PLATINUM_future": 1713.9000244140625,
    "SILVER_future": 63.974998474121094,
    "Long_Term_Treasury_ETF": 88.19000244140625,
    "CORN_future": 446.75,
    "SOYBEANS_future": 1093.75,
    "WHEAT_future": 534.5,
    "SP500_close": 6901.0,
    "NASDAQ_close": 23593.85546875,
    "US_10Y_Treasury_Yield": 4.140999794006348,
    "VIX_close": 14.850000381469727,
    "GOLD_basis_spot_vs_near": -0.10009765625,
    "China_10Y_Treasury_Yield": 1.8404
  }
}