{
  "latest_date": "2025-10-09",
  "latest_values": {
    "Shanghai_Composite_Index": 3933.972412109375,
    "CSI_300_Index": 4709.48193359375,
    "Shenzhen_Component_Index": 13725.556640625,
    "ALUMINUM_future": 2764.25,
    "BTC_price": 119907.1875,
    "OIL_price": 61.45000076293945,
    "USD_CNY_exchange_rate": 7.126999855041504,
    "Commodity_Index_ETF": 22.541000366210938,
    "US_Dollar_Index": 99.46099853515625,
    "ETH_price": 4288.546875,
    "GOLD_spot_price": 3980.300048828125,
    "LEAN_HOGS_future": 84.7249984741211,
    "COPPER_future": 5.112500190734863,
    "High_Yield_Bond_ETF": 80.30999755859375,
    "LIVE_CATTLE_future": 239.4250030517578,
    "GOLD_near_month_future": 3980.699951171875,
    "NATURAL_GAS_future": 3.2809998989105225,
    "PLATINUM_future": 1658.0,
    "SILVER_future": 47.2599983215332,
    "Long_Term_Treasury_ETF": 89.11949920654297,
    "CORN_future": 419.75,
    "SOYBEANS_future": 1038.75,
    "WHEAT_future": 508.0,
    "SP500_close": 6722.60009765625,
    "NASDAQ_close": 22942.46484375,
    "US_10Y_Treasury_Yield": 4.1419997215271,
    "VIX_close": 16.739999771118164,
    "GOLD_basis_spot_vs_near": -0.39990234375,
    "China_10Y_Treasury_Yield": 1.8466
  }
}