{
  "latest_date": "2025-12-12",
  "latest_values": {
    "Shanghai_Composite_Index": 3889.345703125,
    "CSI_300_Index": 4580.9501953125,
    "Shenzhen_Component_Index": 13147.3896484375,
    "ALUMINUM_future": 2880.75,
    "BTC_price": 92001.9140625,
    "OIL_price": 57.470001220703125,
    "USD_CNY_exchange_rate": 7.054100036621094,
    "Commodity_Index_ETF": 23.03499984741211,
    "US_Dollar_Index": 98.37899780273438,
    "ETH_price": 3204.96875,
    "GOLD_spot_price": 4380.0,
    "LEAN_HOGS_future": 83.5999984741211,
    "COPPER_future": 5.505499839782715,
    "High_Yield_Bond_ETF": 80.61499786376953,
    "LIVE_CATTLE_future": 230.52499389648438,
    "GOLD_near_month_future": 4380.0,
    "NATURAL_GAS_future": 4.110000133514404,
    "PLATINUM_future": 1791.699951171875,
    "SILVER_future": 64.62999725341797,
    "Long_Term_Treasury_ETF": 87.42549896240234,
    "CORN_future": 445.25,
    "SOYBEANS_future": 1078.75,
    "WHEAT_future": 532.0,
    "SP500_close": 6872.990234375,
    "NASDAQ_close": 23412.962890625,
    "US_10Y_Treasury_Yield": 4.185999870300293,
    "VIX_close": 15.020000457763672,
    "GOLD_basis_spot_vs_near": 0.0,
    "China_10Y_Treasury_Yield": 1.8396
  }
}