{
  "latest_date": "2025-12-12",
  "latest_values": {
    "Shanghai_Composite_Index": 3900.49609375,
    "CSI_300_Index": 4591.830078125,
    "Shenzhen_Component_Index": 13316.419921875,
    "ALUMINUM_future": 2864.0,
    "BTC_price": 92206.1875,
    "OIL_price": 57.959999084472656,
    "USD_CNY_exchange_rate": 7.055200099945068,
    "Commodity_Index_ETF": 23.110000610351562,
    "US_Dollar_Index": 98.302001953125,
    "ETH_price": 3240.077392578125,
    "GOLD_spot_price": 4299.0,
    "LEAN_HOGS_future": 84.125,
    "COPPER_future": 5.475500106811523,
    "High_Yield_Bond_ETF": 80.72000122070312,
    "LIVE_CATTLE_future": 230.9499969482422,
    "GOLD_near_month_future": 4299.0,
    "NATURAL_GAS_future": 4.2179999351501465,
    "PLATINUM_future": 1707.300048828125,
    "SILVER_future": 63.564998626708984,
    "Long_Term_Treasury_ETF": 88.19000244140625,
    "CORN_future": 446.5,
    "SOYBEANS_future": 1093.5,
    "WHEAT_future": 535.0,
    "SP500_close": 6901.0,
    "NASDAQ_close": 23593.85546875,
    "US_10Y_Treasury_Yield": 4.140999794006348,
    "VIX_close": 14.850000381469727,
    "GOLD_basis_spot_vs_near": 0.0,
    "China_10Y_Treasury_Yield": 1.8404
  }
}