{
  "latest_date": "2026-02-06",
  "latest_values": {
    "Shanghai_Composite_Index": 4065.58349609375,
    "CSI_300_Index": 4643.595703125,
    "Shenzhen_Component_Index": 13952.7099609375,
    "ALUMINUM_future": 3024.75,
    "BTC_price": 68136.3515625,
    "OIL_price": 63.68000030517578,
    "USD_CNY_exchange_rate": 6.938300132751465,
    "Commodity_Index_ETF": 24.049999237060547,
    "US_Dollar_Index": 97.58599853515625,
    "ETH_price": 1970.8648681640625,
    "GOLD_spot_price": 4980.89990234375,
    "LEAN_HOGS_future": 87.8499984741211,
    "COPPER_future": 5.874499797821045,
    "High_Yield_Bond_ETF": 80.65499877929688,
    "LIVE_CATTLE_future": 238.8000030517578,
    "GOLD_near_month_future": 4980.89990234375,
    "NATURAL_GAS_future": 3.5920000076293945,
    "PLATINUM_future": 2082.699951171875,
    "SILVER_future": 76.27999877929688,
    "Long_Term_Treasury_ETF": 87.29000091552734,
    "CORN_future": 433.5,
    "SOYBEANS_future": 1123.5,
    "WHEAT_future": 532.5,
    "SP500_close": 6855.009765625,
    "NASDAQ_close": 22642.458984375,
    "US_10Y_Treasury_Yield": 4.216000080108643,
    "VIX_close": 19.139999389648438,
    "GOLD_basis_spot_vs_near": 0.0,
    "China_10Y_Treasury_Yield": 1.8102
  }
}