{
  "latest_date": "2025-11-11",
  "latest_values": {
    "Shanghai_Composite_Index": 4002.757568359375,
    "CSI_300_Index": 4652.16552734375,
    "Shenzhen_Component_Index": 13427.6103515625,
    "ALUMINUM_future": 2832.25,
    "BTC_price": 104371.9765625,
    "OIL_price": 61.0099983215332,
    "USD_CNY_exchange_rate": 7.116000175476074,
    "Commodity_Index_ETF": 23.236099243164062,
    "US_Dollar_Index": 99.30999755859375,
    "ETH_price": 3518.655517578125,
    "GOLD_spot_price": 4133.7998046875,
    "LEAN_HOGS_future": 82.7249984741211,
    "COPPER_future": 5.083000183105469,
    "High_Yield_Bond_ETF": 80.66000366210938,
    "LIVE_CATTLE_future": 228.125,
    "GOLD_near_month_future": 4133.89990234375,
    "NATURAL_GAS_future": 4.466000080108643,
    "PLATINUM_future": 1593.9000244140625,
    "SILVER_future": 50.71500015258789,
    "Long_Term_Treasury_ETF": 89.87000274658203,
    "CORN_future": 430.75,
    "SOYBEANS_future": 1126.75,
    "WHEAT_future": 534.0,
    "SP500_close": 6818.47021484375,
    "NASDAQ_close": 23415.03125,
    "US_10Y_Treasury_Yield": 4.119999885559082,
    "VIX_close": 17.670000076293945,
    "GOLD_basis_spot_vs_near": -0.10009765625,
    "China_10Y_Treasury_Yield": 1.8119
  }
}