{
  "latest_date": "2026-02-12",
  "latest_values": {
    "Shanghai_Composite_Index": 4131.98486328125,
    "CSI_300_Index": 4713.81982421875,
    "Shenzhen_Component_Index": 14160.9296875,
    "ALUMINUM_future": 3073.0,
    "BTC_price": 67202.421875,
    "OIL_price": 64.95999908447266,
    "USD_CNY_exchange_rate": 6.899600028991699,
    "Commodity_Index_ETF": 24.3700008392334,
    "US_Dollar_Index": 96.7979965209961,
    "ETH_price": 1970.2049560546875,
    "GOLD_spot_price": 5096.0,
    "LEAN_HOGS_future": 86.9000015258789,
    "COPPER_future": 6.009500026702881,
    "High_Yield_Bond_ETF": 80.83000183105469,
    "LIVE_CATTLE_future": 242.35000610351562,
    "GOLD_near_month_future": 5095.89990234375,
    "NATURAL_GAS_future": 3.197000026702881,
    "PLATINUM_future": 2130.0,
    "SILVER_future": 83.67500305175781,
    "Long_Term_Treasury_ETF": 88.05999755859375,
    "CORN_future": 428.0,
    "SOYBEANS_future": 1136.0,
    "WHEAT_future": 540.0,
    "SP500_close": 6941.47021484375,
    "NASDAQ_close": 23066.470703125,
    "US_10Y_Treasury_Yield": 4.171999931335449,
    "VIX_close": 17.360000610351562,
    "GOLD_basis_spot_vs_near": 0.10009765625,
    "China_10Y_Treasury_Yield": 1.7994
  }
}