{
  "latest_date": "2026-04-02",
  "latest_values": {
    "Shanghai_Composite_Index": 3948.552001953125,
    "CSI_300_Index": 4526.06982421875,
    "Shenzhen_Component_Index": 13706.51953125,
    "ALUMINUM_future": 3420.0,
    "BTC_price": 66411.1796875,
    "OIL_price": 107.06999969482422,
    "USD_CNY_exchange_rate": 6.894199848175049,
    "Commodity_Index_ETF": 28.68000030517578,
    "US_Dollar_Index": 100.16799926757812,
    "ETH_price": 2043.8531494140625,
    "GOLD_spot_price": 4650.7001953125,
    "LEAN_HOGS_future": 90.92500305175781,
    "COPPER_future": 5.551000118255615,
    "High_Yield_Bond_ETF": 79.37000274658203,
    "LIVE_CATTLE_future": 244.0500030517578,
    "GOLD_near_month_future": 4650.7998046875,
    "NATURAL_GAS_future": 2.8480000495910645,
    "PLATINUM_future": 1913.800048828125,
    "SILVER_future": 71.3550033569336,
    "Long_Term_Treasury_ETF": 86.26000213623047,
    "CORN_future": 458.0,
    "SOYBEANS_future": 1172.75,
    "WHEAT_future": 606.25,
    "SP500_close": 6575.31982421875,
    "NASDAQ_close": 21840.94921875,
    "US_10Y_Treasury_Yield": 4.318999767303467,
    "VIX_close": 26.5,
    "GOLD_basis_spot_vs_near": -0.099609375,
    "China_10Y_Treasury_Yield": 1.8244
  }
}