{
  "latest_date": "2026-02-28",
  "latest_values": {
    "Shanghai_Composite_Index": 4162.880859375,
    "CSI_300_Index": 4710.64990234375,
    "Shenzhen_Component_Index": 14495.08984375,
    "ALUMINUM_future": 3044.25,
    "BTC_price": 65692.3046875,
    "OIL_price": 67.0199966430664,
    "USD_CNY_exchange_rate": 6.857399940490723,
    "Commodity_Index_ETF": 25.100000381469727,
    "US_Dollar_Index": 97.61000061035156,
    "ETH_price": 1926.378173828125,
    "GOLD_spot_price": 5230.5,
    "LEAN_HOGS_future": 95.7249984741211,
    "COPPER_future": 6.004499912261963,
    "High_Yield_Bond_ETF": 80.72000122070312,
    "LIVE_CATTLE_future": 244.0,
    "GOLD_near_month_future": 5247.89990234375,
    "NATURAL_GAS_future": 2.8589999675750732,
    "PLATINUM_future": 2365.60009765625,
    "SILVER_future": 92.68199920654297,
    "Long_Term_Treasury_ETF": 90.81999969482422,
    "CORN_future": 438.75,
    "SOYBEANS_future": 1157.25,
    "WHEAT_future": 591.25,
    "SP500_close": 6878.8798828125,
    "NASDAQ_close": 22668.2109375,
    "US_10Y_Treasury_Yield": 3.9619998931884766,
    "VIX_close": 19.860000610351562,
    "GOLD_basis_spot_vs_near": -17.39990234375,
    "China_10Y_Treasury_Yield": 1.7877
  }
}