{
  "latest_date": "2025-10-13",
  "latest_values": {
    "Shanghai_Composite_Index": 3897.028076171875,
    "CSI_300_Index": 4616.830078125,
    "Shenzhen_Component_Index": 13355.419921875,
    "ALUMINUM_future": 2681.75,
    "BTC_price": 115144.5390625,
    "OIL_price": 60.130001068115234,
    "USD_CNY_exchange_rate": 7.127500057220459,
    "Commodity_Index_ETF": 22.06999969482422,
    "US_Dollar_Index": 99.10099792480469,
    "ETH_price": 4165.3037109375,
    "GOLD_spot_price": 4098.2001953125,
    "LEAN_HOGS_future": 83.94999694824219,
    "COPPER_future": 5.026500225067139,
    "High_Yield_Bond_ETF": 79.94999694824219,
    "LIVE_CATTLE_future": 242.60000610351562,
    "GOLD_near_month_future": 4098.2001953125,
    "NATURAL_GAS_future": 3.1070001125335693,
    "PLATINUM_future": 1680.5,
    "SILVER_future": 49.880001068115234,
    "Long_Term_Treasury_ETF": 90.62000274658203,
    "CORN_future": 414.25,
    "SOYBEANS_future": 1026.0,
    "WHEAT_future": 498.5,
    "SP500_close": 6552.509765625,
    "NASDAQ_close": 22204.4296875,
    "US_10Y_Treasury_Yield": 4.051000118255615,
    "VIX_close": 19.600000381469727,
    "GOLD_basis_spot_vs_near": 0.0,
    "China_10Y_Treasury_Yield": 1.8383
  }
}