{
  "latest_date": "2026-02-09",
  "latest_values": {
    "Shanghai_Composite_Index": 4123.08984375,
    "CSI_300_Index": 4719.0556640625,
    "Shenzhen_Component_Index": 14208.435546875,
    "ALUMINUM_future": 3067.25,
    "BTC_price": 70960.578125,
    "OIL_price": 64.29000091552734,
    "USD_CNY_exchange_rate": 6.921500205993652,
    "Commodity_Index_ETF": 24.2450008392334,
    "US_Dollar_Index": 96.81199645996094,
    "ETH_price": 2133.85400390625,
    "GOLD_spot_price": 5101.2998046875,
    "LEAN_HOGS_future": 87.2249984741211,
    "COPPER_future": 5.968500137329102,
    "High_Yield_Bond_ETF": 80.8949966430664,
    "LIVE_CATTLE_future": 239.10000610351562,
    "GOLD_near_month_future": 5101.60009765625,
    "NATURAL_GAS_future": 3.13100004196167,
    "PLATINUM_future": 2132.5,
    "SILVER_future": 83.2750015258789,
    "Long_Term_Treasury_ETF": 87.56999969482422,
    "CORN_future": 428.5,
    "SOYBEANS_future": 1109.75,
    "WHEAT_future": 528.25,
    "SP500_close": 6977.080078125,
    "NASDAQ_close": 23284.75,
    "US_10Y_Treasury_Yield": 4.197999954223633,
    "VIX_close": 17.06999969482422,
    "GOLD_basis_spot_vs_near": -0.30029296875,
    "China_10Y_Treasury_Yield": 1.8114
  }
}