{
  "latest_date": "2026-05-20",
  "latest_values": {
    "Shanghai_Composite_Index": 4169.5380859375,
    "CSI_300_Index": 4852.8798828125,
    "Shenzhen_Component_Index": 15569.91015625,
    "ALUMINUM_future": 3544.25,
    "BTC_price": 76543.5,
    "OIL_price": 104.11000061035156,
    "USD_CNY_exchange_rate": 6.800000190734863,
    "Commodity_Index_ETF": 31.610000610351562,
    "US_Dollar_Index": 99.35700225830078,
    "ETH_price": 2104.7099609375,
    "GOLD_spot_price": 4465.60009765625,
    "LEAN_HOGS_future": 102.0999984741211,
    "COPPER_future": 6.156499862670898,
    "High_Yield_Bond_ETF": 79.3499984741211,
    "LIVE_CATTLE_future": 247.1750030517578,
    "GOLD_near_month_future": 4465.60009765625,
    "NATURAL_GAS_future": 3.0999999046325684,
    "PLATINUM_future": 1916.699951171875,
    "SILVER_future": 73.66000366210938,
    "Long_Term_Treasury_ETF": 83.0199966430664,
    "CORN_future": 472.75,
    "SOYBEANS_future": 1204.75,
    "WHEAT_future": 662.0,
    "SP500_close": 7353.60986328125,
    "NASDAQ_close": 25870.708984375,
    "US_10Y_Treasury_Yield": 4.666999816894531,
    "VIX_close": 18.059999465942383,
    "GOLD_basis_spot_vs_near": 0.0,
    "China_10Y_Treasury_Yield": 1.7345
  }
}