{
  "latest_date": "2026-02-18",
  "latest_values": {
    "Shanghai_Composite_Index": 4082.072998046875,
    "CSI_300_Index": 4660.41015625,
    "Shenzhen_Component_Index": 14100.1904296875,
    "ALUMINUM_future": 3047.25,
    "BTC_price": 67077.0703125,
    "OIL_price": 65.0199966430664,
    "USD_CNY_exchange_rate": 6.90749979019165,
    "Commodity_Index_ETF": 24.184999465942383,
    "US_Dollar_Index": 97.572998046875,
    "ETH_price": 1971.3734130859375,
    "GOLD_spot_price": 5023.39990234375,
    "LEAN_HOGS_future": 92.69999694824219,
    "COPPER_future": 5.802000045776367,
    "High_Yield_Bond_ETF": 80.92500305175781,
    "LIVE_CATTLE_future": 242.625,
    "GOLD_near_month_future": 5023.2001953125,
    "NATURAL_GAS_future": 2.943000078201294,
    "PLATINUM_future": 2113.300048828125,
    "SILVER_future": 78.25,
    "Long_Term_Treasury_ETF": 89.6449966430664,
    "CORN_future": 426.25,
    "SOYBEANS_future": 1148.0,
    "WHEAT_future": 550.0,
    "SP500_close": 6903.669921875,
    "NASDAQ_close": 22864.060546875,
    "US_10Y_Treasury_Yield": 4.074999809265137,
    "VIX_close": 18.510000228881836,
    "GOLD_basis_spot_vs_near": 0.19970703125,
    "China_10Y_Treasury_Yield": 1.7899
  }
}