{
  "latest_date": "2025-10-29",
  "latest_values": {
    "Shanghai_Composite_Index": 3988.22412109375,
    "CSI_300_Index": 4691.97021484375,
    "Shenzhen_Component_Index": 13430.099609375,
    "ALUMINUM_future": 2850.0,
    "BTC_price": 113208.671875,
    "OIL_price": 60.36000061035156,
    "USD_CNY_exchange_rate": 7.099100112915039,
    "Commodity_Index_ETF": 22.59000015258789,
    "US_Dollar_Index": 98.85800170898438,
    "ETH_price": 4013.452880859375,
    "GOLD_spot_price": 4030.699951171875,
    "LEAN_HOGS_future": 80.6500015258789,
    "COPPER_future": 5.203000068664551,
    "High_Yield_Bond_ETF": 81.19999694824219,
    "LIVE_CATTLE_future": 224.5,
    "GOLD_near_month_future": 4030.699951171875,
    "NATURAL_GAS_future": 3.2100000381469727,
    "PLATINUM_future": 1606.199951171875,
    "SILVER_future": 48.21500015258789,
    "Long_Term_Treasury_ETF": 92.0199966430664,
    "CORN_future": 431.25,
    "SOYBEANS_future": 1090.5,
    "WHEAT_future": 528.0,
    "SP500_close": 6890.89013671875,
    "NASDAQ_close": 23827.490234375,
    "US_10Y_Treasury_Yield": 3.9830000400543213,
    "VIX_close": 16.31999969482422,
    "GOLD_basis_spot_vs_near": 0.0,
    "China_10Y_Treasury_Yield": 1.8208
  }
}