{
  "latest_date": "2026-03-03",
  "latest_values": {
    "Shanghai_Composite_Index": 4182.5908203125,
    "CSI_300_Index": 4728.6689453125,
    "Shenzhen_Component_Index": 14465.7880859375,
    "ALUMINUM_future": 3142.5,
    "BTC_price": 68823.5078125,
    "OIL_price": 70.9000015258789,
    "USD_CNY_exchange_rate": 6.8815999031066895,
    "Commodity_Index_ETF": 25.809999465942383,
    "US_Dollar_Index": 98.5479965209961,
    "ETH_price": 2028.1822509765625,
    "GOLD_spot_price": 5355.89990234375,
    "LEAN_HOGS_future": 95.57499694824219,
    "COPPER_future": 5.9644999504089355,
    "High_Yield_Bond_ETF": 80.27999877929688,
    "LIVE_CATTLE_future": 233.64999389648438,
    "GOLD_near_month_future": 5355.60009765625,
    "NATURAL_GAS_future": 2.986999988555908,
    "PLATINUM_future": 2324.60009765625,
    "SILVER_future": 90.37000274658203,
    "Long_Term_Treasury_ETF": 89.61000061035156,
    "CORN_future": 445.25,
    "SOYBEANS_future": 1161.75,
    "WHEAT_future": 576.25,
    "SP500_close": 6881.6201171875,
    "NASDAQ_close": 22748.857421875,
    "US_10Y_Treasury_Yield": 4.047999858856201,
    "VIX_close": 21.440000534057617,
    "GOLD_basis_spot_vs_near": 0.2998046875,
    "China_10Y_Treasury_Yield": 1.7761
  }
}