{
  "latest_date": "2026-02-12",
  "latest_values": {
    "Shanghai_Composite_Index": 4134.017578125,
    "CSI_300_Index": 4719.578125,
    "Shenzhen_Component_Index": 14160.9296875,
    "ALUMINUM_future": 3089.0,
    "BTC_price": 67623.2109375,
    "OIL_price": 64.01000213623047,
    "USD_CNY_exchange_rate": 6.9004998207092285,
    "Commodity_Index_ETF": 24.2450008392334,
    "US_Dollar_Index": 96.80799865722656,
    "ETH_price": 1973.0635986328125,
    "GOLD_spot_price": 5078.7998046875,
    "LEAN_HOGS_future": 86.7750015258789,
    "COPPER_future": 5.948500156402588,
    "High_Yield_Bond_ETF": 80.95999908447266,
    "LIVE_CATTLE_future": 242.0749969482422,
    "GOLD_near_month_future": 5078.60009765625,
    "NATURAL_GAS_future": 3.2950000762939453,
    "PLATINUM_future": 2122.300048828125,
    "SILVER_future": 82.44000244140625,
    "Long_Term_Treasury_ETF": 88.57499694824219,
    "CORN_future": 429.0,
    "SOYBEANS_future": 1135.5,
    "WHEAT_future": 540.5,
    "SP500_close": 6950.85009765625,
    "NASDAQ_close": 23016.720703125,
    "US_10Y_Treasury_Yield": 4.1519999504089355,
    "VIX_close": 17.56999969482422,
    "GOLD_basis_spot_vs_near": 0.19970703125,
    "China_10Y_Treasury_Yield": 1.7893
  }
}