{
  "latest_date": "2026-04-09",
  "latest_values": {
    "Shanghai_Composite_Index": 3966.171142578125,
    "CSI_300_Index": 4566.2236328125,
    "Shenzhen_Component_Index": 13996.265625,
    "ALUMINUM_future": 3369.75,
    "BTC_price": 71018.953125,
    "OIL_price": 99.5199966430664,
    "USD_CNY_exchange_rate": 6.8566999435424805,
    "Commodity_Index_ETF": 28.815000534057617,
    "US_Dollar_Index": 98.87699890136719,
    "ETH_price": 2174.02294921875,
    "GOLD_spot_price": 4780.2001953125,
    "LEAN_HOGS_future": 90.19999694824219,
    "COPPER_future": 5.75,
    "High_Yield_Bond_ETF": 80.1050033569336,
    "LIVE_CATTLE_future": 249.0,
    "GOLD_near_month_future": 4780.39990234375,
    "NATURAL_GAS_future": 2.7339999675750732,
    "PLATINUM_future": 2062.10009765625,
    "SILVER_future": 74.73999786376953,
    "Long_Term_Treasury_ETF": 86.7249984741211,
    "CORN_future": 450.0,
    "SOYBEANS_future": 1167.0,
    "WHEAT_future": 588.25,
    "SP500_close": 6772.7900390625,
    "NASDAQ_close": 22594.26171875,
    "US_10Y_Treasury_Yield": 4.295000076293945,
    "VIX_close": 21.25,
    "GOLD_basis_spot_vs_near": -0.19970703125,
    "China_10Y_Treasury_Yield": 1.8192
  }
}