{
  "latest_date": "2025-12-11",
  "latest_values": {
    "Shanghai_Composite_Index": 3873.317626953125,
    "CSI_300_Index": 4552.1845703125,
    "Shenzhen_Component_Index": 13147.38671875,
    "ALUMINUM_future": 2883.0,
    "BTC_price": 91095.625,
    "OIL_price": 57.79999923706055,
    "USD_CNY_exchange_rate": 7.057400226593018,
    "Commodity_Index_ETF": 23.104700088500977,
    "US_Dollar_Index": 98.31999969482422,
    "ETH_price": 3203.8447265625,
    "GOLD_spot_price": 4302.2001953125,
    "LEAN_HOGS_future": 84.125,
    "COPPER_future": 5.491000175476074,
    "High_Yield_Bond_ETF": 80.68499755859375,
    "LIVE_CATTLE_future": 230.9499969482422,
    "GOLD_near_month_future": 4302.2998046875,
    "NATURAL_GAS_future": 4.23799991607666,
    "PLATINUM_future": 1713.0,
    "SILVER_future": 64.23999786376953,
    "Long_Term_Treasury_ETF": 88.21499633789062,
    "CORN_future": 446.75,
    "SOYBEANS_future": 1093.75,
    "WHEAT_future": 534.5,
    "SP500_close": 6899.72998046875,
    "NASDAQ_close": 23584.369140625,
    "US_10Y_Treasury_Yield": 4.134999752044678,
    "VIX_close": 15.079999923706055,
    "GOLD_basis_spot_vs_near": -0.099609375,
    "China_10Y_Treasury_Yield": 1.8404
  }
}