{
  "latest_date": "2025-11-24",
  "latest_values": {
    "Shanghai_Composite_Index": 3834.89111328125,
    "CSI_300_Index": 4453.60986328125,
    "Shenzhen_Component_Index": 12538.0703125,
    "ALUMINUM_future": 2765.0,
    "BTC_price": 86772.59375,
    "OIL_price": 58.060001373291016,
    "USD_CNY_exchange_rate": 7.107100009918213,
    "Commodity_Index_ETF": 22.530000686645508,
    "US_Dollar_Index": 100.15299987792969,
    "ETH_price": 2828.523193359375,
    "GOLD_spot_price": 4041.300048828125,
    "LEAN_HOGS_future": 77.80000305175781,
    "COPPER_future": 4.998000144958496,
    "High_Yield_Bond_ETF": 80.37000274658203,
    "LIVE_CATTLE_future": 214.77499389648438,
    "GOLD_near_month_future": 4041.5,
    "NATURAL_GAS_future": 4.61299991607666,
    "PLATINUM_future": 1534.199951171875,
    "SILVER_future": 49.54999923706055,
    "Long_Term_Treasury_ETF": 89.5,
    "CORN_future": 424.25,
    "SOYBEANS_future": 1125.25,
    "WHEAT_future": 539.0,
    "SP500_close": 6602.990234375,
    "NASDAQ_close": 22273.080078125,
    "US_10Y_Treasury_Yield": 4.063000202178955,
    "VIX_close": 23.43000030517578,
    "GOLD_basis_spot_vs_near": -0.199951171875,
    "China_10Y_Treasury_Yield": 1.8166
  }
}