{
  "latest_date": "2026-02-23",
  "latest_values": {
    "Shanghai_Composite_Index": 4082.072998046875,
    "CSI_300_Index": 4660.41015625,
    "Shenzhen_Component_Index": 14100.1904296875,
    "ALUMINUM_future": 3058.75,
    "BTC_price": 64937.59375,
    "OIL_price": 66.29000091552734,
    "USD_CNY_exchange_rate": 6.90749979019165,
    "Commodity_Index_ETF": 24.75,
    "US_Dollar_Index": 97.7239990234375,
    "ETH_price": 1866.675048828125,
    "GOLD_spot_price": 5247.89990234375,
    "LEAN_HOGS_future": 93.75,
    "COPPER_future": 5.797999858856201,
    "High_Yield_Bond_ETF": 80.87000274658203,
    "LIVE_CATTLE_future": 239.1999969482422,
    "GOLD_near_month_future": 5248.2998046875,
    "NATURAL_GAS_future": 2.9140000343322754,
    "PLATINUM_future": 2165.699951171875,
    "SILVER_future": 88.0,
    "Long_Term_Treasury_ETF": 89.73999786376953,
    "CORN_future": 440.75,
    "SOYBEANS_future": 1150.25,
    "WHEAT_future": 574.0,
    "SP500_close": 6837.75,
    "NASDAQ_close": 22627.2734375,
    "US_10Y_Treasury_Yield": 4.029000282287598,
    "VIX_close": 21.010000228881836,
    "GOLD_basis_spot_vs_near": -0.39990234375,
    "China_10Y_Treasury_Yield": 1.7899
  }
}