{
  "latest_date": "2025-11-20",
  "latest_values": {
    "Shanghai_Composite_Index": 3946.741943359375,
    "CSI_300_Index": 4588.2900390625,
    "Shenzhen_Component_Index": 13080.08984375,
    "ALUMINUM_future": 2713.5,
    "BTC_price": 91181.3203125,
    "OIL_price": 59.630001068115234,
    "USD_CNY_exchange_rate": 7.110499858856201,
    "Commodity_Index_ETF": 22.899999618530273,
    "US_Dollar_Index": 100.20899963378906,
    "ETH_price": 2987.9453125,
    "GOLD_spot_price": 4075.89990234375,
    "LEAN_HOGS_future": 78.94999694824219,
    "COPPER_future": 5.026500225067139,
    "High_Yield_Bond_ETF": 80.1500015258789,
    "LIVE_CATTLE_future": 216.1750030517578,
    "GOLD_near_month_future": 4076.0,
    "NATURAL_GAS_future": 4.677999973297119,
    "PLATINUM_future": 1563.0999755859375,
    "SILVER_future": 50.73500061035156,
    "Long_Term_Treasury_ETF": 88.87999725341797,
    "CORN_future": 431.0,
    "SOYBEANS_future": 1141.75,
    "WHEAT_future": 555.0,
    "SP500_close": 6642.16015625,
    "NASDAQ_close": 22564.23046875,
    "US_10Y_Treasury_Yield": 4.134999752044678,
    "VIX_close": 19.780000686645508,
    "GOLD_basis_spot_vs_near": -0.10009765625,
    "China_10Y_Treasury_Yield": 1.8135
  }
}