{
  "latest_date": "2025-10-08",
  "latest_values": {
    "Shanghai_Composite_Index": 3882.777099609375,
    "CSI_300_Index": 4640.68994140625,
    "Shenzhen_Component_Index": 13526.509765625,
    "ALUMINUM_future": 2723.25,
    "BTC_price": 123042.96875,
    "OIL_price": 62.650001525878906,
    "USD_CNY_exchange_rate": 7.11899995803833,
    "Commodity_Index_ETF": 22.799999237060547,
    "US_Dollar_Index": 99.01899719238281,
    "ETH_price": 4493.5810546875,
    "GOLD_spot_price": 4076.10009765625,
    "LEAN_HOGS_future": 86.3499984741211,
    "COPPER_future": 5.088500022888184,
    "High_Yield_Bond_ETF": 80.7699966430664,
    "LIVE_CATTLE_future": 238.4250030517578,
    "GOLD_near_month_future": 4076.199951171875,
    "NATURAL_GAS_future": 3.328000068664551,
    "PLATINUM_future": 1698.699951171875,
    "SILVER_future": 48.900001525878906,
    "Long_Term_Treasury_ETF": 89.36499786376953,
    "CORN_future": 421.75,
    "SOYBEANS_future": 1044.25,
    "WHEAT_future": 506.25,
    "SP500_close": 6749.830078125,
    "NASDAQ_close": 22981.072265625,
    "US_10Y_Treasury_Yield": 4.115000247955322,
    "VIX_close": 16.59000015258789,
    "GOLD_basis_spot_vs_near": -0.099853515625,
    "China_10Y_Treasury_Yield": 1.8605
  }
}