{
  "latest_date": "2026-06-08",
  "latest_values": {
    "Shanghai_Composite_Index": 4027.736083984375,
    "CSI_300_Index": 4816.919921875,
    "Shenzhen_Component_Index": 15314.7001953125,
    "ALUMINUM_future": 3665.5,
    "BTC_price": 63160.28125,
    "OIL_price": 93.36000061035156,
    "USD_CNY_exchange_rate": 6.773499965667725,
    "Commodity_Index_ETF": 29.229999542236328,
    "US_Dollar_Index": 100.06999969482422,
    "ETH_price": 1685.199951171875,
    "GOLD_spot_price": 4347.60009765625,
    "LEAN_HOGS_future": 98.80000305175781,
    "COPPER_future": 6.2779998779296875,
    "High_Yield_Bond_ETF": 79.43000030517578,
    "LIVE_CATTLE_future": 241.64999389648438,
    "GOLD_near_month_future": 4347.89990234375,
    "NATURAL_GAS_future": 3.1700000762939453,
    "PLATINUM_future": 1768.699951171875,
    "SILVER_future": 67.7699966430664,
    "Long_Term_Treasury_ETF": 85.05999755859375,
    "CORN_future": 416.5,
    "SOYBEANS_future": 1120.75,
    "WHEAT_future": 576.5,
    "SP500_close": 7383.740234375,
    "NASDAQ_close": 25709.4296875,
    "US_10Y_Treasury_Yield": 4.535999774932861,
    "VIX_close": 21.510000228881836,
    "GOLD_basis_spot_vs_near": -0.2998046875,
    "China_10Y_Treasury_Yield": 1.7207
  }
}