{
  "latest_date": "2025-10-31",
  "latest_values": {
    "Shanghai_Composite_Index": 3986.90087890625,
    "CSI_300_Index": 4709.91015625,
    "Shenzhen_Component_Index": 13532.1298828125,
    "ALUMINUM_future": 2823.75,
    "BTC_price": 109375.015625,
    "OIL_price": 60.2400016784668,
    "USD_CNY_exchange_rate": 7.109600067138672,
    "Commodity_Index_ETF": 22.719999313354492,
    "US_Dollar_Index": 99.4540023803711,
    "ETH_price": 3838.20654296875,
    "GOLD_spot_price": 4029.10009765625,
    "LEAN_HOGS_future": 82.19999694824219,
    "COPPER_future": 5.117499828338623,
    "High_Yield_Bond_ETF": 80.80000305175781,
    "LIVE_CATTLE_future": 229.5749969482422,
    "GOLD_near_month_future": 4029.300048828125,
    "NATURAL_GAS_future": 4.063000202178955,
    "PLATINUM_future": 1626.300048828125,
    "SILVER_future": 48.89500045776367,
    "Long_Term_Treasury_ETF": 90.55999755859375,
    "CORN_future": 431.5,
    "SOYBEANS_future": 1110.75,
    "WHEAT_future": 525.5,
    "SP500_close": 6822.33984375,
    "NASDAQ_close": 23581.140625,
    "US_10Y_Treasury_Yield": 4.0929999351501465,
    "VIX_close": 16.90999984741211,
    "GOLD_basis_spot_vs_near": -0.199951171875,
    "China_10Y_Treasury_Yield": 1.8098
  }
}