{
  "latest_date": "2026-05-11",
  "latest_values": {
    "Shanghai_Composite_Index": 4179.953125,
    "CSI_300_Index": 4871.91015625,
    "Shenzhen_Component_Index": 15563.7998046875,
    "ALUMINUM_future": 3490.75,
    "BTC_price": 80818.1171875,
    "OIL_price": 97.54000091552734,
    "USD_CNY_exchange_rate": 6.801400184631348,
    "Commodity_Index_ETF": 30.299999237060547,
    "US_Dollar_Index": 97.98200225830078,
    "ETH_price": 2333.7099609375,
    "GOLD_spot_price": 4676.39990234375,
    "LEAN_HOGS_future": 90.875,
    "COPPER_future": 6.335999965667725,
    "High_Yield_Bond_ETF": 80.13999938964844,
    "LIVE_CATTLE_future": 248.89999389648438,
    "GOLD_near_month_future": 4676.2001953125,
    "NATURAL_GAS_future": 2.796999931335449,
    "PLATINUM_future": 2039.5999755859375,
    "SILVER_future": 80.88999938964844,
    "Long_Term_Treasury_ETF": 86.08000183105469,
    "CORN_future": 473.0,
    "SOYBEANS_future": 1218.5,
    "WHEAT_future": 622.5,
    "SP500_close": 7398.93017578125,
    "NASDAQ_close": 26247.080078125,
    "US_10Y_Treasury_Yield": 4.363999843597412,
    "VIX_close": 18.15999984741211,
    "GOLD_basis_spot_vs_near": 0.19970703125,
    "China_10Y_Treasury_Yield": 1.767
  }
}