{
  "latest_date": "2026-03-26",
  "latest_values": {
    "Shanghai_Composite_Index": 3931.8369140625,
    "CSI_300_Index": 4537.47021484375,
    "Shenzhen_Component_Index": 13801.0,
    "ALUMINUM_future": 3155.0,
    "BTC_price": 69919.125,
    "OIL_price": 93.45999908447266,
    "USD_CNY_exchange_rate": 6.906000137329102,
    "Commodity_Index_ETF": 28.170000076293945,
    "US_Dollar_Index": 99.6520004272461,
    "ETH_price": 2116.17333984375,
    "GOLD_spot_price": 4426.39990234375,
    "LEAN_HOGS_future": 90.9000015258789,
    "COPPER_future": 5.519999980926514,
    "High_Yield_Bond_ETF": 79.41999816894531,
    "LIVE_CATTLE_future": 234.4250030517578,
    "GOLD_near_month_future": 4425.7998046875,
    "NATURAL_GAS_future": 2.937999963760376,
    "PLATINUM_future": 1873.0,
    "SILVER_future": 68.2699966430664,
    "Long_Term_Treasury_ETF": 86.83999633789062,
    "CORN_future": 467.5,
    "SOYBEANS_future": 1173.5,
    "WHEAT_future": 597.75,
    "SP500_close": 6591.89990234375,
    "NASDAQ_close": 21929.826171875,
    "US_10Y_Treasury_Yield": 4.328000068664551,
    "VIX_close": 27.06999969482422,
    "GOLD_basis_spot_vs_near": 0.60009765625,
    "China_10Y_Treasury_Yield": 1.8233
  }
}