{
  "latest_date": "2025-10-10",
  "latest_values": {
    "Shanghai_Composite_Index": 3933.971923828125,
    "CSI_300_Index": 4709.47998046875,
    "Shenzhen_Component_Index": 13725.5595703125,
    "ALUMINUM_future": 2724.0,
    "BTC_price": 121303.0546875,
    "OIL_price": 61.15999984741211,
    "USD_CNY_exchange_rate": 7.118500232696533,
    "Commodity_Index_ETF": 22.549999237060547,
    "US_Dollar_Index": 99.31099700927734,
    "ETH_price": 4322.1103515625,
    "GOLD_spot_price": 3984.60009765625,
    "LEAN_HOGS_future": 84.44999694824219,
    "COPPER_future": 5.098499774932861,
    "High_Yield_Bond_ETF": 80.41999816894531,
    "LIVE_CATTLE_future": 239.89999389648438,
    "GOLD_near_month_future": 3984.699951171875,
    "NATURAL_GAS_future": 3.2200000286102295,
    "PLATINUM_future": 1633.0999755859375,
    "SILVER_future": 47.54499816894531,
    "Long_Term_Treasury_ETF": 89.18000030517578,
    "CORN_future": 418.5,
    "SOYBEANS_future": 1037.75,
    "WHEAT_future": 508.0,
    "SP500_close": 6735.10986328125,
    "NASDAQ_close": 23024.630859375,
    "US_10Y_Treasury_Yield": 4.1479997634887695,
    "VIX_close": 16.43000030517578,
    "GOLD_basis_spot_vs_near": -0.099853515625,
    "China_10Y_Treasury_Yield": 1.8466
  }
}