{
  "latest_date": "2026-05-08",
  "latest_values": {
    "Shanghai_Composite_Index": 4180.091796875,
    "CSI_300_Index": 4900.509765625,
    "Shenzhen_Component_Index": 15641.8896484375,
    "ALUMINUM_future": 3456.5,
    "BTC_price": 80243.140625,
    "OIL_price": 95.20999908447266,
    "USD_CNY_exchange_rate": 6.80049991607666,
    "Commodity_Index_ETF": 30.3700008392334,
    "US_Dollar_Index": 97.89700317382812,
    "ETH_price": 2318.72998046875,
    "GOLD_spot_price": 4735.5,
    "LEAN_HOGS_future": 98.82499694824219,
    "COPPER_future": 6.298999786376953,
    "High_Yield_Bond_ETF": 80.0999984741211,
    "LIVE_CATTLE_future": 249.1750030517578,
    "GOLD_near_month_future": 4735.39990234375,
    "NATURAL_GAS_future": 2.75,
    "PLATINUM_future": 2071.89990234375,
    "SILVER_future": 81.25499725341797,
    "Long_Term_Treasury_ETF": 86.10780334472656,
    "CORN_future": 471.0,
    "SOYBEANS_future": 1206.25,
    "WHEAT_future": 620.0,
    "SP500_close": 7401.1201171875,
    "NASDAQ_close": 26215.6796875,
    "US_10Y_Treasury_Yield": 4.3580002784729,
    "VIX_close": 17.469999313354492,
    "GOLD_basis_spot_vs_near": 0.10009765625,
    "China_10Y_Treasury_Yield": 1.7648
  }
}