{
  "latest_date": "2025-10-23",
  "latest_values": {
    "Shanghai_Composite_Index": 3922.41015625,
    "CSI_300_Index": 4606.3447265625,
    "Shenzhen_Component_Index": 13025.4462890625,
    "ALUMINUM_future": 2839.5,
    "BTC_price": 109964.2734375,
    "OIL_price": 61.70000076293945,
    "USD_CNY_exchange_rate": 7.125699996948242,
    "Commodity_Index_ETF": 22.84000015258789,
    "US_Dollar_Index": 98.91500091552734,
    "ETH_price": 3851.24951171875,
    "GOLD_spot_price": 4132.2998046875,
    "LEAN_HOGS_future": 81.875,
    "COPPER_future": 5.0929999351501465,
    "High_Yield_Bond_ETF": 80.86000061035156,
    "LIVE_CATTLE_future": 241.14999389648438,
    "GOLD_near_month_future": 4131.89990234375,
    "NATURAL_GAS_future": 3.2730000019073486,
    "PLATINUM_future": 1591.0,
    "SILVER_future": 48.5099983215332,
    "Long_Term_Treasury_ETF": 91.43000030517578,
    "CORN_future": 427.75,
    "SOYBEANS_future": 1061.25,
    "WHEAT_future": 513.0,
    "SP500_close": 6738.43994140625,
    "NASDAQ_close": 22941.798828125,
    "US_10Y_Treasury_Yield": 3.990999937057495,
    "VIX_close": 17.299999237060547,
    "GOLD_basis_spot_vs_near": 0.39990234375,
    "China_10Y_Treasury_Yield": 1.8391
  }
}