{
  "latest_date": "2025-10-20",
  "latest_values": {
    "Shanghai_Composite_Index": 3863.892578125,
    "CSI_300_Index": 4538.22021484375,
    "Shenzhen_Component_Index": 12813.2080078125,
    "ALUMINUM_future": 2725.75,
    "BTC_price": 110910.46875,
    "OIL_price": 56.970001220703125,
    "USD_CNY_exchange_rate": 7.123000144958496,
    "Commodity_Index_ETF": 22.31999969482422,
    "US_Dollar_Index": 98.61599731445312,
    "ETH_price": 3979.53125,
    "GOLD_spot_price": 4393.2001953125,
    "LEAN_HOGS_future": 82.25,
    "COPPER_future": 5.058499813079834,
    "High_Yield_Bond_ETF": 80.875,
    "LIVE_CATTLE_future": 243.6750030517578,
    "GOLD_near_month_future": 4393.2001953125,
    "NATURAL_GAS_future": 3.384000062942505,
    "PLATINUM_future": 1664.699951171875,
    "SILVER_future": 51.779998779296875,
    "Long_Term_Treasury_ETF": 91.55000305175781,
    "CORN_future": 424.0,
    "SOYBEANS_future": 1050.75,
    "WHEAT_future": 505.5,
    "SP500_close": 6735.1298828125,
    "NASDAQ_close": 22990.54296875,
    "US_10Y_Treasury_Yield": 3.9860000610351562,
    "VIX_close": 18.299999237060547,
    "GOLD_basis_spot_vs_near": 0.0,
    "China_10Y_Treasury_Yield": 1.8498
  }
}