{
  "latest_date": "2025-12-01",
  "latest_values": {
    "Shanghai_Composite_Index": 3888.595947265625,
    "CSI_300_Index": 4526.66015625,
    "Shenzhen_Component_Index": 12984.080078125,
    "ALUMINUM_future": 2740.5,
    "BTC_price": 86645.9609375,
    "OIL_price": 59.41999816894531,
    "USD_CNY_exchange_rate": 7.071700096130371,
    "Commodity_Index_ETF": 23.059999465942383,
    "US_Dollar_Index": 99.26399993896484,
    "ETH_price": 2842.345458984375,
    "GOLD_spot_price": 4292.60009765625,
    "LEAN_HOGS_future": 81.0,
    "COPPER_future": 5.295000076293945,
    "High_Yield_Bond_ETF": 80.98999786376953,
    "LIVE_CATTLE_future": 215.5749969482422,
    "GOLD_near_month_future": 4292.0,
    "NATURAL_GAS_future": 4.764999866485596,
    "PLATINUM_future": 1718.199951171875,
    "SILVER_future": 58.209999084472656,
    "Long_Term_Treasury_ETF": 90.20999908447266,
    "CORN_future": 445.5,
    "SOYBEANS_future": 1133.5,
    "WHEAT_future": 533.75,
    "SP500_close": 6849.08984375,
    "NASDAQ_close": 23365.689453125,
    "US_10Y_Treasury_Yield": 4.017000198364258,
    "VIX_close": 17.979999542236328,
    "GOLD_basis_spot_vs_near": 0.60009765625,
    "China_10Y_Treasury_Yield": 1.8366
  }
}