{
  "latest_date": "2025-11-19",
  "latest_values": {
    "Shanghai_Composite_Index": 3939.81298828125,
    "CSI_300_Index": 4568.18994140625,
    "Shenzhen_Component_Index": 13080.490234375,
    "ALUMINUM_future": 2767.5,
    "BTC_price": 91606.8125,
    "OIL_price": 58.83000183105469,
    "USD_CNY_exchange_rate": 7.1092000007629395,
    "Commodity_Index_ETF": 23.1299991607666,
    "US_Dollar_Index": 99.69999694824219,
    "ETH_price": 3091.76513671875,
    "GOLD_spot_price": 4112.0,
    "LEAN_HOGS_future": 77.7750015258789,
    "COPPER_future": 5.0254998207092285,
    "High_Yield_Bond_ETF": 80.11000061035156,
    "LIVE_CATTLE_future": 220.8249969482422,
    "GOLD_near_month_future": 4112.10009765625,
    "NATURAL_GAS_future": 4.492000102996826,
    "PLATINUM_future": 1581.9000244140625,
    "SILVER_future": 51.900001525878906,
    "Long_Term_Treasury_ETF": 89.05999755859375,
    "CORN_future": 435.75,
    "SOYBEANS_future": 1144.75,
    "WHEAT_future": 549.75,
    "SP500_close": 6617.31982421875,
    "NASDAQ_close": 22432.849609375,
    "US_10Y_Treasury_Yield": 4.123000144958496,
    "VIX_close": 23.770000457763672,
    "GOLD_basis_spot_vs_near": -0.10009765625,
    "China_10Y_Treasury_Yield": 1.8179
  }
}