{
  "latest_date": "2025-10-08",
  "latest_values": {
    "Shanghai_Composite_Index": 3882.777099609375,
    "CSI_300_Index": 4640.68994140625,
    "Shenzhen_Component_Index": 13526.509765625,
    "ALUMINUM_future": 2712.75,
    "BTC_price": 122355.15625,
    "OIL_price": 62.5,
    "USD_CNY_exchange_rate": 7.11899995803833,
    "Commodity_Index_ETF": 22.77630043029785,
    "US_Dollar_Index": 98.84400177001953,
    "ETH_price": 4455.17431640625,
    "GOLD_spot_price": 4066.0,
    "LEAN_HOGS_future": 86.4749984741211,
    "COPPER_future": 5.093999862670898,
    "High_Yield_Bond_ETF": 80.80500030517578,
    "LIVE_CATTLE_future": 238.1999969482422,
    "GOLD_near_month_future": 4066.0,
    "NATURAL_GAS_future": 3.3580000400543213,
    "PLATINUM_future": 1698.4000244140625,
    "SILVER_future": 48.64500045776367,
    "Long_Term_Treasury_ETF": 89.4749984741211,
    "CORN_future": 420.25,
    "SOYBEANS_future": 1040.0,
    "WHEAT_future": 506.0,
    "SP500_close": 6743.330078125,
    "NASDAQ_close": 22940.12109375,
    "US_10Y_Treasury_Yield": 4.116999626159668,
    "VIX_close": 16.68000030517578,
    "GOLD_basis_spot_vs_near": 0.0,
    "China_10Y_Treasury_Yield": 1.8605
  }
}