{
  "latest_date": "2025-09-11",
  "latest_values": {
    "Shanghai_Composite_Index": 3875.309326171875,
    "CSI_300_Index": 4548.03466796875,
    "Shenzhen_Component_Index": 12979.8916015625,
    "ALUMINUM_future": 2613.25,
    "BTC_price": 114483.8671875,
    "OIL_price": 62.459999084472656,
    "USD_CNY_exchange_rate": 7.1209001541137695,
    "Commodity_Index_ETF": 22.25,
    "US_Dollar_Index": 97.5260009765625,
    "ETH_price": 4417.82763671875,
    "GOLD_spot_price": 3674.10009765625,
    "LEAN_HOGS_future": 98.125,
    "COPPER_future": 4.6539998054504395,
    "High_Yield_Bond_ETF": 81.04499816894531,
    "LIVE_CATTLE_future": 232.10000610351562,
    "GOLD_near_month_future": 3674.5,
    "NATURAL_GAS_future": 2.9549999237060547,
    "PLATINUM_future": 1399.9000244140625,
    "SILVER_future": 42.17499923706055,
    "Long_Term_Treasury_ETF": 90.20500183105469,
    "CORN_future": 420.0,
    "SOYBEANS_future": 1035.25,
    "WHEAT_future": 520.0,
    "SP500_close": 6579.72998046875,
    "NASDAQ_close": 22014.4765625,
    "US_10Y_Treasury_Yield": 4.001999855041504,
    "VIX_close": 14.949999809265137,
    "GOLD_basis_spot_vs_near": -0.39990234375,
    "China_10Y_Treasury_Yield": 1.8743
  }
}