{
  "latest_date": "2026-05-05",
  "latest_values": {
    "Shanghai_Composite_Index": 4112.1591796875,
    "CSI_300_Index": 4807.31005859375,
    "Shenzhen_Component_Index": 15107.5498046875,
    "ALUMINUM_future": 3533.0,
    "BTC_price": 81315.8828125,
    "OIL_price": 101.97000122070312,
    "USD_CNY_exchange_rate": 6.827499866485596,
    "Commodity_Index_ETF": 31.100200653076172,
    "US_Dollar_Index": 98.41300201416016,
    "ETH_price": 2373.580078125,
    "GOLD_spot_price": 4575.10009765625,
    "LEAN_HOGS_future": 99.8499984741211,
    "COPPER_future": 5.997000217437744,
    "High_Yield_Bond_ETF": 79.9749984741211,
    "LIVE_CATTLE_future": 253.22500610351562,
    "GOLD_near_month_future": 4575.2001953125,
    "NATURAL_GAS_future": 2.7939999103546143,
    "PLATINUM_future": 1975.5999755859375,
    "SILVER_future": 73.66000366210938,
    "Long_Term_Treasury_ETF": 85.30999755859375,
    "CORN_future": 477.75,
    "SOYBEANS_future": 1211.25,
    "WHEAT_future": 625.5,
    "SP500_close": 7258.14990234375,
    "NASDAQ_close": 25300.53515625,
    "US_10Y_Treasury_Yield": 4.406000137329102,
    "VIX_close": 17.479999542236328,
    "GOLD_basis_spot_vs_near": -0.10009765625,
    "China_10Y_Treasury_Yield": 1.7473
  }
}