{
  "latest_date": "2026-03-06",
  "latest_values": {
    "Shanghai_Composite_Index": 4124.19384765625,
    "CSI_300_Index": 4660.43896484375,
    "Shenzhen_Component_Index": 14172.626953125,
    "ALUMINUM_future": 3397.25,
    "BTC_price": 68316.2421875,
    "OIL_price": 91.3499984741211,
    "USD_CNY_exchange_rate": 6.895999908447266,
    "Commodity_Index_ETF": 27.510000228881836,
    "US_Dollar_Index": 98.86799621582031,
    "ETH_price": 1983.038330078125,
    "GOLD_spot_price": 5182.7001953125,
    "LEAN_HOGS_future": 95.67500305175781,
    "COPPER_future": 5.835999965667725,
    "High_Yield_Bond_ETF": 79.69000244140625,
    "LIVE_CATTLE_future": 234.3249969482422,
    "GOLD_near_month_future": 5181.7001953125,
    "NATURAL_GAS_future": 3.184999942779541,
    "PLATINUM_future": 2148.89990234375,
    "SILVER_future": 84.7249984741211,
    "Long_Term_Treasury_ETF": 88.45999908447266,
    "CORN_future": 460.75,
    "SOYBEANS_future": 1201.75,
    "WHEAT_future": 618.25,
    "SP500_close": 6740.02001953125,
    "NASDAQ_close": 22387.6796875,
    "US_10Y_Treasury_Yield": 4.133000373840332,
    "VIX_close": 29.489999771118164,
    "GOLD_basis_spot_vs_near": 1.0,
    "China_10Y_Treasury_Yield": 1.781
  }
}