{
  "latest_date": "2026-02-10",
  "latest_values": {
    "Shanghai_Composite_Index": 4123.08984375,
    "CSI_300_Index": 4719.06005859375,
    "Shenzhen_Component_Index": 14208.4404296875,
    "ALUMINUM_future": 3031.25,
    "BTC_price": 69053.296875,
    "OIL_price": 64.29000091552734,
    "USD_CNY_exchange_rate": 6.938799858093262,
    "Commodity_Index_ETF": 24.25,
    "US_Dollar_Index": 96.87100219726562,
    "ETH_price": 2011.741455078125,
    "GOLD_spot_price": 5052.60009765625,
    "LEAN_HOGS_future": 96.94999694824219,
    "COPPER_future": 5.9079999923706055,
    "High_Yield_Bond_ETF": 80.91999816894531,
    "LIVE_CATTLE_future": 238.22500610351562,
    "GOLD_near_month_future": 5052.7001953125,
    "NATURAL_GAS_future": 3.0789999961853027,
    "PLATINUM_future": 2092.199951171875,
    "SILVER_future": 81.33999633789062,
    "Long_Term_Treasury_ETF": 87.5199966430664,
    "CORN_future": 428.5,
    "SOYBEANS_future": 1109.75,
    "WHEAT_future": 527.0,
    "SP500_close": 6964.81982421875,
    "NASDAQ_close": 23238.669921875,
    "US_10Y_Treasury_Yield": 4.197999954223633,
    "VIX_close": 17.360000610351562,
    "GOLD_basis_spot_vs_near": -0.10009765625,
    "China_10Y_Treasury_Yield": 1.8114
  }
}