{
  "latest_date": "2026-04-17",
  "latest_values": {
    "Shanghai_Composite_Index": 4051.42529296875,
    "CSI_300_Index": 4728.67138671875,
    "Shenzhen_Component_Index": 14885.416015625,
    "ALUMINUM_future": 3587.25,
    "BTC_price": 75490.1484375,
    "OIL_price": 87.80999755859375,
    "USD_CNY_exchange_rate": 6.817999839782715,
    "Commodity_Index_ETF": 29.110000610351562,
    "US_Dollar_Index": 98.10800170898438,
    "ETH_price": 2354.0,
    "GOLD_spot_price": 4809.0,
    "LEAN_HOGS_future": 94.05000305175781,
    "COPPER_future": 6.040999889373779,
    "High_Yield_Bond_ETF": 80.3499984741211,
    "LIVE_CATTLE_future": 250.3000030517578,
    "GOLD_near_month_future": 4809.7998046875,
    "NATURAL_GAS_future": 2.678999900817871,
    "PLATINUM_future": 2080.60009765625,
    "SILVER_future": 79.30500030517578,
    "Long_Term_Treasury_ETF": 86.27999877929688,
    "CORN_future": 459.75,
    "SOYBEANS_future": 1161.0,
    "WHEAT_future": 608.25,
    "SP500_close": 7041.27978515625,
    "NASDAQ_close": 24102.69921875,
    "US_10Y_Treasury_Yield": 4.309000015258789,
    "VIX_close": 18.0,
    "GOLD_basis_spot_vs_near": -0.7998046875,
    "China_10Y_Treasury_Yield": 1.7623
  }
}