{
  "latest_date": "2026-02-10",
  "latest_values": {
    "Shanghai_Composite_Index": 4123.08984375,
    "CSI_300_Index": 4719.06005859375,
    "Shenzhen_Component_Index": 14208.4404296875,
    "ALUMINUM_future": 3018.5,
    "BTC_price": 68577.0859375,
    "OIL_price": 64.54000091552734,
    "USD_CNY_exchange_rate": 6.911900043487549,
    "Commodity_Index_ETF": 24.25,
    "US_Dollar_Index": 96.89199829101562,
    "ETH_price": 2009.5836181640625,
    "GOLD_spot_price": 5067.7998046875,
    "LEAN_HOGS_future": 87.2249984741211,
    "COPPER_future": 5.916500091552734,
    "High_Yield_Bond_ETF": 80.91999816894531,
    "LIVE_CATTLE_future": 239.10000610351562,
    "GOLD_near_month_future": 5068.0,
    "NATURAL_GAS_future": 3.135999917984009,
    "PLATINUM_future": 2095.0,
    "SILVER_future": 81.6449966430664,
    "Long_Term_Treasury_ETF": 87.5199966430664,
    "CORN_future": 429.25,
    "SOYBEANS_future": 1113.25,
    "WHEAT_future": 527.0,
    "SP500_close": 6964.81982421875,
    "NASDAQ_close": 23238.669921875,
    "US_10Y_Treasury_Yield": 4.197999954223633,
    "VIX_close": 17.360000610351562,
    "GOLD_basis_spot_vs_near": -0.2001953125,
    "China_10Y_Treasury_Yield": 1.8094
  }
}