{
  "latest_date": "2026-02-06",
  "latest_values": {
    "Shanghai_Composite_Index": 4075.9169921875,
    "CSI_300_Index": 4670.419921875,
    "Shenzhen_Component_Index": 13952.7099609375,
    "ALUMINUM_future": 2946.25,
    "BTC_price": 64930.40625,
    "OIL_price": 64.13999938964844,
    "USD_CNY_exchange_rate": 6.939300060272217,
    "Commodity_Index_ETF": 23.760000228881836,
    "US_Dollar_Index": 97.80000305175781,
    "ETH_price": 1896.0792236328125,
    "GOLD_spot_price": 4870.7998046875,
    "LEAN_HOGS_future": 87.4000015258789,
    "COPPER_future": 5.747499942779541,
    "High_Yield_Bond_ETF": 80.52999877929688,
    "LIVE_CATTLE_future": 235.22500610351562,
    "GOLD_near_month_future": 4870.89990234375,
    "NATURAL_GAS_future": 3.4709999561309814,
    "PLATINUM_future": 1951.199951171875,
    "SILVER_future": 71.875,
    "Long_Term_Treasury_ETF": 87.4800033569336,
    "CORN_future": 433.75,
    "SOYBEANS_future": 1104.0,
    "WHEAT_future": 532.5,
    "SP500_close": 6798.39990234375,
    "NASDAQ_close": 22540.58984375,
    "US_10Y_Treasury_Yield": 4.210000038146973,
    "VIX_close": 21.770000457763672,
    "GOLD_basis_spot_vs_near": -0.10009765625,
    "China_10Y_Treasury_Yield": 1.8169
  }
}