{
  "latest_date": "2026-03-18",
  "latest_values": {
    "Shanghai_Composite_Index": 4049.906982421875,
    "CSI_300_Index": 4637.43994140625,
    "Shenzhen_Component_Index": 14039.73046875,
    "ALUMINUM_future": 3281.0,
    "BTC_price": 74113.6171875,
    "OIL_price": 92.1500015258789,
    "USD_CNY_exchange_rate": 6.876100063323975,
    "Commodity_Index_ETF": 28.760000228881836,
    "ETH_price": 2326.73193359375,
    "GOLD_spot_price": 4994.7001953125,
    "LEAN_HOGS_future": 93.7249984741211,
    "COPPER_future": 5.741000175476074,
    "High_Yield_Bond_ETF": 79.80999755859375,
    "LIVE_CATTLE_future": 235.22500610351562,
    "GOLD_near_month_future": 4994.7001953125,
    "NATURAL_GAS_future": 2.944999933242798,
    "PLATINUM_future": 2109.5,
    "SILVER_future": 79.45999908447266,
    "Long_Term_Treasury_ETF": 87.44999694824219,
    "CORN_future": 452.75,
    "SOYBEANS_future": 1150.0,
    "WHEAT_future": 586.75,
    "SP500_close": 6716.08984375,
    "NASDAQ_close": 22479.52734375,
    "US_10Y_Treasury_Yield": 4.202000141143799,
    "VIX_close": 22.3700008392334,
    "GOLD_basis_spot_vs_near": 0.0,
    "China_10Y_Treasury_Yield": 1.8314
  }
}