{
  "latest_date": "2025-10-15",
  "latest_values": {
    "Shanghai_Composite_Index": 3912.20947265625,
    "CSI_300_Index": 4606.2880859375,
    "Shenzhen_Component_Index": 13118.75390625,
    "ALUMINUM_future": 2671.75,
    "BTC_price": 111343.359375,
    "OIL_price": 58.45000076293945,
    "USD_CNY_exchange_rate": 7.125699996948242,
    "Commodity_Index_ETF": 22.190500259399414,
    "US_Dollar_Index": 98.80799865722656,
    "ETH_price": 4002.010986328125,
    "GOLD_spot_price": 4216.60009765625,
    "LEAN_HOGS_future": 83.4749984741211,
    "COPPER_future": 4.980999946594238,
    "High_Yield_Bond_ETF": 80.73500061035156,
    "LIVE_CATTLE_future": 246.64999389648438,
    "GOLD_near_month_future": 4217.0,
    "NATURAL_GAS_future": 3.0179998874664307,
    "PLATINUM_future": 1686.5,
    "SILVER_future": 52.19499969482422,
    "Long_Term_Treasury_ETF": 90.60990142822266,
    "CORN_future": 417.25,
    "SOYBEANS_future": 1024.5,
    "WHEAT_future": 498.75,
    "SP500_close": 6675.1298828125,
    "NASDAQ_close": 22679.26953125,
    "US_10Y_Treasury_Yield": 4.046000003814697,
    "VIX_close": 20.469999313354492,
    "GOLD_basis_spot_vs_near": -0.39990234375,
    "China_10Y_Treasury_Yield": 1.8449
  }
}