{
  "latest_date": "2026-03-27",
  "latest_values": {
    "Shanghai_Composite_Index": 3889.0830078125,
    "CSI_300_Index": 4477.52978515625,
    "Shenzhen_Component_Index": 13606.4404296875,
    "ALUMINUM_future": 3180.5,
    "BTC_price": 68846.6640625,
    "OIL_price": 94.81999969482422,
    "USD_CNY_exchange_rate": 6.909599781036377,
    "Commodity_Index_ETF": 28.440000534057617,
    "US_Dollar_Index": 99.94200134277344,
    "ETH_price": 2067.73291015625,
    "GOLD_spot_price": 4446.0,
    "LEAN_HOGS_future": 90.82499694824219,
    "COPPER_future": 5.528500080108643,
    "High_Yield_Bond_ETF": 78.91999816894531,
    "LIVE_CATTLE_future": 235.10000610351562,
    "GOLD_near_month_future": 4447.0,
    "NATURAL_GAS_future": 2.9630000591278076,
    "PLATINUM_future": 1890.0999755859375,
    "SILVER_future": 69.79499816894531,
    "Long_Term_Treasury_ETF": 86.11000061035156,
    "CORN_future": 468.0,
    "SOYBEANS_future": 1175.75,
    "WHEAT_future": 605.75,
    "SP500_close": 6477.16015625,
    "NASDAQ_close": 21408.080078125,
    "US_10Y_Treasury_Yield": 4.415999889373779,
    "VIX_close": 27.440000534057617,
    "GOLD_basis_spot_vs_near": -1.0,
    "China_10Y_Treasury_Yield": 1.8194
  }
}