{
  "latest_date": "2025-10-22",
  "latest_values": {
    "Shanghai_Composite_Index": 3916.33203125,
    "CSI_300_Index": 4607.8701171875,
    "Shenzhen_Component_Index": 13077.3203125,
    "ALUMINUM_future": 2757.0,
    "BTC_price": 108283.84375,
    "OIL_price": 58.099998474121094,
    "USD_CNY_exchange_rate": 7.119500160217285,
    "Commodity_Index_ETF": 22.110000610351562,
    "US_Dollar_Index": 98.9749984741211,
    "ETH_price": 3865.6630859375,
    "GOLD_spot_price": 4145.5,
    "LEAN_HOGS_future": 83.30000305175781,
    "COPPER_future": 4.993000030517578,
    "High_Yield_Bond_ETF": 80.76000213623047,
    "LIVE_CATTLE_future": 245.4250030517578,
    "GOLD_near_month_future": 4145.60009765625,
    "NATURAL_GAS_future": 3.4649999141693115,
    "PLATINUM_future": 1520.5,
    "SILVER_future": 48.119998931884766,
    "Long_Term_Treasury_ETF": 92.0,
    "CORN_future": 420.5,
    "SOYBEANS_future": 1051.25,
    "WHEAT_future": 499.75,
    "SP500_close": 6735.35009765625,
    "NASDAQ_close": 22953.669921875,
    "US_10Y_Treasury_Yield": 3.9630000591278076,
    "VIX_close": 17.760000228881836,
    "GOLD_basis_spot_vs_near": -0.10009765625,
    "China_10Y_Treasury_Yield": 1.8357
  }
}