{
  "latest_date": "2025-12-18",
  "latest_values": {
    "Shanghai_Composite_Index": 3870.278076171875,
    "CSI_300_Index": 4579.8798828125,
    "Shenzhen_Component_Index": 13224.509765625,
    "ALUMINUM_future": 2902.0,
    "BTC_price": 86904.0859375,
    "OIL_price": 56.130001068115234,
    "USD_CNY_exchange_rate": 7.040200233459473,
    "Commodity_Index_ETF": 22.850000381469727,
    "US_Dollar_Index": 98.46700286865234,
    "ETH_price": 2838.54052734375,
    "GOLD_spot_price": 4357.60009765625,
    "LEAN_HOGS_future": 83.125,
    "COPPER_future": 5.4054999351501465,
    "High_Yield_Bond_ETF": 80.55999755859375,
    "LIVE_CATTLE_future": 229.52499389648438,
    "GOLD_near_month_future": 4357.7001953125,
    "NATURAL_GAS_future": 4.0920000076293945,
    "PLATINUM_future": 1973.4000244140625,
    "SILVER_future": 66.22000122070312,
    "Long_Term_Treasury_ETF": 87.80000305175781,
    "CORN_future": 441.25,
    "SOYBEANS_future": 1055.75,
    "WHEAT_future": 506.5,
    "SP500_close": 6721.43017578125,
    "NASDAQ_close": 22693.3203125,
    "US_10Y_Treasury_Yield": 4.151000022888184,
    "VIX_close": 17.59000015258789,
    "GOLD_basis_spot_vs_near": -0.10009765625,
    "China_10Y_Treasury_Yield": 1.834
  }
}