{
  "latest_date": "2026-07-07",
  "latest_values": {
    "Shanghai_Composite_Index": 4041.238037109375,
    "CSI_300_Index": 4842.169921875,
    "Shenzhen_Component_Index": 15416.7998046875,
    "ALUMINUM_future": 3364.0,
    "BTC_price": 63457.6484375,
    "OIL_price": 72.19999694824219,
    "USD_CNY_exchange_rate": 6.792900085449219,
    "Commodity_Index_ETF": 27.350000381469727,
    "US_Dollar_Index": 101.11299896240234,
    "ETH_price": 1775.8900146484375,
    "GOLD_spot_price": 4116.60009765625,
    "LEAN_HOGS_future": 96.92500305175781,
    "COPPER_future": 6.182000160217285,
    "High_Yield_Bond_ETF": 79.76000213623047,
    "LIVE_CATTLE_future": 238.35000610351562,
    "GOLD_near_month_future": 4116.60009765625,
    "NATURAL_GAS_future": 3.2809998989105225,
    "PLATINUM_future": 1649.0,
    "SILVER_future": 60.404998779296875,
    "Long_Term_Treasury_ETF": 84.55000305175781,
    "CORN_future": 463.5,
    "SOYBEANS_future": 1196.5,
    "WHEAT_future": 617.75,
    "SP500_close": 7503.85009765625,
    "NASDAQ_close": 25818.689453125,
    "US_10Y_Treasury_Yield": 4.529000282287598,
    "VIX_close": 16.1299991607666,
    "GOLD_basis_spot_vs_near": 0.0,
    "China_10Y_Treasury_Yield": 1.7406
  }
}