{
  "latest_date": "2026-01-27",
  "latest_values": {
    "Shanghai_Composite_Index": 4132.60498046875,
    "CSI_300_Index": 4706.9599609375,
    "Shenzhen_Component_Index": 14316.6396484375,
    "ALUMINUM_future": 3151.5,
    "BTC_price": 87720.09375,
    "OIL_price": 60.7400016784668,
    "USD_CNY_exchange_rate": 6.954400062561035,
    "Commodity_Index_ETF": 24.290000915527344,
    "US_Dollar_Index": 96.62000274658203,
    "ETH_price": 2907.109130859375,
    "GOLD_spot_price": 5076.39990234375,
    "LEAN_HOGS_future": 88.3499984741211,
    "COPPER_future": 5.9019999504089355,
    "High_Yield_Bond_ETF": 81.18000030517578,
    "LIVE_CATTLE_future": 236.02499389648438,
    "GOLD_near_month_future": 5076.2001953125,
    "NATURAL_GAS_future": 3.7100000381469727,
    "PLATINUM_future": 2669.0,
    "SILVER_future": 112.03500366210938,
    "Long_Term_Treasury_ETF": 88.3499984741211,
    "CORN_future": 429.0,
    "SOYBEANS_future": 1064.75,
    "WHEAT_future": 522.75,
    "SP500_close": 6950.22998046875,
    "NASDAQ_close": 23601.359375,
    "US_10Y_Treasury_Yield": 4.213000297546387,
    "VIX_close": 16.079999923706055,
    "GOLD_basis_spot_vs_near": 0.19970703125,
    "China_10Y_Treasury_Yield": 1.8311
  }
}