{
  "latest_date": "2026-02-27",
  "latest_values": {
    "Shanghai_Composite_Index": 4146.630859375,
    "CSI_300_Index": 4726.8740234375,
    "Shenzhen_Component_Index": 14503.7861328125,
    "ALUMINUM_future": 3094.75,
    "BTC_price": 67356.1953125,
    "OIL_price": 65.26000213623047,
    "USD_CNY_exchange_rate": 6.840400218963623,
    "Commodity_Index_ETF": 24.760000228881836,
    "US_Dollar_Index": 97.78099822998047,
    "ETH_price": 2025.494384765625,
    "GOLD_spot_price": 5198.5,
    "LEAN_HOGS_future": 95.6500015258789,
    "COPPER_future": 6.021500110626221,
    "High_Yield_Bond_ETF": 80.8499984741211,
    "LIVE_CATTLE_future": 236.97500610351562,
    "GOLD_near_month_future": 5198.7998046875,
    "NATURAL_GAS_future": 2.8239998817443848,
    "PLATINUM_future": 2264.39990234375,
    "SILVER_future": 88.93000030517578,
    "Long_Term_Treasury_ETF": 90.2699966430664,
    "CORN_future": 443.75,
    "SOYBEANS_future": 1163.0,
    "WHEAT_future": 574.0,
    "SP500_close": 6908.85986328125,
    "NASDAQ_close": 22878.3828125,
    "US_10Y_Treasury_Yield": 4.0169997215271,
    "VIX_close": 18.6299991607666,
    "GOLD_basis_spot_vs_near": -0.2998046875,
    "China_10Y_Treasury_Yield": 1.8288
  }
}