{
  "latest_date": "2026-05-18",
  "latest_values": {
    "Shanghai_Composite_Index": 4131.52783203125,
    "CSI_300_Index": 4833.52392578125,
    "Shenzhen_Component_Index": 15530.2294921875,
    "ALUMINUM_future": 3526.25,
    "BTC_price": 76058.5625,
    "OIL_price": 102.0999984741211,
    "USD_CNY_exchange_rate": 6.785099983215332,
    "Commodity_Index_ETF": 31.56999969482422,
    "US_Dollar_Index": 99.08000183105469,
    "ETH_price": 2098.7900390625,
    "GOLD_spot_price": 4550.0,
    "LEAN_HOGS_future": 103.7249984741211,
    "COPPER_future": 6.320000171661377,
    "High_Yield_Bond_ETF": 79.56500244140625,
    "LIVE_CATTLE_future": 248.0500030517578,
    "GOLD_near_month_future": 4550.10009765625,
    "NATURAL_GAS_future": 3.0139999389648438,
    "PLATINUM_future": 1975.300048828125,
    "SILVER_future": 76.98500061035156,
    "Long_Term_Treasury_ETF": 83.45999908447266,
    "CORN_future": 473.75,
    "SOYBEANS_future": 1215.0,
    "WHEAT_future": 657.75,
    "SP500_close": 7392.740234375,
    "NASDAQ_close": 26093.05859375,
    "US_10Y_Treasury_Yield": 4.5970001220703125,
    "VIX_close": 18.469999313354492,
    "GOLD_basis_spot_vs_near": -0.10009765625,
    "China_10Y_Treasury_Yield": 1.7585
  }
}