{
  "latest_date": "2025-09-30",
  "latest_values": {
    "Shanghai_Composite_Index": 3862.531982421875,
    "CSI_300_Index": 4620.0498046875,
    "Shenzhen_Component_Index": 13479.4296875,
    "ALUMINUM_future": 2599.25,
    "BTC_price": 113899.1328125,
    "OIL_price": 63.189998626708984,
    "USD_CNY_exchange_rate": 7.133800029754639,
    "Commodity_Index_ETF": 22.6200008392334,
    "US_Dollar_Index": 97.87000274658203,
    "ETH_price": 4182.45654296875,
    "GOLD_spot_price": 3897.800048828125,
    "LEAN_HOGS_future": 90.32499694824219,
    "COPPER_future": 4.9004998207092285,
    "High_Yield_Bond_ETF": 81.22000122070312,
    "LIVE_CATTLE_future": 236.27499389648438,
    "GOLD_near_month_future": 3897.699951171875,
    "NATURAL_GAS_future": 3.2809998989105225,
    "PLATINUM_future": 1648.4000244140625,
    "SILVER_future": 47.34000015258789,
    "Long_Term_Treasury_ETF": 89.62999725341797,
    "CORN_future": 420.25,
    "SOYBEANS_future": 1006.0,
    "WHEAT_future": 516.5,
    "SP500_close": 6661.2099609375,
    "NASDAQ_close": 22591.150390625,
    "US_10Y_Treasury_Yield": 4.140999794006348,
    "VIX_close": 16.1200008392334,
    "GOLD_basis_spot_vs_near": 0.10009765625,
    "China_10Y_Treasury_Yield": 1.887
  }
}