{
  "latest_date": "2025-10-27",
  "latest_values": {
    "Shanghai_Composite_Index": 3950.31201171875,
    "CSI_300_Index": 4660.68017578125,
    "Shenzhen_Component_Index": 13289.1796875,
    "ALUMINUM_future": 2845.75,
    "BTC_price": 115522.78125,
    "OIL_price": 61.59000015258789,
    "USD_CNY_exchange_rate": 7.110799789428711,
    "Commodity_Index_ETF": 22.850000381469727,
    "US_Dollar_Index": 98.96099853515625,
    "ETH_price": 4198.03564453125,
    "GOLD_spot_price": 4079.89990234375,
    "LEAN_HOGS_future": 84.2249984741211,
    "COPPER_future": 5.184999942779541,
    "High_Yield_Bond_ETF": 81.08000183105469,
    "LIVE_CATTLE_future": 233.4250030517578,
    "GOLD_near_month_future": 4079.800048828125,
    "NATURAL_GAS_future": 3.308000087738037,
    "PLATINUM_future": 1601.5999755859375,
    "SILVER_future": 48.130001068115234,
    "Long_Term_Treasury_ETF": 91.47000122070312,
    "CORN_future": 429.25,
    "SOYBEANS_future": 1077.0,
    "WHEAT_future": 523.0,
    "SP500_close": 6791.68994140625,
    "NASDAQ_close": 23204.869140625,
    "US_10Y_Treasury_Yield": 3.996999979019165,
    "VIX_close": 15.770000457763672,
    "GOLD_basis_spot_vs_near": 0.099853515625,
    "China_10Y_Treasury_Yield": 1.8486
  }
}