{
  "latest_date": "2025-09-16",
  "latest_values": {
    "Shanghai_Composite_Index": 3861.864990234375,
    "CSI_300_Index": 4523.3369140625,
    "Shenzhen_Component_Index": 13005.76953125,
    "ALUMINUM_future": 2591.0,
    "BTC_price": 115813.921875,
    "OIL_price": 64.51000213623047,
    "USD_CNY_exchange_rate": 7.124199867248535,
    "Commodity_Index_ETF": 22.75,
    "US_Dollar_Index": 96.76899719238281,
    "ETH_price": 4464.02392578125,
    "GOLD_spot_price": 3723.800048828125,
    "LEAN_HOGS_future": 97.9000015258789,
    "COPPER_future": 4.702499866485596,
    "High_Yield_Bond_ETF": 81.1500015258789,
    "LIVE_CATTLE_future": 233.0500030517578,
    "GOLD_near_month_future": 3723.89990234375,
    "NATURAL_GAS_future": 3.109999895095825,
    "PLATINUM_future": 1400.300048828125,
    "SILVER_future": 42.79499816894531,
    "Long_Term_Treasury_ETF": 90.40499877929688,
    "CORN_future": 429.75,
    "SOYBEANS_future": 1050.0,
    "WHEAT_future": 533.5,
    "SP500_close": 6605.1201171875,
    "NASDAQ_close": 22316.52734375,
    "US_10Y_Treasury_Yield": 4.0360002517700195,
    "VIX_close": 16.190000534057617,
    "GOLD_basis_spot_vs_near": -0.099853515625,
    "China_10Y_Treasury_Yield": 1.8527
  }
}