{
  "latest_date": "2026-03-23",
  "latest_values": {
    "Shanghai_Composite_Index": 3957.052978515625,
    "CSI_300_Index": 4567.02001953125,
    "Shenzhen_Component_Index": 13866.2001953125,
    "ALUMINUM_future": 3112.75,
    "BTC_price": 70723.8125,
    "OIL_price": 90.79000091552734,
    "USD_CNY_exchange_rate": 6.884399890899658,
    "Commodity_Index_ETF": 28.049999237060547,
    "US_Dollar_Index": 99.34700012207031,
    "ETH_price": 2149.646728515625,
    "GOLD_spot_price": 4429.39990234375,
    "LEAN_HOGS_future": 91.2750015258789,
    "COPPER_future": 5.447000026702881,
    "High_Yield_Bond_ETF": 79.22000122070312,
    "LIVE_CATTLE_future": 234.0500030517578,
    "GOLD_near_month_future": 4429.39990234375,
    "NATURAL_GAS_future": 2.9240000247955322,
    "PLATINUM_future": 1871.0,
    "SILVER_future": 68.5199966430664,
    "Long_Term_Treasury_ETF": 86.06999969482422,
    "CORN_future": 461.25,
    "SOYBEANS_future": 1158.75,
    "WHEAT_future": 585.5,
    "SP500_close": 6597.009765625,
    "NASDAQ_close": 22005.8515625,
    "US_10Y_Treasury_Yield": 4.366000175476074,
    "VIX_close": 24.239999771118164,
    "GOLD_basis_spot_vs_near": 0.0,
    "China_10Y_Treasury_Yield": 1.8316
  }
}