{
  "latest_date": "2025-10-27",
  "latest_values": {
    "Shanghai_Composite_Index": 3950.31201171875,
    "CSI_300_Index": 4660.68017578125,
    "Shenzhen_Component_Index": 13289.1796875,
    "ALUMINUM_future": 2840.0,
    "BTC_price": 114988.9921875,
    "OIL_price": 61.68000030517578,
    "USD_CNY_exchange_rate": 7.110799789428711,
    "Commodity_Index_ETF": 22.850000381469727,
    "US_Dollar_Index": 98.89399719238281,
    "ETH_price": 4211.82568359375,
    "GOLD_spot_price": 4089.0,
    "LEAN_HOGS_future": 81.80000305175781,
    "COPPER_future": 5.206500053405762,
    "High_Yield_Bond_ETF": 81.08000183105469,
    "LIVE_CATTLE_future": 233.9250030517578,
    "GOLD_near_month_future": 4089.0,
    "NATURAL_GAS_future": 3.371999979019165,
    "PLATINUM_future": 1598.4000244140625,
    "SILVER_future": 48.220001220703125,
    "Long_Term_Treasury_ETF": 91.47000122070312,
    "CORN_future": 423.25,
    "SOYBEANS_future": 1060.25,
    "WHEAT_future": 512.5,
    "SP500_close": 6791.68994140625,
    "NASDAQ_close": 23204.869140625,
    "US_10Y_Treasury_Yield": 3.996999979019165,
    "VIX_close": 16.3700008392334,
    "GOLD_basis_spot_vs_near": 0.0,
    "China_10Y_Treasury_Yield": 1.8486
  }
}