{
  "latest_date": "2025-11-04",
  "latest_values": {
    "Shanghai_Composite_Index": 3976.52099609375,
    "CSI_300_Index": 4653.39990234375,
    "Shenzhen_Component_Index": 13404.0595703125,
    "ALUMINUM_future": 2887.25,
    "BTC_price": 106827.890625,
    "OIL_price": 60.86000061035156,
    "USD_CNY_exchange_rate": 7.123199939727783,
    "Commodity_Index_ETF": 23.049999237060547,
    "US_Dollar_Index": 99.92500305175781,
    "ETH_price": 3640.0400390625,
    "GOLD_spot_price": 3998.10009765625,
    "LEAN_HOGS_future": 82.05000305175781,
    "COPPER_future": 5.0295000076293945,
    "High_Yield_Bond_ETF": 80.13999938964844,
    "LIVE_CATTLE_future": 232.1750030517578,
    "GOLD_near_month_future": 3998.10009765625,
    "NATURAL_GAS_future": 4.236999988555908,
    "PLATINUM_future": 1568.9000244140625,
    "SILVER_future": 47.619998931884766,
    "Long_Term_Treasury_ETF": 89.73999786376953,
    "CORN_future": 433.25,
    "SOYBEANS_future": 1131.5,
    "WHEAT_future": 548.0,
    "SP500_close": 6851.97021484375,
    "NASDAQ_close": 23834.720703125,
    "US_10Y_Treasury_Yield": 4.105999946594238,
    "VIX_close": 17.170000076293945,
    "GOLD_basis_spot_vs_near": 0.0,
    "China_10Y_Treasury_Yield": 1.7944
  }
}