{
  "latest_date": "2025-10-20",
  "latest_values": {
    "Shanghai_Composite_Index": 3839.7548828125,
    "CSI_300_Index": 4514.22998046875,
    "Shenzhen_Component_Index": 12688.9404296875,
    "ALUMINUM_future": 2712.0,
    "BTC_price": 111132.1640625,
    "OIL_price": 57.06999969482422,
    "USD_CNY_exchange_rate": 7.123000144958496,
    "Commodity_Index_ETF": 22.1200008392334,
    "US_Dollar_Index": 98.52400207519531,
    "ETH_price": 4051.04248046875,
    "GOLD_spot_price": 4268.7998046875,
    "LEAN_HOGS_future": 84.7750015258789,
    "COPPER_future": 5.017499923706055,
    "High_Yield_Bond_ETF": 80.72000122070312,
    "LIVE_CATTLE_future": 242.0,
    "GOLD_near_month_future": 4268.89990234375,
    "NATURAL_GAS_future": 3.186000108718872,
    "PLATINUM_future": 1611.199951171875,
    "SILVER_future": 50.775001525878906,
    "Long_Term_Treasury_ETF": 91.19999694824219,
    "CORN_future": 422.75,
    "SOYBEANS_future": 1027.25,
    "WHEAT_future": 505.75,
    "SP500_close": 6664.009765625,
    "NASDAQ_close": 22679.970703125,
    "US_10Y_Treasury_Yield": 4.006999969482422,
    "VIX_close": 20.420000076293945,
    "GOLD_basis_spot_vs_near": -0.10009765625,
    "China_10Y_Treasury_Yield": 1.8246
  }
}