{
  "latest_date": "2025-12-01",
  "latest_values": {
    "Shanghai_Composite_Index": 3914.006103515625,
    "CSI_300_Index": 4576.48583984375,
    "Shenzhen_Component_Index": 13146.7158203125,
    "ALUMINUM_future": 2740.5,
    "BTC_price": 85029.4609375,
    "OIL_price": 59.20000076293945,
    "USD_CNY_exchange_rate": 7.071199893951416,
    "Commodity_Index_ETF": 23.100000381469727,
    "US_Dollar_Index": 99.30699920654297,
    "ETH_price": 2740.9130859375,
    "GOLD_spot_price": 4264.60009765625,
    "LEAN_HOGS_future": 80.7249984741211,
    "COPPER_future": 5.302000045776367,
    "High_Yield_Bond_ETF": 80.51499938964844,
    "LIVE_CATTLE_future": 215.4499969482422,
    "GOLD_near_month_future": 4264.60009765625,
    "NATURAL_GAS_future": 4.795000076293945,
    "PLATINUM_future": 1679.4000244140625,
    "SILVER_future": 58.790000915527344,
    "Long_Term_Treasury_ETF": 88.84459686279297,
    "CORN_future": 444.25,
    "SOYBEANS_future": 1129.5,
    "WHEAT_future": 534.25,
    "SP500_close": 6837.080078125,
    "NASDAQ_close": 23334.904296875,
    "US_10Y_Treasury_Yield": 4.0980000495910645,
    "VIX_close": 16.770000457763672,
    "GOLD_basis_spot_vs_near": 0.0,
    "China_10Y_Treasury_Yield": 1.8366
  }
}