{
  "latest_date": "2026-02-10",
  "latest_values": {
    "Shanghai_Composite_Index": 4128.373046875,
    "CSI_300_Index": 4724.29541015625,
    "Shenzhen_Component_Index": 14208.4404296875,
    "ALUMINUM_future": 3032.0,
    "BTC_price": 68944.578125,
    "OIL_price": 64.41000366210938,
    "USD_CNY_exchange_rate": 6.910600185394287,
    "Commodity_Index_ETF": 24.19499969482422,
    "US_Dollar_Index": 96.78299713134766,
    "ETH_price": 2019.185546875,
    "GOLD_spot_price": 5060.0,
    "LEAN_HOGS_future": 87.07499694824219,
    "COPPER_future": 5.927499771118164,
    "High_Yield_Bond_ETF": 80.98500061035156,
    "LIVE_CATTLE_future": 240.10000610351562,
    "GOLD_near_month_future": 5060.2001953125,
    "NATURAL_GAS_future": 3.1579999923706055,
    "PLATINUM_future": 2103.0,
    "SILVER_future": 81.74500274658203,
    "Long_Term_Treasury_ETF": 88.37000274658203,
    "CORN_future": 430.25,
    "SOYBEANS_future": 1121.0,
    "WHEAT_future": 529.75,
    "SP500_close": 6981.1298828125,
    "NASDAQ_close": 23282.52734375,
    "US_10Y_Treasury_Yield": 4.144999980926514,
    "VIX_close": 17.270000457763672,
    "GOLD_basis_spot_vs_near": -0.2001953125,
    "China_10Y_Treasury_Yield": 1.8094
  }
}