{
  "latest_date": "2026-04-27",
  "latest_values": {
    "Shanghai_Composite_Index": 4079.89990234375,
    "CSI_300_Index": 4769.3701171875,
    "Shenzhen_Component_Index": 14940.2998046875,
    "ALUMINUM_future": 3583.0,
    "BTC_price": 78749.109375,
    "OIL_price": 95.63999938964844,
    "USD_CNY_exchange_rate": 6.826000213623047,
    "Commodity_Index_ETF": 29.860000610351562,
    "US_Dollar_Index": 98.45899963378906,
    "ETH_price": 2373.14990234375,
    "GOLD_spot_price": 4739.5,
    "LEAN_HOGS_future": 94.30000305175781,
    "COPPER_future": 6.0625,
    "High_Yield_Bond_ETF": 80.4800033569336,
    "LIVE_CATTLE_future": 248.3000030517578,
    "GOLD_near_month_future": 4739.5,
    "NATURAL_GAS_future": 2.687999963760376,
    "PLATINUM_future": 2027.699951171875,
    "SILVER_future": 76.33999633789062,
    "Long_Term_Treasury_ETF": 86.70999908447266,
    "CORN_future": 466.75,
    "SOYBEANS_future": 1181.0,
    "WHEAT_future": 619.5,
    "SP500_close": 7165.080078125,
    "NASDAQ_close": 24836.599609375,
    "US_10Y_Treasury_Yield": 4.309999942779541,
    "VIX_close": 18.709999084472656,
    "GOLD_basis_spot_vs_near": 0.0,
    "China_10Y_Treasury_Yield": 1.7601
  }
}