{
  "latest_date": "2026-04-01",
  "latest_values": {
    "Shanghai_Composite_Index": 3891.861083984375,
    "CSI_300_Index": 4450.0498046875,
    "Shenzhen_Component_Index": 13478.0595703125,
    "ALUMINUM_future": 3362.0,
    "BTC_price": 68484.8828125,
    "OIL_price": 101.97000122070312,
    "USD_CNY_exchange_rate": 6.911600112915039,
    "Commodity_Index_ETF": 28.950000762939453,
    "US_Dollar_Index": 99.7300033569336,
    "ETH_price": 2124.211181640625,
    "GOLD_spot_price": 4720.2001953125,
    "LEAN_HOGS_future": 90.42500305175781,
    "COPPER_future": 5.644499778747559,
    "High_Yield_Bond_ETF": 79.55999755859375,
    "LIVE_CATTLE_future": 243.02499389648438,
    "GOLD_near_month_future": 4720.60009765625,
    "NATURAL_GAS_future": 2.882999897003174,
    "PLATINUM_future": 1965.0,
    "SILVER_future": 74.81999969482422,
    "Long_Term_Treasury_ETF": 86.69000244140625,
    "CORN_future": 457.25,
    "SOYBEANS_future": 1170.5,
    "WHEAT_future": 615.0,
    "SP500_close": 6528.52001953125,
    "NASDAQ_close": 21590.630859375,
    "US_10Y_Treasury_Yield": 4.310999870300293,
    "VIX_close": 25.25,
    "GOLD_basis_spot_vs_near": -0.39990234375,
    "China_10Y_Treasury_Yield": 1.8171
  }
}