{
  "latest_date": "2026-03-17",
  "latest_values": {
    "Shanghai_Composite_Index": 4084.785888671875,
    "CSI_300_Index": 4671.56005859375,
    "Shenzhen_Component_Index": 14307.580078125,
    "ALUMINUM_future": 3343.25,
    "BTC_price": 73705.21875,
    "OIL_price": 94.37000274658203,
    "USD_CNY_exchange_rate": 6.887199878692627,
    "Commodity_Index_ETF": 28.700000762939453,
    "ETH_price": 2321.13720703125,
    "GOLD_spot_price": 5018.2998046875,
    "LEAN_HOGS_future": 93.5,
    "COPPER_future": 5.796500205993652,
    "High_Yield_Bond_ETF": 79.72450256347656,
    "LIVE_CATTLE_future": 233.25,
    "GOLD_near_month_future": 5018.5,
    "NATURAL_GAS_future": 3.0920000076293945,
    "PLATINUM_future": 2137.199951171875,
    "SILVER_future": 81.1449966430664,
    "Long_Term_Treasury_ETF": 87.42500305175781,
    "CORN_future": 455.0,
    "SOYBEANS_future": 1159.5,
    "WHEAT_future": 594.0,
    "SP500_close": 6742.7900390625,
    "NASDAQ_close": 22508.615234375,
    "US_10Y_Treasury_Yield": 4.206000328063965,
    "VIX_close": 22.459999084472656,
    "GOLD_basis_spot_vs_near": -0.2001953125,
    "China_10Y_Treasury_Yield": 1.8314
  }
}