{
  "latest_date": "2025-11-06",
  "latest_values": {
    "Shanghai_Composite_Index": 3960.18603515625,
    "CSI_300_Index": 4618.7001953125,
    "Shenzhen_Component_Index": 13175.2197265625,
    "ALUMINUM_future": 2788.75,
    "BTC_price": 102784.0078125,
    "OIL_price": 60.08000183105469,
    "USD_CNY_exchange_rate": 7.120500087738037,
    "Commodity_Index_ETF": 22.81999969482422,
    "US_Dollar_Index": 99.96600341796875,
    "ETH_price": 3381.334228515625,
    "GOLD_spot_price": 4020.0,
    "LEAN_HOGS_future": 80.5,
    "COPPER_future": 5.01800012588501,
    "High_Yield_Bond_ETF": 80.2300033569336,
    "LIVE_CATTLE_future": 220.52499389648438,
    "GOLD_near_month_future": 4019.800048828125,
    "PLATINUM_future": 1573.199951171875,
    "SILVER_future": 48.42499923706055,
    "Long_Term_Treasury_ETF": 88.95999908447266,
    "CORN_future": 433.5,
    "SOYBEANS_future": 1123.0,
    "WHEAT_future": 550.75,
    "SP500_close": 6796.2900390625,
    "NASDAQ_close": 23499.796875,
    "US_10Y_Treasury_Yield": 4.1570000648498535,
    "VIX_close": 18.059999465942383,
    "GOLD_basis_spot_vs_near": 0.199951171875,
    "China_10Y_Treasury_Yield": 1.81
  }
}