{
  "latest_date": "2026-05-10",
  "latest_values": {
    "Shanghai_Composite_Index": 4179.953125,
    "CSI_300_Index": 4871.91015625,
    "Shenzhen_Component_Index": 15563.7998046875,
    "ALUMINUM_future": 3461.25,
    "BTC_price": 80754.7734375,
    "OIL_price": 95.41999816894531,
    "USD_CNY_exchange_rate": 6.800000190734863,
    "Commodity_Index_ETF": 30.299999237060547,
    "US_Dollar_Index": 97.83999633789062,
    "ETH_price": 2328.090087890625,
    "GOLD_spot_price": 4730.7001953125,
    "LEAN_HOGS_future": 98.625,
    "COPPER_future": 6.296500205993652,
    "High_Yield_Bond_ETF": 80.13999938964844,
    "LIVE_CATTLE_future": 248.89999389648438,
    "GOLD_near_month_future": 4730.7001953125,
    "NATURAL_GAS_future": 2.756999969482422,
    "PLATINUM_future": 2059.300048828125,
    "SILVER_future": 80.86499786376953,
    "Long_Term_Treasury_ETF": 86.08000183105469,
    "CORN_future": 471.25,
    "SOYBEANS_future": 1208.0,
    "WHEAT_future": 619.0,
    "SP500_close": 7398.93017578125,
    "NASDAQ_close": 26247.080078125,
    "US_10Y_Treasury_Yield": 4.363999843597412,
    "VIX_close": 17.190000534057617,
    "GOLD_basis_spot_vs_near": 0.0,
    "China_10Y_Treasury_Yield": 1.767
  }
}