{
  "latest_date": "2025-11-25",
  "latest_values": {
    "Shanghai_Composite_Index": 3870.022705078125,
    "CSI_300_Index": 4490.40478515625,
    "Shenzhen_Component_Index": 12777.3125,
    "ALUMINUM_future": 2740.5,
    "BTC_price": 87061.6015625,
    "OIL_price": 57.619998931884766,
    "USD_CNY_exchange_rate": 7.084000110626221,
    "Commodity_Index_ETF": 22.485000610351562,
    "US_Dollar_Index": 99.92400360107422,
    "ETH_price": 2926.0400390625,
    "GOLD_spot_price": 4170.60009765625,
    "LEAN_HOGS_future": 79.0250015258789,
    "COPPER_future": 5.084000110626221,
    "High_Yield_Bond_ETF": 80.7699966430664,
    "LIVE_CATTLE_future": 207.1999969482422,
    "GOLD_near_month_future": 4170.7001953125,
    "NATURAL_GAS_future": 4.421000003814697,
    "PLATINUM_future": 1557.5,
    "SILVER_future": 51.45000076293945,
    "Long_Term_Treasury_ETF": 90.3395004272461,
    "CORN_future": 422.5,
    "SOYBEANS_future": 1122.75,
    "WHEAT_future": 537.5,
    "SP500_close": 6739.72021484375,
    "NASDAQ_close": 22894.40625,
    "US_10Y_Treasury_Yield": 4.008000373840332,
    "VIX_close": 19.34000015258789,
    "GOLD_basis_spot_vs_near": -0.10009765625,
    "China_10Y_Treasury_Yield": 1.8301
  }
}