{
  "latest_date": "2026-04-08",
  "latest_values": {
    "Shanghai_Composite_Index": 3890.1650390625,
    "CSI_300_Index": 4595.55615234375,
    "Shenzhen_Component_Index": 14042.49609375,
    "ALUMINUM_future": 3380.0,
    "BTC_price": 71624.0390625,
    "OIL_price": 94.52999877929688,
    "USD_CNY_exchange_rate": 6.882299900054932,
    "Commodity_Index_ETF": 29.3700008392334,
    "US_Dollar_Index": 98.7750015258789,
    "ETH_price": 2246.037353515625,
    "GOLD_spot_price": 4815.5,
    "LEAN_HOGS_future": 90.7750015258789,
    "COPPER_future": 5.739500045776367,
    "High_Yield_Bond_ETF": 79.72000122070312,
    "LIVE_CATTLE_future": 248.1999969482422,
    "GOLD_near_month_future": 4815.89990234375,
    "NATURAL_GAS_future": 2.7290000915527344,
    "PLATINUM_future": 2060.5,
    "SILVER_future": 77.05999755859375,
    "Long_Term_Treasury_ETF": 86.63999938964844,
    "CORN_future": 445.0,
    "SOYBEANS_future": 1159.0,
    "WHEAT_future": 580.25,
    "SP500_close": 6616.85009765625,
    "NASDAQ_close": 22017.849609375,
    "US_10Y_Treasury_Yield": 4.3429999351501465,
    "VIX_close": 20.549999237060547,
    "GOLD_basis_spot_vs_near": -0.39990234375,
    "China_10Y_Treasury_Yield": 1.8136
  }
}