{
  "latest_date": "2026-05-21",
  "latest_values": {
    "Shanghai_Composite_Index": 4162.18505859375,
    "CSI_300_Index": 4850.7001953125,
    "Shenzhen_Component_Index": 15569.98046875,
    "ALUMINUM_future": 3611.0,
    "BTC_price": 77555.921875,
    "OIL_price": 97.2300033569336,
    "USD_CNY_exchange_rate": 6.814499855041504,
    "Commodity_Index_ETF": 30.665000915527344,
    "US_Dollar_Index": 99.18299865722656,
    "ETH_price": 2135.1298828125,
    "GOLD_spot_price": 4540.7998046875,
    "LEAN_HOGS_future": 100.1500015258789,
    "COPPER_future": 6.343999862670898,
    "High_Yield_Bond_ETF": 79.86499786376953,
    "LIVE_CATTLE_future": 240.14999389648438,
    "GOLD_near_month_future": 4541.39990234375,
    "NATURAL_GAS_future": 3.132999897003174,
    "PLATINUM_future": 1972.5,
    "SILVER_future": 77.0199966430664,
    "Long_Term_Treasury_ETF": 84.19000244140625,
    "CORN_future": 462.75,
    "SOYBEANS_future": 1193.5,
    "WHEAT_future": 647.75,
    "SP500_close": 7445.08984375,
    "NASDAQ_close": 26291.14453125,
    "US_10Y_Treasury_Yield": 4.585999965667725,
    "VIX_close": 16.889999389648438,
    "GOLD_basis_spot_vs_near": -0.60009765625,
    "China_10Y_Treasury_Yield": 1.7448
  }
}