{
  "latest_date": "2026-03-11",
  "latest_values": {
    "Shanghai_Composite_Index": 4123.13818359375,
    "CSI_300_Index": 4674.759765625,
    "Shenzhen_Component_Index": 14354.0703125,
    "ALUMINUM_future": 3412.5,
    "BTC_price": 69622.6640625,
    "OIL_price": 85.27999877929688,
    "USD_CNY_exchange_rate": 6.872000217437744,
    "Commodity_Index_ETF": 27.600000381469727,
    "US_Dollar_Index": 98.9469985961914,
    "ETH_price": 2031.7781982421875,
    "GOLD_spot_price": 5199.2998046875,
    "LEAN_HOGS_future": 87.2249984741211,
    "COPPER_future": 5.870500087738037,
    "High_Yield_Bond_ETF": 80.04000091552734,
    "LIVE_CATTLE_future": 227.4250030517578,
    "GOLD_near_month_future": 5199.39990234375,
    "NATURAL_GAS_future": 3.0490000247955322,
    "PLATINUM_future": 2194.60009765625,
    "SILVER_future": 87.12000274658203,
    "Long_Term_Treasury_ETF": 88.27999877929688,
    "CORN_future": 456.75,
    "SOYBEANS_future": 1213.0,
    "WHEAT_future": 595.5,
    "SP500_close": 6781.47998046875,
    "NASDAQ_close": 22697.099609375,
    "US_10Y_Treasury_Yield": 4.136000156402588,
    "VIX_close": 24.81999969482422,
    "GOLD_basis_spot_vs_near": -0.10009765625,
    "China_10Y_Treasury_Yield": 1.8075
  }
}