{
  "latest_date": "2026-03-24",
  "latest_values": {
    "Shanghai_Composite_Index": 3881.27978515625,
    "CSI_300_Index": 4474.72216796875,
    "Shenzhen_Component_Index": 13536.5556640625,
    "ALUMINUM_future": 3132.5,
    "BTC_price": 69302.703125,
    "OIL_price": 92.16999816894531,
    "USD_CNY_exchange_rate": 6.891300201416016,
    "Commodity_Index_ETF": 28.239999771118164,
    "US_Dollar_Index": 99.5469970703125,
    "ETH_price": 2110.3134765625,
    "GOLD_spot_price": 4386.2998046875,
    "LEAN_HOGS_future": 104.0250015258789,
    "COPPER_future": 5.434999942779541,
    "High_Yield_Bond_ETF": 79.16999816894531,
    "LIVE_CATTLE_future": 234.4499969482422,
    "GOLD_near_month_future": 4387.39990234375,
    "NATURAL_GAS_future": 2.8980000019073486,
    "PLATINUM_future": 1886.5,
    "SILVER_future": 69.54000091552734,
    "Long_Term_Treasury_ETF": 85.87999725341797,
    "CORN_future": 462.75,
    "SOYBEANS_future": 1155.75,
    "WHEAT_future": 589.5,
    "SP500_close": 6565.5400390625,
    "NASDAQ_close": 21790.796875,
    "US_10Y_Treasury_Yield": 4.409999847412109,
    "VIX_close": 26.610000610351562,
    "GOLD_basis_spot_vs_near": -1.10009765625,
    "China_10Y_Treasury_Yield": 1.8272
  }
}