{
  "latest_date": "2025-11-20",
  "latest_values": {
    "Shanghai_Composite_Index": 3931.05126953125,
    "CSI_300_Index": 4564.9482421875,
    "Shenzhen_Component_Index": 13080.08984375,
    "ALUMINUM_future": 2780.0,
    "BTC_price": 90878.4765625,
    "OIL_price": 59.709999084472656,
    "USD_CNY_exchange_rate": 7.109000205993652,
    "Commodity_Index_ETF": 22.924699783325195,
    "US_Dollar_Index": 100.12100219726562,
    "ETH_price": 2986.4990234375,
    "GOLD_spot_price": 4093.699951171875,
    "LEAN_HOGS_future": 79.7249984741211,
    "COPPER_future": 5.0289998054504395,
    "High_Yield_Bond_ETF": 80.47000122070312,
    "LIVE_CATTLE_future": 216.60000610351562,
    "GOLD_near_month_future": 4093.800048828125,
    "NATURAL_GAS_future": 4.724999904632568,
    "PLATINUM_future": 1563.199951171875,
    "SILVER_future": 51.025001525878906,
    "Long_Term_Treasury_ETF": 89.15029907226562,
    "CORN_future": 439.5,
    "SOYBEANS_future": 1133.25,
    "WHEAT_future": 546.75,
    "SP500_close": 6757.419921875,
    "NASDAQ_close": 23076.587890625,
    "US_10Y_Treasury_Yield": 4.109999656677246,
    "VIX_close": 19.469999313354492,
    "GOLD_basis_spot_vs_near": -0.10009765625,
    "China_10Y_Treasury_Yield": 1.8135
  }
}