{
  "latest_date": "2025-10-21",
  "latest_values": {
    "Shanghai_Composite_Index": 3863.89306640625,
    "CSI_300_Index": 4538.22021484375,
    "Shenzhen_Component_Index": 12813.2099609375,
    "ALUMINUM_future": 2729.5,
    "BTC_price": 107888.71875,
    "OIL_price": 56.95000076293945,
    "USD_CNY_exchange_rate": 7.126399993896484,
    "Commodity_Index_ETF": 22.34000015258789,
    "US_Dollar_Index": 98.74099731445312,
    "ETH_price": 3886.875732421875,
    "GOLD_spot_price": 4357.7998046875,
    "LEAN_HOGS_future": 82.25,
    "COPPER_future": 4.998499870300293,
    "High_Yield_Bond_ETF": 80.87999725341797,
    "LIVE_CATTLE_future": 243.6750030517578,
    "GOLD_near_month_future": 4357.7001953125,
    "NATURAL_GAS_future": 3.4019999504089355,
    "PLATINUM_future": 1632.699951171875,
    "SILVER_future": 50.75,
    "Long_Term_Treasury_ETF": 91.55000305175781,
    "CORN_future": 423.25,
    "SOYBEANS_future": 1052.25,
    "WHEAT_future": 504.25,
    "SP500_close": 6735.1298828125,
    "NASDAQ_close": 22990.5390625,
    "US_10Y_Treasury_Yield": 3.9860000610351562,
    "VIX_close": 18.229999542236328,
    "GOLD_basis_spot_vs_near": 0.099609375,
    "China_10Y_Treasury_Yield": 1.8498
  }
}