{
  "latest_date": "2025-09-15",
  "latest_values": {
    "Shanghai_Composite_Index": 3860.503662109375,
    "CSI_300_Index": 4533.0556640625,
    "Shenzhen_Component_Index": 12924.1298828125,
    "ALUMINUM_future": 2657.0,
    "BTC_price": 114549.0390625,
    "OIL_price": 63.439998626708984,
    "USD_CNY_exchange_rate": 7.1184000968933105,
    "Commodity_Index_ETF": 22.530000686645508,
    "US_Dollar_Index": 97.40399932861328,
    "ETH_price": 4512.916015625,
    "GOLD_spot_price": 3701.199951171875,
    "LEAN_HOGS_future": 98.0,
    "COPPER_future": 4.713500022888184,
    "High_Yield_Bond_ETF": 81.13999938964844,
    "LIVE_CATTLE_future": 233.3249969482422,
    "GOLD_near_month_future": 3701.199951171875,
    "NATURAL_GAS_future": 2.99399995803833,
    "PLATINUM_future": 1422.4000244140625,
    "SILVER_future": 42.88999938964844,
    "Long_Term_Treasury_ETF": 90.33219909667969,
    "CORN_future": 426.25,
    "SOYBEANS_future": 1048.5,
    "WHEAT_future": 527.75,
    "SP500_close": 6615.52001953125,
    "NASDAQ_close": 22303.095703125,
    "US_10Y_Treasury_Yield": 4.043000221252441,
    "VIX_close": 15.229999542236328,
    "GOLD_basis_spot_vs_near": 0.0,
    "China_10Y_Treasury_Yield": 1.8724
  }
}