{
  "latest_date": "2025-12-11",
  "latest_values": {
    "Shanghai_Composite_Index": 3909.52099609375,
    "CSI_300_Index": 4598.22021484375,
    "Shenzhen_Component_Index": 13277.3603515625,
    "ALUMINUM_future": 2878.0,
    "BTC_price": 91139.171875,
    "OIL_price": 58.83000183105469,
    "USD_CNY_exchange_rate": 7.059800148010254,
    "Commodity_Index_ETF": 23.1299991607666,
    "US_Dollar_Index": 98.55400085449219,
    "ETH_price": 3273.028076171875,
    "GOLD_spot_price": 4266.39990234375,
    "LEAN_HOGS_future": 82.375,
    "COPPER_future": 5.427999973297119,
    "High_Yield_Bond_ETF": 80.7300033569336,
    "LIVE_CATTLE_future": 228.52499389648438,
    "GOLD_near_month_future": 4266.2998046875,
    "NATURAL_GAS_future": 4.622000217437744,
    "PLATINUM_future": 1683.800048828125,
    "SILVER_future": 62.95500183105469,
    "Long_Term_Treasury_ETF": 88.30999755859375,
    "CORN_future": 445.0,
    "SOYBEANS_future": 1095.0,
    "WHEAT_future": 530.5,
    "SP500_close": 6886.68017578125,
    "NASDAQ_close": 23654.15625,
    "US_10Y_Treasury_Yield": 4.164000034332275,
    "VIX_close": 15.770000457763672,
    "GOLD_basis_spot_vs_near": 0.10009765625,
    "China_10Y_Treasury_Yield": 1.8447
  }
}