{
  "latest_date": "2026-05-08",
  "latest_values": {
    "Shanghai_Composite_Index": 4180.091796875,
    "CSI_300_Index": 4900.509765625,
    "Shenzhen_Component_Index": 15641.8896484375,
    "ALUMINUM_future": 3469.5,
    "BTC_price": 79735.65625,
    "OIL_price": 94.72000122070312,
    "USD_CNY_exchange_rate": 6.810999870300293,
    "Commodity_Index_ETF": 30.25,
    "US_Dollar_Index": 98.05500030517578,
    "ETH_price": 2281.41650390625,
    "GOLD_spot_price": 4729.0,
    "LEAN_HOGS_future": 91.5,
    "COPPER_future": 6.295000076293945,
    "High_Yield_Bond_ETF": 79.86000061035156,
    "LIVE_CATTLE_future": 250.0500030517578,
    "GOLD_near_month_future": 4729.10009765625,
    "NATURAL_GAS_future": 2.805999994277954,
    "PLATINUM_future": 2063.300048828125,
    "SILVER_future": 80.7750015258789,
    "Long_Term_Treasury_ETF": 85.6500015258789,
    "CORN_future": 467.0,
    "SOYBEANS_future": 1191.5,
    "WHEAT_future": 612.75,
    "SP500_close": 7337.10986328125,
    "NASDAQ_close": 25806.19921875,
    "US_10Y_Treasury_Yield": 4.392000198364258,
    "VIX_close": 17.18000030517578,
    "GOLD_basis_spot_vs_near": -0.10009765625,
    "China_10Y_Treasury_Yield": 1.7631
  }
}