{
  "latest_date": "2025-12-19",
  "latest_values": {
    "Shanghai_Composite_Index": 3876.37109375,
    "CSI_300_Index": 4552.7900390625,
    "Shenzhen_Component_Index": 13053.9697265625,
    "ALUMINUM_future": 2937.5,
    "BTC_price": 88126.3359375,
    "OIL_price": 55.810001373291016,
    "USD_CNY_exchange_rate": 7.040200233459473,
    "Commodity_Index_ETF": 22.690000534057617,
    "US_Dollar_Index": 98.65699768066406,
    "ETH_price": 2957.261474609375,
    "GOLD_spot_price": 4356.7001953125,
    "LEAN_HOGS_future": 84.07499694824219,
    "COPPER_future": 5.496500015258789,
    "High_Yield_Bond_ETF": 80.77999877929688,
    "LIVE_CATTLE_future": 228.52499389648438,
    "GOLD_near_month_future": 4356.7998046875,
    "NATURAL_GAS_future": 3.9149999618530273,
    "PLATINUM_future": 1967.199951171875,
    "SILVER_future": 66.07499694824219,
    "Long_Term_Treasury_ETF": 88.22000122070312,
    "CORN_future": 444.0,
    "SOYBEANS_future": 1060.0,
    "WHEAT_future": 506.75,
    "SP500_close": 6774.759765625,
    "NASDAQ_close": 23006.359375,
    "US_10Y_Treasury_Yield": 4.116000175476074,
    "VIX_close": 16.18000030517578,
    "GOLD_basis_spot_vs_near": -0.099609375,
    "China_10Y_Treasury_Yield": 1.8308
  }
}