{
  "latest_date": "2026-04-13",
  "latest_values": {
    "Shanghai_Composite_Index": 3988.55810546875,
    "CSI_300_Index": 4646.15478515625,
    "Shenzhen_Component_Index": 14407.8642578125,
    "ALUMINUM_future": 3492.75,
    "BTC_price": 70809.4375,
    "OIL_price": 104.62000274658203,
    "USD_CNY_exchange_rate": 6.831399917602539,
    "Commodity_Index_ETF": 28.5,
    "US_Dollar_Index": 98.98699951171875,
    "ETH_price": 2190.1171875,
    "GOLD_spot_price": 4742.2998046875,
    "LEAN_HOGS_future": 90.7249984741211,
    "COPPER_future": 5.86299991607666,
    "High_Yield_Bond_ETF": 79.95999908447266,
    "LIVE_CATTLE_future": 251.77499389648438,
    "GOLD_near_month_future": 4742.39990234375,
    "NATURAL_GAS_future": 2.677999973297119,
    "PLATINUM_future": 2043.800048828125,
    "SILVER_future": 74.42500305175781,
    "Long_Term_Treasury_ETF": 86.48999786376953,
    "CORN_future": 444.75,
    "SOYBEANS_future": 1175.25,
    "WHEAT_future": 582.25,
    "SP500_close": 6816.89013671875,
    "NASDAQ_close": 22902.890625,
    "US_10Y_Treasury_Yield": 4.316999912261963,
    "VIX_close": 21.170000076293945,
    "GOLD_basis_spot_vs_near": -0.10009765625,
    "China_10Y_Treasury_Yield": 1.8128
  }
}