{
  "latest_date": "2025-09-24",
  "latest_values": {
    "Shanghai_Composite_Index": 3821.8330078125,
    "CSI_300_Index": 4519.77978515625,
    "Shenzhen_Component_Index": 13119.8203125,
    "ALUMINUM_future": 2557.5,
    "BTC_price": 112785.9375,
    "OIL_price": 63.77000045776367,
    "USD_CNY_exchange_rate": 7.113999843597412,
    "Commodity_Index_ETF": 22.489999771118164,
    "US_Dollar_Index": 97.5979995727539,
    "ETH_price": 4183.0205078125,
    "GOLD_spot_price": 3800.10009765625,
    "LEAN_HOGS_future": 100.44999694824219,
    "COPPER_future": 4.625999927520752,
    "High_Yield_Bond_ETF": 81.26000213623047,
    "LIVE_CATTLE_future": 235.6750030517578,
    "GOLD_near_month_future": 3800.199951171875,
    "NATURAL_GAS_future": 3.1110000610351562,
    "PLATINUM_future": 1482.800048828125,
    "SILVER_future": 44.415000915527344,
    "Long_Term_Treasury_ETF": 89.31999969482422,
    "CORN_future": 425.75,
    "SOYBEANS_future": 1007.5,
    "WHEAT_future": 520.75,
    "SP500_close": 6656.919921875,
    "NASDAQ_close": 22573.470703125,
    "US_10Y_Treasury_Yield": 4.119999885559082,
    "VIX_close": 16.40999984741211,
    "GOLD_basis_spot_vs_near": -0.099853515625,
    "China_10Y_Treasury_Yield": 1.9022
  }
}