{
  "latest_date": "2025-12-15",
  "latest_values": {
    "Shanghai_Composite_Index": 3867.9208984375,
    "CSI_300_Index": 4552.0595703125,
    "Shenzhen_Component_Index": 13112.0888671875,
    "ALUMINUM_future": 2840.0,
    "BTC_price": 86292.0625,
    "OIL_price": 56.59000015258789,
    "USD_CNY_exchange_rate": 7.046500205993652,
    "Commodity_Index_ETF": 22.764999389648438,
    "US_Dollar_Index": 98.27100372314453,
    "ETH_price": 2982.73046875,
    "GOLD_spot_price": 4328.0,
    "LEAN_HOGS_future": 83.57499694824219,
    "COPPER_future": 5.411499977111816,
    "High_Yield_Bond_ETF": 80.625,
    "LIVE_CATTLE_future": 229.52499389648438,
    "GOLD_near_month_future": 4328.0,
    "NATURAL_GAS_future": 4.058000087738037,
    "PLATINUM_future": 1815.5999755859375,
    "SILVER_future": 63.35499954223633,
    "Long_Term_Treasury_ETF": 87.4800033569336,
    "CORN_future": 437.5,
    "SOYBEANS_future": 1068.5,
    "WHEAT_future": 522.0,
    "SP500_close": 6820.16015625,
    "NASDAQ_close": 23114.087890625,
    "US_10Y_Treasury_Yield": 4.177999973297119,
    "VIX_close": 16.549999237060547,
    "GOLD_basis_spot_vs_near": 0.0,
    "China_10Y_Treasury_Yield": 1.8488
  }
}