{
  "latest_date": "2026-02-27",
  "latest_values": {
    "Shanghai_Composite_Index": 4147.22998046875,
    "CSI_300_Index": 4735.89013671875,
    "Shenzhen_Component_Index": 14475.8701171875,
    "ALUMINUM_future": 3080.0,
    "BTC_price": 67145.1171875,
    "OIL_price": 64.94999694824219,
    "USD_CNY_exchange_rate": 6.8572001457214355,
    "Commodity_Index_ETF": 24.760000228881836,
    "US_Dollar_Index": 97.77999877929688,
    "ETH_price": 2011.78759765625,
    "GOLD_spot_price": 5193.10009765625,
    "LEAN_HOGS_future": 95.6500015258789,
    "COPPER_future": 6.007500171661377,
    "High_Yield_Bond_ETF": 80.8499984741211,
    "LIVE_CATTLE_future": 236.97500610351562,
    "GOLD_near_month_future": 5192.5,
    "NATURAL_GAS_future": 2.8340001106262207,
    "PLATINUM_future": 2274.699951171875,
    "SILVER_future": 88.61499786376953,
    "Long_Term_Treasury_ETF": 90.2699966430664,
    "CORN_future": 443.0,
    "SOYBEANS_future": 1162.5,
    "WHEAT_future": 574.75,
    "SP500_close": 6908.85986328125,
    "NASDAQ_close": 22878.3828125,
    "US_10Y_Treasury_Yield": 4.0169997215271,
    "VIX_close": 18.6299991607666,
    "GOLD_basis_spot_vs_near": 0.60009765625,
    "China_10Y_Treasury_Yield": 1.8288
  }
}