{
  "latest_date": "2026-06-08",
  "latest_values": {
    "Shanghai_Composite_Index": 3959.337890625,
    "CSI_300_Index": 4713.6357421875,
    "Shenzhen_Component_Index": 14821.1865234375,
    "ALUMINUM_future": 3671.75,
    "BTC_price": 63476.98828125,
    "OIL_price": 92.12000274658203,
    "USD_CNY_exchange_rate": 6.773499965667725,
    "Commodity_Index_ETF": 29.229999542236328,
    "US_Dollar_Index": 99.91799926757812,
    "ETH_price": 1681.949951171875,
    "GOLD_spot_price": 4349.89990234375,
    "LEAN_HOGS_future": 94.30000305175781,
    "COPPER_future": 6.377999782562256,
    "High_Yield_Bond_ETF": 79.43000030517578,
    "LIVE_CATTLE_future": 250.0749969482422,
    "GOLD_near_month_future": 4350.39990234375,
    "NATURAL_GAS_future": 3.130000114440918,
    "PLATINUM_future": 1776.9000244140625,
    "SILVER_future": 68.25499725341797,
    "Long_Term_Treasury_ETF": 85.05999755859375,
    "CORN_future": 413.5,
    "SOYBEANS_future": 1113.0,
    "WHEAT_future": 579.25,
    "SP500_close": 7383.740234375,
    "NASDAQ_close": 25709.4296875,
    "US_10Y_Treasury_Yield": 4.535999774932861,
    "VIX_close": 18.850000381469727,
    "GOLD_basis_spot_vs_near": -0.5,
    "China_10Y_Treasury_Yield": 1.7275
  }
}