{
  "latest_date": "2025-09-15",
  "latest_values": {
    "Shanghai_Composite_Index": 3860.503662109375,
    "CSI_300_Index": 4533.0556640625,
    "Shenzhen_Component_Index": 13005.7744140625,
    "ALUMINUM_future": 2623.75,
    "BTC_price": 115404.453125,
    "OIL_price": 63.34000015258789,
    "USD_CNY_exchange_rate": 7.1184000968933105,
    "Commodity_Index_ETF": 22.545000076293945,
    "US_Dollar_Index": 97.30000305175781,
    "ETH_price": 4506.6259765625,
    "GOLD_spot_price": 3715.5,
    "LEAN_HOGS_future": 97.57499694824219,
    "COPPER_future": 4.716000080108643,
    "High_Yield_Bond_ETF": 81.18000030517578,
    "LIVE_CATTLE_future": 234.625,
    "GOLD_near_month_future": 3715.60009765625,
    "NATURAL_GAS_future": 3.0380001068115234,
    "PLATINUM_future": 1417.300048828125,
    "SILVER_future": 43.04499816894531,
    "Long_Term_Treasury_ETF": 90.2499008178711,
    "CORN_future": 423.75,
    "SOYBEANS_future": 1043.25,
    "WHEAT_future": 525.5,
    "SP500_close": 6605.72021484375,
    "NASDAQ_close": 22307.244140625,
    "US_10Y_Treasury_Yield": 4.0360002517700195,
    "VIX_close": 15.779999732971191,
    "GOLD_basis_spot_vs_near": -0.10009765625,
    "China_10Y_Treasury_Yield": 1.8724
  }
}