{
  "latest_date": "2026-02-04",
  "latest_values": {
    "Shanghai_Composite_Index": 4102.2021484375,
    "CSI_300_Index": 4698.68310546875,
    "Shenzhen_Component_Index": 14127.1103515625,
    "ALUMINUM_future": 3019.75,
    "BTC_price": 74890.1640625,
    "OIL_price": 63.36000061035156,
    "USD_CNY_exchange_rate": 6.940999984741211,
    "Commodity_Index_ETF": 24.109899520874023,
    "US_Dollar_Index": 97.51100158691406,
    "ETH_price": 2178.623779296875,
    "GOLD_spot_price": 5025.0,
    "LEAN_HOGS_future": 88.25,
    "COPPER_future": 5.959000110626221,
    "High_Yield_Bond_ETF": 80.67500305175781,
    "LIVE_CATTLE_future": 241.4499969482422,
    "GOLD_near_month_future": 5025.89990234375,
    "NATURAL_GAS_future": 3.4040000438690186,
    "PLATINUM_future": 2260.300048828125,
    "SILVER_future": 89.94000244140625,
    "Long_Term_Treasury_ETF": 86.64510345458984,
    "CORN_future": 425.75,
    "SOYBEANS_future": 1062.0,
    "WHEAT_future": 523.0,
    "SP500_close": 6907.41015625,
    "NASDAQ_close": 23083.513671875,
    "US_10Y_Treasury_Yield": 4.27400016784668,
    "VIX_close": 19.06999969482422,
    "GOLD_basis_spot_vs_near": -0.89990234375,
    "China_10Y_Treasury_Yield": 1.8193
  }
}