{
  "latest_date": "2025-10-21",
  "latest_values": {
    "Shanghai_Composite_Index": 3916.332275390625,
    "CSI_300_Index": 4607.87158203125,
    "Shenzhen_Component_Index": 13077.31640625,
    "ALUMINUM_future": 2707.5,
    "BTC_price": 112038.984375,
    "OIL_price": 57.31999969482422,
    "USD_CNY_exchange_rate": 7.126399993896484,
    "Commodity_Index_ETF": 22.110000610351562,
    "US_Dollar_Index": 98.9280014038086,
    "ETH_price": 4014.477294921875,
    "GOLD_spot_price": 4125.2998046875,
    "LEAN_HOGS_future": 83.30000305175781,
    "COPPER_future": 4.956999778747559,
    "High_Yield_Bond_ETF": 80.78739929199219,
    "LIVE_CATTLE_future": 245.4250030517578,
    "GOLD_near_month_future": 4125.7998046875,
    "NATURAL_GAS_future": 3.4549999237060547,
    "PLATINUM_future": 1531.5,
    "SILVER_future": 47.75,
    "Long_Term_Treasury_ETF": 91.95999908447266,
    "CORN_future": 419.75,
    "SOYBEANS_future": 1048.5,
    "WHEAT_future": 500.5,
    "SP500_close": 6739.83984375,
    "NASDAQ_close": 22969.748046875,
    "US_10Y_Treasury_Yield": 3.9609999656677246,
    "VIX_close": 17.399999618530273,
    "GOLD_basis_spot_vs_near": -0.5,
    "China_10Y_Treasury_Yield": 1.8357
  }
}