{
  "latest_date": "2026-04-28",
  "latest_values": {
    "Shanghai_Composite_Index": 4078.637451171875,
    "CSI_300_Index": 4758.20849609375,
    "Shenzhen_Component_Index": 14830.455078125,
    "ALUMINUM_future": 3500.25,
    "BTC_price": 76324.5625,
    "OIL_price": 99.83000183105469,
    "USD_CNY_exchange_rate": 6.835899829864502,
    "Commodity_Index_ETF": 30.165000915527344,
    "US_Dollar_Index": 98.75800323486328,
    "ETH_price": 2275.919921875,
    "GOLD_spot_price": 4589.2998046875,
    "LEAN_HOGS_future": 94.375,
    "COPPER_future": 5.977499961853027,
    "High_Yield_Bond_ETF": 80.41179656982422,
    "LIVE_CATTLE_future": 250.4250030517578,
    "GOLD_near_month_future": 4588.5,
    "NATURAL_GAS_future": 2.7170000076293945,
    "PLATINUM_future": 1953.699951171875,
    "SILVER_future": 72.94999694824219,
    "Long_Term_Treasury_ETF": 86.07499694824219,
    "CORN_future": 473.0,
    "SOYBEANS_future": 1190.0,
    "WHEAT_future": 641.0,
    "SP500_close": 7144.009765625,
    "NASDAQ_close": 24660.125,
    "US_10Y_Treasury_Yield": 4.363999843597412,
    "VIX_close": 19.010000228881836,
    "GOLD_basis_spot_vs_near": 0.7998046875,
    "China_10Y_Treasury_Yield": 1.7654
  }
}