{
  "latest_date": "2025-09-17",
  "latest_values": {
    "Shanghai_Composite_Index": 3861.864990234375,
    "CSI_300_Index": 4523.33984375,
    "Shenzhen_Component_Index": 13063.9697265625,
    "ALUMINUM_future": 2614.75,
    "BTC_price": 116509.484375,
    "OIL_price": 64.4000015258789,
    "USD_CNY_exchange_rate": 7.118500232696533,
    "Commodity_Index_ETF": 22.780000686645508,
    "US_Dollar_Index": 96.75,
    "ETH_price": 4501.5517578125,
    "GOLD_spot_price": 3718.10009765625,
    "LEAN_HOGS_future": 97.19999694824219,
    "COPPER_future": 4.66349983215332,
    "High_Yield_Bond_ETF": 81.12999725341797,
    "LIVE_CATTLE_future": 233.5749969482422,
    "GOLD_near_month_future": 3718.300048828125,
    "NATURAL_GAS_future": 3.11299991607666,
    "PLATINUM_future": 1401.0,
    "SILVER_future": 42.400001525878906,
    "Long_Term_Treasury_ETF": 90.3499984741211,
    "CORN_future": 428.5,
    "SOYBEANS_future": 1046.25,
    "WHEAT_future": 532.5,
    "SP500_close": 6606.759765625,
    "NASDAQ_close": 22333.9609375,
    "US_10Y_Treasury_Yield": 4.026000022888184,
    "VIX_close": 16.360000610351562,
    "GOLD_basis_spot_vs_near": -0.199951171875,
    "China_10Y_Treasury_Yield": 1.8527
  }
}