{
  "latest_date": "2026-03-19",
  "latest_values": {
    "Shanghai_Composite_Index": 4062.98388671875,
    "CSI_300_Index": 4658.330078125,
    "Shenzhen_Component_Index": 14187.7998046875,
    "ALUMINUM_future": 3239.25,
    "BTC_price": 69651.0390625,
    "OIL_price": 96.70999908447266,
    "USD_CNY_exchange_rate": 6.8993000984191895,
    "Commodity_Index_ETF": 29.270000457763672,
    "US_Dollar_Index": 100.07499694824219,
    "ETH_price": 2157.79248046875,
    "GOLD_spot_price": 4641.7998046875,
    "LEAN_HOGS_future": 93.75,
    "COPPER_future": 5.426499843597412,
    "High_Yield_Bond_ETF": 79.4000015258789,
    "LIVE_CATTLE_future": 235.39999389648438,
    "GOLD_near_month_future": 4642.10009765625,
    "NATURAL_GAS_future": 3.177000045776367,
    "PLATINUM_future": 1917.699951171875,
    "SILVER_future": 69.80999755859375,
    "Long_Term_Treasury_ETF": 86.95500183105469,
    "CORN_future": 467.75,
    "SOYBEANS_future": 1164.25,
    "WHEAT_future": 611.0,
    "SP500_close": 6624.7001953125,
    "NASDAQ_close": 22152.419921875,
    "US_10Y_Treasury_Yield": 4.258999824523926,
    "VIX_close": 25.899999618530273,
    "GOLD_basis_spot_vs_near": -0.30029296875,
    "China_10Y_Treasury_Yield": 1.8252
  }
}