{
  "latest_date": "2026-04-15",
  "latest_values": {
    "Shanghai_Composite_Index": 4026.625,
    "CSI_300_Index": 4701.27978515625,
    "Shenzhen_Component_Index": 14639.9501953125,
    "ALUMINUM_future": 3581.75,
    "BTC_price": 74738.4609375,
    "OIL_price": 90.7300033569336,
    "USD_CNY_exchange_rate": 6.815700054168701,
    "Commodity_Index_ETF": 28.889999389648438,
    "US_Dollar_Index": 98.0510025024414,
    "ETH_price": 2353.260009765625,
    "GOLD_spot_price": 4831.7001953125,
    "LEAN_HOGS_future": 101.82499694824219,
    "COPPER_future": 6.0854997634887695,
    "High_Yield_Bond_ETF": 80.45999908447266,
    "LIVE_CATTLE_future": 251.22500610351562,
    "GOLD_near_month_future": 4831.5,
    "NATURAL_GAS_future": 2.6019999980926514,
    "PLATINUM_future": 2131.39990234375,
    "SILVER_future": 79.55500030517578,
    "Long_Term_Treasury_ETF": 86.83000183105469,
    "CORN_future": 451.75,
    "SOYBEANS_future": 1165.25,
    "WHEAT_future": 600.5,
    "SP500_close": 7022.9501953125,
    "NASDAQ_close": 24016.017578125,
    "US_10Y_Treasury_Yield": 4.2820000648498535,
    "VIX_close": 18.170000076293945,
    "GOLD_basis_spot_vs_near": 0.2001953125,
    "China_10Y_Treasury_Yield": 1.7809
  }
}