{
  "latest_date": "2025-10-24",
  "latest_values": {
    "Shanghai_Composite_Index": 3922.41015625,
    "CSI_300_Index": 4606.3447265625,
    "Shenzhen_Component_Index": 13025.4462890625,
    "ALUMINUM_future": 2825.5,
    "BTC_price": 110089.625,
    "OIL_price": 61.58000183105469,
    "USD_CNY_exchange_rate": 7.125699996948242,
    "Commodity_Index_ETF": 22.84000015258789,
    "US_Dollar_Index": 98.90599822998047,
    "ETH_price": 3850.927490234375,
    "GOLD_spot_price": 4140.0,
    "LEAN_HOGS_future": 84.42500305175781,
    "COPPER_future": 5.104000091552734,
    "High_Yield_Bond_ETF": 80.86000061035156,
    "LIVE_CATTLE_future": 241.14999389648438,
    "GOLD_near_month_future": 4140.0,
    "NATURAL_GAS_future": 3.2929999828338623,
    "PLATINUM_future": 1593.9000244140625,
    "SILVER_future": 48.595001220703125,
    "Long_Term_Treasury_ETF": 91.43000030517578,
    "CORN_future": 427.25,
    "SOYBEANS_future": 1045.0,
    "WHEAT_future": 513.75,
    "SP500_close": 6738.43994140625,
    "NASDAQ_close": 22941.798828125,
    "US_10Y_Treasury_Yield": 3.990999937057495,
    "VIX_close": 17.299999237060547,
    "GOLD_basis_spot_vs_near": 0.0,
    "China_10Y_Treasury_Yield": 1.8391
  }
}