{
  "latest_date": "2025-11-03",
  "latest_values": {
    "Shanghai_Composite_Index": 3954.7900390625,
    "CSI_300_Index": 4640.669921875,
    "Shenzhen_Component_Index": 13378.2099609375,
    "ALUMINUM_future": 2829.25,
    "BTC_price": 108087.65625,
    "OIL_price": 61.209999084472656,
    "USD_CNY_exchange_rate": 7.116300106048584,
    "Commodity_Index_ETF": 22.8799991607666,
    "US_Dollar_Index": 99.76200103759766,
    "ETH_price": 3749.71142578125,
    "GOLD_spot_price": 4018.800048828125,
    "LEAN_HOGS_future": 82.5250015258789,
    "COPPER_future": 5.077000141143799,
    "High_Yield_Bond_ETF": 80.80000305175781,
    "LIVE_CATTLE_future": 229.6999969482422,
    "GOLD_near_month_future": 4018.699951171875,
    "NATURAL_GAS_future": 4.099999904632568,
    "PLATINUM_future": 1589.0999755859375,
    "SILVER_future": 48.48500061035156,
    "Long_Term_Treasury_ETF": 90.29000091552734,
    "CORN_future": 433.25,
    "SOYBEANS_future": 1125.75,
    "WHEAT_future": 539.0,
    "SP500_close": 6840.2001953125,
    "NASDAQ_close": 23724.9609375,
    "US_10Y_Treasury_Yield": 4.10099983215332,
    "VIX_close": 17.440000534057617,
    "GOLD_basis_spot_vs_near": 0.10009765625,
    "China_10Y_Treasury_Yield": 1.7954
  }
}