{
  "latest_date": "2025-12-02",
  "latest_values": {
    "Shanghai_Composite_Index": 3897.711669921875,
    "CSI_300_Index": 4554.33447265625,
    "Shenzhen_Component_Index": 13056.701171875,
    "ALUMINUM_future": 2740.5,
    "BTC_price": 91078.796875,
    "OIL_price": 58.65999984741211,
    "USD_CNY_exchange_rate": 7.069499969482422,
    "Commodity_Index_ETF": 23.020000457763672,
    "US_Dollar_Index": 99.32499694824219,
    "ETH_price": 2981.8515625,
    "GOLD_spot_price": 4240.89990234375,
    "LEAN_HOGS_future": 80.5,
    "COPPER_future": 5.249000072479248,
    "High_Yield_Bond_ETF": 80.5999984741211,
    "LIVE_CATTLE_future": 218.35000610351562,
    "GOLD_near_month_future": 4241.0,
    "NATURAL_GAS_future": 4.835999965667725,
    "PLATINUM_future": 1656.0999755859375,
    "SILVER_future": 59.27000045776367,
    "Long_Term_Treasury_ETF": 88.80999755859375,
    "CORN_future": 437.75,
    "SOYBEANS_future": 1124.0,
    "WHEAT_future": 541.25,
    "SP500_close": 6829.3701171875,
    "NASDAQ_close": 23413.673828125,
    "US_10Y_Treasury_Yield": 4.085999965667725,
    "VIX_close": 16.5,
    "GOLD_basis_spot_vs_near": -0.10009765625,
    "China_10Y_Treasury_Yield": 1.8442
  }
}