{
  "latest_date": "2026-03-06",
  "latest_values": {
    "Shanghai_Composite_Index": 4108.56689453125,
    "CSI_300_Index": 4647.68994140625,
    "Shenzhen_Component_Index": 14088.83984375,
    "ALUMINUM_future": 3290.0,
    "BTC_price": 70108.1875,
    "OIL_price": 85.66000366210938,
    "USD_CNY_exchange_rate": 6.90500020980835,
    "Commodity_Index_ETF": 26.520000457763672,
    "US_Dollar_Index": 99.28199768066406,
    "ETH_price": 2049.8349609375,
    "GOLD_spot_price": 5082.2998046875,
    "LEAN_HOGS_future": 86.92500305175781,
    "COPPER_future": 5.802499771118164,
    "High_Yield_Bond_ETF": 80.08000183105469,
    "LIVE_CATTLE_future": 232.85000610351562,
    "GOLD_near_month_future": 5082.5,
    "NATURAL_GAS_future": 3.0869998931884766,
    "PLATINUM_future": 2125.199951171875,
    "SILVER_future": 82.18499755859375,
    "Long_Term_Treasury_ETF": 88.79000091552734,
    "CORN_future": 457.75,
    "SOYBEANS_future": 1189.0,
    "WHEAT_future": 600.0,
    "SP500_close": 6830.7099609375,
    "NASDAQ_close": 22748.990234375,
    "US_10Y_Treasury_Yield": 4.145999908447266,
    "VIX_close": 25.389999389648438,
    "GOLD_basis_spot_vs_near": -0.2001953125,
    "China_10Y_Treasury_Yield": 1.781
  }
}