{
  "latest_date": "2026-04-24",
  "latest_values": {
    "Shanghai_Composite_Index": 4093.25,
    "CSI_300_Index": 4786.330078125,
    "Shenzhen_Component_Index": 15043.4501953125,
    "ALUMINUM_future": 3553.0,
    "BTC_price": 77397.9765625,
    "OIL_price": 94.87999725341797,
    "USD_CNY_exchange_rate": 6.835400104522705,
    "Commodity_Index_ETF": 29.860000610351562,
    "US_Dollar_Index": 98.51000213623047,
    "ETH_price": 2314.5400390625,
    "GOLD_spot_price": 4725.39990234375,
    "LEAN_HOGS_future": 101.9000015258789,
    "COPPER_future": 6.028500080108643,
    "High_Yield_Bond_ETF": 80.4800033569336,
    "LIVE_CATTLE_future": 244.875,
    "GOLD_near_month_future": 4724.7001953125,
    "NATURAL_GAS_future": 2.688999891281128,
    "PLATINUM_future": 2021.0,
    "SILVER_future": 75.68499755859375,
    "Long_Term_Treasury_ETF": 86.70999908447266,
    "CORN_future": 463.5,
    "SOYBEANS_future": 1176.75,
    "WHEAT_future": 616.25,
    "SP500_close": 7165.080078125,
    "NASDAQ_close": 24836.59765625,
    "US_10Y_Treasury_Yield": 4.309999942779541,
    "VIX_close": 18.709999084472656,
    "GOLD_basis_spot_vs_near": 0.69970703125,
    "China_10Y_Treasury_Yield": 1.7601
  }
}