{
  "latest_date": "2026-06-25",
  "latest_values": {
    "Shanghai_Composite_Index": 4110.81298828125,
    "CSI_300_Index": 4941.60009765625,
    "Shenzhen_Component_Index": 16051.3203125,
    "ALUMINUM_future": 3244.25,
    "BTC_price": 61658.2109375,
    "OIL_price": 69.37000274658203,
    "USD_CNY_exchange_rate": 6.789999961853027,
    "Commodity_Index_ETF": 26.450000762939453,
    "US_Dollar_Index": 101.50199890136719,
    "ETH_price": 1651.5899658203125,
    "GOLD_spot_price": 4010.5,
    "LEAN_HOGS_future": 93.8499984741211,
    "COPPER_future": 6.0929999351501465,
    "High_Yield_Bond_ETF": 79.8499984741211,
    "LIVE_CATTLE_future": 256.0,
    "GOLD_near_month_future": 4010.300048828125,
    "NATURAL_GAS_future": 3.3410000801086426,
    "PLATINUM_future": 1591.5,
    "SILVER_future": 57.564998626708984,
    "Long_Term_Treasury_ETF": 87.37999725341797,
    "CORN_future": 406.5,
    "SOYBEANS_future": 1139.25,
    "WHEAT_future": 596.75,
    "SP500_close": 7358.22021484375,
    "NASDAQ_close": 25476.640625,
    "US_10Y_Treasury_Yield": 4.451000213623047,
    "VIX_close": 18.1200008392334,
    "GOLD_basis_spot_vs_near": 0.199951171875,
    "China_10Y_Treasury_Yield": 1.7454
  }
}