{
  "latest_date": "2026-03-27",
  "latest_values": {
    "Shanghai_Composite_Index": 3889.0830078125,
    "CSI_300_Index": 4477.52978515625,
    "Shenzhen_Component_Index": 13606.4404296875,
    "ALUMINUM_future": 3180.0,
    "BTC_price": 66003.8828125,
    "OIL_price": 99.81999969482422,
    "USD_CNY_exchange_rate": 6.911099910736084,
    "Commodity_Index_ETF": 29.100000381469727,
    "US_Dollar_Index": 100.11900329589844,
    "ETH_price": 1992.669921875,
    "GOLD_spot_price": 4542.5,
    "LEAN_HOGS_future": 105.9749984741211,
    "COPPER_future": 5.4695000648498535,
    "High_Yield_Bond_ETF": 78.73999786376953,
    "LIVE_CATTLE_future": 238.8249969482422,
    "GOLD_near_month_future": 4542.60009765625,
    "NATURAL_GAS_future": 3.0250000953674316,
    "PLATINUM_future": 1876.300048828125,
    "SILVER_future": 70.08499908447266,
    "Long_Term_Treasury_ETF": 85.63999938964844,
    "CORN_future": 461.75,
    "SOYBEANS_future": 1159.5,
    "WHEAT_future": 605.75,
    "SP500_close": 6368.85009765625,
    "NASDAQ_close": 20948.357421875,
    "US_10Y_Treasury_Yield": 4.440000057220459,
    "VIX_close": 30.8700008392334,
    "GOLD_basis_spot_vs_near": -0.10009765625,
    "China_10Y_Treasury_Yield": 1.8172
  }
}