{
  "latest_date": "2026-04-20",
  "latest_values": {
    "Shanghai_Composite_Index": 4051.425048828125,
    "CSI_300_Index": 4728.669921875,
    "Shenzhen_Component_Index": 14885.419921875,
    "ALUMINUM_future": 3524.75,
    "BTC_price": 74411.2421875,
    "OIL_price": 82.58999633789062,
    "USD_CNY_exchange_rate": 6.821100234985352,
    "Commodity_Index_ETF": 28.290000915527344,
    "US_Dollar_Index": 98.31700134277344,
    "ETH_price": 2277.449951171875,
    "GOLD_spot_price": 4813.2998046875,
    "LEAN_HOGS_future": 101.05000305175781,
    "COPPER_future": 6.079999923706055,
    "High_Yield_Bond_ETF": 80.6500015258789,
    "LIVE_CATTLE_future": 247.35000610351562,
    "GOLD_near_month_future": 4813.2001953125,
    "NATURAL_GAS_future": 2.6740000247955322,
    "PLATINUM_future": 2141.699951171875,
    "SILVER_future": 80.30999755859375,
    "Long_Term_Treasury_ETF": 87.06999969482422,
    "CORN_future": 450.25,
    "SOYBEANS_future": 1182.0,
    "WHEAT_future": 607.25,
    "SP500_close": 7126.06005859375,
    "NASDAQ_close": 24468.48046875,
    "US_10Y_Treasury_Yield": 4.245999813079834,
    "VIX_close": 17.479999542236328,
    "GOLD_basis_spot_vs_near": 0.099609375,
    "China_10Y_Treasury_Yield": 1.7623
  }
}