{
  "latest_date": "2026-04-29",
  "latest_values": {
    "Shanghai_Composite_Index": 4078.636962890625,
    "CSI_300_Index": 4758.2099609375,
    "Shenzhen_Component_Index": 14830.4599609375,
    "ALUMINUM_future": 3445.25,
    "BTC_price": 75787.7109375,
    "OIL_price": 106.66999816894531,
    "USD_CNY_exchange_rate": 6.822800159454346,
    "Commodity_Index_ETF": 31.024999618530273,
    "US_Dollar_Index": 98.80500030517578,
    "ETH_price": 2267.639892578125,
    "GOLD_spot_price": 4575.60009765625,
    "LEAN_HOGS_future": 103.4749984741211,
    "COPPER_future": 5.9375,
    "High_Yield_Bond_ETF": 80.1500015258789,
    "LIVE_CATTLE_future": 254.1999969482422,
    "GOLD_near_month_future": 4576.0,
    "NATURAL_GAS_future": 2.6440000534057617,
    "PLATINUM_future": 1904.300048828125,
    "SILVER_future": 72.23999786376953,
    "Long_Term_Treasury_ETF": 85.70999908447266,
    "CORN_future": 476.25,
    "SOYBEANS_future": 1196.5,
    "WHEAT_future": 662.5,
    "SP500_close": 7113.83984375,
    "NASDAQ_close": 24542.0234375,
    "US_10Y_Treasury_Yield": 4.4019999504089355,
    "VIX_close": 18.59000015258789,
    "GOLD_basis_spot_vs_near": -0.39990234375,
    "China_10Y_Treasury_Yield": 1.7444
  }
}