{
  "latest_date": "2026-06-10",
  "latest_values": {
    "Shanghai_Composite_Index": 3959.337890625,
    "CSI_300_Index": 4713.64013671875,
    "Shenzhen_Component_Index": 14821.1904296875,
    "ALUMINUM_future": 3565.0,
    "BTC_price": 61746.41015625,
    "OIL_price": 88.9800033569336,
    "USD_CNY_exchange_rate": 6.765500068664551,
    "Commodity_Index_ETF": 29.06999969482422,
    "US_Dollar_Index": 99.98899841308594,
    "ETH_price": 1639.1300048828125,
    "GOLD_spot_price": 4209.5,
    "LEAN_HOGS_future": 94.57499694824219,
    "COPPER_future": 6.334000110626221,
    "High_Yield_Bond_ETF": 79.62000274658203,
    "LIVE_CATTLE_future": 239.6999969482422,
    "GOLD_near_month_future": 4209.5,
    "NATURAL_GAS_future": 3.135999917984009,
    "PLATINUM_future": 1677.800048828125,
    "SILVER_future": 64.68499755859375,
    "Long_Term_Treasury_ETF": 85.12000274658203,
    "CORN_future": 419.5,
    "SOYBEANS_future": 1116.25,
    "WHEAT_future": 588.5,
    "SP500_close": 7386.64990234375,
    "NASDAQ_close": 25678.822265625,
    "US_10Y_Treasury_Yield": 4.5279998779296875,
    "VIX_close": 19.8700008392334,
    "GOLD_basis_spot_vs_near": 0.0,
    "China_10Y_Treasury_Yield": 1.7376
  }
}