{
  "latest_date": "2026-07-09",
  "latest_values": {
    "Shanghai_Composite_Index": 3970.8798828125,
    "CSI_300_Index": 4842.169921875,
    "Shenzhen_Component_Index": 14939.73046875,
    "ALUMINUM_future": 3435.25,
    "BTC_price": 62298.859375,
    "OIL_price": 74.30999755859375,
    "USD_CNY_exchange_rate": 6.793399810791016,
    "Commodity_Index_ETF": 27.799999237060547,
    "US_Dollar_Index": 100.98200225830078,
    "ETH_price": 1739.0,
    "GOLD_spot_price": 4066.199951171875,
    "LEAN_HOGS_future": 94.5,
    "COPPER_future": 6.116000175476074,
    "High_Yield_Bond_ETF": 79.66000366210938,
    "LIVE_CATTLE_future": 237.625,
    "GOLD_near_month_future": 4066.199951171875,
    "NATURAL_GAS_future": 3.2070000171661377,
    "PLATINUM_future": 1602.5,
    "SILVER_future": 58.209999084472656,
    "Long_Term_Treasury_ETF": 84.36000061035156,
    "CORN_future": 452.25,
    "SOYBEANS_future": 1189.5,
    "WHEAT_future": 604.25,
    "SP500_close": 7482.7099609375,
    "NASDAQ_close": 25870.650390625,
    "US_10Y_Treasury_Yield": 4.568999767303467,
    "VIX_close": 16.899999618530273,
    "GOLD_basis_spot_vs_near": 0.0,
    "China_10Y_Treasury_Yield": 1.7385
  }
}