{
  "latest_date": "2025-09-29",
  "latest_values": {
    "Shanghai_Composite_Index": 3862.53173828125,
    "CSI_300_Index": 4620.052734375,
    "Shenzhen_Component_Index": 13479.427734375,
    "ALUMINUM_future": 2614.5,
    "BTC_price": 114320.9140625,
    "OIL_price": 63.20000076293945,
    "USD_CNY_exchange_rate": 7.118899822235107,
    "Commodity_Index_ETF": 22.614999771118164,
    "US_Dollar_Index": 97.93399810791016,
    "ETH_price": 4192.19287109375,
    "GOLD_spot_price": 3857.0,
    "LEAN_HOGS_future": 90.32499694824219,
    "COPPER_future": 4.9085001945495605,
    "High_Yield_Bond_ETF": 81.2300033569336,
    "LIVE_CATTLE_future": 231.3000030517578,
    "GOLD_near_month_future": 3857.10009765625,
    "NATURAL_GAS_future": 3.263000011444092,
    "PLATINUM_future": 1638.5999755859375,
    "SILVER_future": 47.01499938964844,
    "Long_Term_Treasury_ETF": 89.62999725341797,
    "CORN_future": 421.5,
    "SOYBEANS_future": 1009.25,
    "WHEAT_future": 518.75,
    "SP500_close": 6661.2099609375,
    "NASDAQ_close": 22591.154296875,
    "US_10Y_Treasury_Yield": 4.140999794006348,
    "VIX_close": 16.1299991607666,
    "GOLD_basis_spot_vs_near": -0.10009765625,
    "China_10Y_Treasury_Yield": 1.887
  }
}