{
  "latest_date": "2025-10-27",
  "latest_values": {
    "Shanghai_Composite_Index": 3996.944580078125,
    "CSI_300_Index": 4716.0185546875,
    "Shenzhen_Component_Index": 13489.4033203125,
    "ALUMINUM_future": 2828.25,
    "BTC_price": 115194.7734375,
    "OIL_price": 61.439998626708984,
    "USD_CNY_exchange_rate": 7.110199928283691,
    "Commodity_Index_ETF": 22.834999084472656,
    "US_Dollar_Index": 98.78399658203125,
    "ETH_price": 4205.8154296875,
    "GOLD_spot_price": 4021.10009765625,
    "LEAN_HOGS_future": 83.4000015258789,
    "COPPER_future": 5.1595001220703125,
    "High_Yield_Bond_ETF": 81.28500366210938,
    "LIVE_CATTLE_future": 227.02499389648438,
    "GOLD_near_month_future": 4021.10009765625,
    "NATURAL_GAS_future": 3.444999933242798,
    "PLATINUM_future": 1583.4000244140625,
    "SILVER_future": 47.0,
    "Long_Term_Treasury_ETF": 91.66000366210938,
    "CORN_future": 428.0,
    "SOYBEANS_future": 1066.0,
    "WHEAT_future": 526.0,
    "SP500_close": 6863.5400390625,
    "NASDAQ_close": 23604.7109375,
    "US_10Y_Treasury_Yield": 3.997000217437744,
    "VIX_close": 15.960000038146973,
    "GOLD_basis_spot_vs_near": 0.0,
    "China_10Y_Treasury_Yield": 1.8423
  }
}