{
  "latest_date": "2025-10-06",
  "latest_values": {
    "Shanghai_Composite_Index": 3882.777099609375,
    "CSI_300_Index": 4640.68994140625,
    "Shenzhen_Component_Index": 13526.509765625,
    "ALUMINUM_future": 2612.75,
    "BTC_price": 124034.7734375,
    "OIL_price": 62.029998779296875,
    "USD_CNY_exchange_rate": 7.119999885559082,
    "Commodity_Index_ETF": 22.40999984741211,
    "US_Dollar_Index": 98.41600036621094,
    "ETH_price": 4576.0009765625,
    "GOLD_spot_price": 3966.300048828125,
    "LEAN_HOGS_future": 98.67500305175781,
    "COPPER_future": 5.067999839782715,
    "High_Yield_Bond_ETF": 80.83999633789062,
    "LIVE_CATTLE_future": 234.60000610351562,
    "GOLD_near_month_future": 3966.0,
    "NATURAL_GAS_future": 3.4519999027252197,
    "PLATINUM_future": 1622.800048828125,
    "SILVER_future": 48.474998474121094,
    "Long_Term_Treasury_ETF": 89.37999725341797,
    "CORN_future": 419.5,
    "SOYBEANS_future": 1039.0,
    "WHEAT_future": 516.25,
    "SP500_close": 6715.7900390625,
    "NASDAQ_close": 22780.509765625,
    "US_10Y_Treasury_Yield": 4.11899995803833,
    "VIX_close": 16.75,
    "GOLD_basis_spot_vs_near": 0.300048828125,
    "China_10Y_Treasury_Yield": 1.8605
  }
}