{
  "latest_date": "2025-12-08",
  "latest_values": {
    "Shanghai_Composite_Index": 3902.80810546875,
    "CSI_300_Index": 4584.5400390625,
    "Shenzhen_Component_Index": 13147.6796875,
    "ALUMINUM_future": 2909.0,
    "BTC_price": 91145.4453125,
    "OIL_price": 60.18000030517578,
    "USD_CNY_exchange_rate": 7.067599773406982,
    "Commodity_Index_ETF": 23.329999923706055,
    "US_Dollar_Index": 98.91500091552734,
    "ETH_price": 3114.249267578125,
    "GOLD_spot_price": 4237.60009765625,
    "LEAN_HOGS_future": 81.6500015258789,
    "COPPER_future": 5.439000129699707,
    "High_Yield_Bond_ETF": 80.75,
    "LIVE_CATTLE_future": 227.14999389648438,
    "GOLD_near_month_future": 4237.60009765625,
    "NATURAL_GAS_future": 5.184999942779541,
    "PLATINUM_future": 1672.4000244140625,
    "SILVER_future": 58.439998626708984,
    "Long_Term_Treasury_ETF": 88.16999816894531,
    "CORN_future": 444.0,
    "SOYBEANS_future": 1096.0,
    "WHEAT_future": 535.5,
    "SP500_close": 6870.39990234375,
    "NASDAQ_close": 23578.130859375,
    "US_10Y_Treasury_Yield": 4.138999938964844,
    "VIX_close": 15.40999984741211,
    "GOLD_basis_spot_vs_near": 0.0,
    "China_10Y_Treasury_Yield": 1.848
  }
}