{
  "latest_date": "2026-06-27",
  "latest_values": {
    "Shanghai_Composite_Index": 4027.264892578125,
    "CSI_300_Index": 4941.60009765625,
    "Shenzhen_Component_Index": 15782.2197265625,
    "ALUMINUM_future": 3324.5,
    "BTC_price": 59891.98828125,
    "OIL_price": 70.23999786376953,
    "USD_CNY_exchange_rate": 6.789700031280518,
    "Commodity_Index_ETF": 26.56999969482422,
    "US_Dollar_Index": 101.36599731445312,
    "ETH_price": 1574.780029296875,
    "GOLD_spot_price": 4103.0,
    "LEAN_HOGS_future": 96.625,
    "COPPER_future": 6.197500228881836,
    "High_Yield_Bond_ETF": 79.83000183105469,
    "LIVE_CATTLE_future": 246.0749969482422,
    "GOLD_near_month_future": 4103.7001953125,
    "NATURAL_GAS_future": 3.2869999408721924,
    "PLATINUM_future": 1629.0999755859375,
    "SILVER_future": 59.60499954223633,
    "Long_Term_Treasury_ETF": 87.36000061035156,
    "CORN_future": 420.5,
    "SOYBEANS_future": 1155.0,
    "WHEAT_future": 588.75,
    "SP500_close": 7354.02001953125,
    "NASDAQ_close": 25297.6171875,
    "US_10Y_Treasury_Yield": 4.372000217437744,
    "VIX_close": 18.40999984741211,
    "GOLD_basis_spot_vs_near": -0.7001953125,
    "China_10Y_Treasury_Yield": 1.7314
  }
}