{
  "latest_date": "2025-10-20",
  "latest_values": {
    "Shanghai_Composite_Index": 3839.7548828125,
    "CSI_300_Index": 4514.22998046875,
    "Shenzhen_Component_Index": 12688.9404296875,
    "ALUMINUM_future": 2728.5,
    "BTC_price": 111109.6171875,
    "OIL_price": 57.279998779296875,
    "USD_CNY_exchange_rate": 7.123000144958496,
    "Commodity_Index_ETF": 22.1200008392334,
    "US_Dollar_Index": 98.49400329589844,
    "ETH_price": 4043.1904296875,
    "GOLD_spot_price": 4270.89990234375,
    "LEAN_HOGS_future": 82.3499984741211,
    "COPPER_future": 4.998499870300293,
    "High_Yield_Bond_ETF": 80.72000122070312,
    "LIVE_CATTLE_future": 242.9499969482422,
    "GOLD_near_month_future": 4270.89990234375,
    "NATURAL_GAS_future": 3.188999891281128,
    "PLATINUM_future": 1610.0,
    "SILVER_future": 50.76499938964844,
    "Long_Term_Treasury_ETF": 91.19999694824219,
    "CORN_future": 423.25,
    "SOYBEANS_future": 1028.75,
    "WHEAT_future": 506.5,
    "SP500_close": 6664.009765625,
    "NASDAQ_close": 22679.970703125,
    "US_10Y_Treasury_Yield": 4.006999969482422,
    "VIX_close": 20.770000457763672,
    "GOLD_basis_spot_vs_near": 0.0,
    "China_10Y_Treasury_Yield": 1.8246
  }
}