{
  "latest_date": "2025-11-03",
  "latest_values": {
    "Shanghai_Composite_Index": 3976.520751953125,
    "CSI_300_Index": 4653.40283203125,
    "Shenzhen_Component_Index": 13404.0634765625,
    "ALUMINUM_future": 2895.25,
    "BTC_price": 107516.9765625,
    "OIL_price": 61.2400016784668,
    "USD_CNY_exchange_rate": 7.120999813079834,
    "Commodity_Index_ETF": 23.040000915527344,
    "US_Dollar_Index": 99.81999969482422,
    "ETH_price": 3670.8466796875,
    "GOLD_spot_price": 4018.199951171875,
    "LEAN_HOGS_future": 81.0,
    "COPPER_future": 5.064499855041504,
    "High_Yield_Bond_ETF": 80.25499725341797,
    "LIVE_CATTLE_future": 231.875,
    "GOLD_near_month_future": 4018.39990234375,
    "NATURAL_GAS_future": 4.264999866485596,
    "PLATINUM_future": 1582.4000244140625,
    "SILVER_future": 48.13999938964844,
    "Long_Term_Treasury_ETF": 89.64009857177734,
    "CORN_future": 434.0,
    "SOYBEANS_future": 1132.25,
    "WHEAT_future": 544.0,
    "SP500_close": 6861.52978515625,
    "NASDAQ_close": 23899.748046875,
    "US_10Y_Treasury_Yield": 4.111999988555908,
    "VIX_close": 17.3700008392334,
    "GOLD_basis_spot_vs_near": -0.199951171875,
    "China_10Y_Treasury_Yield": 1.7944
  }
}