{
  "latest_date": "2026-05-13",
  "latest_values": {
    "Shanghai_Composite_Index": 4214.48876953125,
    "CSI_300_Index": 4948.0498046875,
    "Shenzhen_Component_Index": 15824.919921875,
    "ALUMINUM_future": 3605.0,
    "BTC_price": 79285.3671875,
    "OIL_price": 100.9000015258789,
    "USD_CNY_exchange_rate": 6.791999816894531,
    "Commodity_Index_ETF": 31.3700008392334,
    "US_Dollar_Index": 98.4530029296875,
    "ETH_price": 2252.81005859375,
    "GOLD_spot_price": 4701.2998046875,
    "LEAN_HOGS_future": 100.875,
    "COPPER_future": 6.619999885559082,
    "High_Yield_Bond_ETF": 79.91000366210938,
    "LIVE_CATTLE_future": 252.72500610351562,
    "GOLD_near_month_future": 4700.89990234375,
    "NATURAL_GAS_future": 2.859999895095825,
    "PLATINUM_future": 2168.800048828125,
    "SILVER_future": 88.3949966430664,
    "Long_Term_Treasury_ETF": 84.80000305175781,
    "CORN_future": 480.5,
    "SOYBEANS_future": 1227.25,
    "WHEAT_future": 674.75,
    "SP500_close": 7444.25,
    "NASDAQ_close": 26402.34375,
    "US_10Y_Treasury_Yield": 4.480999946594238,
    "VIX_close": 17.8700008392334,
    "GOLD_basis_spot_vs_near": 0.39990234375,
    "China_10Y_Treasury_Yield": 1.7514
  }
}