{
  "latest_date": "2025-11-26",
  "latest_values": {
    "Shanghai_Composite_Index": 3864.184326171875,
    "CSI_300_Index": 4517.62548828125,
    "Shenzhen_Component_Index": 12777.3095703125,
    "ALUMINUM_future": 2799.0,
    "BTC_price": 87103.9609375,
    "OIL_price": 57.91999816894531,
    "USD_CNY_exchange_rate": 7.075300216674805,
    "Commodity_Index_ETF": 22.67650032043457,
    "US_Dollar_Index": 99.68000030517578,
    "ETH_price": 2936.322021484375,
    "GOLD_spot_price": 4161.0,
    "LEAN_HOGS_future": 80.32499694824219,
    "COPPER_future": 5.180500030517578,
    "High_Yield_Bond_ETF": 80.90499877929688,
    "LIVE_CATTLE_future": 211.85000610351562,
    "GOLD_near_month_future": 4198.89990234375,
    "NATURAL_GAS_future": 4.599999904632568,
    "PLATINUM_future": 1584.199951171875,
    "SILVER_future": 53.0099983215332,
    "Long_Term_Treasury_ETF": 90.29039764404297,
    "CORN_future": 443.5,
    "SOYBEANS_future": 1129.75,
    "WHEAT_future": 543.75,
    "SP500_close": 6815.16015625,
    "NASDAQ_close": 23214.638671875,
    "US_10Y_Treasury_Yield": 4.0169997215271,
    "VIX_close": 17.709999084472656,
    "GOLD_basis_spot_vs_near": -37.89990234375,
    "China_10Y_Treasury_Yield": 1.8462
  }
}