{
  "latest_date": "2026-05-11",
  "latest_values": {
    "Shanghai_Composite_Index": 4179.953125,
    "CSI_300_Index": 4871.91015625,
    "Shenzhen_Component_Index": 15563.7998046875,
    "ALUMINUM_future": 3536.25,
    "BTC_price": 81834.8125,
    "OIL_price": 97.95999908447266,
    "USD_CNY_exchange_rate": 6.801400184631348,
    "Commodity_Index_ETF": 31.053800582885742,
    "US_Dollar_Index": 97.9530029296875,
    "ETH_price": 2337.85009765625,
    "GOLD_spot_price": 4733.10009765625,
    "LEAN_HOGS_future": 100.125,
    "COPPER_future": 6.474999904632568,
    "High_Yield_Bond_ETF": 80.02999877929688,
    "LIVE_CATTLE_future": 249.64999389648438,
    "GOLD_near_month_future": 4732.89990234375,
    "NATURAL_GAS_future": 2.924999952316284,
    "PLATINUM_future": 2148.300048828125,
    "SILVER_future": 86.68000030517578,
    "Long_Term_Treasury_ETF": 85.54989624023438,
    "CORN_future": 474.5,
    "SOYBEANS_future": 1211.0,
    "WHEAT_future": 636.0,
    "SP500_close": 7407.93017578125,
    "NASDAQ_close": 26257.935546875,
    "US_10Y_Treasury_Yield": 4.409999847412109,
    "VIX_close": 18.350000381469727,
    "GOLD_basis_spot_vs_near": 0.2001953125,
    "China_10Y_Treasury_Yield": 1.7622
  }
}