{
  "latest_date": "2026-05-12",
  "latest_values": {
    "Shanghai_Composite_Index": 4225.02099609375,
    "CSI_300_Index": 4951.83984375,
    "Shenzhen_Component_Index": 15899.2998046875,
    "ALUMINUM_future": 3577.5,
    "BTC_price": 80620.5625,
    "OIL_price": 102.02999877929688,
    "USD_CNY_exchange_rate": 6.7947998046875,
    "Commodity_Index_ETF": 31.690000534057617,
    "US_Dollar_Index": 98.28900146484375,
    "ETH_price": 2280.64990234375,
    "GOLD_spot_price": 4725.7998046875,
    "LEAN_HOGS_future": 98.44999694824219,
    "COPPER_future": 6.630499839782715,
    "High_Yield_Bond_ETF": 79.87000274658203,
    "LIVE_CATTLE_future": 247.60000610351562,
    "GOLD_near_month_future": 4726.10009765625,
    "NATURAL_GAS_future": 2.8320000171661377,
    "PLATINUM_future": 2143.699951171875,
    "SILVER_future": 87.44000244140625,
    "Long_Term_Treasury_ETF": 84.98999786376953,
    "CORN_future": 478.75,
    "SOYBEANS_future": 1225.25,
    "WHEAT_future": 679.0,
    "SP500_close": 7400.9599609375,
    "NASDAQ_close": 26088.203125,
    "US_10Y_Treasury_Yield": 4.463000297546387,
    "VIX_close": 17.989999771118164,
    "GOLD_basis_spot_vs_near": -0.30029296875,
    "China_10Y_Treasury_Yield": 1.7592
  }
}