{
  "latest_date": "2026-06-16",
  "latest_values": {
    "Shanghai_Composite_Index": 4031.512939453125,
    "CSI_300_Index": 4777.31982421875,
    "Shenzhen_Component_Index": 14963.41015625,
    "ALUMINUM_future": 3400.25,
    "BTC_price": 66219.75,
    "OIL_price": 81.37000274658203,
    "USD_CNY_exchange_rate": 6.765999794006348,
    "Commodity_Index_ETF": 28.219999313354492,
    "US_Dollar_Index": 99.65599822998047,
    "ETH_price": 1789.22998046875,
    "GOLD_spot_price": 4333.2998046875,
    "LEAN_HOGS_future": 95.7249984741211,
    "COPPER_future": 6.4745001792907715,
    "High_Yield_Bond_ETF": 80.04000091552734,
    "LIVE_CATTLE_future": 243.375,
    "GOLD_near_month_future": 4333.10009765625,
    "NATURAL_GAS_future": 3.1579999923706055,
    "PLATINUM_future": 1764.300048828125,
    "SILVER_future": 69.82499694824219,
    "Long_Term_Treasury_ETF": 85.72000122070312,
    "CORN_future": 414.0,
    "SOYBEANS_future": 1132.75,
    "WHEAT_future": 588.5,
    "SP500_close": 7554.2900390625,
    "NASDAQ_close": 26683.94140625,
    "US_10Y_Treasury_Yield": 4.468999862670898,
    "VIX_close": 16.200000762939453,
    "GOLD_basis_spot_vs_near": 0.19970703125,
    "China_10Y_Treasury_Yield": 1.7446
  }
}