{
  "latest_date": "2025-10-20",
  "latest_values": {
    "Shanghai_Composite_Index": 3863.892578125,
    "CSI_300_Index": 4538.22021484375,
    "Shenzhen_Component_Index": 12813.2080078125,
    "ALUMINUM_future": 2711.0,
    "BTC_price": 110971.4609375,
    "OIL_price": 56.939998626708984,
    "USD_CNY_exchange_rate": 7.123000144958496,
    "Commodity_Index_ETF": 22.29560089111328,
    "US_Dollar_Index": 98.59700012207031,
    "ETH_price": 3973.48193359375,
    "GOLD_spot_price": 4376.2001953125,
    "LEAN_HOGS_future": 82.25,
    "COPPER_future": 5.046999931335449,
    "High_Yield_Bond_ETF": 80.86499786376953,
    "LIVE_CATTLE_future": 243.6750030517578,
    "GOLD_near_month_future": 4376.2998046875,
    "NATURAL_GAS_future": 3.4030001163482666,
    "PLATINUM_future": 1661.300048828125,
    "SILVER_future": 51.540000915527344,
    "Long_Term_Treasury_ETF": 91.51499938964844,
    "CORN_future": 424.0,
    "SOYBEANS_future": 1050.75,
    "WHEAT_future": 505.5,
    "SP500_close": 6740.5498046875,
    "NASDAQ_close": 23018.791015625,
    "US_10Y_Treasury_Yield": 3.9900002479553223,
    "VIX_close": 18.600000381469727,
    "GOLD_basis_spot_vs_near": -0.099609375,
    "China_10Y_Treasury_Yield": 1.8498
  }
}