{
  "latest_date": "2025-11-28",
  "latest_values": {
    "Shanghai_Composite_Index": 3875.259521484375,
    "CSI_300_Index": 4515.40283203125,
    "Shenzhen_Component_Index": 12875.1953125,
    "ALUMINUM_future": 2740.5,
    "BTC_price": 91151.65625,
    "OIL_price": 58.95000076293945,
    "USD_CNY_exchange_rate": 7.078499794006348,
    "Commodity_Index_ETF": 22.760000228881836,
    "US_Dollar_Index": 99.53299713134766,
    "ETH_price": 3014.263427734375,
    "GOLD_spot_price": 4197.5,
    "LEAN_HOGS_future": 80.67500305175781,
    "COPPER_future": 5.170499801635742,
    "High_Yield_Bond_ETF": 80.94999694824219,
    "LIVE_CATTLE_future": 211.22500610351562,
    "GOLD_near_month_future": 4197.5,
    "NATURAL_GAS_future": 4.629000186920166,
    "PLATINUM_future": 1628.9000244140625,
    "SILVER_future": 53.92499923706055,
    "Long_Term_Treasury_ETF": 90.63999938964844,
    "CORN_future": 446.25,
    "SOYBEANS_future": 1132.25,
    "WHEAT_future": 529.0,
    "SP500_close": 6812.60986328125,
    "NASDAQ_close": 23214.689453125,
    "US_10Y_Treasury_Yield": 3.997999906539917,
    "VIX_close": 17.209999084472656,
    "GOLD_basis_spot_vs_near": 0.0,
    "China_10Y_Treasury_Yield": 1.8537
  }
}