{
  "latest_date": "2026-04-18",
  "latest_values": {
    "Shanghai_Composite_Index": 4055.547119140625,
    "CSI_300_Index": 4736.60986328125,
    "Shenzhen_Component_Index": 14796.330078125,
    "ALUMINUM_future": 3513.75,
    "BTC_price": 77203.8515625,
    "OIL_price": 84.0,
    "USD_CNY_exchange_rate": 6.816400051116943,
    "Commodity_Index_ETF": 28.290000915527344,
    "US_Dollar_Index": 98.22699737548828,
    "ETH_price": 2419.52001953125,
    "GOLD_spot_price": 4849.39990234375,
    "LEAN_HOGS_future": 100.9749984741211,
    "COPPER_future": 6.081500053405762,
    "High_Yield_Bond_ETF": 80.6500015258789,
    "LIVE_CATTLE_future": 247.14999389648438,
    "GOLD_near_month_future": 4848.10009765625,
    "NATURAL_GAS_future": 2.674999952316284,
    "PLATINUM_future": 2114.39990234375,
    "SILVER_future": 80.93000030517578,
    "Long_Term_Treasury_ETF": 87.06999969482422,
    "CORN_future": 457.0,
    "SOYBEANS_future": 1181.5,
    "WHEAT_future": 598.0,
    "SP500_close": 7126.06005859375,
    "NASDAQ_close": 24468.48046875,
    "US_10Y_Treasury_Yield": 4.245999813079834,
    "VIX_close": 17.479999542236328,
    "GOLD_basis_spot_vs_near": 1.2998046875,
    "China_10Y_Treasury_Yield": 1.7623
  }
}