{
  "latest_date": "2026-01-27",
  "latest_values": {
    "Shanghai_Composite_Index": 4132.60498046875,
    "CSI_300_Index": 4706.9599609375,
    "Shenzhen_Component_Index": 14316.6396484375,
    "ALUMINUM_future": 3150.0,
    "BTC_price": 87967.5390625,
    "OIL_price": 60.400001525878906,
    "USD_CNY_exchange_rate": 6.9552998542785645,
    "Commodity_Index_ETF": 24.290000915527344,
    "US_Dollar_Index": 97.21099853515625,
    "ETH_price": 2913.88671875,
    "GOLD_spot_price": 5075.7001953125,
    "LEAN_HOGS_future": 88.3499984741211,
    "COPPER_future": 5.895999908447266,
    "High_Yield_Bond_ETF": 81.18000030517578,
    "LIVE_CATTLE_future": 236.02499389648438,
    "GOLD_near_month_future": 5075.89990234375,
    "NATURAL_GAS_future": 3.750999927520752,
    "PLATINUM_future": 2699.10009765625,
    "SILVER_future": 111.38500213623047,
    "Long_Term_Treasury_ETF": 88.3499984741211,
    "CORN_future": 428.0,
    "SOYBEANS_future": 1061.25,
    "WHEAT_future": 520.0,
    "SP500_close": 6950.22998046875,
    "NASDAQ_close": 23601.359375,
    "US_10Y_Treasury_Yield": 4.2129998207092285,
    "VIX_close": 16.020000457763672,
    "GOLD_basis_spot_vs_near": -0.19970703125,
    "China_10Y_Treasury_Yield": 1.8242
  }
}