{
  "latest_date": "2026-05-15",
  "latest_values": {
    "Shanghai_Composite_Index": 4135.38916015625,
    "CSI_300_Index": 4859.5927734375,
    "Shenzhen_Component_Index": 15561.3720703125,
    "ALUMINUM_future": 3528.25,
    "BTC_price": 80586.0078125,
    "OIL_price": 99.5999984741211,
    "USD_CNY_exchange_rate": 6.809299945831299,
    "Commodity_Index_ETF": 31.149999618530273,
    "US_Dollar_Index": 99.11900329589844,
    "ETH_price": 2257.1201171875,
    "GOLD_spot_price": 4565.10009765625,
    "LEAN_HOGS_future": 90.44999694824219,
    "COPPER_future": 6.34250020980835,
    "High_Yield_Bond_ETF": 79.8499984741211,
    "LIVE_CATTLE_future": 252.0749969482422,
    "GOLD_near_month_future": 4565.10009765625,
    "NATURAL_GAS_future": 2.9170000553131104,
    "PLATINUM_future": 2008.300048828125,
    "SILVER_future": 78.94499969482422,
    "Long_Term_Treasury_ETF": 84.91999816894531,
    "CORN_future": 464.25,
    "SOYBEANS_future": 1186.0,
    "WHEAT_future": 652.25,
    "SP500_close": 7501.240234375,
    "NASDAQ_close": 26635.220703125,
    "US_10Y_Treasury_Yield": 4.460999965667725,
    "VIX_close": 18.6200008392334,
    "GOLD_basis_spot_vs_near": 0.0,
    "China_10Y_Treasury_Yield": 1.7658
  }
}