{
  "latest_date": "2026-01-29",
  "latest_values": {
    "Shanghai_Composite_Index": 4151.23779296875,
    "CSI_300_Index": 4717.990234375,
    "Shenzhen_Component_Index": 14342.8896484375,
    "ALUMINUM_future": 3273.5,
    "BTC_price": 87885.578125,
    "OIL_price": 64.69000244140625,
    "USD_CNY_exchange_rate": 6.945400238037109,
    "Commodity_Index_ETF": 24.940000534057617,
    "US_Dollar_Index": 96.39199829101562,
    "ETH_price": 2928.392333984375,
    "GOLD_spot_price": 5550.7001953125,
    "LEAN_HOGS_future": 88.0,
    "COPPER_future": 6.285999774932861,
    "High_Yield_Bond_ETF": 81.04000091552734,
    "LIVE_CATTLE_future": 236.77499389648438,
    "GOLD_near_month_future": 5550.7998046875,
    "NATURAL_GAS_future": 3.8429999351501465,
    "PLATINUM_future": 2737.0,
    "SILVER_future": 118.33000183105469,
    "Long_Term_Treasury_ETF": 87.5999984741211,
    "CORN_future": 432.25,
    "SOYBEANS_future": 1080.0,
    "WHEAT_future": 541.0,
    "SP500_close": 6978.02978515625,
    "NASDAQ_close": 23857.44921875,
    "US_10Y_Treasury_Yield": 4.250999927520752,
    "VIX_close": 16.790000915527344,
    "GOLD_basis_spot_vs_near": -0.099609375,
    "China_10Y_Treasury_Yield": 1.8174
  }
}