{
  "latest_date": "2026-03-12",
  "latest_values": {
    "Shanghai_Composite_Index": 4129.1025390625,
    "CSI_300_Index": 4687.56005859375,
    "Shenzhen_Component_Index": 14374.87109375,
    "ALUMINUM_future": 3517.5,
    "BTC_price": 70305.65625,
    "OIL_price": 96.38999938964844,
    "USD_CNY_exchange_rate": 6.868899822235107,
    "Commodity_Index_ETF": 28.860000610351562,
    "US_Dollar_Index": 99.75299835205078,
    "ETH_price": 2064.51025390625,
    "GOLD_spot_price": 5084.10009765625,
    "LEAN_HOGS_future": 94.4749984741211,
    "COPPER_future": 5.821000099182129,
    "High_Yield_Bond_ETF": 79.3499984741211,
    "LIVE_CATTLE_future": 231.5749969482422,
    "GOLD_near_month_future": 5084.0,
    "NATURAL_GAS_future": 3.247999906539917,
    "PLATINUM_future": 2130.699951171875,
    "SILVER_future": 83.95500183105469,
    "Long_Term_Treasury_ETF": 86.97000122070312,
    "CORN_future": 462.0,
    "SOYBEANS_future": 1225.75,
    "WHEAT_future": 597.75,
    "SP500_close": 6672.6201171875,
    "NASDAQ_close": 22311.98046875,
    "US_10Y_Treasury_Yield": 4.2729997634887695,
    "VIX_close": 27.290000915527344,
    "GOLD_basis_spot_vs_near": 0.10009765625,
    "China_10Y_Treasury_Yield": 1.8052
  }
}