{
  "latest_date": "2026-03-06",
  "latest_values": {
    "Shanghai_Composite_Index": 4108.56689453125,
    "CSI_300_Index": 4647.68994140625,
    "Shenzhen_Component_Index": 14088.83984375,
    "ALUMINUM_future": 3274.0,
    "BTC_price": 68729.40625,
    "OIL_price": 87.72000122070312,
    "USD_CNY_exchange_rate": 6.906300067901611,
    "Commodity_Index_ETF": 26.520000457763672,
    "US_Dollar_Index": 99.3499984741211,
    "ETH_price": 2003.1142578125,
    "GOLD_spot_price": 5099.0,
    "LEAN_HOGS_future": 86.92500305175781,
    "COPPER_future": 5.783999919891357,
    "High_Yield_Bond_ETF": 80.08000183105469,
    "LIVE_CATTLE_future": 232.85000610351562,
    "GOLD_near_month_future": 5099.5,
    "NATURAL_GAS_future": 3.131999969482422,
    "PLATINUM_future": 2104.89990234375,
    "SILVER_future": 82.87000274658203,
    "Long_Term_Treasury_ETF": 88.79000091552734,
    "CORN_future": 458.25,
    "SOYBEANS_future": 1190.0,
    "WHEAT_future": 601.5,
    "SP500_close": 6830.7099609375,
    "NASDAQ_close": 22748.990234375,
    "US_10Y_Treasury_Yield": 4.1419997215271,
    "VIX_close": 27.510000228881836,
    "GOLD_basis_spot_vs_near": -0.5,
    "China_10Y_Treasury_Yield": 1.781
  }
}