{
  "latest_date": "2025-11-11",
  "latest_values": {
    "Shanghai_Composite_Index": 4002.757568359375,
    "CSI_300_Index": 4652.16552734375,
    "Shenzhen_Component_Index": 13289.0048828125,
    "ALUMINUM_future": 2809.5,
    "BTC_price": 102678.0859375,
    "OIL_price": 60.93000030517578,
    "USD_CNY_exchange_rate": 7.116300106048584,
    "Commodity_Index_ETF": 23.295000076293945,
    "US_Dollar_Index": 99.447998046875,
    "ETH_price": 3432.493896484375,
    "GOLD_spot_price": 4137.7998046875,
    "LEAN_HOGS_future": 82.3499984741211,
    "COPPER_future": 5.067999839782715,
    "High_Yield_Bond_ETF": 80.71499633789062,
    "LIVE_CATTLE_future": 227.3249969482422,
    "GOLD_near_month_future": 4137.7998046875,
    "NATURAL_GAS_future": 4.51800012588501,
    "PLATINUM_future": 1601.5,
    "SILVER_future": 51.10499954223633,
    "Long_Term_Treasury_ETF": 89.95999908447266,
    "CORN_future": 432.0,
    "SOYBEANS_future": 1126.75,
    "WHEAT_future": 535.75,
    "SP500_close": 6846.60986328125,
    "NASDAQ_close": 23468.30078125,
    "US_10Y_Treasury_Yield": 4.119999885559082,
    "VIX_close": 17.260000228881836,
    "GOLD_basis_spot_vs_near": 0.0,
    "China_10Y_Treasury_Yield": 1.8119
  }
}