{
  "latest_date": "2026-05-26",
  "latest_values": {
    "Shanghai_Composite_Index": 4152.56787109375,
    "CSI_300_Index": 4921.60009765625,
    "Shenzhen_Component_Index": 15856.6103515625,
    "ALUMINUM_future": 3673.75,
    "BTC_price": 76304.640625,
    "OIL_price": 94.16000366210938,
    "USD_CNY_exchange_rate": 6.79449987411499,
    "Commodity_Index_ETF": 30.200000762939453,
    "US_Dollar_Index": 99.18299865722656,
    "ETH_price": 2079.659912109375,
    "GOLD_spot_price": 4503.2001953125,
    "LEAN_HOGS_future": 100.125,
    "COPPER_future": 6.39300012588501,
    "High_Yield_Bond_ETF": 80.06999969482422,
    "LIVE_CATTLE_future": 238.9499969482422,
    "GOLD_near_month_future": 4503.2001953125,
    "NATURAL_GAS_future": 3.055000066757202,
    "PLATINUM_future": 1950.5999755859375,
    "SILVER_future": 76.33000183105469,
    "Long_Term_Treasury_ETF": 85.0,
    "CORN_future": 458.25,
    "SOYBEANS_future": 1190.25,
    "WHEAT_future": 638.0,
    "SP500_close": 7511.14013671875,
    "NASDAQ_close": 26566.3671875,
    "US_10Y_Treasury_Yield": 4.499000072479248,
    "VIX_close": 17.1299991607666,
    "GOLD_basis_spot_vs_near": 0.0,
    "China_10Y_Treasury_Yield": 1.7405
  }
}