{
  "latest_date": "2026-04-22",
  "latest_values": {
    "Shanghai_Composite_Index": 4085.076904296875,
    "CSI_300_Index": 4768.0,
    "Shenzhen_Component_Index": 14982.1396484375,
    "ALUMINUM_future": 3564.25,
    "BTC_price": 77973.09375,
    "OIL_price": 90.41999816894531,
    "USD_CNY_exchange_rate": 6.817399978637695,
    "Commodity_Index_ETF": 29.209999084472656,
    "US_Dollar_Index": 98.2969970703125,
    "ETH_price": 2386.60009765625,
    "GOLD_spot_price": 4774.5,
    "LEAN_HOGS_future": 95.4000015258789,
    "COPPER_future": 6.065499782562256,
    "High_Yield_Bond_ETF": 80.37000274658203,
    "LIVE_CATTLE_future": 247.4250030517578,
    "GOLD_near_month_future": 4774.60009765625,
    "NATURAL_GAS_future": 2.7179999351501465,
    "PLATINUM_future": 2086.5,
    "SILVER_future": 78.0999984741211,
    "Long_Term_Treasury_ETF": 86.56999969482422,
    "CORN_future": 465.5,
    "SOYBEANS_future": 1199.75,
    "WHEAT_future": 619.75,
    "SP500_close": 7064.009765625,
    "NASDAQ_close": 24259.9609375,
    "US_10Y_Treasury_Yield": 4.291999816894531,
    "VIX_close": 19.190000534057617,
    "GOLD_basis_spot_vs_near": -0.10009765625,
    "China_10Y_Treasury_Yield": 1.751
  }
}