{
  "latest_date": "2026-02-10",
  "latest_values": {
    "Shanghai_Composite_Index": 4128.373046875,
    "CSI_300_Index": 4724.29541015625,
    "Shenzhen_Component_Index": 14210.6259765625,
    "ALUMINUM_future": 3021.75,
    "BTC_price": 68826.9609375,
    "OIL_price": 63.95000076293945,
    "USD_CNY_exchange_rate": 6.910099983215332,
    "Commodity_Index_ETF": 24.09119987487793,
    "US_Dollar_Index": 96.88800048828125,
    "ETH_price": 2007.796142578125,
    "GOLD_spot_price": 5037.7998046875,
    "LEAN_HOGS_future": 95.57499694824219,
    "COPPER_future": 5.9039998054504395,
    "High_Yield_Bond_ETF": 80.90499877929688,
    "LIVE_CATTLE_future": 237.4499969482422,
    "GOLD_near_month_future": 5037.7001953125,
    "NATURAL_GAS_future": 3.121999979019165,
    "PLATINUM_future": 2084.0,
    "SILVER_future": 80.375,
    "Long_Term_Treasury_ETF": 88.3550033569336,
    "CORN_future": 428.75,
    "SOYBEANS_future": 1123.5,
    "WHEAT_future": 529.5,
    "SP500_close": 6956.7099609375,
    "NASDAQ_close": 23172.916015625,
    "US_10Y_Treasury_Yield": 4.151000022888184,
    "VIX_close": 17.690000534057617,
    "GOLD_basis_spot_vs_near": 0.099609375,
    "China_10Y_Treasury_Yield": 1.8094
  }
}