{
  "latest_date": "2026-05-28",
  "latest_values": {
    "Shanghai_Composite_Index": 4093.72705078125,
    "CSI_300_Index": 4908.169921875,
    "Shenzhen_Component_Index": 15736.4697265625,
    "ALUMINUM_future": 3669.25,
    "BTC_price": 73720.7421875,
    "OIL_price": 88.52999877929688,
    "USD_CNY_exchange_rate": 6.778800010681152,
    "Commodity_Index_ETF": 29.719999313354492,
    "US_Dollar_Index": 98.9990005493164,
    "ETH_price": 2018.4000244140625,
    "GOLD_spot_price": 4527.2998046875,
    "LEAN_HOGS_future": 102.0,
    "COPPER_future": 6.424499988555908,
    "High_Yield_Bond_ETF": 80.2300033569336,
    "LIVE_CATTLE_future": 241.14999389648438,
    "GOLD_near_month_future": 4527.2998046875,
    "NATURAL_GAS_future": 3.302999973297119,
    "PLATINUM_future": 1926.5999755859375,
    "SILVER_future": 75.91500091552734,
    "Long_Term_Treasury_ETF": 85.73999786376953,
    "CORN_future": 456.25,
    "SOYBEANS_future": 1195.75,
    "WHEAT_future": 624.0,
    "SP500_close": 7563.6298828125,
    "NASDAQ_close": 26917.470703125,
    "US_10Y_Treasury_Yield": 4.454999923706055,
    "VIX_close": 15.739999771118164,
    "GOLD_basis_spot_vs_near": 0.0,
    "China_10Y_Treasury_Yield": 1.7193
  }
}