{
  "latest_date": "2026-05-01",
  "latest_values": {
    "Shanghai_Composite_Index": 4112.1591796875,
    "CSI_300_Index": 4807.31005859375,
    "Shenzhen_Component_Index": 15107.5498046875,
    "ALUMINUM_future": 3465.75,
    "BTC_price": 77008.0,
    "OIL_price": 104.79000091552734,
    "USD_CNY_exchange_rate": 6.8267998695373535,
    "Commodity_Index_ETF": 31.100000381469727,
    "US_Dollar_Index": 98.06500244140625,
    "ETH_price": 2276.550048828125,
    "GOLD_spot_price": 4598.39990234375,
    "LEAN_HOGS_future": 93.44999694824219,
    "COPPER_future": 5.995999813079834,
    "High_Yield_Bond_ETF": 80.37999725341797,
    "LIVE_CATTLE_future": 258.4750061035156,
    "GOLD_near_month_future": 4598.2998046875,
    "NATURAL_GAS_future": 2.7899999618530273,
    "PLATINUM_future": 1983.699951171875,
    "SILVER_future": 73.8949966430664,
    "Long_Term_Treasury_ETF": 85.62000274658203,
    "CORN_future": 477.0,
    "SOYBEANS_future": 1200.25,
    "WHEAT_future": 638.5,
    "SP500_close": 7209.009765625,
    "NASDAQ_close": 24892.310546875,
    "US_10Y_Treasury_Yield": 4.389999866485596,
    "VIX_close": 17.040000915527344,
    "GOLD_basis_spot_vs_near": 0.10009765625,
    "China_10Y_Treasury_Yield": 1.7473
  }
}