{
  "latest_date": "2025-10-31",
  "latest_values": {
    "Shanghai_Composite_Index": 3986.90087890625,
    "CSI_300_Index": 4709.9111328125,
    "Shenzhen_Component_Index": 13532.1259765625,
    "ALUMINUM_future": 2863.0,
    "BTC_price": 108501.3203125,
    "OIL_price": 60.18000030517578,
    "USD_CNY_exchange_rate": 7.1092000007629395,
    "Commodity_Index_ETF": 22.719999313354492,
    "US_Dollar_Index": 99.46399688720703,
    "ETH_price": 3804.784423828125,
    "GOLD_spot_price": 4041.699951171875,
    "LEAN_HOGS_future": 82.19999694824219,
    "COPPER_future": 5.103000164031982,
    "High_Yield_Bond_ETF": 80.80000305175781,
    "LIVE_CATTLE_future": 231.1750030517578,
    "GOLD_near_month_future": 4041.89990234375,
    "NATURAL_GAS_future": 4.056000232696533,
    "PLATINUM_future": 1619.0999755859375,
    "SILVER_future": 48.79499816894531,
    "Long_Term_Treasury_ETF": 90.55999755859375,
    "CORN_future": 429.75,
    "SOYBEANS_future": 1108.0,
    "WHEAT_future": 525.0,
    "SP500_close": 6822.33984375,
    "NASDAQ_close": 23581.14453125,
    "US_10Y_Treasury_Yield": 4.0929999351501465,
    "VIX_close": 16.90999984741211,
    "GOLD_basis_spot_vs_near": -0.199951171875,
    "China_10Y_Treasury_Yield": 1.8098
  }
}