{
  "latest_date": "2026-07-12",
  "latest_values": {
    "Shanghai_Composite_Index": 3996.162109375,
    "CSI_300_Index": 4780.7900390625,
    "Shenzhen_Component_Index": 15046.669921875,
    "ALUMINUM_future": 3303.5,
    "BTC_price": 63992.66015625,
    "OIL_price": 71.41000366210938,
    "USD_CNY_exchange_rate": 6.76669979095459,
    "Commodity_Index_ETF": 27.520000457763672,
    "US_Dollar_Index": 100.97000122070312,
    "ETH_price": 1806.43994140625,
    "GOLD_spot_price": 4113.7001953125,
    "LEAN_HOGS_future": 99.0,
    "COPPER_future": 6.2820000648498535,
    "High_Yield_Bond_ETF": 79.70999908447266,
    "LIVE_CATTLE_future": 235.1999969482422,
    "GOLD_near_month_future": 4113.7001953125,
    "NATURAL_GAS_future": 2.940000057220459,
    "PLATINUM_future": 1629.0,
    "SILVER_future": 60.165000915527344,
    "Long_Term_Treasury_ETF": 84.47000122070312,
    "CORN_future": 461.0,
    "SOYBEANS_future": 1190.75,
    "WHEAT_future": 640.25,
    "SP500_close": 7575.39013671875,
    "NASDAQ_close": 26281.609375,
    "US_10Y_Treasury_Yield": 4.568999767303467,
    "VIX_close": 15.029999732971191,
    "GOLD_basis_spot_vs_near": 0.0,
    "China_10Y_Treasury_Yield": 1.7398
  }
}