{
  "latest_date": "2025-11-10",
  "latest_values": {
    "Shanghai_Composite_Index": 3997.555908203125,
    "CSI_300_Index": 4678.7900390625,
    "Shenzhen_Component_Index": 13404.0595703125,
    "ALUMINUM_future": 2866.0,
    "BTC_price": 105897.859375,
    "OIL_price": 59.869998931884766,
    "USD_CNY_exchange_rate": 7.1184000968933105,
    "Commodity_Index_ETF": 22.899999618530273,
    "US_Dollar_Index": 99.59400177001953,
    "ETH_price": 3591.1025390625,
    "GOLD_spot_price": 4093.699951171875,
    "LEAN_HOGS_future": 79.3499984741211,
    "COPPER_future": 5.039000034332275,
    "High_Yield_Bond_ETF": 80.33000183105469,
    "LIVE_CATTLE_future": 221.14999389648438,
    "GOLD_near_month_future": 4093.60009765625,
    "NATURAL_GAS_future": 4.460000038146973,
    "PLATINUM_future": 1588.5999755859375,
    "SILVER_future": 49.8849983215332,
    "Long_Term_Treasury_ETF": 89.56999969482422,
    "CORN_future": 429.5,
    "SOYBEANS_future": 1123.5,
    "WHEAT_future": 534.75,
    "SP500_close": 6728.7998046875,
    "NASDAQ_close": 23004.5390625,
    "US_10Y_Treasury_Yield": 4.0929999351501465,
    "VIX_close": 18.670000076293945,
    "GOLD_basis_spot_vs_near": 0.099853515625,
    "China_10Y_Treasury_Yield": 1.8139
  }
}