{
  "latest_date": "2025-10-30",
  "latest_values": {
    "Shanghai_Composite_Index": 4016.3310546875,
    "CSI_300_Index": 4747.83984375,
    "Shenzhen_Component_Index": 13691.3798828125,
    "ALUMINUM_future": 2818.75,
    "BTC_price": 107857.0703125,
    "OIL_price": 59.880001068115234,
    "USD_CNY_exchange_rate": 7.111999988555908,
    "Commodity_Index_ETF": 22.594999313354492,
    "US_Dollar_Index": 99.51000213623047,
    "ETH_price": 3775.663330078125,
    "GOLD_spot_price": 4003.89990234375,
    "LEAN_HOGS_future": 82.30000305175781,
    "COPPER_future": 5.114999771118164,
    "High_Yield_Bond_ETF": 80.87000274658203,
    "LIVE_CATTLE_future": 229.64999389648438,
    "GOLD_near_month_future": 4003.89990234375,
    "NATURAL_GAS_future": 3.3359999656677246,
    "PLATINUM_future": 1592.5999755859375,
    "SILVER_future": 48.11000061035156,
    "Long_Term_Treasury_ETF": 90.62999725341797,
    "CORN_future": 430.25,
    "SOYBEANS_future": 1094.25,
    "WHEAT_future": 523.5,
    "SP500_close": 6872.77001953125,
    "NASDAQ_close": 23818.96484375,
    "US_10Y_Treasury_Yield": 4.105000019073486,
    "VIX_close": 16.420000076293945,
    "GOLD_basis_spot_vs_near": 0.0,
    "China_10Y_Treasury_Yield": 1.8098
  }
}