{
  "latest_date": "2025-10-25",
  "latest_values": {
    "Shanghai_Composite_Index": 3950.31201171875,
    "CSI_300_Index": 4660.68017578125,
    "Shenzhen_Component_Index": 13289.1796875,
    "ALUMINUM_future": 2776.75,
    "BTC_price": 111421.3984375,
    "OIL_price": 61.5,
    "USD_CNY_exchange_rate": 7.121500015258789,
    "Commodity_Index_ETF": 22.850000381469727,
    "US_Dollar_Index": 98.94999694824219,
    "ETH_price": 3933.365478515625,
    "GOLD_spot_price": 4118.39990234375,
    "LEAN_HOGS_future": 81.9000015258789,
    "COPPER_future": 5.093500137329102,
    "High_Yield_Bond_ETF": 81.08000183105469,
    "LIVE_CATTLE_future": 233.75,
    "GOLD_near_month_future": 4118.39990234375,
    "NATURAL_GAS_future": 3.303999900817871,
    "PLATINUM_future": 1593.9000244140625,
    "SILVER_future": 48.37699890136719,
    "Long_Term_Treasury_ETF": 91.47000122070312,
    "CORN_future": 423.25,
    "SOYBEANS_future": 1041.75,
    "WHEAT_future": 512.5,
    "SP500_close": 6791.68994140625,
    "NASDAQ_close": 23204.869140625,
    "US_10Y_Treasury_Yield": 3.996999979019165,
    "VIX_close": 16.3700008392334,
    "GOLD_basis_spot_vs_near": 0.0,
    "China_10Y_Treasury_Yield": 1.8486
  }
}