{
  "latest_date": "2026-05-05",
  "latest_values": {
    "Shanghai_Composite_Index": 4112.1591796875,
    "CSI_300_Index": 4807.31005859375,
    "Shenzhen_Component_Index": 15107.5498046875,
    "ALUMINUM_future": 3538.5,
    "BTC_price": 81561.9921875,
    "OIL_price": 102.68000030517578,
    "USD_CNY_exchange_rate": 6.829999923706055,
    "Commodity_Index_ETF": 31.200000762939453,
    "US_Dollar_Index": 98.47200012207031,
    "ETH_price": 2378.169921875,
    "GOLD_spot_price": 4567.7998046875,
    "LEAN_HOGS_future": 101.4000015258789,
    "COPPER_future": 5.988999843597412,
    "High_Yield_Bond_ETF": 79.91999816894531,
    "LIVE_CATTLE_future": 252.9250030517578,
    "GOLD_near_month_future": 4567.7998046875,
    "NATURAL_GAS_future": 2.7809998989105225,
    "PLATINUM_future": 1966.699951171875,
    "SILVER_future": 73.26499938964844,
    "Long_Term_Treasury_ETF": 85.43000030517578,
    "CORN_future": 479.75,
    "SOYBEANS_future": 1210.25,
    "WHEAT_future": 628.5,
    "SP500_close": 7259.22021484375,
    "NASDAQ_close": 25326.125,
    "US_10Y_Treasury_Yield": 4.415999889373779,
    "VIX_close": 17.3799991607666,
    "GOLD_basis_spot_vs_near": 0.0,
    "China_10Y_Treasury_Yield": 1.7473
  }
}