{
  "latest_date": "2026-07-08",
  "latest_values": {
    "Shanghai_Composite_Index": 3990.235107421875,
    "CSI_300_Index": 4842.169921875,
    "Shenzhen_Component_Index": 15225.1103515625,
    "ALUMINUM_future": 3314.5,
    "BTC_price": 62174.8984375,
    "OIL_price": 73.58999633789062,
    "USD_CNY_exchange_rate": 6.79580020904541,
    "Commodity_Index_ETF": 27.725000381469727,
    "US_Dollar_Index": 100.96099853515625,
    "ETH_price": 1736.449951171875,
    "GOLD_spot_price": 4097.10009765625,
    "LEAN_HOGS_future": 99.69999694824219,
    "COPPER_future": 6.13100004196167,
    "High_Yield_Bond_ETF": 79.65560150146484,
    "LIVE_CATTLE_future": 237.77499389648438,
    "GOLD_near_month_future": 4097.2001953125,
    "NATURAL_GAS_future": 3.2179999351501465,
    "PLATINUM_future": 1594.300048828125,
    "SILVER_future": 58.93000030517578,
    "Long_Term_Treasury_ETF": 84.41500091552734,
    "CORN_future": 454.5,
    "SOYBEANS_future": 1188.25,
    "WHEAT_future": 606.25,
    "SP500_close": 7477.669921875,
    "NASDAQ_close": 25818.673828125,
    "US_10Y_Treasury_Yield": 4.568999767303467,
    "VIX_close": 16.790000915527344,
    "GOLD_basis_spot_vs_near": -0.10009765625,
    "China_10Y_Treasury_Yield": 1.7385
  }
}