{
  "latest_date": "2025-11-12",
  "latest_values": {
    "Shanghai_Composite_Index": 4000.1396484375,
    "CSI_300_Index": 4645.90771484375,
    "Shenzhen_Component_Index": 13240.6162109375,
    "ALUMINUM_future": 2809.5,
    "BTC_price": 101793.8671875,
    "OIL_price": 58.47999954223633,
    "USD_CNY_exchange_rate": 7.111499786376953,
    "Commodity_Index_ETF": 23.040000915527344,
    "US_Dollar_Index": 99.48100280761719,
    "ETH_price": 3414.244384765625,
    "GOLD_spot_price": 4201.39990234375,
    "LEAN_HOGS_future": 80.5250015258789,
    "COPPER_future": 5.08650016784668,
    "High_Yield_Bond_ETF": 80.52999877929688,
    "LIVE_CATTLE_future": 224.85000610351562,
    "GOLD_near_month_future": 4201.5,
    "NATURAL_GAS_future": 4.5320000648498535,
    "PLATINUM_future": 1634.0999755859375,
    "SILVER_future": 53.22999954223633,
    "Long_Term_Treasury_ETF": 90.12000274658203,
    "CORN_future": 435.5,
    "SOYBEANS_future": 1134.0,
    "WHEAT_future": 536.25,
    "SP500_close": 6850.919921875,
    "NASDAQ_close": 23406.45703125,
    "US_10Y_Treasury_Yield": 4.065000057220459,
    "VIX_close": 17.510000228881836,
    "GOLD_basis_spot_vs_near": -0.10009765625,
    "China_10Y_Treasury_Yield": 1.8071
  }
}