{
  "latest_date": "2025-11-26",
  "latest_values": {
    "Shanghai_Composite_Index": 3870.02294921875,
    "CSI_300_Index": 4490.41015625,
    "Shenzhen_Component_Index": 12777.3095703125,
    "ALUMINUM_future": 2817.5,
    "BTC_price": 86847.46875,
    "OIL_price": 57.93000030517578,
    "USD_CNY_exchange_rate": 7.079899787902832,
    "Commodity_Index_ETF": 22.520000457763672,
    "US_Dollar_Index": 99.81500244140625,
    "ETH_price": 2910.733154296875,
    "GOLD_spot_price": 4194.7998046875,
    "LEAN_HOGS_future": 79.0,
    "COPPER_future": 5.186500072479248,
    "High_Yield_Bond_ETF": 80.87000274658203,
    "LIVE_CATTLE_future": 207.3249969482422,
    "GOLD_near_month_future": 4195.0,
    "NATURAL_GAS_future": 4.5370001792907715,
    "PLATINUM_future": 1574.0,
    "SILVER_future": 52.76499938964844,
    "Long_Term_Treasury_ETF": 90.23999786376953,
    "CORN_future": 437.75,
    "SOYBEANS_future": 1123.75,
    "WHEAT_future": 537.75,
    "SP500_close": 6765.8798828125,
    "NASDAQ_close": 23025.58984375,
    "US_10Y_Treasury_Yield": 4.001999855041504,
    "VIX_close": 18.299999237060547,
    "GOLD_basis_spot_vs_near": -0.2001953125,
    "China_10Y_Treasury_Yield": 1.8462
  }
}