{
  "latest_date": "2026-03-23",
  "latest_values": {
    "Shanghai_Composite_Index": 3813.282958984375,
    "CSI_300_Index": 4417.9970703125,
    "Shenzhen_Component_Index": 13345.513671875,
    "ALUMINUM_future": 3122.25,
    "BTC_price": 70897.34375,
    "OIL_price": 87.62999725341797,
    "USD_CNY_exchange_rate": 6.880199909210205,
    "Commodity_Index_ETF": 27.65999984741211,
    "US_Dollar_Index": 99.00599670410156,
    "ETH_price": 2163.08349609375,
    "GOLD_spot_price": 4424.7998046875,
    "LEAN_HOGS_future": 104.375,
    "COPPER_future": 5.495999813079834,
    "High_Yield_Bond_ETF": 79.46499633789062,
    "LIVE_CATTLE_future": 234.6999969482422,
    "GOLD_near_month_future": 4425.0,
    "NATURAL_GAS_future": 2.881999969482422,
    "PLATINUM_future": 1872.5,
    "SILVER_future": 69.58499908447266,
    "Long_Term_Treasury_ETF": 86.41500091552734,
    "CORN_future": 460.5,
    "SOYBEANS_future": 1164.5,
    "WHEAT_future": 589.25,
    "SP500_close": 6601.75,
    "NASDAQ_close": 22011.783203125,
    "US_10Y_Treasury_Yield": 4.334000110626221,
    "VIX_close": 25.389999389648438,
    "GOLD_basis_spot_vs_near": -0.2001953125,
    "China_10Y_Treasury_Yield": 1.8316
  }
}