{
  "latest_date": "2026-04-28",
  "latest_values": {
    "Shanghai_Composite_Index": 4078.637451171875,
    "CSI_300_Index": 4758.20849609375,
    "Shenzhen_Component_Index": 14830.455078125,
    "ALUMINUM_future": 3506.25,
    "BTC_price": 76555.953125,
    "OIL_price": 99.69000244140625,
    "USD_CNY_exchange_rate": 6.835899829864502,
    "Commodity_Index_ETF": 30.09000015258789,
    "US_Dollar_Index": 98.76699829101562,
    "ETH_price": 2279.449951171875,
    "GOLD_spot_price": 4626.5,
    "LEAN_HOGS_future": 94.375,
    "COPPER_future": 5.992000102996826,
    "High_Yield_Bond_ETF": 80.51000213623047,
    "LIVE_CATTLE_future": 250.4250030517578,
    "GOLD_near_month_future": 4626.5,
    "NATURAL_GAS_future": 2.7070000171661377,
    "PLATINUM_future": 1949.4000244140625,
    "SILVER_future": 73.41999816894531,
    "Long_Term_Treasury_ETF": 86.27999877929688,
    "CORN_future": 472.5,
    "SOYBEANS_future": 1190.5,
    "WHEAT_future": 641.5,
    "SP500_close": 7173.91015625,
    "NASDAQ_close": 24887.099609375,
    "US_10Y_Treasury_Yield": 4.335999965667725,
    "VIX_close": 18.329999923706055,
    "GOLD_basis_spot_vs_near": 0.0,
    "China_10Y_Treasury_Yield": 1.7697
  }
}