{
  "latest_date": "2026-07-17",
  "latest_values": {
    "Shanghai_Composite_Index": 3764.15478515625,
    "CSI_300_Index": 4529.09521484375,
    "Shenzhen_Component_Index": 13706.8837890625,
    "ALUMINUM_future": 3353.75,
    "BTC_price": 62813.48046875,
    "OIL_price": 80.8499984741211,
    "USD_CNY_exchange_rate": 6.768199920654297,
    "Commodity_Index_ETF": 28.459999084472656,
    "US_Dollar_Index": 100.82499694824219,
    "ETH_price": 1814.81005859375,
    "GOLD_spot_price": 3974.60009765625,
    "LEAN_HOGS_future": 100.2750015258789,
    "COPPER_future": 6.208499908447266,
    "High_Yield_Bond_ETF": 79.80000305175781,
    "LIVE_CATTLE_future": 227.0749969482422,
    "GOLD_near_month_future": 3974.800048828125,
    "NATURAL_GAS_future": 2.9089999198913574,
    "PLATINUM_future": 1573.0999755859375,
    "SILVER_future": 55.33000183105469,
    "Long_Term_Treasury_ETF": 84.20999908447266,
    "CORN_future": 465.5,
    "SOYBEANS_future": 1198.5,
    "WHEAT_future": 679.25,
    "SP500_close": 7533.77001953125,
    "NASDAQ_close": 25881.94921875,
    "US_10Y_Treasury_Yield": 4.539000034332275,
    "VIX_close": 18.979999542236328,
    "GOLD_basis_spot_vs_near": -0.199951171875,
    "China_10Y_Treasury_Yield": 1.7404
  }
}