{
  "latest_date": "2026-07-16",
  "latest_values": {
    "Shanghai_Composite_Index": 3882.41259765625,
    "CSI_300_Index": 4698.4345703125,
    "Shenzhen_Component_Index": 14488.654296875,
    "ALUMINUM_future": 3358.5,
    "BTC_price": 64093.359375,
    "OIL_price": 80.26000213623047,
    "USD_CNY_exchange_rate": 6.769999980926514,
    "Commodity_Index_ETF": 28.790000915527344,
    "US_Dollar_Index": 100.5459976196289,
    "ETH_price": 1879.050048828125,
    "GOLD_spot_price": 4028.300048828125,
    "LEAN_HOGS_future": 95.17500305175781,
    "COPPER_future": 6.384500026702881,
    "High_Yield_Bond_ETF": 79.80999755859375,
    "LIVE_CATTLE_future": 230.125,
    "GOLD_near_month_future": 4028.89990234375,
    "NATURAL_GAS_future": 2.950000047683716,
    "PLATINUM_future": 1655.199951171875,
    "SILVER_future": 56.72999954223633,
    "Long_Term_Treasury_ETF": 84.23999786376953,
    "CORN_future": 470.0,
    "SOYBEANS_future": 1203.5,
    "WHEAT_future": 679.5,
    "SP500_close": 7572.39990234375,
    "NASDAQ_close": 26269.23046875,
    "US_10Y_Treasury_Yield": 4.545000076293945,
    "VIX_close": 16.360000610351562,
    "GOLD_basis_spot_vs_near": -0.599853515625,
    "China_10Y_Treasury_Yield": 1.7437
  }
}