{
  "latest_date": "2025-09-24",
  "latest_values": {
    "Shanghai_Composite_Index": 3821.8330078125,
    "CSI_300_Index": 4519.77978515625,
    "Shenzhen_Component_Index": 13119.8203125,
    "ALUMINUM_future": 2562.5,
    "BTC_price": 112582.6640625,
    "OIL_price": 63.779998779296875,
    "USD_CNY_exchange_rate": 7.113999843597412,
    "Commodity_Index_ETF": 22.489999771118164,
    "US_Dollar_Index": 97.46299743652344,
    "ETH_price": 4175.52783203125,
    "GOLD_spot_price": 3810.39990234375,
    "LEAN_HOGS_future": 100.44999694824219,
    "COPPER_future": 4.635000228881836,
    "High_Yield_Bond_ETF": 81.26000213623047,
    "LIVE_CATTLE_future": 235.6750030517578,
    "GOLD_near_month_future": 3810.300048828125,
    "NATURAL_GAS_future": 3.115000009536743,
    "PLATINUM_future": 1495.5,
    "SILVER_future": 44.51499938964844,
    "Long_Term_Treasury_ETF": 89.31999969482422,
    "CORN_future": 427.0,
    "SOYBEANS_future": 1010.75,
    "WHEAT_future": 522.25,
    "SP500_close": 6656.919921875,
    "NASDAQ_close": 22573.470703125,
    "US_10Y_Treasury_Yield": 4.119999885559082,
    "VIX_close": 16.459999084472656,
    "GOLD_basis_spot_vs_near": 0.099853515625,
    "China_10Y_Treasury_Yield": 1.877
  }
}