{
  "latest_date": "2026-02-19",
  "latest_values": {
    "Shanghai_Composite_Index": 4082.072998046875,
    "CSI_300_Index": 4660.41015625,
    "Shenzhen_Component_Index": 14100.1904296875,
    "ALUMINUM_future": 3017.25,
    "BTC_price": 66819.5,
    "OIL_price": 66.47000122070312,
    "USD_CNY_exchange_rate": 6.90749979019165,
    "Commodity_Index_ETF": 24.43000030517578,
    "US_Dollar_Index": 97.83499908447266,
    "ETH_price": 1942.5413818359375,
    "GOLD_spot_price": 5021.0,
    "LEAN_HOGS_future": 93.5,
    "COPPER_future": 5.764999866485596,
    "High_Yield_Bond_ETF": 80.94000244140625,
    "LIVE_CATTLE_future": 243.52499389648438,
    "GOLD_near_month_future": 5021.7001953125,
    "NATURAL_GAS_future": 2.921999931335449,
    "PLATINUM_future": 2088.5,
    "SILVER_future": 78.52999877929688,
    "Long_Term_Treasury_ETF": 89.62000274658203,
    "CORN_future": 426.25,
    "SOYBEANS_future": 1156.5,
    "WHEAT_future": 569.25,
    "SP500_close": 6861.89013671875,
    "NASDAQ_close": 22682.728515625,
    "US_10Y_Treasury_Yield": 4.074999809265137,
    "VIX_close": 20.229999542236328,
    "GOLD_basis_spot_vs_near": -0.7001953125,
    "China_10Y_Treasury_Yield": 1.7899
  }
}