{
  "latest_date": "2026-04-30",
  "latest_values": {
    "Shanghai_Composite_Index": 4107.51416015625,
    "CSI_300_Index": 4810.35009765625,
    "Shenzhen_Component_Index": 15120.919921875,
    "ALUMINUM_future": 3438.5,
    "BTC_price": 76274.0078125,
    "OIL_price": 105.73999786376953,
    "USD_CNY_exchange_rate": 6.837500095367432,
    "Commodity_Index_ETF": 31.100000381469727,
    "US_Dollar_Index": 98.09100341796875,
    "ETH_price": 2255.43994140625,
    "GOLD_spot_price": 4642.0,
    "LEAN_HOGS_future": 102.19999694824219,
    "COPPER_future": 6.0269999504089355,
    "High_Yield_Bond_ETF": 80.37999725341797,
    "LIVE_CATTLE_future": 254.02499389648438,
    "GOLD_near_month_future": 4642.0,
    "NATURAL_GAS_future": 2.756999969482422,
    "PLATINUM_future": 2003.300048828125,
    "SILVER_future": 74.63500213623047,
    "Long_Term_Treasury_ETF": 85.62000274658203,
    "CORN_future": 474.75,
    "SOYBEANS_future": 1195.25,
    "WHEAT_future": 637.75,
    "SP500_close": 7209.009765625,
    "NASDAQ_close": 24892.3125,
    "US_10Y_Treasury_Yield": 4.390000343322754,
    "VIX_close": 16.889999389648438,
    "GOLD_basis_spot_vs_near": 0.0,
    "China_10Y_Treasury_Yield": 1.7473
  }
}