{
  "latest_date": "2026-02-12",
  "latest_values": {
    "Shanghai_Composite_Index": 4131.98486328125,
    "CSI_300_Index": 4713.818359375,
    "Shenzhen_Component_Index": 14160.93359375,
    "ALUMINUM_future": 3054.25,
    "BTC_price": 67319.765625,
    "OIL_price": 64.97000122070312,
    "USD_CNY_exchange_rate": 6.9120001792907715,
    "Commodity_Index_ETF": 24.3700008392334,
    "US_Dollar_Index": 96.90799713134766,
    "ETH_price": 1951.306640625,
    "GOLD_spot_price": 5078.2998046875,
    "LEAN_HOGS_future": 93.8499984741211,
    "COPPER_future": 5.982999801635742,
    "High_Yield_Bond_ETF": 80.83000183105469,
    "LIVE_CATTLE_future": 240.97500610351562,
    "GOLD_near_month_future": 5078.7998046875,
    "NATURAL_GAS_future": 3.2100000381469727,
    "PLATINUM_future": 2109.39990234375,
    "SILVER_future": 82.01499938964844,
    "Long_Term_Treasury_ETF": 88.05999755859375,
    "CORN_future": 427.5,
    "SOYBEANS_future": 1124.0,
    "WHEAT_future": 537.25,
    "SP500_close": 6941.47021484375,
    "NASDAQ_close": 23066.466796875,
    "US_10Y_Treasury_Yield": 4.171999931335449,
    "VIX_close": 17.649999618530273,
    "GOLD_basis_spot_vs_near": -0.5,
    "China_10Y_Treasury_Yield": 1.7994
  }
}