{
  "latest_date": "2026-02-18",
  "latest_values": {
    "Shanghai_Composite_Index": 4082.072998046875,
    "CSI_300_Index": 4660.41015625,
    "Shenzhen_Component_Index": 14100.1904296875,
    "ALUMINUM_future": 3036.5,
    "BTC_price": 67121.0625,
    "OIL_price": 63.880001068115234,
    "USD_CNY_exchange_rate": 6.903200149536133,
    "Commodity_Index_ETF": 23.59000015258789,
    "US_Dollar_Index": 97.37899780273438,
    "ETH_price": 1965.64013671875,
    "GOLD_spot_price": 4975.2001953125,
    "LEAN_HOGS_future": 82.3499984741211,
    "COPPER_future": 5.740499973297119,
    "High_Yield_Bond_ETF": 80.80999755859375,
    "LIVE_CATTLE_future": 246.1999969482422,
    "GOLD_near_month_future": 4975.39990234375,
    "NATURAL_GAS_future": 3.009999990463257,
    "PLATINUM_future": 2085.10009765625,
    "SILVER_future": 76.79499816894531,
    "Long_Term_Treasury_ETF": 89.87000274658203,
    "CORN_future": 427.5,
    "SOYBEANS_future": 1155.0,
    "WHEAT_future": 548.25,
    "SP500_close": 6843.22021484375,
    "NASDAQ_close": 22578.380859375,
    "US_10Y_Treasury_Yield": 4.077000141143799,
    "VIX_close": 19.920000076293945,
    "GOLD_basis_spot_vs_near": -0.19970703125,
    "China_10Y_Treasury_Yield": 1.7899
  }
}