{
  "latest_date": "2026-03-12",
  "latest_values": {
    "Shanghai_Composite_Index": 4133.43310546875,
    "CSI_300_Index": 4704.5,
    "Shenzhen_Component_Index": 14465.41015625,
    "ALUMINUM_future": 3445.5,
    "BTC_price": 69540.453125,
    "OIL_price": 91.58999633789062,
    "USD_CNY_exchange_rate": 6.874800205230713,
    "Commodity_Index_ETF": 28.1299991607666,
    "US_Dollar_Index": 99.37699890136719,
    "ETH_price": 2029.5382080078125,
    "GOLD_spot_price": 5173.2998046875,
    "LEAN_HOGS_future": 86.875,
    "COPPER_future": 5.867000102996826,
    "High_Yield_Bond_ETF": 79.86000061035156,
    "LIVE_CATTLE_future": 225.64999389648438,
    "GOLD_near_month_future": 5173.10009765625,
    "NATURAL_GAS_future": 3.2679998874664307,
    "PLATINUM_future": 2173.0,
    "SILVER_future": 86.06500244140625,
    "Long_Term_Treasury_ETF": 87.13999938964844,
    "CORN_future": 463.5,
    "SOYBEANS_future": 1222.75,
    "WHEAT_future": 598.0,
    "SP500_close": 6775.7998046875,
    "NASDAQ_close": 22716.130859375,
    "US_10Y_Treasury_Yield": 4.208000183105469,
    "VIX_close": 24.229999542236328,
    "GOLD_basis_spot_vs_near": 0.19970703125,
    "China_10Y_Treasury_Yield": 1.8075
  }
}