{
  "latest_date": "2026-06-02",
  "latest_values": {
    "Shanghai_Composite_Index": 4075.1015625,
    "CSI_300_Index": 4914.55908203125,
    "Shenzhen_Component_Index": 15591.1279296875,
    "ALUMINUM_future": 3788.0,
    "BTC_price": 69418.59375,
    "OIL_price": 91.06999969482422,
    "USD_CNY_exchange_rate": 6.761899948120117,
    "Commodity_Index_ETF": 29.989999771118164,
    "US_Dollar_Index": 99.10800170898438,
    "ETH_price": 1976.699951171875,
    "GOLD_spot_price": 4559.0,
    "LEAN_HOGS_future": 95.0250015258789,
    "COPPER_future": 6.627500057220459,
    "High_Yield_Bond_ETF": 79.83999633789062,
    "LIVE_CATTLE_future": 249.0,
    "GOLD_near_month_future": 4560.7001953125,
    "NATURAL_GAS_future": 3.194999933242798,
    "PLATINUM_future": 1960.800048828125,
    "SILVER_future": 76.73999786376953,
    "Long_Term_Treasury_ETF": 85.47000122070312,
    "CORN_future": 442.25,
    "SOYBEANS_future": 1177.0,
    "WHEAT_future": 604.0,
    "SP500_close": 7599.9599609375,
    "NASDAQ_close": 27086.810546875,
    "US_10Y_Treasury_Yield": 4.474999904632568,
    "VIX_close": 16.149999618530273,
    "GOLD_basis_spot_vs_near": -1.7001953125,
    "China_10Y_Treasury_Yield": 1.7036
  }
}