{
  "latest_date": "2025-10-17",
  "latest_values": {
    "Shanghai_Composite_Index": 3916.22802734375,
    "CSI_300_Index": 4618.421875,
    "Shenzhen_Component_Index": 13086.4091796875,
    "ALUMINUM_future": 2754.75,
    "BTC_price": 108208.4765625,
    "OIL_price": 56.91999816894531,
    "USD_CNY_exchange_rate": 7.122499942779541,
    "Commodity_Index_ETF": 22.139999389648438,
    "US_Dollar_Index": 98.27799987792969,
    "ETH_price": 3901.774658203125,
    "GOLD_spot_price": 4378.7001953125,
    "LEAN_HOGS_future": 82.55000305175781,
    "COPPER_future": 4.980500221252441,
    "High_Yield_Bond_ETF": 80.51000213623047,
    "LIVE_CATTLE_future": 247.75,
    "GOLD_near_month_future": 4378.89990234375,
    "NATURAL_GAS_future": 2.9230000972747803,
    "PLATINUM_future": 1755.5,
    "SILVER_future": 53.630001068115234,
    "Long_Term_Treasury_ETF": 91.33999633789062,
    "CORN_future": 421.75,
    "SOYBEANS_future": 1030.25,
    "WHEAT_future": 502.75,
    "SP500_close": 6629.06982421875,
    "NASDAQ_close": 22562.537109375,
    "US_10Y_Treasury_Yield": 3.9759998321533203,
    "VIX_close": 25.309999465942383,
    "GOLD_basis_spot_vs_near": -0.19970703125,
    "China_10Y_Treasury_Yield": 1.8407
  }
}