{
  "latest_date": "2026-03-16",
  "latest_values": {
    "Shanghai_Composite_Index": 4095.448486328125,
    "CSI_300_Index": 4669.14013671875,
    "Shenzhen_Component_Index": 14280.7802734375,
    "ALUMINUM_future": 3480.25,
    "BTC_price": 72693.7421875,
    "OIL_price": 98.0,
    "USD_CNY_exchange_rate": 6.895599842071533,
    "Commodity_Index_ETF": 28.709999084472656,
    "US_Dollar_Index": 100.2760009765625,
    "ETH_price": 2176.475830078125,
    "GOLD_spot_price": 5024.5,
    "LEAN_HOGS_future": 93.44999694824219,
    "COPPER_future": 5.704999923706055,
    "High_Yield_Bond_ETF": 79.19999694824219,
    "LIVE_CATTLE_future": 228.9499969482422,
    "GOLD_near_month_future": 5024.7001953125,
    "NATURAL_GAS_future": 3.0869998931884766,
    "PLATINUM_future": 2040.0,
    "SILVER_future": 81.2300033569336,
    "Long_Term_Treasury_ETF": 86.54000091552734,
    "CORN_future": 463.75,
    "SOYBEANS_future": 1203.25,
    "WHEAT_future": 606.75,
    "SP500_close": 6632.18994140625,
    "NASDAQ_close": 22105.359375,
    "US_10Y_Treasury_Yield": 4.284999847412109,
    "VIX_close": 27.190000534057617,
    "GOLD_basis_spot_vs_near": -0.2001953125,
    "China_10Y_Treasury_Yield": 1.8143
  }
}