{
  "latest_date": "2026-02-03",
  "latest_values": {
    "Shanghai_Composite_Index": 4117.9482421875,
    "CSI_300_Index": 4706.33984375,
    "Shenzhen_Component_Index": 14205.8896484375,
    "ALUMINUM_future": 2986.0,
    "BTC_price": 78515.5625,
    "OIL_price": 61.93000030517578,
    "USD_CNY_exchange_rate": 6.938000202178955,
    "Commodity_Index_ETF": 23.540000915527344,
    "US_Dollar_Index": 97.4229965209961,
    "ETH_price": 2334.1943359375,
    "GOLD_spot_price": 4830.39990234375,
    "LEAN_HOGS_future": 96.625,
    "COPPER_future": 5.9045000076293945,
    "High_Yield_Bond_ETF": 80.7699966430664,
    "LIVE_CATTLE_future": 239.4499969482422,
    "GOLD_near_month_future": 4832.7998046875,
    "NATURAL_GAS_future": 3.2160000801086426,
    "PLATINUM_future": 2160.10009765625,
    "SILVER_future": 82.90499877929688,
    "Long_Term_Treasury_ETF": 86.55000305175781,
    "CORN_future": 427.25,
    "SOYBEANS_future": 1062.75,
    "WHEAT_future": 529.25,
    "SP500_close": 6976.43994140625,
    "NASDAQ_close": 23592.107421875,
    "US_10Y_Treasury_Yield": 4.275000095367432,
    "VIX_close": 16.34000015258789,
    "GOLD_basis_spot_vs_near": -2.39990234375,
    "China_10Y_Treasury_Yield": 1.82
  }
}