{
  "latest_date": "2025-09-11",
  "latest_values": {
    "Shanghai_Composite_Index": 3875.309326171875,
    "CSI_300_Index": 4548.03466796875,
    "Shenzhen_Component_Index": 12979.8916015625,
    "ALUMINUM_future": 2614.0,
    "BTC_price": 114411.65625,
    "OIL_price": 62.2599983215332,
    "USD_CNY_exchange_rate": 7.1178998947143555,
    "Commodity_Index_ETF": 22.21500015258789,
    "US_Dollar_Index": 97.52400207519531,
    "ETH_price": 4419.759765625,
    "GOLD_spot_price": 3674.60009765625,
    "LEAN_HOGS_future": 98.17500305175781,
    "COPPER_future": 4.681000232696533,
    "High_Yield_Bond_ETF": 81.03500366210938,
    "LIVE_CATTLE_future": 232.39999389648438,
    "GOLD_near_month_future": 3674.60009765625,
    "NATURAL_GAS_future": 2.9159998893737793,
    "PLATINUM_future": 1395.199951171875,
    "SILVER_future": 42.10499954223633,
    "Long_Term_Treasury_ETF": 90.33999633789062,
    "CORN_future": 419.75,
    "SOYBEANS_future": 1034.0,
    "WHEAT_future": 521.25,
    "SP500_close": 6587.47021484375,
    "NASDAQ_close": 22043.07421875,
    "US_10Y_Treasury_Yield": 4.011000156402588,
    "VIX_close": 14.710000038146973,
    "GOLD_basis_spot_vs_near": 0.0,
    "China_10Y_Treasury_Yield": 1.8743
  }
}