{
  "latest_date": "2026-04-07",
  "latest_values": {
    "Shanghai_Composite_Index": 3880.096923828125,
    "CSI_300_Index": 4440.7900390625,
    "Shenzhen_Component_Index": 13352.900390625,
    "ALUMINUM_future": 3433.75,
    "BTC_price": 68593.0,
    "OIL_price": 114.97000122070312,
    "USD_CNY_exchange_rate": 6.882400035858154,
    "Commodity_Index_ETF": 29.479999542236328,
    "US_Dollar_Index": 100.02799987792969,
    "ETH_price": 2101.71533203125,
    "GOLD_spot_price": 4672.2998046875,
    "LEAN_HOGS_future": 90.4749984741211,
    "COPPER_future": 5.620999813079834,
    "High_Yield_Bond_ETF": 79.69999694824219,
    "LIVE_CATTLE_future": 248.02499389648438,
    "GOLD_near_month_future": 4672.39990234375,
    "NATURAL_GAS_future": 2.806999921798706,
    "PLATINUM_future": 1964.4000244140625,
    "SILVER_future": 72.38500213623047,
    "Long_Term_Treasury_ETF": 86.6500015258789,
    "CORN_future": 453.0,
    "SOYBEANS_future": 1169.0,
    "WHEAT_future": 590.75,
    "SP500_close": 6611.830078125,
    "NASDAQ_close": 21996.33984375,
    "US_10Y_Treasury_Yield": 4.335000038146973,
    "VIX_close": 25.059999465942383,
    "GOLD_basis_spot_vs_near": -0.10009765625,
    "China_10Y_Treasury_Yield": 1.8199
  }
}