{
  "latest_date": "2025-09-29",
  "latest_values": {
    "Shanghai_Composite_Index": 3828.10595703125,
    "CSI_300_Index": 4550.0498046875,
    "Shenzhen_Component_Index": 13209.0,
    "ALUMINUM_future": 2614.5,
    "BTC_price": 113454.359375,
    "OIL_price": 63.65999984741211,
    "USD_CNY_exchange_rate": 7.133800029754639,
    "Commodity_Index_ETF": 22.659799575805664,
    "US_Dollar_Index": 97.86100006103516,
    "ETH_price": 4178.19384765625,
    "GOLD_spot_price": 3849.800048828125,
    "LEAN_HOGS_future": 100.92500305175781,
    "COPPER_future": 4.855000019073486,
    "High_Yield_Bond_ETF": 81.18499755859375,
    "LIVE_CATTLE_future": 235.875,
    "GOLD_near_month_future": 3849.89990234375,
    "NATURAL_GAS_future": 3.200000047683716,
    "PLATINUM_future": 1622.5,
    "SILVER_future": 46.709999084472656,
    "Long_Term_Treasury_ETF": 89.50440216064453,
    "CORN_future": 419.0,
    "SOYBEANS_future": 1006.75,
    "WHEAT_future": 519.75,
    "SP500_close": 6671.7099609375,
    "NASDAQ_close": 22680.560546875,
    "US_10Y_Treasury_Yield": 4.1479997634887695,
    "VIX_close": 15.960000038146973,
    "GOLD_basis_spot_vs_near": -0.099853515625,
    "China_10Y_Treasury_Yield": 1.887
  }
}