{
  "latest_date": "2026-05-14",
  "latest_values": {
    "Shanghai_Composite_Index": 4242.57177734375,
    "CSI_300_Index": 4998.33984375,
    "Shenzhen_Component_Index": 16089.75,
    "ALUMINUM_future": 3605.75,
    "BTC_price": 81228.921875,
    "OIL_price": 101.7699966430664,
    "USD_CNY_exchange_rate": 6.790800094604492,
    "Commodity_Index_ETF": 31.149999618530273,
    "US_Dollar_Index": 98.87000274658203,
    "ETH_price": 2292.47998046875,
    "GOLD_spot_price": 4664.89990234375,
    "LEAN_HOGS_future": 99.6500015258789,
    "COPPER_future": 6.583499908447266,
    "High_Yield_Bond_ETF": 79.8499984741211,
    "LIVE_CATTLE_future": 246.39999389648438,
    "GOLD_near_month_future": 4664.5,
    "NATURAL_GAS_future": 2.924999952316284,
    "PLATINUM_future": 2073.5,
    "SILVER_future": 84.23500061035156,
    "Long_Term_Treasury_ETF": 84.91999816894531,
    "CORN_future": 467.75,
    "SOYBEANS_future": 1193.5,
    "WHEAT_future": 658.25,
    "SP500_close": 7501.240234375,
    "NASDAQ_close": 26635.22265625,
    "US_10Y_Treasury_Yield": 4.460999965667725,
    "VIX_close": 17.260000228881836,
    "GOLD_basis_spot_vs_near": 0.39990234375,
    "China_10Y_Treasury_Yield": 1.7588
  }
}