{
  "latest_date": "2026-02-27",
  "latest_values": {
    "Shanghai_Composite_Index": 4162.88134765625,
    "CSI_300_Index": 4710.64697265625,
    "Shenzhen_Component_Index": 14495.0927734375,
    "ALUMINUM_future": 3083.5,
    "BTC_price": 65497.51953125,
    "OIL_price": 67.05000305175781,
    "USD_CNY_exchange_rate": 6.857900142669678,
    "Commodity_Index_ETF": 25.045000076293945,
    "US_Dollar_Index": 97.60800170898438,
    "ETH_price": 1923.37890625,
    "GOLD_spot_price": 5269.2001953125,
    "LEAN_HOGS_future": 95.625,
    "COPPER_future": 6.0335001945495605,
    "High_Yield_Bond_ETF": 80.71499633789062,
    "LIVE_CATTLE_future": 232.10000610351562,
    "GOLD_near_month_future": 5269.2001953125,
    "NATURAL_GAS_future": 2.8519999980926514,
    "PLATINUM_future": 2369.300048828125,
    "SILVER_future": 93.77999877929688,
    "Long_Term_Treasury_ETF": 90.77989959716797,
    "CORN_future": 448.25,
    "SOYBEANS_future": 1170.0,
    "WHEAT_future": 591.5,
    "SP500_close": 6855.33984375,
    "NASDAQ_close": 22601.173828125,
    "US_10Y_Treasury_Yield": 3.9599997997283936,
    "VIX_close": 20.940000534057617,
    "GOLD_basis_spot_vs_near": 0.0,
    "China_10Y_Treasury_Yield": 1.7877
  }
}