{
  "latest_date": "2026-04-15",
  "latest_values": {
    "Shanghai_Composite_Index": 4027.20947265625,
    "CSI_300_Index": 4685.24658203125,
    "Shenzhen_Component_Index": 14498.455078125,
    "ALUMINUM_future": 3514.25,
    "BTC_price": 74005.65625,
    "OIL_price": 92.6500015258789,
    "USD_CNY_exchange_rate": 6.8302998542785645,
    "Commodity_Index_ETF": 28.84000015258789,
    "US_Dollar_Index": 98.23799896240234,
    "ETH_price": 2325.969970703125,
    "GOLD_spot_price": 4825.2998046875,
    "LEAN_HOGS_future": 90.5,
    "COPPER_future": 6.086999893188477,
    "High_Yield_Bond_ETF": 80.5,
    "LIVE_CATTLE_future": 252.5500030517578,
    "GOLD_near_month_future": 4825.10009765625,
    "NATURAL_GAS_future": 2.5959999561309814,
    "PLATINUM_future": 2117.5,
    "SILVER_future": 78.87999725341797,
    "Long_Term_Treasury_ETF": 87.20999908447266,
    "CORN_future": 446.5,
    "SOYBEANS_future": 1163.5,
    "WHEAT_future": 596.25,
    "SP500_close": 6967.3798828125,
    "NASDAQ_close": 23639.080078125,
    "US_10Y_Treasury_Yield": 4.25600004196167,
    "VIX_close": 18.25,
    "GOLD_basis_spot_vs_near": 0.19970703125,
    "China_10Y_Treasury_Yield": 1.7809
  }
}