{
  "latest_date": "2025-09-19",
  "latest_values": {
    "Shanghai_Composite_Index": 3820.08935546875,
    "CSI_300_Index": 4501.91943359375,
    "Shenzhen_Component_Index": 13070.86328125,
    "ALUMINUM_future": 2612.25,
    "BTC_price": 115305.8828125,
    "OIL_price": 62.66999816894531,
    "USD_CNY_exchange_rate": 7.103300094604492,
    "Commodity_Index_ETF": 22.273000717163086,
    "US_Dollar_Index": 97.63800048828125,
    "ETH_price": 4454.00146484375,
    "GOLD_spot_price": 3718.60009765625,
    "LEAN_HOGS_future": 97.9749984741211,
    "COPPER_future": 4.636499881744385,
    "High_Yield_Bond_ETF": 81.25,
    "LIVE_CATTLE_future": 233.4499969482422,
    "GOLD_near_month_future": 3718.800048828125,
    "NATURAL_GAS_future": 2.9079999923706055,
    "PLATINUM_future": 1422.300048828125,
    "SILVER_future": 43.314998626708984,
    "Long_Term_Treasury_ETF": 89.0199966430664,
    "CORN_future": 424.25,
    "SOYBEANS_future": 1026.0,
    "WHEAT_future": 522.25,
    "SP500_close": 6664.35986328125,
    "NASDAQ_close": 22631.4765625,
    "US_10Y_Treasury_Yield": 4.138999938964844,
    "VIX_close": 15.5600004196167,
    "GOLD_basis_spot_vs_near": -0.199951171875,
    "China_10Y_Treasury_Yield": 1.8789
  }
}