{
  "latest_date": "2025-10-22",
  "latest_values": {
    "Shanghai_Composite_Index": 3913.757568359375,
    "CSI_300_Index": 4592.56982421875,
    "Shenzhen_Component_Index": 12996.6083984375,
    "ALUMINUM_future": 2781.75,
    "BTC_price": 107850.3828125,
    "OIL_price": 58.459999084472656,
    "USD_CNY_exchange_rate": 7.125699996948242,
    "Commodity_Index_ETF": 22.28499984741211,
    "US_Dollar_Index": 98.8550033569336,
    "ETH_price": 3815.706298828125,
    "GOLD_spot_price": 4085.699951171875,
    "LEAN_HOGS_future": 82.375,
    "COPPER_future": 4.991499900817871,
    "High_Yield_Bond_ETF": 80.66000366210938,
    "LIVE_CATTLE_future": 240.0,
    "GOLD_near_month_future": 4085.89990234375,
    "NATURAL_GAS_future": 3.502000093460083,
    "PLATINUM_future": 1566.5,
    "SILVER_future": 47.82500076293945,
    "Long_Term_Treasury_ETF": 92.09500122070312,
    "CORN_future": 422.5,
    "SOYBEANS_future": 1048.25,
    "WHEAT_future": 503.25,
    "SP500_close": 6672.27001953125,
    "NASDAQ_close": 22588.521484375,
    "US_10Y_Treasury_Yield": 3.9529998302459717,
    "VIX_close": 20.610000610351562,
    "GOLD_basis_spot_vs_near": -0.199951171875,
    "China_10Y_Treasury_Yield": 1.8293
  }
}