{
  "latest_date": "2026-02-20",
  "latest_values": {
    "Shanghai_Composite_Index": 4082.072998046875,
    "CSI_300_Index": 4660.41015625,
    "Shenzhen_Component_Index": 14100.1904296875,
    "ALUMINUM_future": 3060.75,
    "BTC_price": 67723.7578125,
    "OIL_price": 66.3499984741211,
    "USD_CNY_exchange_rate": 6.90749979019165,
    "Commodity_Index_ETF": 24.600000381469727,
    "US_Dollar_Index": 97.74600219726562,
    "ETH_price": 1969.3717041015625,
    "GOLD_spot_price": 5114.2998046875,
    "LEAN_HOGS_future": 93.625,
    "COPPER_future": 5.872000217437744,
    "High_Yield_Bond_ETF": 80.98500061035156,
    "LIVE_CATTLE_future": 241.72500610351562,
    "GOLD_near_month_future": 5114.5,
    "NATURAL_GAS_future": 2.9830000400543213,
    "PLATINUM_future": 2177.39990234375,
    "SILVER_future": 84.46499633789062,
    "Long_Term_Treasury_ETF": 89.41000366210938,
    "CORN_future": 440.0,
    "SOYBEANS_future": 1153.75,
    "WHEAT_future": 581.75,
    "SP500_close": 6909.509765625,
    "NASDAQ_close": 22886.068359375,
    "US_10Y_Treasury_Yield": 4.085999965667725,
    "VIX_close": 19.15999984741211,
    "GOLD_basis_spot_vs_near": -0.2001953125,
    "China_10Y_Treasury_Yield": 1.7899
  }
}