{
  "latest_date": "2026-06-25",
  "latest_values": {
    "Shanghai_Composite_Index": 4120.28076171875,
    "CSI_300_Index": 5020.10400390625,
    "Shenzhen_Component_Index": 16344.0830078125,
    "ALUMINUM_future": 3285.75,
    "BTC_price": 59534.46875,
    "OIL_price": 71.26000213623047,
    "USD_CNY_exchange_rate": 6.789999961853027,
    "Commodity_Index_ETF": 26.81999969482422,
    "US_Dollar_Index": 101.35600280761719,
    "ETH_price": 1569.7900390625,
    "GOLD_spot_price": 4049.0,
    "LEAN_HOGS_future": 96.25,
    "COPPER_future": 6.136000156402588,
    "High_Yield_Bond_ETF": 79.91000366210938,
    "LIVE_CATTLE_future": 246.875,
    "GOLD_near_month_future": 4049.0,
    "NATURAL_GAS_future": 3.2960000038146973,
    "PLATINUM_future": 1623.5,
    "SILVER_future": 58.654998779296875,
    "Long_Term_Treasury_ETF": 87.48169708251953,
    "CORN_future": 418.5,
    "SOYBEANS_future": 1149.5,
    "WHEAT_future": 595.75,
    "SP500_close": 7374.64013671875,
    "NASDAQ_close": 25391.4765625,
    "US_10Y_Treasury_Yield": 4.383999824523926,
    "VIX_close": 19.06999969482422,
    "GOLD_basis_spot_vs_near": 0.0,
    "China_10Y_Treasury_Yield": 1.7351
  }
}