{
  "latest_date": "2025-11-26",
  "latest_values": {
    "Shanghai_Composite_Index": 3870.02294921875,
    "CSI_300_Index": 4490.41015625,
    "Shenzhen_Component_Index": 12777.3095703125,
    "ALUMINUM_future": 2765.0,
    "BTC_price": 87150.8359375,
    "OIL_price": 58.16999816894531,
    "USD_CNY_exchange_rate": 7.080999851226807,
    "Commodity_Index_ETF": 22.520000457763672,
    "US_Dollar_Index": 99.62200164794922,
    "ETH_price": 2929.552490234375,
    "GOLD_spot_price": 4200.5,
    "LEAN_HOGS_future": 78.44999694824219,
    "COPPER_future": 5.126500129699707,
    "High_Yield_Bond_ETF": 80.87000274658203,
    "LIVE_CATTLE_future": 207.3249969482422,
    "GOLD_near_month_future": 4163.39990234375,
    "NATURAL_GAS_future": 4.48799991607666,
    "PLATINUM_future": 1565.5999755859375,
    "SILVER_future": 52.36000061035156,
    "Long_Term_Treasury_ETF": 90.23999786376953,
    "CORN_future": 424.5,
    "SOYBEANS_future": 1127.0,
    "WHEAT_future": 537.5,
    "SP500_close": 6765.8798828125,
    "NASDAQ_close": 23025.58984375,
    "US_10Y_Treasury_Yield": 4.001999855041504,
    "VIX_close": 18.559999465942383,
    "GOLD_basis_spot_vs_near": 37.10009765625,
    "China_10Y_Treasury_Yield": 1.8301
  }
}