{
  "latest_date": "2025-09-23",
  "latest_values": {
    "Shanghai_Composite_Index": 3828.575927734375,
    "CSI_300_Index": 4522.60986328125,
    "Shenzhen_Component_Index": 13157.9697265625,
    "ALUMINUM_future": 2565.25,
    "BTC_price": 113231.09375,
    "OIL_price": 62.150001525878906,
    "USD_CNY_exchange_rate": 7.1128997802734375,
    "Commodity_Index_ETF": 22.260000228881836,
    "US_Dollar_Index": 97.30400085449219,
    "ETH_price": 4210.01123046875,
    "GOLD_spot_price": 3808.89990234375,
    "LEAN_HOGS_future": 98.80000305175781,
    "COPPER_future": 4.627500057220459,
    "High_Yield_Bond_ETF": 81.31999969482422,
    "LIVE_CATTLE_future": 237.22500610351562,
    "GOLD_near_month_future": 3808.699951171875,
    "NATURAL_GAS_future": 3.0829999446868896,
    "PLATINUM_future": 1447.5999755859375,
    "SILVER_future": 44.43000030517578,
    "Long_Term_Treasury_ETF": 88.69999694824219,
    "CORN_future": 419.5,
    "SOYBEANS_future": 1006.5,
    "WHEAT_future": 508.0,
    "SP500_close": 6693.75,
    "NASDAQ_close": 22788.98046875,
    "US_10Y_Treasury_Yield": 4.14300012588501,
    "VIX_close": 16.06999969482422,
    "GOLD_basis_spot_vs_near": 0.199951171875,
    "China_10Y_Treasury_Yield": 1.8647
  }
}