{
  "latest_date": "2026-06-19",
  "latest_values": {
    "Shanghai_Composite_Index": 4090.48095703125,
    "CSI_300_Index": 4777.31982421875,
    "Shenzhen_Component_Index": 16030.7001953125,
    "ALUMINUM_future": 3486.75,
    "BTC_price": 63107.98046875,
    "OIL_price": 76.20999908447266,
    "USD_CNY_exchange_rate": 6.757199764251709,
    "Commodity_Index_ETF": 27.6299991607666,
    "US_Dollar_Index": 100.76200103759766,
    "ETH_price": 1703.81005859375,
    "GOLD_spot_price": 4168.0,
    "LEAN_HOGS_future": 95.0250015258789,
    "COPPER_future": 6.336999893188477,
    "High_Yield_Bond_ETF": 80.01000213623047,
    "LIVE_CATTLE_future": 254.8000030517578,
    "GOLD_near_month_future": 4167.7998046875,
    "NATURAL_GAS_future": 3.2230000495910645,
    "PLATINUM_future": 1663.699951171875,
    "SILVER_future": 64.69499969482422,
    "Long_Term_Treasury_ETF": 86.75,
    "CORN_future": 417.5,
    "SOYBEANS_future": 1122.75,
    "WHEAT_future": 605.75,
    "SP500_close": 7500.580078125,
    "NASDAQ_close": 26517.9296875,
    "US_10Y_Treasury_Yield": 4.486999988555908,
    "VIX_close": 16.770000457763672,
    "GOLD_basis_spot_vs_near": 0.2001953125,
    "China_10Y_Treasury_Yield": 1.7299
  }
}