{
  "latest_date": "2026-02-27",
  "latest_values": {
    "Shanghai_Composite_Index": 4146.630859375,
    "CSI_300_Index": 4726.8701171875,
    "Shenzhen_Component_Index": 14503.7900390625,
    "ALUMINUM_future": 3094.0,
    "BTC_price": 67681.3515625,
    "OIL_price": 65.55999755859375,
    "USD_CNY_exchange_rate": 6.853499889373779,
    "Commodity_Index_ETF": 24.760000228881836,
    "US_Dollar_Index": 97.68199920654297,
    "ETH_price": 2037.696533203125,
    "GOLD_spot_price": 5211.7001953125,
    "LEAN_HOGS_future": 95.6500015258789,
    "COPPER_future": 6.061999797821045,
    "High_Yield_Bond_ETF": 80.8499984741211,
    "LIVE_CATTLE_future": 236.97500610351562,
    "GOLD_near_month_future": 5212.10009765625,
    "NATURAL_GAS_future": 2.8450000286102295,
    "PLATINUM_future": 2410.0,
    "SILVER_future": 90.9000015258789,
    "Long_Term_Treasury_ETF": 90.2699966430664,
    "CORN_future": 444.0,
    "SOYBEANS_future": 1166.25,
    "WHEAT_future": 577.5,
    "SP500_close": 6908.85986328125,
    "NASDAQ_close": 22878.380859375,
    "US_10Y_Treasury_Yield": 4.017000198364258,
    "VIX_close": 18.6299991607666,
    "GOLD_basis_spot_vs_near": -0.39990234375,
    "China_10Y_Treasury_Yield": 1.8288
  }
}