{
  "latest_date": "2026-03-03",
  "latest_values": {
    "Shanghai_Composite_Index": 4122.67578125,
    "CSI_300_Index": 4655.89599609375,
    "Shenzhen_Component_Index": 14022.3916015625,
    "ALUMINUM_future": 3217.0,
    "BTC_price": 68374.1015625,
    "OIL_price": 74.80000305175781,
    "USD_CNY_exchange_rate": 6.899099826812744,
    "Commodity_Index_ETF": 25.90999984741211,
    "US_Dollar_Index": 99.052001953125,
    "ETH_price": 1988.839111328125,
    "GOLD_spot_price": 5099.5,
    "LEAN_HOGS_future": 95.7750015258789,
    "COPPER_future": 5.832499980926514,
    "High_Yield_Bond_ETF": 80.12000274658203,
    "LIVE_CATTLE_future": 234.3000030517578,
    "GOLD_near_month_future": 5099.2001953125,
    "NATURAL_GAS_future": 3.0390000343322754,
    "PLATINUM_future": 2089.699951171875,
    "SILVER_future": 82.30000305175781,
    "Long_Term_Treasury_ETF": 89.43000030517578,
    "CORN_future": 446.25,
    "SOYBEANS_future": 1171.5,
    "WHEAT_future": 574.75,
    "SP500_close": 6816.6298828125,
    "NASDAQ_close": 22516.69140625,
    "US_10Y_Treasury_Yield": 4.056000232696533,
    "VIX_close": 23.56999969482422,
    "GOLD_basis_spot_vs_near": 0.2998046875,
    "China_10Y_Treasury_Yield": 1.7807
  }
}