{
  "latest_date": "2025-10-01",
  "latest_values": {
    "Shanghai_Composite_Index": 3882.777099609375,
    "CSI_300_Index": 4640.68994140625,
    "Shenzhen_Component_Index": 13526.509765625,
    "ALUMINUM_future": 2631.5,
    "BTC_price": 114571.265625,
    "OIL_price": 62.68000030517578,
    "USD_CNY_exchange_rate": 7.133800029754639,
    "Commodity_Index_ETF": 22.530000686645508,
    "US_Dollar_Index": 97.64099884033203,
    "ETH_price": 4150.771484375,
    "GOLD_spot_price": 3904.39990234375,
    "LEAN_HOGS_future": 88.75,
    "COPPER_future": 4.868000030517578,
    "High_Yield_Bond_ETF": 81.19000244140625,
    "LIVE_CATTLE_future": 234.8000030517578,
    "GOLD_near_month_future": 3904.5,
    "NATURAL_GAS_future": 3.367000102996826,
    "PLATINUM_future": 1623.0,
    "SILVER_future": 47.40999984741211,
    "Long_Term_Treasury_ETF": 89.37000274658203,
    "CORN_future": 413.75,
    "SOYBEANS_future": 995.25,
    "WHEAT_future": 506.0,
    "SP500_close": 6688.4599609375,
    "NASDAQ_close": 22660.009765625,
    "US_10Y_Treasury_Yield": 4.1479997634887695,
    "VIX_close": 17.209999084472656,
    "GOLD_basis_spot_vs_near": -0.10009765625,
    "China_10Y_Treasury_Yield": 1.8605
  }
}