{
  "latest_date": "2026-07-12",
  "latest_values": {
    "Shanghai_Composite_Index": 3996.162109375,
    "CSI_300_Index": 4780.7900390625,
    "Shenzhen_Component_Index": 15046.669921875,
    "ALUMINUM_future": 3303.5,
    "BTC_price": 63758.0,
    "OIL_price": 73.62999725341797,
    "USD_CNY_exchange_rate": 6.776100158691406,
    "Commodity_Index_ETF": 27.520000457763672,
    "US_Dollar_Index": 101.14099884033203,
    "ETH_price": 1800.6300048828125,
    "GOLD_spot_price": 4086.5,
    "LEAN_HOGS_future": 99.0,
    "COPPER_future": 6.25600004196167,
    "High_Yield_Bond_ETF": 79.70999908447266,
    "LIVE_CATTLE_future": 235.1999969482422,
    "GOLD_near_month_future": 4086.300048828125,
    "NATURAL_GAS_future": 2.9260001182556152,
    "PLATINUM_future": 1614.300048828125,
    "SILVER_future": 59.095001220703125,
    "Long_Term_Treasury_ETF": 84.47000122070312,
    "CORN_future": 461.0,
    "SOYBEANS_future": 1190.75,
    "WHEAT_future": 640.25,
    "SP500_close": 7575.39013671875,
    "NASDAQ_close": 26281.609375,
    "US_10Y_Treasury_Yield": 4.568999767303467,
    "VIX_close": 15.029999732971191,
    "GOLD_basis_spot_vs_near": 0.199951171875,
    "China_10Y_Treasury_Yield": 1.7398
  }
}