{
  "latest_date": "2026-03-13",
  "latest_values": {
    "Shanghai_Composite_Index": 4095.448486328125,
    "CSI_300_Index": 4669.14013671875,
    "Shenzhen_Component_Index": 14280.7802734375,
    "ALUMINUM_future": 3426.0,
    "BTC_price": 71226.9140625,
    "OIL_price": 98.2300033569336,
    "USD_CNY_exchange_rate": 6.895599842071533,
    "Commodity_Index_ETF": 28.71500015258789,
    "ETH_price": 2104.680419921875,
    "GOLD_spot_price": 5023.2998046875,
    "LEAN_HOGS_future": 93.32499694824219,
    "COPPER_future": 5.702000141143799,
    "High_Yield_Bond_ETF": 79.20500183105469,
    "LIVE_CATTLE_future": 228.85000610351562,
    "GOLD_near_month_future": 5023.60009765625,
    "NATURAL_GAS_future": 3.138000011444092,
    "PLATINUM_future": 2022.800048828125,
    "SILVER_future": 80.4000015258789,
    "Long_Term_Treasury_ETF": 86.54000091552734,
    "CORN_future": 467.0,
    "SOYBEANS_future": 1223.75,
    "WHEAT_future": 613.25,
    "SP500_close": 6632.18994140625,
    "NASDAQ_close": 22105.359375,
    "US_10Y_Treasury_Yield": 4.284999847412109,
    "VIX_close": 27.290000915527344,
    "GOLD_basis_spot_vs_near": -0.30029296875,
    "China_10Y_Treasury_Yield": 1.8143
  }
}