{
  "latest_date": "2026-07-15",
  "latest_values": {
    "Shanghai_Composite_Index": 3913.7939453125,
    "CSI_300_Index": 4780.7900390625,
    "Shenzhen_Component_Index": 14522.849609375,
    "ALUMINUM_future": 3349.75,
    "BTC_price": 64610.0,
    "OIL_price": 79.98999786376953,
    "USD_CNY_exchange_rate": 6.7795000076293945,
    "Commodity_Index_ETF": 28.6299991607666,
    "US_Dollar_Index": 100.81900024414062,
    "ETH_price": 1868.56005859375,
    "GOLD_spot_price": 4047.0,
    "LEAN_HOGS_future": 98.4000015258789,
    "COPPER_future": 6.370999813079834,
    "High_Yield_Bond_ETF": 79.68000030517578,
    "LIVE_CATTLE_future": 231.5749969482422,
    "GOLD_near_month_future": 4047.199951171875,
    "NATURAL_GAS_future": 2.9200000762939453,
    "PLATINUM_future": 1644.5999755859375,
    "SILVER_future": 58.88999938964844,
    "Long_Term_Treasury_ETF": 84.08000183105469,
    "CORN_future": 460.75,
    "SOYBEANS_future": 1195.75,
    "WHEAT_future": 645.75,
    "SP500_close": 7543.58984375,
    "NASDAQ_close": 26107.0078125,
    "US_10Y_Treasury_Yield": 4.585000038146973,
    "VIX_close": 16.5,
    "GOLD_basis_spot_vs_near": -0.199951171875,
    "China_10Y_Treasury_Yield": 1.7402
  }
}