{
  "latest_date": "2025-09-30",
  "latest_values": {
    "Shanghai_Composite_Index": 3862.531982421875,
    "CSI_300_Index": 4620.0498046875,
    "Shenzhen_Component_Index": 13479.4296875,
    "ALUMINUM_future": 2583.5,
    "BTC_price": 113933.2734375,
    "OIL_price": 63.16999816894531,
    "USD_CNY_exchange_rate": 7.133800029754639,
    "Commodity_Index_ETF": 22.6200008392334,
    "US_Dollar_Index": 97.80599975585938,
    "ETH_price": 4206.4462890625,
    "GOLD_spot_price": 3884.10009765625,
    "LEAN_HOGS_future": 90.32499694824219,
    "COPPER_future": 4.881999969482422,
    "High_Yield_Bond_ETF": 81.22000122070312,
    "LIVE_CATTLE_future": 236.27499389648438,
    "GOLD_near_month_future": 3884.0,
    "NATURAL_GAS_future": 3.255000114440918,
    "PLATINUM_future": 1635.199951171875,
    "SILVER_future": 46.95500183105469,
    "Long_Term_Treasury_ETF": 89.62999725341797,
    "CORN_future": 419.75,
    "SOYBEANS_future": 1007.75,
    "WHEAT_future": 517.25,
    "SP500_close": 6661.2099609375,
    "NASDAQ_close": 22591.150390625,
    "US_10Y_Treasury_Yield": 4.140999794006348,
    "VIX_close": 16.1200008392334,
    "GOLD_basis_spot_vs_near": 0.10009765625,
    "China_10Y_Treasury_Yield": 1.887
  }
}