{
  "latest_date": "2025-12-18",
  "latest_values": {
    "Shanghai_Composite_Index": 3870.278076171875,
    "CSI_300_Index": 4579.8798828125,
    "Shenzhen_Component_Index": 13224.509765625,
    "ALUMINUM_future": 2901.25,
    "BTC_price": 86451.1484375,
    "OIL_price": 56.29999923706055,
    "USD_CNY_exchange_rate": 7.0406999588012695,
    "Commodity_Index_ETF": 22.850000381469727,
    "US_Dollar_Index": 98.3759994506836,
    "ETH_price": 2826.281982421875,
    "GOLD_spot_price": 4363.39990234375,
    "LEAN_HOGS_future": 83.125,
    "COPPER_future": 5.390999794006348,
    "High_Yield_Bond_ETF": 80.55999755859375,
    "LIVE_CATTLE_future": 229.52499389648438,
    "GOLD_near_month_future": 4363.5,
    "NATURAL_GAS_future": 4.081999778747559,
    "PLATINUM_future": 1976.0,
    "SILVER_future": 66.41999816894531,
    "Long_Term_Treasury_ETF": 87.80000305175781,
    "CORN_future": 441.5,
    "SOYBEANS_future": 1058.0,
    "WHEAT_future": 506.25,
    "SP500_close": 6721.43017578125,
    "NASDAQ_close": 22693.3203125,
    "US_10Y_Treasury_Yield": 4.151000022888184,
    "VIX_close": 17.6200008392334,
    "GOLD_basis_spot_vs_near": -0.10009765625,
    "China_10Y_Treasury_Yield": 1.834
  }
}