{
  "latest_date": "2026-05-12",
  "latest_values": {
    "Shanghai_Composite_Index": 4225.02099609375,
    "CSI_300_Index": 4951.83984375,
    "Shenzhen_Component_Index": 15899.2998046875,
    "ALUMINUM_future": 3530.25,
    "BTC_price": 80973.4609375,
    "OIL_price": 98.81999969482422,
    "USD_CNY_exchange_rate": 6.80049991607666,
    "Commodity_Index_ETF": 31.059999465942383,
    "US_Dollar_Index": 98.10299682617188,
    "ETH_price": 2313.719970703125,
    "GOLD_spot_price": 4748.39990234375,
    "LEAN_HOGS_future": 100.125,
    "COPPER_future": 6.484000205993652,
    "High_Yield_Bond_ETF": 79.9800033569336,
    "LIVE_CATTLE_future": 249.64999389648438,
    "GOLD_near_month_future": 4748.89990234375,
    "NATURAL_GAS_future": 2.9189999103546143,
    "PLATINUM_future": 2131.199951171875,
    "SILVER_future": 87.40499877929688,
    "Long_Term_Treasury_ETF": 85.55999755859375,
    "CORN_future": 475.5,
    "SOYBEANS_future": 1214.75,
    "WHEAT_future": 641.75,
    "SP500_close": 7412.83984375,
    "NASDAQ_close": 26274.125,
    "US_10Y_Treasury_Yield": 4.409999847412109,
    "VIX_close": 18.3799991607666,
    "GOLD_basis_spot_vs_near": -0.5,
    "China_10Y_Treasury_Yield": 1.7622
  }
}