{
  "latest_date": "2026-07-02",
  "latest_values": {
    "Shanghai_Composite_Index": 4028.90380859375,
    "CSI_300_Index": 4812.2958984375,
    "Shenzhen_Component_Index": 15498.810546875,
    "ALUMINUM_future": 3231.75,
    "BTC_price": 61205.75,
    "OIL_price": 67.22000122070312,
    "USD_CNY_exchange_rate": 6.793600082397461,
    "Commodity_Index_ETF": 26.450000762939453,
    "US_Dollar_Index": 101.03600311279297,
    "ETH_price": 1644.0,
    "GOLD_spot_price": 4079.0,
    "LEAN_HOGS_future": 93.3499984741211,
    "COPPER_future": 6.144000053405762,
    "High_Yield_Bond_ETF": 79.58999633789062,
    "LIVE_CATTLE_future": 241.8249969482422,
    "GOLD_near_month_future": 4078.800048828125,
    "NATURAL_GAS_future": 3.1659998893737793,
    "PLATINUM_future": 1620.0999755859375,
    "SILVER_future": 60.35499954223633,
    "Long_Term_Treasury_ETF": 85.5199966430664,
    "CORN_future": 444.25,
    "SOYBEANS_future": 1154.25,
    "WHEAT_future": 603.25,
    "SP500_close": 7483.22998046875,
    "NASDAQ_close": 26040.029296875,
    "US_10Y_Treasury_Yield": 4.372000217437744,
    "VIX_close": 16.6200008392334,
    "GOLD_basis_spot_vs_near": 0.199951171875,
    "China_10Y_Treasury_Yield": 1.741
  }
}