{
  "latest_date": "2026-07-24",
  "latest_values": {
    "Shanghai_Composite_Index": 3876.777099609375,
    "CSI_300_Index": 4529.10009765625,
    "Shenzhen_Component_Index": 14123.3095703125,
    "ALUMINUM_future": 3564.5,
    "BTC_price": 65282.98046875,
    "OIL_price": 91.68000030517578,
    "USD_CNY_exchange_rate": 6.772500038146973,
    "Commodity_Index_ETF": 30.309999465942383,
    "US_Dollar_Index": 101.41100311279297,
    "ETH_price": 1880.4100341796875,
    "GOLD_spot_price": 4030.39990234375,
    "LEAN_HOGS_future": 102.1500015258789,
    "COPPER_future": 6.332499980926514,
    "High_Yield_Bond_ETF": 79.2300033569336,
    "LIVE_CATTLE_future": 225.39999389648438,
    "GOLD_near_month_future": 4030.300048828125,
    "NATURAL_GAS_future": 2.9189999103546143,
    "PLATINUM_future": 1591.199951171875,
    "SILVER_future": 57.744998931884766,
    "Long_Term_Treasury_ETF": 83.16999816894531,
    "CORN_future": 489.25,
    "SOYBEANS_future": 1249.25,
    "WHEAT_future": 704.25,
    "SP500_close": 7408.2998046875,
    "NASDAQ_close": 25137.689453125,
    "US_10Y_Treasury_Yield": 4.703000068664551,
    "VIX_close": 18.700000762939453,
    "GOLD_basis_spot_vs_near": 0.099853515625,
    "China_10Y_Treasury_Yield": 1.7325
  }
}