{
  "latest_date": "2026-04-06",
  "latest_values": {
    "Shanghai_Composite_Index": 3880.096923828125,
    "CSI_300_Index": 4440.7900390625,
    "Shenzhen_Component_Index": 13352.900390625,
    "ALUMINUM_future": 3419.0,
    "BTC_price": 69446.8828125,
    "OIL_price": 111.88999938964844,
    "USD_CNY_exchange_rate": 6.8850998878479,
    "Commodity_Index_ETF": 29.385000228881836,
    "US_Dollar_Index": 99.86799621582031,
    "ETH_price": 2142.916748046875,
    "GOLD_spot_price": 4695.2001953125,
    "LEAN_HOGS_future": 90.3499984741211,
    "COPPER_future": 5.629000186920166,
    "High_Yield_Bond_ETF": 79.53500366210938,
    "LIVE_CATTLE_future": 246.1999969482422,
    "GOLD_near_month_future": 4693.89990234375,
    "NATURAL_GAS_future": 2.8559999465942383,
    "PLATINUM_future": 1974.4000244140625,
    "SILVER_future": 72.81500244140625,
    "Long_Term_Treasury_ETF": 86.4749984741211,
    "CORN_future": 451.75,
    "SOYBEANS_future": 1168.25,
    "WHEAT_future": 594.25,
    "SP500_close": 6585.89013671875,
    "NASDAQ_close": 21946.30859375,
    "US_10Y_Treasury_Yield": 4.336999893188477,
    "VIX_close": 24.989999771118164,
    "GOLD_basis_spot_vs_near": 1.30029296875,
    "China_10Y_Treasury_Yield": 1.8199
  }
}