{
  "latest_date": "2025-11-12",
  "latest_values": {
    "Shanghai_Composite_Index": 4002.758056640625,
    "CSI_300_Index": 4652.169921875,
    "Shenzhen_Component_Index": 13289.0,
    "ALUMINUM_future": 2859.25,
    "BTC_price": 103187.59375,
    "OIL_price": 60.72999954223633,
    "USD_CNY_exchange_rate": 7.117400169372559,
    "Commodity_Index_ETF": 23.299999237060547,
    "US_Dollar_Index": 99.51599884033203,
    "ETH_price": 3432.413818359375,
    "GOLD_spot_price": 4122.7001953125,
    "LEAN_HOGS_future": 82.3499984741211,
    "COPPER_future": 5.071499824523926,
    "High_Yield_Bond_ETF": 80.69000244140625,
    "LIVE_CATTLE_future": 226.52499389648438,
    "GOLD_near_month_future": 4122.60009765625,
    "NATURAL_GAS_future": 4.540999889373779,
    "PLATINUM_future": 1598.5999755859375,
    "SILVER_future": 51.474998474121094,
    "Long_Term_Treasury_ETF": 89.95999908447266,
    "CORN_future": 432.5,
    "SOYBEANS_future": 1132.5,
    "WHEAT_future": 534.25,
    "SP500_close": 6846.60986328125,
    "NASDAQ_close": 23468.30078125,
    "US_10Y_Treasury_Yield": 4.119999885559082,
    "VIX_close": 17.280000686645508,
    "GOLD_basis_spot_vs_near": 0.10009765625,
    "China_10Y_Treasury_Yield": 1.8119
  }
}