{
  "latest_date": "2025-12-04",
  "latest_values": {
    "Shanghai_Composite_Index": 3875.793212890625,
    "CSI_300_Index": 4546.56640625,
    "Shenzhen_Component_Index": 13006.716796875,
    "ALUMINUM_future": 2898.75,
    "BTC_price": 92061.5625,
    "OIL_price": 59.70000076293945,
    "USD_CNY_exchange_rate": 7.071400165557861,
    "Commodity_Index_ETF": 23.184999465942383,
    "US_Dollar_Index": 98.98999786376953,
    "ETH_price": 3122.0859375,
    "GOLD_spot_price": 4238.5,
    "LEAN_HOGS_future": 81.1500015258789,
    "COPPER_future": 5.358500003814697,
    "High_Yield_Bond_ETF": 80.66999816894531,
    "LIVE_CATTLE_future": 221.39999389648438,
    "GOLD_near_month_future": 4238.60009765625,
    "NATURAL_GAS_future": 5.061999797821045,
    "PLATINUM_future": 1657.800048828125,
    "SILVER_future": 57.380001068115234,
    "Long_Term_Treasury_ETF": 88.51249694824219,
    "CORN_future": 437.25,
    "SOYBEANS_future": 1119.75,
    "WHEAT_future": 541.0,
    "SP500_close": 6838.8798828125,
    "NASDAQ_close": 23446.80859375,
    "US_10Y_Treasury_Yield": 4.109999656677246,
    "VIX_close": 15.949999809265137,
    "GOLD_basis_spot_vs_near": -0.10009765625,
    "China_10Y_Treasury_Yield": 1.8718
  }
}