{
  "latest_date": "2026-02-13",
  "latest_values": {
    "Shanghai_Composite_Index": 4082.072509765625,
    "CSI_300_Index": 4660.40576171875,
    "Shenzhen_Component_Index": 14283.0,
    "ALUMINUM_future": 3030.25,
    "BTC_price": 68807.546875,
    "OIL_price": 62.66999816894531,
    "USD_CNY_exchange_rate": 6.90749979019165,
    "Commodity_Index_ETF": 23.850000381469727,
    "US_Dollar_Index": 97.06199645996094,
    "ETH_price": 2046.4432373046875,
    "GOLD_spot_price": 5014.60009765625,
    "LEAN_HOGS_future": 91.7249984741211,
    "COPPER_future": 5.7779998779296875,
    "High_Yield_Bond_ETF": 80.88500213623047,
    "LIVE_CATTLE_future": 240.9499969482422,
    "GOLD_near_month_future": 5014.5,
    "NATURAL_GAS_future": 3.2249999046325684,
    "PLATINUM_future": 2081.89990234375,
    "SILVER_future": 77.80500030517578,
    "Long_Term_Treasury_ETF": 89.68000030517578,
    "CORN_future": 431.0,
    "SOYBEANS_future": 1128.25,
    "WHEAT_future": 547.75,
    "SP500_close": 6853.4599609375,
    "NASDAQ_close": 22614.521484375,
    "US_10Y_Treasury_Yield": 4.061999797821045,
    "VIX_close": 20.170000076293945,
    "GOLD_basis_spot_vs_near": 0.10009765625,
    "China_10Y_Treasury_Yield": 1.7928
  }
}