{
  "latest_date": "2025-09-16",
  "latest_values": {
    "Shanghai_Composite_Index": 3861.864990234375,
    "CSI_300_Index": 4523.3369140625,
    "Shenzhen_Component_Index": 13063.9736328125,
    "ALUMINUM_future": 2591.0,
    "BTC_price": 116538.7109375,
    "OIL_price": 64.5199966430664,
    "USD_CNY_exchange_rate": 7.113699913024902,
    "Commodity_Index_ETF": 22.752700805664062,
    "US_Dollar_Index": 96.64099884033203,
    "ETH_price": 4478.7275390625,
    "GOLD_spot_price": 3726.60009765625,
    "LEAN_HOGS_future": 97.19999694824219,
    "COPPER_future": 4.695000171661377,
    "High_Yield_Bond_ETF": 81.16500091552734,
    "LIVE_CATTLE_future": 233.5749969482422,
    "GOLD_near_month_future": 3726.60009765625,
    "NATURAL_GAS_future": 3.0999999046325684,
    "PLATINUM_future": 1404.4000244140625,
    "SILVER_future": 42.869998931884766,
    "Long_Term_Treasury_ETF": 90.41500091552734,
    "CORN_future": 429.0,
    "SOYBEANS_future": 1049.0,
    "WHEAT_future": 533.5,
    "SP500_close": 6614.68994140625,
    "NASDAQ_close": 22362.046875,
    "US_10Y_Treasury_Yield": 4.02400016784668,
    "VIX_close": 15.989999771118164,
    "GOLD_basis_spot_vs_near": 0.0,
    "China_10Y_Treasury_Yield": 1.8527
  }
}