{
  "latest_date": "2025-10-20",
  "latest_values": {
    "Shanghai_Composite_Index": 3839.7548828125,
    "CSI_300_Index": 4514.22998046875,
    "Shenzhen_Component_Index": 12688.9404296875,
    "ALUMINUM_future": 2706.75,
    "BTC_price": 111016.1953125,
    "OIL_price": 57.33000183105469,
    "USD_CNY_exchange_rate": 7.123000144958496,
    "Commodity_Index_ETF": 22.1200008392334,
    "US_Dollar_Index": 98.51000213623047,
    "ETH_price": 4047.9033203125,
    "GOLD_spot_price": 4275.7001953125,
    "LEAN_HOGS_future": 84.7750015258789,
    "COPPER_future": 4.993000030517578,
    "High_Yield_Bond_ETF": 80.72000122070312,
    "LIVE_CATTLE_future": 242.9499969482422,
    "GOLD_near_month_future": 4275.7998046875,
    "NATURAL_GAS_future": 3.2039999961853027,
    "PLATINUM_future": 1621.0999755859375,
    "SILVER_future": 50.79999923706055,
    "Long_Term_Treasury_ETF": 91.19999694824219,
    "CORN_future": 423.5,
    "SOYBEANS_future": 1045.5,
    "WHEAT_future": 506.0,
    "SP500_close": 6664.009765625,
    "NASDAQ_close": 22679.970703125,
    "US_10Y_Treasury_Yield": 4.006999969482422,
    "VIX_close": 20.829999923706055,
    "GOLD_basis_spot_vs_near": -0.099609375,
    "China_10Y_Treasury_Yield": 1.8498
  }
}