{
  "latest_date": "2026-04-06",
  "latest_values": {
    "Shanghai_Composite_Index": 3880.096923828125,
    "CSI_300_Index": 4440.7900390625,
    "Shenzhen_Component_Index": 13352.900390625,
    "ALUMINUM_future": 3383.0,
    "BTC_price": 69706.7109375,
    "OIL_price": 112.3499984741211,
    "USD_CNY_exchange_rate": 6.881899833679199,
    "Commodity_Index_ETF": 29.489999771118164,
    "US_Dollar_Index": 100.0,
    "ETH_price": 2143.767578125,
    "GOLD_spot_price": 4682.5,
    "LEAN_HOGS_future": 107.55000305175781,
    "COPPER_future": 5.611999988555908,
    "High_Yield_Bond_ETF": 79.69000244140625,
    "LIVE_CATTLE_future": 247.3000030517578,
    "GOLD_near_month_future": 4682.39990234375,
    "NATURAL_GAS_future": 2.799999952316284,
    "PLATINUM_future": 1987.0,
    "SILVER_future": 73.09500122070312,
    "Long_Term_Treasury_ETF": 86.6500015258789,
    "CORN_future": 453.75,
    "SOYBEANS_future": 1164.75,
    "WHEAT_future": 595.75,
    "SP500_close": 6611.830078125,
    "NASDAQ_close": 21996.337890625,
    "US_10Y_Treasury_Yield": 4.335000038146973,
    "VIX_close": 24.170000076293945,
    "GOLD_basis_spot_vs_near": 0.10009765625,
    "China_10Y_Treasury_Yield": 1.8199
  }
}