{
  "latest_date": "2026-04-13",
  "latest_values": {
    "Shanghai_Composite_Index": 3988.55810546875,
    "CSI_300_Index": 4646.15478515625,
    "Shenzhen_Component_Index": 14407.8642578125,
    "ALUMINUM_future": 3538.0,
    "BTC_price": 70919.7734375,
    "OIL_price": 104.23999786376953,
    "USD_CNY_exchange_rate": 6.831399917602539,
    "Commodity_Index_ETF": 28.5,
    "US_Dollar_Index": 98.99600219726562,
    "ETH_price": 2184.39208984375,
    "GOLD_spot_price": 4740.89990234375,
    "LEAN_HOGS_future": 90.7249984741211,
    "COPPER_future": 5.872499942779541,
    "High_Yield_Bond_ETF": 79.95999908447266,
    "LIVE_CATTLE_future": 251.77499389648438,
    "GOLD_near_month_future": 4740.89990234375,
    "NATURAL_GAS_future": 2.7070000171661377,
    "PLATINUM_future": 2034.699951171875,
    "SILVER_future": 74.33499908447266,
    "Long_Term_Treasury_ETF": 86.48999786376953,
    "CORN_future": 445.25,
    "SOYBEANS_future": 1175.5,
    "WHEAT_future": 584.0,
    "SP500_close": 6816.89013671875,
    "NASDAQ_close": 22902.890625,
    "US_10Y_Treasury_Yield": 4.316999912261963,
    "VIX_close": 21.420000076293945,
    "GOLD_basis_spot_vs_near": 0.0,
    "China_10Y_Treasury_Yield": 1.7933
  }
}