{
  "latest_date": "2025-12-10",
  "latest_values": {
    "Shanghai_Composite_Index": 3900.49609375,
    "CSI_300_Index": 4591.8271484375,
    "Shenzhen_Component_Index": 13316.423828125,
    "ALUMINUM_future": 2877.5,
    "BTC_price": 92624.859375,
    "OIL_price": 58.90999984741211,
    "USD_CNY_exchange_rate": 7.063499927520752,
    "Commodity_Index_ETF": 23.139999389648438,
    "US_Dollar_Index": 98.65299987792969,
    "ETH_price": 3366.075927734375,
    "GOLD_spot_price": 4262.10009765625,
    "LEAN_HOGS_future": 82.375,
    "COPPER_future": 5.401000022888184,
    "High_Yield_Bond_ETF": 80.73999786376953,
    "LIVE_CATTLE_future": 228.52499389648438,
    "GOLD_near_month_future": 4262.10009765625,
    "NATURAL_GAS_future": 4.604000091552734,
    "PLATINUM_future": 1670.5,
    "SILVER_future": 62.26499938964844,
    "Long_Term_Treasury_ETF": 88.30999755859375,
    "CORN_future": 444.0,
    "SOYBEANS_future": 1092.0,
    "WHEAT_future": 529.25,
    "SP500_close": 6886.68017578125,
    "NASDAQ_close": 23654.15625,
    "US_10Y_Treasury_Yield": 4.164000034332275,
    "VIX_close": 15.720000267028809,
    "GOLD_basis_spot_vs_near": 0.0,
    "China_10Y_Treasury_Yield": 1.8447
  }
}