{
  "latest_date": "2025-12-03",
  "latest_values": {
    "Shanghai_Composite_Index": 3897.7119140625,
    "CSI_300_Index": 4554.330078125,
    "Shenzhen_Component_Index": 13056.7001953125,
    "ALUMINUM_future": 2877.0,
    "BTC_price": 93075.15625,
    "OIL_price": 58.959999084472656,
    "USD_CNY_exchange_rate": 7.063499927520752,
    "Commodity_Index_ETF": 23.020000457763672,
    "US_Dollar_Index": 99.19999694824219,
    "ETH_price": 3058.79296875,
    "GOLD_spot_price": 4236.89990234375,
    "LEAN_HOGS_future": 80.5,
    "COPPER_future": 5.28849983215332,
    "High_Yield_Bond_ETF": 80.62000274658203,
    "LIVE_CATTLE_future": 218.35000610351562,
    "GOLD_near_month_future": 4237.0,
    "NATURAL_GAS_future": 4.927000045776367,
    "PLATINUM_future": 1662.199951171875,
    "SILVER_future": 58.70500183105469,
    "Long_Term_Treasury_ETF": 88.80999755859375,
    "CORN_future": 437.5,
    "SOYBEANS_future": 1128.0,
    "WHEAT_future": 540.5,
    "SP500_close": 6829.3701171875,
    "NASDAQ_close": 23413.669921875,
    "US_10Y_Treasury_Yield": 4.085999965667725,
    "VIX_close": 16.59000015258789,
    "GOLD_basis_spot_vs_near": -0.10009765625,
    "China_10Y_Treasury_Yield": 1.8442
  }
}