{
  "latest_date": "2026-02-24",
  "latest_values": {
    "Shanghai_Composite_Index": 4082.072998046875,
    "CSI_300_Index": 4660.41015625,
    "Shenzhen_Component_Index": 14100.1904296875,
    "ALUMINUM_future": 3075.75,
    "BTC_price": 63210.359375,
    "OIL_price": 66.43000030517578,
    "USD_CNY_exchange_rate": 6.8769001960754395,
    "Commodity_Index_ETF": 24.75,
    "US_Dollar_Index": 97.8499984741211,
    "ETH_price": 1825.256103515625,
    "GOLD_spot_price": 5196.2001953125,
    "LEAN_HOGS_future": 85.05000305175781,
    "COPPER_future": 5.925000190734863,
    "High_Yield_Bond_ETF": 80.87000274658203,
    "LIVE_CATTLE_future": 244.6750030517578,
    "GOLD_near_month_future": 5195.89990234375,
    "NATURAL_GAS_future": 2.921999931335449,
    "PLATINUM_future": 2169.39990234375,
    "SILVER_future": 88.0250015258789,
    "Long_Term_Treasury_ETF": 89.73999786376953,
    "CORN_future": 439.75,
    "SOYBEANS_future": 1144.5,
    "WHEAT_future": 572.75,
    "SP500_close": 6837.75,
    "NASDAQ_close": 22627.26953125,
    "US_10Y_Treasury_Yield": 4.0289998054504395,
    "VIX_close": 21.239999771118164,
    "GOLD_basis_spot_vs_near": 0.30029296875,
    "China_10Y_Treasury_Yield": 1.7899
  }
}