{
  "latest_date": "2026-07-14",
  "latest_values": {
    "Shanghai_Composite_Index": 3913.7939453125,
    "CSI_300_Index": 4780.7900390625,
    "Shenzhen_Component_Index": 14522.849609375,
    "ALUMINUM_future": 3378.25,
    "BTC_price": 64538.390625,
    "OIL_price": 79.58000183105469,
    "USD_CNY_exchange_rate": 6.776599884033203,
    "Commodity_Index_ETF": 28.604999542236328,
    "US_Dollar_Index": 100.91500091552734,
    "ETH_price": 1874.1800537109375,
    "GOLD_spot_price": 4061.300048828125,
    "LEAN_HOGS_future": 98.4000015258789,
    "COPPER_future": 6.364500045776367,
    "High_Yield_Bond_ETF": 79.63500213623047,
    "LIVE_CATTLE_future": 231.5749969482422,
    "GOLD_near_month_future": 4061.199951171875,
    "NATURAL_GAS_future": 2.9149999618530273,
    "PLATINUM_future": 1642.0,
    "SILVER_future": 59.0099983215332,
    "Long_Term_Treasury_ETF": 84.24500274658203,
    "CORN_future": 459.5,
    "SOYBEANS_future": 1190.5,
    "WHEAT_future": 644.0,
    "SP500_close": 7547.68017578125,
    "NASDAQ_close": 26134.517578125,
    "US_10Y_Treasury_Yield": 4.585000038146973,
    "VIX_close": 16.43000030517578,
    "GOLD_basis_spot_vs_near": 0.10009765625,
    "China_10Y_Treasury_Yield": 1.7402
  }
}