{
  "latest_date": "2026-04-21",
  "latest_values": {
    "Shanghai_Composite_Index": 4085.07666015625,
    "CSI_300_Index": 4767.9970703125,
    "Shenzhen_Component_Index": 14982.1396484375,
    "ALUMINUM_future": 3509.5,
    "BTC_price": 76682.9921875,
    "OIL_price": 87.41999816894531,
    "USD_CNY_exchange_rate": 6.816999912261963,
    "Commodity_Index_ETF": 28.670000076293945,
    "US_Dollar_Index": 98.26699829101562,
    "ETH_price": 2327.39990234375,
    "GOLD_spot_price": 4801.5,
    "LEAN_HOGS_future": 94.2249984741211,
    "COPPER_future": 6.036499977111816,
    "High_Yield_Bond_ETF": 80.58000183105469,
    "LIVE_CATTLE_future": 249.60000610351562,
    "GOLD_near_month_future": 4801.39990234375,
    "NATURAL_GAS_future": 2.6740000247955322,
    "PLATINUM_future": 2075.10009765625,
    "SILVER_future": 78.82499694824219,
    "Long_Term_Treasury_ETF": 87.05000305175781,
    "CORN_future": 459.5,
    "SOYBEANS_future": 1187.25,
    "WHEAT_future": 605.5,
    "SP500_close": 7109.14013671875,
    "NASDAQ_close": 24404.390625,
    "US_10Y_Treasury_Yield": 4.25,
    "VIX_close": 18.889999389648438,
    "GOLD_basis_spot_vs_near": 0.10009765625,
    "China_10Y_Treasury_Yield": 1.751
  }
}