{
  "latest_date": "2026-02-24",
  "latest_values": {
    "Shanghai_Composite_Index": 4082.072998046875,
    "CSI_300_Index": 4660.41015625,
    "Shenzhen_Component_Index": 14100.1904296875,
    "ALUMINUM_future": 3072.25,
    "BTC_price": 63162.7265625,
    "OIL_price": 66.83999633789062,
    "USD_CNY_exchange_rate": 6.895599842071533,
    "Commodity_Index_ETF": 24.75,
    "US_Dollar_Index": 97.87899780273438,
    "ETH_price": 1826.093994140625,
    "GOLD_spot_price": 5192.39990234375,
    "LEAN_HOGS_future": 93.75,
    "COPPER_future": 5.877500057220459,
    "High_Yield_Bond_ETF": 80.87000274658203,
    "LIVE_CATTLE_future": 239.1999969482422,
    "GOLD_near_month_future": 5192.2998046875,
    "NATURAL_GAS_future": 2.9149999618530273,
    "PLATINUM_future": 2147.39990234375,
    "SILVER_future": 86.80999755859375,
    "Long_Term_Treasury_ETF": 89.73999786376953,
    "CORN_future": 440.25,
    "SOYBEANS_future": 1146.75,
    "WHEAT_future": 576.0,
    "SP500_close": 6837.75,
    "NASDAQ_close": 22627.26953125,
    "US_10Y_Treasury_Yield": 4.0289998054504395,
    "VIX_close": 21.010000228881836,
    "GOLD_basis_spot_vs_near": 0.10009765625,
    "China_10Y_Treasury_Yield": 1.7899
  }
}