{
  "latest_date": "2026-02-20",
  "latest_values": {
    "Shanghai_Composite_Index": 4082.072998046875,
    "CSI_300_Index": 4660.41015625,
    "Shenzhen_Component_Index": 14100.1904296875,
    "ALUMINUM_future": 3043.5,
    "BTC_price": 67245.7734375,
    "OIL_price": 66.5,
    "USD_CNY_exchange_rate": 6.90749979019165,
    "Commodity_Index_ETF": 24.43000030517578,
    "US_Dollar_Index": 98.0,
    "ETH_price": 1950.08984375,
    "GOLD_spot_price": 5012.89990234375,
    "LEAN_HOGS_future": 93.5,
    "COPPER_future": 5.75,
    "High_Yield_Bond_ETF": 80.94000244140625,
    "LIVE_CATTLE_future": 243.52499389648438,
    "GOLD_near_month_future": 5013.7998046875,
    "NATURAL_GAS_future": 2.940000057220459,
    "PLATINUM_future": 2069.0,
    "SILVER_future": 77.96499633789062,
    "Long_Term_Treasury_ETF": 89.62000274658203,
    "CORN_future": 426.25,
    "SOYBEANS_future": 1156.0,
    "WHEAT_future": 567.0,
    "SP500_close": 6861.89013671875,
    "NASDAQ_close": 22682.73046875,
    "US_10Y_Treasury_Yield": 4.074999809265137,
    "VIX_close": 20.229999542236328,
    "GOLD_basis_spot_vs_near": -0.89990234375,
    "China_10Y_Treasury_Yield": 1.7899
  }
}