{
  "latest_date": "2026-05-04",
  "latest_values": {
    "Shanghai_Composite_Index": 4112.1591796875,
    "CSI_300_Index": 4807.31005859375,
    "Shenzhen_Component_Index": 15107.5498046875,
    "ALUMINUM_future": 3455.25,
    "BTC_price": 79795.0078125,
    "OIL_price": 102.87999725341797,
    "USD_CNY_exchange_rate": 6.827300071716309,
    "Commodity_Index_ETF": 30.809999465942383,
    "US_Dollar_Index": 98.24099731445312,
    "ETH_price": 2366.659912109375,
    "GOLD_spot_price": 4594.10009765625,
    "LEAN_HOGS_future": 92.82499694824219,
    "COPPER_future": 5.950500011444092,
    "High_Yield_Bond_ETF": 80.05999755859375,
    "LIVE_CATTLE_future": 253.0,
    "GOLD_near_month_future": 4593.89990234375,
    "NATURAL_GAS_future": 2.8369998931884766,
    "PLATINUM_future": 1980.0999755859375,
    "SILVER_future": 74.98500061035156,
    "Long_Term_Treasury_ETF": 85.61000061035156,
    "CORN_future": 480.25,
    "SOYBEANS_future": 1210.75,
    "WHEAT_future": 634.0,
    "SP500_close": 7230.1201171875,
    "NASDAQ_close": 25114.439453125,
    "US_10Y_Treasury_Yield": 4.377999782562256,
    "VIX_close": 17.5,
    "GOLD_basis_spot_vs_near": 0.2001953125,
    "China_10Y_Treasury_Yield": 1.7473
  }
}