{
  "latest_date": "2026-02-06",
  "latest_values": {
    "Shanghai_Composite_Index": 4075.9169921875,
    "CSI_300_Index": 4670.419921875,
    "Shenzhen_Component_Index": 13952.7099609375,
    "ALUMINUM_future": 2962.75,
    "BTC_price": 65906.9140625,
    "OIL_price": 64.27999877929688,
    "USD_CNY_exchange_rate": 6.938899993896484,
    "Commodity_Index_ETF": 23.760000228881836,
    "US_Dollar_Index": 97.802001953125,
    "ETH_price": 1942.15087890625,
    "GOLD_spot_price": 4891.7001953125,
    "LEAN_HOGS_future": 87.4000015258789,
    "COPPER_future": 5.786499977111816,
    "High_Yield_Bond_ETF": 80.52999877929688,
    "LIVE_CATTLE_future": 235.22500610351562,
    "GOLD_near_month_future": 4891.60009765625,
    "NATURAL_GAS_future": 3.4719998836517334,
    "PLATINUM_future": 1988.699951171875,
    "SILVER_future": 74.45500183105469,
    "Long_Term_Treasury_ETF": 87.4800033569336,
    "CORN_future": 434.0,
    "SOYBEANS_future": 1107.0,
    "WHEAT_future": 532.5,
    "SP500_close": 6798.39990234375,
    "NASDAQ_close": 22540.58984375,
    "US_10Y_Treasury_Yield": 4.210000038146973,
    "VIX_close": 21.770000457763672,
    "GOLD_basis_spot_vs_near": 0.10009765625,
    "China_10Y_Treasury_Yield": 1.8169
  }
}