{
  "latest_date": "2026-07-08",
  "latest_values": {
    "Shanghai_Composite_Index": 3990.235107421875,
    "CSI_300_Index": 4842.169921875,
    "Shenzhen_Component_Index": 15225.1103515625,
    "ALUMINUM_future": 3503.75,
    "BTC_price": 62640.48046875,
    "OIL_price": 72.7300033569336,
    "USD_CNY_exchange_rate": 6.79580020904541,
    "Commodity_Index_ETF": 27.350000381469727,
    "US_Dollar_Index": 101.09500122070312,
    "ETH_price": 1751.9000244140625,
    "GOLD_spot_price": 4133.89990234375,
    "LEAN_HOGS_future": 93.44999694824219,
    "COPPER_future": 6.202499866485596,
    "High_Yield_Bond_ETF": 79.76000213623047,
    "LIVE_CATTLE_future": 238.4250030517578,
    "GOLD_near_month_future": 4134.10009765625,
    "NATURAL_GAS_future": 3.2809998989105225,
    "PLATINUM_future": 1646.199951171875,
    "SILVER_future": 60.814998626708984,
    "Long_Term_Treasury_ETF": 84.55000305175781,
    "CORN_future": 463.0,
    "SOYBEANS_future": 1199.25,
    "WHEAT_future": 621.25,
    "SP500_close": 7503.85009765625,
    "NASDAQ_close": 25818.689453125,
    "US_10Y_Treasury_Yield": 4.5289998054504395,
    "VIX_close": 16.1299991607666,
    "GOLD_basis_spot_vs_near": -0.2001953125,
    "China_10Y_Treasury_Yield": 1.7406
  }
}