{
  "latest_date": "2026-02-23",
  "latest_values": {
    "Shanghai_Composite_Index": 4082.072998046875,
    "CSI_300_Index": 4660.41015625,
    "Shenzhen_Component_Index": 14100.1904296875,
    "ALUMINUM_future": 3068.25,
    "BTC_price": 66154.1796875,
    "OIL_price": 66.77999877929688,
    "USD_CNY_exchange_rate": 6.90749979019165,
    "Commodity_Index_ETF": 24.600000381469727,
    "US_Dollar_Index": 97.66200256347656,
    "ETH_price": 1920.8663330078125,
    "GOLD_spot_price": 5169.60009765625,
    "LEAN_HOGS_future": 84.42500305175781,
    "COPPER_future": 5.798500061035156,
    "High_Yield_Bond_ETF": 81.0,
    "LIVE_CATTLE_future": 246.5749969482422,
    "GOLD_near_month_future": 5169.60009765625,
    "NATURAL_GAS_future": 3.0169999599456787,
    "PLATINUM_future": 2163.699951171875,
    "SILVER_future": 86.17500305175781,
    "Long_Term_Treasury_ETF": 89.41000366210938,
    "CORN_future": 439.0,
    "SOYBEANS_future": 1147.0,
    "WHEAT_future": 576.0,
    "SP500_close": 6909.509765625,
    "NASDAQ_close": 22886.0703125,
    "US_10Y_Treasury_Yield": 4.063000202178955,
    "VIX_close": 20.229999542236328,
    "GOLD_basis_spot_vs_near": 0.0,
    "China_10Y_Treasury_Yield": 1.7899
  }
}