{
  "latest_date": "2025-11-04",
  "latest_values": {
    "Shanghai_Composite_Index": 3976.52099609375,
    "CSI_300_Index": 4653.39990234375,
    "Shenzhen_Component_Index": 13404.0595703125,
    "ALUMINUM_future": 2857.0,
    "BTC_price": 104304.453125,
    "OIL_price": 60.630001068115234,
    "USD_CNY_exchange_rate": 7.124800205230713,
    "Commodity_Index_ETF": 23.049999237060547,
    "US_Dollar_Index": 99.80500030517578,
    "ETH_price": 3485.712890625,
    "GOLD_spot_price": 4004.199951171875,
    "LEAN_HOGS_future": 80.3499984741211,
    "COPPER_future": 4.9695000648498535,
    "High_Yield_Bond_ETF": 80.13999938964844,
    "LIVE_CATTLE_future": 230.3000030517578,
    "GOLD_near_month_future": 4004.39990234375,
    "NATURAL_GAS_future": 4.203000068664551,
    "PLATINUM_future": 1563.5999755859375,
    "SILVER_future": 47.52000045776367,
    "Long_Term_Treasury_ETF": 89.73999786376953,
    "CORN_future": 432.0,
    "SOYBEANS_future": 1127.25,
    "WHEAT_future": 545.0,
    "SP500_close": 6851.97021484375,
    "NASDAQ_close": 23834.720703125,
    "US_10Y_Treasury_Yield": 4.105999946594238,
    "VIX_close": 17.170000076293945,
    "GOLD_basis_spot_vs_near": -0.199951171875,
    "China_10Y_Treasury_Yield": 1.7944
  }
}