{
  "latest_date": "2025-11-17",
  "latest_values": {
    "Shanghai_Composite_Index": 3990.491943359375,
    "CSI_300_Index": 4628.14013671875,
    "Shenzhen_Component_Index": 13216.0302734375,
    "ALUMINUM_future": 2823.5,
    "BTC_price": 95316.78125,
    "OIL_price": 59.5099983215332,
    "USD_CNY_exchange_rate": 7.104100227355957,
    "Commodity_Index_ETF": 22.969999313354492,
    "US_Dollar_Index": 99.45099639892578,
    "ETH_price": 3171.728759765625,
    "GOLD_spot_price": 4084.60009765625,
    "LEAN_HOGS_future": 78.5,
    "COPPER_future": 5.0320000648498535,
    "High_Yield_Bond_ETF": 80.22000122070312,
    "LIVE_CATTLE_future": 219.14999389648438,
    "GOLD_near_month_future": 4084.300048828125,
    "NATURAL_GAS_future": 4.468999862670898,
    "PLATINUM_future": 1560.699951171875,
    "SILVER_future": 50.77000045776367,
    "Long_Term_Treasury_ETF": 88.87000274658203,
    "CORN_future": 430.25,
    "SOYBEANS_future": 1125.75,
    "WHEAT_future": 542.75,
    "SP500_close": 6734.10986328125,
    "NASDAQ_close": 22900.58984375,
    "US_10Y_Treasury_Yield": 4.1479997634887695,
    "VIX_close": 19.829999923706055,
    "GOLD_basis_spot_vs_near": 0.300048828125,
    "China_10Y_Treasury_Yield": 1.814
  }
}