{
  "latest_date": "2026-06-19",
  "latest_values": {
    "Shanghai_Composite_Index": 4108.076171875,
    "CSI_300_Index": 4777.31982421875,
    "Shenzhen_Component_Index": 15880.9501953125,
    "ALUMINUM_future": 3410.5,
    "BTC_price": 62969.2890625,
    "OIL_price": 75.62000274658203,
    "USD_CNY_exchange_rate": 6.757199764251709,
    "Commodity_Index_ETF": 27.6299991607666,
    "US_Dollar_Index": 100.86199951171875,
    "ETH_price": 1710.300048828125,
    "GOLD_spot_price": 4202.39990234375,
    "LEAN_HOGS_future": 96.7249984741211,
    "COPPER_future": 6.350500106811523,
    "High_Yield_Bond_ETF": 80.01000213623047,
    "LIVE_CATTLE_future": 246.75,
    "GOLD_near_month_future": 4202.0,
    "NATURAL_GAS_future": 3.2170000076293945,
    "PLATINUM_future": 1676.0999755859375,
    "SILVER_future": 65.17500305175781,
    "Long_Term_Treasury_ETF": 86.75,
    "CORN_future": 417.5,
    "SOYBEANS_future": 1142.0,
    "WHEAT_future": 613.25,
    "SP500_close": 7500.580078125,
    "NASDAQ_close": 26517.931640625,
    "US_10Y_Treasury_Yield": 4.450999736785889,
    "VIX_close": 16.399999618530273,
    "GOLD_basis_spot_vs_near": 0.39990234375,
    "China_10Y_Treasury_Yield": 1.7299
  }
}