{
  "latest_date": "2026-07-24",
  "latest_values": {
    "Shanghai_Composite_Index": 3814.19775390625,
    "CSI_300_Index": 4649.19189453125,
    "Shenzhen_Component_Index": 13774.67578125,
    "ALUMINUM_future": 3438.25,
    "BTC_price": 64903.08984375,
    "OIL_price": 89.80999755859375,
    "USD_CNY_exchange_rate": 6.772500038146973,
    "Commodity_Index_ETF": 30.309999465942383,
    "US_Dollar_Index": 101.36000061035156,
    "ETH_price": 1882.3399658203125,
    "GOLD_spot_price": 4060.39990234375,
    "LEAN_HOGS_future": 102.1500015258789,
    "COPPER_future": 6.365499973297119,
    "High_Yield_Bond_ETF": 79.2300033569336,
    "LIVE_CATTLE_future": 225.39999389648438,
    "GOLD_near_month_future": 4060.800048828125,
    "NATURAL_GAS_future": 2.9130001068115234,
    "PLATINUM_future": 1612.300048828125,
    "SILVER_future": 58.7599983215332,
    "Long_Term_Treasury_ETF": 83.16999816894531,
    "CORN_future": 490.0,
    "SOYBEANS_future": 1249.0,
    "WHEAT_future": 703.25,
    "SP500_close": 7408.2998046875,
    "NASDAQ_close": 25137.689453125,
    "US_10Y_Treasury_Yield": 4.703000068664551,
    "VIX_close": 18.860000610351562,
    "GOLD_basis_spot_vs_near": -0.400146484375,
    "China_10Y_Treasury_Yield": 1.7282
  }
}