{
  "latest_date": "2026-04-01",
  "latest_values": {
    "Shanghai_Composite_Index": 3891.861083984375,
    "CSI_300_Index": 4450.0498046875,
    "Shenzhen_Component_Index": 13478.0595703125,
    "ALUMINUM_future": 3359.25,
    "BTC_price": 68240.6015625,
    "OIL_price": 102.83999633789062,
    "USD_CNY_exchange_rate": 6.911600112915039,
    "Commodity_Index_ETF": 28.950000762939453,
    "US_Dollar_Index": 99.8010025024414,
    "ETH_price": 2109.852294921875,
    "GOLD_spot_price": 4703.39990234375,
    "LEAN_HOGS_future": 90.42500305175781,
    "COPPER_future": 5.625500202178955,
    "High_Yield_Bond_ETF": 79.55999755859375,
    "LIVE_CATTLE_future": 243.02499389648438,
    "GOLD_near_month_future": 4703.10009765625,
    "NATURAL_GAS_future": 2.890000104904175,
    "PLATINUM_future": 1953.800048828125,
    "SILVER_future": 74.38500213623047,
    "Long_Term_Treasury_ETF": 86.69000244140625,
    "CORN_future": 458.5,
    "SOYBEANS_future": 1172.75,
    "WHEAT_future": 617.5,
    "SP500_close": 6528.52001953125,
    "NASDAQ_close": 21590.630859375,
    "US_10Y_Treasury_Yield": 4.310999870300293,
    "VIX_close": 25.25,
    "GOLD_basis_spot_vs_near": 0.2998046875,
    "China_10Y_Treasury_Yield": 1.8171
  }
}