{
  "latest_date": "2026-02-10",
  "latest_values": {
    "Shanghai_Composite_Index": 4123.08984375,
    "CSI_300_Index": 4719.06005859375,
    "Shenzhen_Component_Index": 14208.4404296875,
    "ALUMINUM_future": 3032.75,
    "BTC_price": 69239.5703125,
    "OIL_price": 64.63999938964844,
    "USD_CNY_exchange_rate": 6.910099983215332,
    "Commodity_Index_ETF": 24.25,
    "US_Dollar_Index": 96.72100067138672,
    "ETH_price": 2027.8916015625,
    "GOLD_spot_price": 5093.7001953125,
    "LEAN_HOGS_future": 87.2249984741211,
    "COPPER_future": 5.935500144958496,
    "High_Yield_Bond_ETF": 80.94999694824219,
    "LIVE_CATTLE_future": 239.10000610351562,
    "GOLD_near_month_future": 5093.5,
    "NATURAL_GAS_future": 3.1679999828338623,
    "PLATINUM_future": 2131.39990234375,
    "SILVER_future": 82.12000274658203,
    "Long_Term_Treasury_ETF": 88.2300033569336,
    "CORN_future": 430.25,
    "SOYBEANS_future": 1114.75,
    "WHEAT_future": 528.75,
    "SP500_close": 6975.990234375,
    "NASDAQ_close": 23238.669921875,
    "US_10Y_Treasury_Yield": 4.1529998779296875,
    "VIX_close": 17.43000030517578,
    "GOLD_basis_spot_vs_near": 0.2001953125,
    "China_10Y_Treasury_Yield": 1.8094
  }
}