{
  "latest_date": "2026-02-09",
  "latest_values": {
    "Shanghai_Composite_Index": 4065.5830078125,
    "CSI_300_Index": 4643.60009765625,
    "Shenzhen_Component_Index": 13906.73046875,
    "ALUMINUM_future": 3026.25,
    "BTC_price": 69156.1484375,
    "OIL_price": 63.83000183105469,
    "USD_CNY_exchange_rate": 6.922699928283691,
    "Commodity_Index_ETF": 24.010000228881836,
    "US_Dollar_Index": 97.23699951171875,
    "ETH_price": 2035.6685791015625,
    "GOLD_spot_price": 5035.2998046875,
    "LEAN_HOGS_future": 87.375,
    "COPPER_future": 5.9004998207092285,
    "High_Yield_Bond_ETF": 80.80999755859375,
    "LIVE_CATTLE_future": 237.75,
    "GOLD_near_month_future": 5035.2001953125,
    "NATURAL_GAS_future": 3.191999912261963,
    "PLATINUM_future": 2066.5,
    "SILVER_future": 80.07499694824219,
    "Long_Term_Treasury_ETF": 87.54000091552734,
    "CORN_future": 428.75,
    "SOYBEANS_future": 1111.5,
    "WHEAT_future": 528.25,
    "SP500_close": 6932.2998046875,
    "NASDAQ_close": 23031.2109375,
    "US_10Y_Treasury_Yield": 4.205999851226807,
    "VIX_close": 18.770000457763672,
    "GOLD_basis_spot_vs_near": 0.099609375,
    "China_10Y_Treasury_Yield": 1.8114
  }
}