{
  "latest_date": "2026-05-06",
  "latest_values": {
    "Shanghai_Composite_Index": 4112.1591796875,
    "CSI_300_Index": 4807.31005859375,
    "Shenzhen_Component_Index": 15107.5498046875,
    "ALUMINUM_future": 3546.25,
    "BTC_price": 79827.90625,
    "OIL_price": 100.33999633789062,
    "USD_CNY_exchange_rate": 6.829999923706055,
    "Commodity_Index_ETF": 31.200000762939453,
    "US_Dollar_Index": 97.9520034790039,
    "ETH_price": 2346.39697265625,
    "GOLD_spot_price": 4660.2001953125,
    "LEAN_HOGS_future": 92.80000305175781,
    "COPPER_future": 6.0904998779296875,
    "High_Yield_Bond_ETF": 79.91999816894531,
    "LIVE_CATTLE_future": 253.22500610351562,
    "GOLD_near_month_future": 4660.10009765625,
    "NATURAL_GAS_future": 2.7750000953674316,
    "PLATINUM_future": 2012.5999755859375,
    "SILVER_future": 76.19999694824219,
    "Long_Term_Treasury_ETF": 85.43000030517578,
    "CORN_future": 477.5,
    "SOYBEANS_future": 1211.0,
    "WHEAT_future": 624.0,
    "SP500_close": 7259.22021484375,
    "NASDAQ_close": 25326.130859375,
    "US_10Y_Treasury_Yield": 4.415999889373779,
    "VIX_close": 17.3799991607666,
    "GOLD_basis_spot_vs_near": 0.10009765625,
    "China_10Y_Treasury_Yield": 1.7473
  }
}