{
  "latest_date": "2026-03-06",
  "latest_values": {
    "Shanghai_Composite_Index": 4124.19384765625,
    "CSI_300_Index": 4660.43896484375,
    "Shenzhen_Component_Index": 14172.626953125,
    "ALUMINUM_future": 3359.75,
    "BTC_price": 68191.3828125,
    "OIL_price": 91.12000274658203,
    "USD_CNY_exchange_rate": 6.895999908447266,
    "Commodity_Index_ETF": 27.40999984741211,
    "US_Dollar_Index": 98.96700286865234,
    "ETH_price": 1975.1966552734375,
    "GOLD_spot_price": 5154.2001953125,
    "LEAN_HOGS_future": 95.7750015258789,
    "COPPER_future": 5.814499855041504,
    "High_Yield_Bond_ETF": 79.96499633789062,
    "LIVE_CATTLE_future": 233.75,
    "GOLD_near_month_future": 5154.10009765625,
    "NATURAL_GAS_future": 3.25,
    "PLATINUM_future": 2136.800048828125,
    "SILVER_future": 84.51499938964844,
    "Long_Term_Treasury_ETF": 88.92500305175781,
    "CORN_future": 459.0,
    "SOYBEANS_future": 1197.0,
    "WHEAT_future": 612.25,
    "SP500_close": 6761.66015625,
    "NASDAQ_close": 22539.36328125,
    "US_10Y_Treasury_Yield": 4.116999626159668,
    "VIX_close": 26.940000534057617,
    "GOLD_basis_spot_vs_near": 0.10009765625,
    "China_10Y_Treasury_Yield": 1.781
  }
}