{
  "latest_date": "2026-05-26",
  "latest_values": {
    "Shanghai_Composite_Index": 4152.56787109375,
    "CSI_300_Index": 4921.60009765625,
    "Shenzhen_Component_Index": 15856.6103515625,
    "ALUMINUM_future": 3626.75,
    "BTC_price": 76555.0,
    "OIL_price": 91.94000244140625,
    "USD_CNY_exchange_rate": 6.79449987411499,
    "Commodity_Index_ETF": 30.540000915527344,
    "US_Dollar_Index": 99.23899841308594,
    "ETH_price": 2088.22998046875,
    "GOLD_spot_price": 4544.2001953125,
    "LEAN_HOGS_future": 95.75,
    "COPPER_future": 6.434500217437744,
    "High_Yield_Bond_ETF": 79.91000366210938,
    "LIVE_CATTLE_future": 249.3000030517578,
    "GOLD_near_month_future": 4544.2998046875,
    "NATURAL_GAS_future": 3.059999942779541,
    "PLATINUM_future": 1965.699951171875,
    "SILVER_future": 77.31999969482422,
    "Long_Term_Treasury_ETF": 84.68000030517578,
    "CORN_future": 458.25,
    "SOYBEANS_future": 1190.25,
    "WHEAT_future": 638.25,
    "SP500_close": 7473.47021484375,
    "NASDAQ_close": 26343.970703125,
    "US_10Y_Treasury_Yield": 4.558000087738037,
    "VIX_close": 16.59000015258789,
    "GOLD_basis_spot_vs_near": -0.099609375,
    "China_10Y_Treasury_Yield": 1.7484
  }
}