{
  "latest_date": "2026-05-26",
  "latest_values": {
    "Shanghai_Composite_Index": 4152.56787109375,
    "CSI_300_Index": 4921.60009765625,
    "Shenzhen_Component_Index": 15856.6103515625,
    "ALUMINUM_future": 3675.5,
    "BTC_price": 75895.2109375,
    "OIL_price": 93.56999969482422,
    "USD_CNY_exchange_rate": 6.7855000495910645,
    "Commodity_Index_ETF": 30.030000686645508,
    "US_Dollar_Index": 99.1510009765625,
    "ETH_price": 2071.52001953125,
    "GOLD_spot_price": 4507.2998046875,
    "LEAN_HOGS_future": 100.0250015258789,
    "COPPER_future": 6.423500061035156,
    "High_Yield_Bond_ETF": 80.18000030517578,
    "LIVE_CATTLE_future": 239.3000030517578,
    "GOLD_near_month_future": 4507.7998046875,
    "NATURAL_GAS_future": 3.009000062942505,
    "PLATINUM_future": 1970.800048828125,
    "SILVER_future": 77.2699966430664,
    "Long_Term_Treasury_ETF": 85.0999984741211,
    "CORN_future": 458.0,
    "SOYBEANS_future": 1185.5,
    "WHEAT_future": 635.0,
    "SP500_close": 7519.1201171875,
    "NASDAQ_close": 26656.1796875,
    "US_10Y_Treasury_Yield": 4.493000030517578,
    "VIX_close": 17.010000228881836,
    "GOLD_basis_spot_vs_near": -0.5,
    "China_10Y_Treasury_Yield": 1.7405
  }
}