{
  "latest_date": "2026-02-27",
  "latest_values": {
    "Shanghai_Composite_Index": 4146.630859375,
    "CSI_300_Index": 4726.8701171875,
    "Shenzhen_Component_Index": 14503.7900390625,
    "ALUMINUM_future": 3084.25,
    "BTC_price": 67355.8359375,
    "OIL_price": 65.25,
    "USD_CNY_exchange_rate": 6.854800224304199,
    "Commodity_Index_ETF": 24.760000228881836,
    "US_Dollar_Index": 97.71299743652344,
    "ETH_price": 2029.0804443359375,
    "GOLD_spot_price": 5202.5,
    "LEAN_HOGS_future": 95.6500015258789,
    "COPPER_future": 6.040500164031982,
    "High_Yield_Bond_ETF": 80.8499984741211,
    "LIVE_CATTLE_future": 236.97500610351562,
    "GOLD_near_month_future": 5202.2998046875,
    "NATURAL_GAS_future": 2.8299999237060547,
    "PLATINUM_future": 2392.60009765625,
    "SILVER_future": 90.30500030517578,
    "Long_Term_Treasury_ETF": 90.2699966430664,
    "CORN_future": 443.5,
    "SOYBEANS_future": 1164.0,
    "WHEAT_future": 576.75,
    "SP500_close": 6908.85986328125,
    "NASDAQ_close": 22878.380859375,
    "US_10Y_Treasury_Yield": 4.017000198364258,
    "VIX_close": 18.6299991607666,
    "GOLD_basis_spot_vs_near": 0.2001953125,
    "China_10Y_Treasury_Yield": 1.8288
  }
}