{
  "latest_date": "2026-03-11",
  "latest_values": {
    "Shanghai_Composite_Index": 4123.13818359375,
    "CSI_300_Index": 4674.759765625,
    "Shenzhen_Component_Index": 14354.0703125,
    "ALUMINUM_future": 3359.0,
    "BTC_price": 69639.4609375,
    "OIL_price": 85.25,
    "USD_CNY_exchange_rate": 6.866799831390381,
    "Commodity_Index_ETF": 27.600000381469727,
    "US_Dollar_Index": 98.875,
    "ETH_price": 2012.587158203125,
    "GOLD_spot_price": 5197.2998046875,
    "LEAN_HOGS_future": 87.2249984741211,
    "COPPER_future": 5.865499973297119,
    "High_Yield_Bond_ETF": 80.04000091552734,
    "LIVE_CATTLE_future": 227.4250030517578,
    "GOLD_near_month_future": 5197.39990234375,
    "NATURAL_GAS_future": 3.062000036239624,
    "PLATINUM_future": 2167.39990234375,
    "SILVER_future": 86.69999694824219,
    "Long_Term_Treasury_ETF": 88.27999877929688,
    "CORN_future": 453.5,
    "SOYBEANS_future": 1210.0,
    "WHEAT_future": 593.0,
    "SP500_close": 6781.47998046875,
    "NASDAQ_close": 22697.099609375,
    "US_10Y_Treasury_Yield": 4.136000156402588,
    "VIX_close": 25.280000686645508,
    "GOLD_basis_spot_vs_near": -0.10009765625,
    "China_10Y_Treasury_Yield": 1.8055
  }
}