{
  "latest_date": "2026-06-12",
  "latest_values": {
    "Shanghai_Composite_Index": 4031.512939453125,
    "CSI_300_Index": 4777.32080078125,
    "Shenzhen_Component_Index": 14963.4072265625,
    "ALUMINUM_future": 3534.25,
    "BTC_price": 63842.19921875,
    "OIL_price": 83.98999786376953,
    "USD_CNY_exchange_rate": 6.772500038146973,
    "Commodity_Index_ETF": 28.850000381469727,
    "US_Dollar_Index": 99.68199920654297,
    "ETH_price": 1680.5999755859375,
    "GOLD_spot_price": 4243.60009765625,
    "LEAN_HOGS_future": 92.7750015258789,
    "COPPER_future": 6.4145002365112305,
    "High_Yield_Bond_ETF": 79.94000244140625,
    "LIVE_CATTLE_future": 251.47500610351562,
    "GOLD_near_month_future": 4243.5,
    "NATURAL_GAS_future": 3.063999891281128,
    "PLATINUM_future": 1725.4000244140625,
    "SILVER_future": 67.30000305175781,
    "Long_Term_Treasury_ETF": 85.9800033569336,
    "CORN_future": 410.75,
    "SOYBEANS_future": 1113.25,
    "WHEAT_future": 583.0,
    "SP500_close": 7394.2998046875,
    "NASDAQ_close": 25809.66015625,
    "US_10Y_Treasury_Yield": 4.4629998207092285,
    "VIX_close": 18.65999984741211,
    "GOLD_basis_spot_vs_near": 0.10009765625,
    "China_10Y_Treasury_Yield": 1.7475
  }
}