{
  "latest_date": "2025-10-22",
  "latest_values": {
    "Shanghai_Composite_Index": 3916.33203125,
    "CSI_300_Index": 4607.8701171875,
    "Shenzhen_Component_Index": 13077.3203125,
    "ALUMINUM_future": 2740.0,
    "BTC_price": 107568.265625,
    "OIL_price": 58.22999954223633,
    "USD_CNY_exchange_rate": 7.119500160217285,
    "Commodity_Index_ETF": 22.110000610351562,
    "US_Dollar_Index": 99.0790023803711,
    "ETH_price": 3825.6416015625,
    "GOLD_spot_price": 4035.0,
    "LEAN_HOGS_future": 83.30000305175781,
    "COPPER_future": 4.964000225067139,
    "High_Yield_Bond_ETF": 80.76000213623047,
    "LIVE_CATTLE_future": 245.4250030517578,
    "GOLD_near_month_future": 4034.699951171875,
    "NATURAL_GAS_future": 3.4690001010894775,
    "PLATINUM_future": 1521.4000244140625,
    "SILVER_future": 47.244998931884766,
    "Long_Term_Treasury_ETF": 92.0,
    "CORN_future": 421.0,
    "SOYBEANS_future": 1034.5,
    "WHEAT_future": 500.5,
    "SP500_close": 6735.35009765625,
    "NASDAQ_close": 22953.669921875,
    "US_10Y_Treasury_Yield": 3.9630000591278076,
    "VIX_close": 18.18000030517578,
    "GOLD_basis_spot_vs_near": 0.300048828125,
    "China_10Y_Treasury_Yield": 1.8293
  }
}