{
  "latest_date": "2025-11-13",
  "latest_values": {
    "Shanghai_Composite_Index": 4000.139892578125,
    "CSI_300_Index": 4645.91015625,
    "Shenzhen_Component_Index": 13240.6201171875,
    "ALUMINUM_future": 2815.75,
    "BTC_price": 103569.828125,
    "OIL_price": 58.33000183105469,
    "USD_CNY_exchange_rate": 7.095300197601318,
    "Commodity_Index_ETF": 23.040000915527344,
    "US_Dollar_Index": 99.22000122070312,
    "ETH_price": 3526.354248046875,
    "GOLD_spot_price": 4240.2998046875,
    "LEAN_HOGS_future": 81.375,
    "COPPER_future": 5.14300012588501,
    "High_Yield_Bond_ETF": 80.52999877929688,
    "LIVE_CATTLE_future": 224.85000610351562,
    "GOLD_near_month_future": 4240.39990234375,
    "NATURAL_GAS_future": 4.46999979019165,
    "PLATINUM_future": 1666.0999755859375,
    "SILVER_future": 54.19499969482422,
    "Long_Term_Treasury_ETF": 90.12000274658203,
    "CORN_future": 435.5,
    "SOYBEANS_future": 1140.0,
    "WHEAT_future": 533.0,
    "SP500_close": 6850.919921875,
    "NASDAQ_close": 23406.4609375,
    "US_10Y_Treasury_Yield": 4.065000057220459,
    "VIX_close": 17.530000686645508,
    "GOLD_basis_spot_vs_near": -0.10009765625,
    "China_10Y_Treasury_Yield": 1.8071
  }
}