{
  "latest_date": "2026-06-01",
  "latest_values": {
    "Shanghai_Composite_Index": 4068.569091796875,
    "CSI_300_Index": 4892.1201171875,
    "Shenzhen_Component_Index": 15575.1298828125,
    "ALUMINUM_future": 3694.0,
    "BTC_price": 72716.7890625,
    "OIL_price": 90.51000213623047,
    "USD_CNY_exchange_rate": 6.7795000076293945,
    "Commodity_Index_ETF": 29.479999542236328,
    "US_Dollar_Index": 99.01100158691406,
    "ETH_price": 1975.4100341796875,
    "GOLD_spot_price": 4530.10009765625,
    "LEAN_HOGS_future": 95.8499984741211,
    "COPPER_future": 6.46750020980835,
    "High_Yield_Bond_ETF": 80.30999755859375,
    "LIVE_CATTLE_future": 248.25,
    "GOLD_near_month_future": 4530.10009765625,
    "NATURAL_GAS_future": 3.3889999389648438,
    "PLATINUM_future": 1936.4000244140625,
    "SILVER_future": 75.75499725341797,
    "Long_Term_Treasury_ETF": 85.76000213623047,
    "CORN_future": 448.0,
    "SOYBEANS_future": 1192.5,
    "WHEAT_future": 615.75,
    "SP500_close": 7580.06005859375,
    "NASDAQ_close": 26972.619140625,
    "US_10Y_Treasury_Yield": 4.453000068664551,
    "VIX_close": 15.9399995803833,
    "GOLD_basis_spot_vs_near": 0.0,
    "China_10Y_Treasury_Yield": 1.709
  }
}