{
  "latest_date": "2026-05-21",
  "latest_values": {
    "Shanghai_Composite_Index": 4162.18505859375,
    "CSI_300_Index": 4850.7001953125,
    "Shenzhen_Component_Index": 15569.98046875,
    "ALUMINUM_future": 3607.0,
    "BTC_price": 77841.28125,
    "OIL_price": 98.79000091552734,
    "USD_CNY_exchange_rate": 6.814499855041504,
    "Commodity_Index_ETF": 30.8799991607666,
    "US_Dollar_Index": 99.08599853515625,
    "ETH_price": 2141.199951171875,
    "GOLD_spot_price": 4568.39990234375,
    "LEAN_HOGS_future": 102.0,
    "COPPER_future": 6.355999946594238,
    "High_Yield_Bond_ETF": 79.86000061035156,
    "LIVE_CATTLE_future": 245.1750030517578,
    "GOLD_near_month_future": 4567.89990234375,
    "NATURAL_GAS_future": 3.0380001068115234,
    "PLATINUM_future": 1966.800048828125,
    "SILVER_future": 77.25499725341797,
    "Long_Term_Treasury_ETF": 83.91000366210938,
    "CORN_future": 464.25,
    "SOYBEANS_future": 1199.75,
    "WHEAT_future": 655.75,
    "SP500_close": 7432.97021484375,
    "NASDAQ_close": 26270.359375,
    "US_10Y_Treasury_Yield": 4.572000026702881,
    "VIX_close": 17.440000534057617,
    "GOLD_basis_spot_vs_near": 0.5,
    "China_10Y_Treasury_Yield": 1.7382
  }
}