{
  "latest_date": "2026-04-15",
  "latest_values": {
    "Shanghai_Composite_Index": 4026.625,
    "CSI_300_Index": 4701.27978515625,
    "Shenzhen_Component_Index": 14639.9501953125,
    "ALUMINUM_future": 3548.75,
    "BTC_price": 74358.0,
    "OIL_price": 91.72000122070312,
    "USD_CNY_exchange_rate": 6.8302998542785645,
    "Commodity_Index_ETF": 28.84000015258789,
    "US_Dollar_Index": 98.16100311279297,
    "ETH_price": 2334.2900390625,
    "GOLD_spot_price": 4848.60009765625,
    "LEAN_HOGS_future": 90.5,
    "COPPER_future": 6.096499919891357,
    "High_Yield_Bond_ETF": 80.5,
    "LIVE_CATTLE_future": 252.5500030517578,
    "GOLD_near_month_future": 4848.5,
    "NATURAL_GAS_future": 2.5999999046325684,
    "PLATINUM_future": 2125.0,
    "SILVER_future": 79.8550033569336,
    "Long_Term_Treasury_ETF": 87.20999908447266,
    "CORN_future": 445.5,
    "SOYBEANS_future": 1161.0,
    "WHEAT_future": 602.25,
    "SP500_close": 6967.3798828125,
    "NASDAQ_close": 23639.080078125,
    "US_10Y_Treasury_Yield": 4.25600004196167,
    "VIX_close": 18.360000610351562,
    "GOLD_basis_spot_vs_near": 0.10009765625,
    "China_10Y_Treasury_Yield": 1.7829
  }
}