{
  "latest_date": "2026-03-04",
  "latest_values": {
    "Shanghai_Composite_Index": 4122.67578125,
    "CSI_300_Index": 4655.89990234375,
    "Shenzhen_Component_Index": 14022.3896484375,
    "ALUMINUM_future": 3265.5,
    "BTC_price": 71256.5078125,
    "OIL_price": 75.0999984741211,
    "USD_CNY_exchange_rate": 6.896399974822998,
    "Commodity_Index_ETF": 25.90999984741211,
    "US_Dollar_Index": 98.83699798583984,
    "ETH_price": 2067.4130859375,
    "GOLD_spot_price": 5203.0,
    "LEAN_HOGS_future": 86.44999694824219,
    "COPPER_future": 5.935500144958496,
    "High_Yield_Bond_ETF": 80.12000274658203,
    "LIVE_CATTLE_future": 228.89999389648438,
    "GOLD_near_month_future": 5203.2998046875,
    "NATURAL_GAS_future": 3.007999897003174,
    "PLATINUM_future": 2174.39990234375,
    "SILVER_future": 86.30000305175781,
    "Long_Term_Treasury_ETF": 89.43000030517578,
    "CORN_future": 445.5,
    "SOYBEANS_future": 1171.75,
    "WHEAT_future": 570.0,
    "SP500_close": 6816.6298828125,
    "NASDAQ_close": 22516.689453125,
    "US_10Y_Treasury_Yield": 4.056000232696533,
    "VIX_close": 22.979999542236328,
    "GOLD_basis_spot_vs_near": -0.2998046875,
    "China_10Y_Treasury_Yield": 1.7768
  }
}