{
  "latest_date": "2026-03-25",
  "latest_values": {
    "Shanghai_Composite_Index": 3881.280029296875,
    "CSI_300_Index": 4474.72021484375,
    "Shenzhen_Component_Index": 13536.5595703125,
    "ALUMINUM_future": 3138.0,
    "BTC_price": 71411.71875,
    "OIL_price": 87.41000366210938,
    "USD_CNY_exchange_rate": 6.8983001708984375,
    "Commodity_Index_ETF": 28.239999771118164,
    "US_Dollar_Index": 99.3010025024414,
    "ETH_price": 2186.864013671875,
    "GOLD_spot_price": 4555.7001953125,
    "LEAN_HOGS_future": 91.05000305175781,
    "COPPER_future": 5.5345001220703125,
    "High_Yield_Bond_ETF": 79.16999816894531,
    "LIVE_CATTLE_future": 235.375,
    "GOLD_near_month_future": 4555.2998046875,
    "NATURAL_GAS_future": 2.859999895095825,
    "PLATINUM_future": 1953.9000244140625,
    "SILVER_future": 72.80000305175781,
    "Long_Term_Treasury_ETF": 86.01000213623047,
    "CORN_future": 459.5,
    "SOYBEANS_future": 1158.5,
    "WHEAT_future": 582.0,
    "SP500_close": 6556.3701171875,
    "NASDAQ_close": 21761.89453125,
    "US_10Y_Treasury_Yield": 4.3919997215271,
    "VIX_close": 25.600000381469727,
    "GOLD_basis_spot_vs_near": 0.400390625,
    "China_10Y_Treasury_Yield": 1.8233
  }
}