{
  "latest_date": "2025-11-13",
  "latest_values": {
    "Shanghai_Composite_Index": 4029.501220703125,
    "CSI_300_Index": 4702.07373046875,
    "Shenzhen_Component_Index": 13476.521484375,
    "ALUMINUM_future": 2852.0,
    "BTC_price": 99615.3359375,
    "OIL_price": 58.599998474121094,
    "USD_CNY_exchange_rate": 7.094600200653076,
    "Commodity_Index_ETF": 22.920000076293945,
    "US_Dollar_Index": 99.177001953125,
    "ETH_price": 3221.171630859375,
    "GOLD_spot_price": 4174.5,
    "LEAN_HOGS_future": 78.17500305175781,
    "COPPER_future": 5.057499885559082,
    "High_Yield_Bond_ETF": 80.19999694824219,
    "LIVE_CATTLE_future": 218.625,
    "GOLD_near_month_future": 4174.5,
    "NATURAL_GAS_future": 4.585999965667725,
    "PLATINUM_future": 1597.800048828125,
    "SILVER_future": 52.22999954223633,
    "Long_Term_Treasury_ETF": 89.37999725341797,
    "CORN_future": 442.25,
    "SOYBEANS_future": 1146.0,
    "WHEAT_future": 535.25,
    "SP500_close": 6737.490234375,
    "NASDAQ_close": 22870.35546875,
    "US_10Y_Treasury_Yield": 4.111999988555908,
    "VIX_close": 20.0,
    "GOLD_basis_spot_vs_near": 0.0,
    "China_10Y_Treasury_Yield": 1.8126
  }
}