{
  "latest_date": "2025-11-04",
  "latest_values": {
    "Shanghai_Composite_Index": 3976.520751953125,
    "CSI_300_Index": 4653.40283203125,
    "Shenzhen_Component_Index": 13404.0634765625,
    "ALUMINUM_future": 2876.75,
    "BTC_price": 106385.59375,
    "OIL_price": 61.0,
    "USD_CNY_exchange_rate": 7.11959981918335,
    "Commodity_Index_ETF": 23.049999237060547,
    "US_Dollar_Index": 99.88099670410156,
    "ETH_price": 3598.455322265625,
    "GOLD_spot_price": 4002.800048828125,
    "LEAN_HOGS_future": 80.3499984741211,
    "COPPER_future": 5.046999931335449,
    "High_Yield_Bond_ETF": 80.13999938964844,
    "LIVE_CATTLE_future": 232.1750030517578,
    "GOLD_near_month_future": 4002.89990234375,
    "PLATINUM_future": 1575.199951171875,
    "SILVER_future": 47.70500183105469,
    "Long_Term_Treasury_ETF": 89.73999786376953,
    "CORN_future": 434.75,
    "SOYBEANS_future": 1134.5,
    "WHEAT_future": 544.75,
    "SP500_close": 6851.97021484375,
    "NASDAQ_close": 23834.72265625,
    "US_10Y_Treasury_Yield": 4.105999946594238,
    "VIX_close": 17.170000076293945,
    "GOLD_basis_spot_vs_near": -0.099853515625,
    "China_10Y_Treasury_Yield": 1.7944
  }
}