{
  "latest_date": "2025-11-06",
  "latest_values": {
    "Shanghai_Composite_Index": 4007.760009765625,
    "CSI_300_Index": 4693.4033203125,
    "Shenzhen_Component_Index": 13452.4169921875,
    "ALUMINUM_future": 2788.75,
    "BTC_price": 101022.6953125,
    "OIL_price": 58.9900016784668,
    "USD_CNY_exchange_rate": 7.11899995803833,
    "Commodity_Index_ETF": 22.773000717163086,
    "US_Dollar_Index": 99.80599975585938,
    "ETH_price": 3285.544189453125,
    "GOLD_spot_price": 3988.10009765625,
    "LEAN_HOGS_future": 79.67500305175781,
    "COPPER_future": 4.957499980926514,
    "High_Yield_Bond_ETF": 80.16000366210938,
    "LIVE_CATTLE_future": 217.75,
    "GOLD_near_month_future": 3988.39990234375,
    "NATURAL_GAS_future": 4.297999858856201,
    "PLATINUM_future": 1525.4000244140625,
    "SILVER_future": 47.720001220703125,
    "Long_Term_Treasury_ETF": 89.79000091552734,
    "CORN_future": 428.25,
    "SOYBEANS_future": 1106.75,
    "WHEAT_future": 536.0,
    "SP500_close": 6721.60986328125,
    "NASDAQ_close": 23077.984375,
    "US_10Y_Treasury_Yield": 4.078999996185303,
    "VIX_close": 20.040000915527344,
    "GOLD_basis_spot_vs_near": -0.2998046875,
    "China_10Y_Treasury_Yield": 1.81
  }
}