{
  "latest_date": "2026-04-13",
  "latest_values": {
    "Shanghai_Composite_Index": 3986.22509765625,
    "CSI_300_Index": 4636.56982421875,
    "Shenzhen_Component_Index": 14309.4697265625,
    "ALUMINUM_future": 3579.25,
    "BTC_price": 74744.6640625,
    "OIL_price": 97.06999969482422,
    "USD_CNY_exchange_rate": 6.8277997970581055,
    "Commodity_Index_ETF": 28.959999084472656,
    "US_Dollar_Index": 98.6500015258789,
    "ETH_price": 2349.699951171875,
    "GOLD_spot_price": 4789.0,
    "LEAN_HOGS_future": 102.9749984741211,
    "COPPER_future": 6.005499839782715,
    "High_Yield_Bond_ETF": 80.26000213623047,
    "LIVE_CATTLE_future": 248.6999969482422,
    "GOLD_near_month_future": 4788.7001953125,
    "NATURAL_GAS_future": 2.619999885559082,
    "PLATINUM_future": 2093.10009765625,
    "SILVER_future": 76.125,
    "Long_Term_Treasury_ETF": 86.75,
    "CORN_future": 441.0,
    "SOYBEANS_future": 1160.75,
    "WHEAT_future": 581.75,
    "SP500_close": 6886.240234375,
    "NASDAQ_close": 23183.736328125,
    "US_10Y_Treasury_Yield": 4.296999931335449,
    "VIX_close": 19.229999542236328,
    "GOLD_basis_spot_vs_near": 0.2998046875,
    "China_10Y_Treasury_Yield": 1.7933
  }
}