{
  "latest_date": "2026-04-19",
  "latest_values": {
    "Shanghai_Composite_Index": 4051.425048828125,
    "CSI_300_Index": 4728.669921875,
    "Shenzhen_Component_Index": 14885.419921875,
    "ALUMINUM_future": 3512.0,
    "BTC_price": 74100.6796875,
    "OIL_price": 82.58999633789062,
    "USD_CNY_exchange_rate": 6.816400051116943,
    "Commodity_Index_ETF": 28.290000915527344,
    "US_Dollar_Index": 98.29000091552734,
    "ETH_price": 2263.800048828125,
    "GOLD_spot_price": 4879.60009765625,
    "LEAN_HOGS_future": 101.05000305175781,
    "COPPER_future": 6.114500045776367,
    "High_Yield_Bond_ETF": 80.6500015258789,
    "LIVE_CATTLE_future": 247.35000610351562,
    "GOLD_near_month_future": 4879.60009765625,
    "NATURAL_GAS_future": 2.6740000247955322,
    "PLATINUM_future": 2141.699951171875,
    "SILVER_future": 81.84200286865234,
    "Long_Term_Treasury_ETF": 87.06999969482422,
    "CORN_future": 448.75,
    "SOYBEANS_future": 1183.0,
    "WHEAT_future": 599.25,
    "SP500_close": 7126.06005859375,
    "NASDAQ_close": 24468.48046875,
    "US_10Y_Treasury_Yield": 4.245999813079834,
    "VIX_close": 17.479999542236328,
    "GOLD_basis_spot_vs_near": 0.0,
    "China_10Y_Treasury_Yield": 1.7623
  }
}