{
  "latest_date": "2025-10-16",
  "latest_values": {
    "Shanghai_Composite_Index": 3916.22802734375,
    "CSI_300_Index": 4618.421875,
    "Shenzhen_Component_Index": 13086.4091796875,
    "ALUMINUM_future": 2766.5,
    "BTC_price": 108401.15625,
    "OIL_price": 57.58000183105469,
    "USD_CNY_exchange_rate": 7.122499942779541,
    "Commodity_Index_ETF": 22.1299991607666,
    "US_Dollar_Index": 98.33000183105469,
    "ETH_price": 3896.755615234375,
    "GOLD_spot_price": 4305.5,
    "LEAN_HOGS_future": 82.55000305175781,
    "COPPER_future": 4.972499847412109,
    "High_Yield_Bond_ETF": 80.55500030517578,
    "LIVE_CATTLE_future": 249.4250030517578,
    "GOLD_near_month_future": 4305.2001953125,
    "NATURAL_GAS_future": 2.924999952316284,
    "PLATINUM_future": 1737.199951171875,
    "SILVER_future": 52.97999954223633,
    "Long_Term_Treasury_ETF": 91.35009765625,
    "CORN_future": 422.0,
    "SOYBEANS_future": 1011.75,
    "WHEAT_future": 502.5,
    "SP500_close": 6625.5,
    "NASDAQ_close": 22541.18359375,
    "US_10Y_Treasury_Yield": 3.9779999256134033,
    "VIX_close": 24.020000457763672,
    "GOLD_basis_spot_vs_near": 0.2998046875,
    "China_10Y_Treasury_Yield": 1.8407
  }
}