{
  "latest_date": "2025-11-17",
  "latest_values": {
    "Shanghai_Composite_Index": 3972.034912109375,
    "CSI_300_Index": 4598.052734375,
    "Shenzhen_Component_Index": 13202.0048828125,
    "ALUMINUM_future": 2800.5,
    "BTC_price": 92726.03125,
    "OIL_price": 59.91999816894531,
    "USD_CNY_exchange_rate": 7.107500076293945,
    "Commodity_Index_ETF": 23.014999389648438,
    "US_Dollar_Index": 99.48300170898438,
    "ETH_price": 3052.4306640625,
    "GOLD_spot_price": 4073.5,
    "LEAN_HOGS_future": 78.7750015258789,
    "COPPER_future": 5.006999969482422,
    "High_Yield_Bond_ETF": 80.17510223388672,
    "LIVE_CATTLE_future": 221.125,
    "GOLD_near_month_future": 4073.39990234375,
    "NATURAL_GAS_future": 4.431000232696533,
    "PLATINUM_future": 1556.5,
    "SILVER_future": 50.6349983215332,
    "Long_Term_Treasury_ETF": 89.11499786376953,
    "CORN_future": 435.25,
    "SOYBEANS_future": 1153.5,
    "WHEAT_future": 543.25,
    "SP500_close": 6706.02001953125,
    "NASDAQ_close": 22801.13671875,
    "US_10Y_Treasury_Yield": 4.133000373840332,
    "VIX_close": 21.270000457763672,
    "GOLD_basis_spot_vs_near": 0.10009765625,
    "China_10Y_Treasury_Yield": 1.8109
  }
}