{
  "latest_date": "2026-04-08",
  "latest_values": {
    "Shanghai_Composite_Index": 3890.1650390625,
    "CSI_300_Index": 4440.6201171875,
    "Shenzhen_Component_Index": 13400.41015625,
    "ALUMINUM_future": 3369.0,
    "BTC_price": 71474.78125,
    "OIL_price": 95.43000030517578,
    "USD_CNY_exchange_rate": 6.828700065612793,
    "Commodity_Index_ETF": 28.309999465942383,
    "US_Dollar_Index": 98.90699768066406,
    "ETH_price": 2221.28173828125,
    "GOLD_spot_price": 4772.60009765625,
    "LEAN_HOGS_future": 105.19999694824219,
    "COPPER_future": 5.752999782562256,
    "High_Yield_Bond_ETF": 80.1449966430664,
    "LIVE_CATTLE_future": 246.0749969482422,
    "GOLD_near_month_future": 4772.2998046875,
    "NATURAL_GAS_future": 2.734999895095825,
    "PLATINUM_future": 2049.39990234375,
    "SILVER_future": 75.37000274658203,
    "Long_Term_Treasury_ETF": 86.9800033569336,
    "CORN_future": 444.5,
    "SOYBEANS_future": 1160.0,
    "WHEAT_future": 579.25,
    "SP500_close": 6773.83984375,
    "NASDAQ_close": 22652.55859375,
    "US_10Y_Treasury_Yield": 4.270999908447266,
    "VIX_close": 20.969999313354492,
    "GOLD_basis_spot_vs_near": 0.30029296875,
    "China_10Y_Treasury_Yield": 1.8136
  }
}