{
  "latest_date": "2026-05-26",
  "latest_values": {
    "Shanghai_Composite_Index": 4152.56787109375,
    "CSI_300_Index": 4921.60009765625,
    "Shenzhen_Component_Index": 15856.6103515625,
    "ALUMINUM_future": 3675.5,
    "BTC_price": 75697.9296875,
    "OIL_price": 93.5199966430664,
    "USD_CNY_exchange_rate": 6.79449987411499,
    "Commodity_Index_ETF": 30.030099868774414,
    "US_Dollar_Index": 99.16799926757812,
    "ETH_price": 2064.179931640625,
    "GOLD_spot_price": 4498.5,
    "LEAN_HOGS_future": 100.0250015258789,
    "COPPER_future": 6.4105000495910645,
    "High_Yield_Bond_ETF": 80.13999938964844,
    "LIVE_CATTLE_future": 239.3000030517578,
    "GOLD_near_month_future": 4498.89990234375,
    "NATURAL_GAS_future": 3.0179998874664307,
    "PLATINUM_future": 1953.0,
    "SILVER_future": 76.67500305175781,
    "Long_Term_Treasury_ETF": 85.09980010986328,
    "CORN_future": 458.0,
    "SOYBEANS_future": 1185.5,
    "WHEAT_future": 635.0,
    "SP500_close": 7506.77978515625,
    "NASDAQ_close": 26575.451171875,
    "US_10Y_Treasury_Yield": 4.5,
    "VIX_close": 17.079999923706055,
    "GOLD_basis_spot_vs_near": -0.39990234375,
    "China_10Y_Treasury_Yield": 1.7405
  }
}