{
  "latest_date": "2025-10-11",
  "latest_values": {
    "Shanghai_Composite_Index": 3897.028076171875,
    "CSI_300_Index": 4616.830078125,
    "Shenzhen_Component_Index": 13355.419921875,
    "ALUMINUM_future": 2603.5,
    "BTC_price": 112123.8984375,
    "OIL_price": 58.900001525878906,
    "USD_CNY_exchange_rate": 7.133500099182129,
    "Commodity_Index_ETF": 22.06999969482422,
    "US_Dollar_Index": 98.9800033569336,
    "ETH_price": 3824.470703125,
    "GOLD_spot_price": 3975.89990234375,
    "LEAN_HOGS_future": 97.0,
    "COPPER_future": 4.848499774932861,
    "High_Yield_Bond_ETF": 79.94999694824219,
    "LIVE_CATTLE_future": 238.47500610351562,
    "GOLD_near_month_future": 3975.89990234375,
    "NATURAL_GAS_future": 3.1059999465942383,
    "PLATINUM_future": 1600.699951171875,
    "SILVER_future": 46.9379997253418,
    "Long_Term_Treasury_ETF": 90.62000274658203,
    "CORN_future": 413.0,
    "SOYBEANS_future": 1006.75,
    "WHEAT_future": 498.5,
    "SP500_close": 6552.509765625,
    "NASDAQ_close": 22204.4296875,
    "US_10Y_Treasury_Yield": 4.051000118255615,
    "VIX_close": 21.65999984741211,
    "GOLD_basis_spot_vs_near": 0.0,
    "China_10Y_Treasury_Yield": 1.8206
  }
}