{
  "latest_date": "2025-11-27",
  "latest_values": {
    "Shanghai_Composite_Index": 3875.259521484375,
    "CSI_300_Index": 4515.40283203125,
    "Shenzhen_Component_Index": 12875.1953125,
    "ALUMINUM_future": 2740.5,
    "BTC_price": 91453.1015625,
    "OIL_price": 58.810001373291016,
    "USD_CNY_exchange_rate": 7.078000068664551,
    "Commodity_Index_ETF": 22.760000228881836,
    "US_Dollar_Index": 99.53900146484375,
    "ETH_price": 3020.004638671875,
    "GOLD_spot_price": 4188.5,
    "LEAN_HOGS_future": 80.67500305175781,
    "COPPER_future": 5.169000148773193,
    "High_Yield_Bond_ETF": 80.94999694824219,
    "LIVE_CATTLE_future": 213.0500030517578,
    "GOLD_near_month_future": 4188.60009765625,
    "NATURAL_GAS_future": 4.618000030517578,
    "PLATINUM_future": 1625.300048828125,
    "SILVER_future": 53.7400016784668,
    "Long_Term_Treasury_ETF": 90.63999938964844,
    "CORN_future": 446.25,
    "SOYBEANS_future": 1132.25,
    "WHEAT_future": 529.0,
    "SP500_close": 6812.60986328125,
    "NASDAQ_close": 23214.689453125,
    "US_10Y_Treasury_Yield": 3.997999906539917,
    "VIX_close": 17.209999084472656,
    "GOLD_basis_spot_vs_near": -0.10009765625,
    "China_10Y_Treasury_Yield": 1.8537
  }
}