{
  "latest_date": "2025-12-22",
  "latest_values": {
    "Shanghai_Composite_Index": 3890.447998046875,
    "CSI_300_Index": 4568.18017578125,
    "Shenzhen_Component_Index": 13140.2099609375,
    "ALUMINUM_future": 2968.0,
    "BTC_price": 90026.6484375,
    "OIL_price": 57.709999084472656,
    "USD_CNY_exchange_rate": 7.036200046539307,
    "Commodity_Index_ETF": 22.850000381469727,
    "US_Dollar_Index": 98.47000122070312,
    "ETH_price": 3052.082275390625,
    "GOLD_spot_price": 4446.89990234375,
    "LEAN_HOGS_future": 84.5,
    "COPPER_future": 5.514999866485596,
    "High_Yield_Bond_ETF": 80.36000061035156,
    "LIVE_CATTLE_future": 230.8000030517578,
    "GOLD_near_month_future": 4446.7998046875,
    "NATURAL_GAS_future": 4.098999977111816,
    "PLATINUM_future": 2124.199951171875,
    "SILVER_future": 69.18000030517578,
    "Long_Term_Treasury_ETF": 87.55000305175781,
    "CORN_future": 445.75,
    "SOYBEANS_future": 1062.5,
    "WHEAT_future": 514.75,
    "SP500_close": 6834.5,
    "NASDAQ_close": 23307.619140625,
    "US_10Y_Treasury_Yield": 4.151000022888184,
    "VIX_close": 15.020000457763672,
    "GOLD_basis_spot_vs_near": 0.10009765625,
    "China_10Y_Treasury_Yield": 1.8415
  }
}