{
  "latest_date": "2026-07-24",
  "latest_values": {
    "Shanghai_Composite_Index": 3876.777099609375,
    "CSI_300_Index": 4529.10009765625,
    "Shenzhen_Component_Index": 14123.3095703125,
    "ALUMINUM_future": 3455.25,
    "BTC_price": 64161.05859375,
    "OIL_price": 90.01000213623047,
    "USD_CNY_exchange_rate": 6.772500038146973,
    "Commodity_Index_ETF": 30.100000381469727,
    "US_Dollar_Index": 101.47799682617188,
    "ETH_price": 1862.280029296875,
    "GOLD_spot_price": 4056.199951171875,
    "LEAN_HOGS_future": 88.94999694824219,
    "COPPER_future": 6.334000110626221,
    "High_Yield_Bond_ETF": 79.2300033569336,
    "LIVE_CATTLE_future": 222.5749969482422,
    "GOLD_near_month_future": 4056.199951171875,
    "NATURAL_GAS_future": 2.8910000324249268,
    "PLATINUM_future": 1599.5999755859375,
    "SILVER_future": 58.48500061035156,
    "Long_Term_Treasury_ETF": 83.25,
    "CORN_future": 487.25,
    "SOYBEANS_future": 1252.5,
    "WHEAT_future": 679.0,
    "SP500_close": 7411.97998046875,
    "NASDAQ_close": 24975.82421875,
    "US_10Y_Treasury_Yield": 4.678999900817871,
    "VIX_close": 18.5,
    "GOLD_basis_spot_vs_near": 0.0,
    "China_10Y_Treasury_Yield": 1.7282
  }
}