{
  "latest_date": "2026-06-29",
  "latest_values": {
    "Shanghai_Composite_Index": 4027.264892578125,
    "CSI_300_Index": 4868.22021484375,
    "Shenzhen_Component_Index": 15782.2197265625,
    "ALUMINUM_future": 3243.0,
    "BTC_price": 60156.0703125,
    "OIL_price": 70.2300033569336,
    "USD_CNY_exchange_rate": 6.797999858856201,
    "Commodity_Index_ETF": 26.559999465942383,
    "US_Dollar_Index": 101.11100006103516,
    "ETH_price": 1608.25,
    "GOLD_spot_price": 4033.89990234375,
    "LEAN_HOGS_future": 97.2750015258789,
    "COPPER_future": 6.181000232696533,
    "High_Yield_Bond_ETF": 80.01000213623047,
    "LIVE_CATTLE_future": 243.5500030517578,
    "GOLD_near_month_future": 4033.800048828125,
    "NATURAL_GAS_future": 3.1760001182556152,
    "PLATINUM_future": 1599.300048828125,
    "SILVER_future": 59.025001525878906,
    "Long_Term_Treasury_ETF": 87.44999694824219,
    "CORN_future": 428.75,
    "SOYBEANS_future": 1137.5,
    "WHEAT_future": 578.0,
    "SP500_close": 7440.43017578125,
    "NASDAQ_close": 25820.14453125,
    "US_10Y_Treasury_Yield": 4.374000072479248,
    "VIX_close": 17.649999618530273,
    "GOLD_basis_spot_vs_near": 0.099853515625,
    "China_10Y_Treasury_Yield": 1.717
  }
}