{
  "latest_date": "2026-05-13",
  "latest_values": {
    "Shanghai_Composite_Index": 4214.48876953125,
    "CSI_300_Index": 4948.0498046875,
    "Shenzhen_Component_Index": 15824.919921875,
    "ALUMINUM_future": 3580.0,
    "BTC_price": 80962.546875,
    "OIL_price": 101.30999755859375,
    "USD_CNY_exchange_rate": 6.7947998046875,
    "Commodity_Index_ETF": 31.690000534057617,
    "US_Dollar_Index": 98.49500274658203,
    "ETH_price": 2301.10009765625,
    "GOLD_spot_price": 4710.89990234375,
    "LEAN_HOGS_future": 90.92500305175781,
    "COPPER_future": 6.633500099182129,
    "High_Yield_Bond_ETF": 79.87000274658203,
    "LIVE_CATTLE_future": 247.6999969482422,
    "GOLD_near_month_future": 4710.89990234375,
    "NATURAL_GAS_future": 2.8369998931884766,
    "PLATINUM_future": 2137.5,
    "SILVER_future": 87.18499755859375,
    "Long_Term_Treasury_ETF": 84.98999786376953,
    "CORN_future": 479.0,
    "SOYBEANS_future": 1224.5,
    "WHEAT_future": 669.75,
    "SP500_close": 7400.9599609375,
    "NASDAQ_close": 26088.19921875,
    "US_10Y_Treasury_Yield": 4.4629998207092285,
    "VIX_close": 17.90999984741211,
    "GOLD_basis_spot_vs_near": 0.0,
    "China_10Y_Treasury_Yield": 1.7592
  }
}