{
  "latest_date": "2026-02-02",
  "latest_values": {
    "Shanghai_Composite_Index": 4117.9482421875,
    "CSI_300_Index": 4706.33984375,
    "Shenzhen_Component_Index": 14205.8896484375,
    "ALUMINUM_future": 2996.25,
    "BTC_price": 77824.28125,
    "OIL_price": 61.970001220703125,
    "USD_CNY_exchange_rate": 6.942800045013428,
    "Commodity_Index_ETF": 24.43000030517578,
    "US_Dollar_Index": 97.06099700927734,
    "ETH_price": 2290.755615234375,
    "GOLD_spot_price": 4794.60009765625,
    "LEAN_HOGS_future": 95.1500015258789,
    "COPPER_future": 5.835999965667725,
    "High_Yield_Bond_ETF": 81.12000274658203,
    "LIVE_CATTLE_future": 236.8000030517578,
    "GOLD_near_month_future": 4794.7001953125,
    "NATURAL_GAS_future": 3.6419999599456787,
    "PLATINUM_future": 2094.5,
    "SILVER_future": 82.91999816894531,
    "Long_Term_Treasury_ETF": 87.12999725341797,
    "CORN_future": 426.5,
    "SOYBEANS_future": 1059.5,
    "WHEAT_future": 534.75,
    "SP500_close": 6939.02978515625,
    "NASDAQ_close": 23461.8203125,
    "US_10Y_Treasury_Yield": 4.241000175476074,
    "VIX_close": 18.639999389648438,
    "GOLD_basis_spot_vs_near": -0.10009765625,
    "China_10Y_Treasury_Yield": 1.82
  }
}