{
  "latest_date": "2026-03-26",
  "latest_values": {
    "Shanghai_Composite_Index": 3931.8369140625,
    "CSI_300_Index": 4537.47021484375,
    "Shenzhen_Component_Index": 13801.0,
    "ALUMINUM_future": 3174.75,
    "BTC_price": 69367.453125,
    "OIL_price": 93.81999969482422,
    "USD_CNY_exchange_rate": 6.908299922943115,
    "Commodity_Index_ETF": 28.47800064086914,
    "US_Dollar_Index": 99.77899932861328,
    "ETH_price": 2075.974609375,
    "GOLD_spot_price": 4446.2001953125,
    "LEAN_HOGS_future": 90.9000015258789,
    "COPPER_future": 5.510000228881836,
    "High_Yield_Bond_ETF": 79.16000366210938,
    "LIVE_CATTLE_future": 234.4250030517578,
    "GOLD_near_month_future": 4446.39990234375,
    "NATURAL_GAS_future": 2.930000066757202,
    "PLATINUM_future": 1852.699951171875,
    "SILVER_future": 68.68000030517578,
    "Long_Term_Treasury_ETF": 86.3499984741211,
    "CORN_future": 466.75,
    "SOYBEANS_future": 1175.5,
    "WHEAT_future": 595.25,
    "SP500_close": 6538.85986328125,
    "NASDAQ_close": 21684.353515625,
    "US_10Y_Treasury_Yield": 4.366000175476074,
    "VIX_close": 26.920000076293945,
    "GOLD_basis_spot_vs_near": -0.19970703125,
    "China_10Y_Treasury_Yield": 1.8194
  }
}