{
  "latest_date": "2026-04-30",
  "latest_values": {
    "Shanghai_Composite_Index": 4112.1591796875,
    "CSI_300_Index": 4807.30712890625,
    "Shenzhen_Component_Index": 15107.552734375,
    "ALUMINUM_future": 3420.0,
    "BTC_price": 76324.0078125,
    "OIL_price": 105.7699966430664,
    "USD_CNY_exchange_rate": 6.837399959564209,
    "Commodity_Index_ETF": 30.969999313354492,
    "US_Dollar_Index": 98.30400085449219,
    "ETH_price": 2259.989990234375,
    "GOLD_spot_price": 4627.39990234375,
    "LEAN_HOGS_future": 103.375,
    "COPPER_future": 5.95550012588501,
    "High_Yield_Bond_ETF": 80.26499938964844,
    "LIVE_CATTLE_future": 254.14999389648438,
    "GOLD_near_month_future": 4627.2001953125,
    "NATURAL_GAS_future": 2.687999963760376,
    "PLATINUM_future": 1963.300048828125,
    "SILVER_future": 73.58499908447266,
    "Long_Term_Treasury_ETF": 85.78500366210938,
    "CORN_future": 471.75,
    "SOYBEANS_future": 1191.75,
    "WHEAT_future": 636.5,
    "SP500_close": 7145.60986328125,
    "NASDAQ_close": 24568.056640625,
    "US_10Y_Treasury_Yield": 4.3919997215271,
    "VIX_close": 17.760000228881836,
    "GOLD_basis_spot_vs_near": 0.19970703125,
    "China_10Y_Treasury_Yield": 1.7473
  }
}