{
  "latest_date": "2025-11-05",
  "latest_values": {
    "Shanghai_Composite_Index": 3969.248291015625,
    "CSI_300_Index": 4627.2568359375,
    "Shenzhen_Component_Index": 13223.5595703125,
    "ALUMINUM_future": 2788.75,
    "BTC_price": 104075.15625,
    "OIL_price": 59.560001373291016,
    "USD_CNY_exchange_rate": 7.125999927520752,
    "Commodity_Index_ETF": 22.815000534057617,
    "US_Dollar_Index": 100.19200134277344,
    "ETH_price": 3459.650146484375,
    "GOLD_spot_price": 3998.199951171875,
    "LEAN_HOGS_future": 80.5,
    "COPPER_future": 4.998000144958496,
    "High_Yield_Bond_ETF": 80.23500061035156,
    "LIVE_CATTLE_future": 220.52499389648438,
    "GOLD_near_month_future": 3998.199951171875,
    "NATURAL_GAS_future": 4.211999893188477,
    "PLATINUM_future": 1568.300048828125,
    "SILVER_future": 48.064998626708984,
    "Long_Term_Treasury_ETF": 88.96499633789062,
    "CORN_future": 435.0,
    "SOYBEANS_future": 1134.5,
    "WHEAT_future": 554.0,
    "SP500_close": 6823.83984375,
    "NASDAQ_close": 23612.728515625,
    "US_10Y_Treasury_Yield": 4.158999919891357,
    "VIX_close": 17.350000381469727,
    "GOLD_basis_spot_vs_near": 0.0,
    "China_10Y_Treasury_Yield": 1.7964
  }
}