{
  "latest_date": "2025-12-11",
  "latest_values": {
    "Shanghai_Composite_Index": 3900.49609375,
    "CSI_300_Index": 4591.830078125,
    "Shenzhen_Component_Index": 13316.419921875,
    "ALUMINUM_future": 2883.75,
    "BTC_price": 90044.640625,
    "OIL_price": 57.810001373291016,
    "USD_CNY_exchange_rate": 7.057600021362305,
    "Commodity_Index_ETF": 23.1299991607666,
    "US_Dollar_Index": 98.48799896240234,
    "ETH_price": 3198.75048828125,
    "GOLD_spot_price": 4240.2001953125,
    "LEAN_HOGS_future": 82.375,
    "COPPER_future": 5.415999889373779,
    "High_Yield_Bond_ETF": 80.7300033569336,
    "LIVE_CATTLE_future": 228.52499389648438,
    "GOLD_near_month_future": 4240.0,
    "NATURAL_GAS_future": 4.425000190734863,
    "PLATINUM_future": 1686.300048828125,
    "SILVER_future": 62.51499938964844,
    "Long_Term_Treasury_ETF": 88.30999755859375,
    "CORN_future": 447.0,
    "SOYBEANS_future": 1094.75,
    "WHEAT_future": 532.5,
    "SP500_close": 6886.68017578125,
    "NASDAQ_close": 23654.150390625,
    "US_10Y_Treasury_Yield": 4.164000034332275,
    "VIX_close": 15.850000381469727,
    "GOLD_basis_spot_vs_near": 0.2001953125,
    "China_10Y_Treasury_Yield": 1.8404
  }
}