{
  "latest_date": "2026-06-08",
  "latest_values": {
    "Shanghai_Composite_Index": 4027.736083984375,
    "CSI_300_Index": 4816.919921875,
    "Shenzhen_Component_Index": 15314.7001953125,
    "ALUMINUM_future": 3655.75,
    "BTC_price": 62446.62890625,
    "OIL_price": 94.5,
    "USD_CNY_exchange_rate": 6.773499965667725,
    "Commodity_Index_ETF": 29.229999542236328,
    "US_Dollar_Index": 100.0510025024414,
    "ETH_price": 1646.9599609375,
    "GOLD_spot_price": 4306.7001953125,
    "LEAN_HOGS_future": 94.30000305175781,
    "COPPER_future": 6.257500171661377,
    "High_Yield_Bond_ETF": 79.43000030517578,
    "LIVE_CATTLE_future": 250.0749969482422,
    "GOLD_near_month_future": 4306.89990234375,
    "NATURAL_GAS_future": 3.180000066757202,
    "PLATINUM_future": 1743.699951171875,
    "SILVER_future": 66.62000274658203,
    "Long_Term_Treasury_ETF": 85.05999755859375,
    "CORN_future": 416.0,
    "SOYBEANS_future": 1118.5,
    "WHEAT_future": 575.75,
    "SP500_close": 7383.740234375,
    "NASDAQ_close": 25709.4296875,
    "US_10Y_Treasury_Yield": 4.535999774932861,
    "VIX_close": 21.510000228881836,
    "GOLD_basis_spot_vs_near": -0.19970703125,
    "China_10Y_Treasury_Yield": 1.7207
  }
}