{
  "latest_date": "2026-03-30",
  "latest_values": {
    "Shanghai_Composite_Index": 3923.286865234375,
    "CSI_300_Index": 4491.9501953125,
    "Shenzhen_Component_Index": 13726.1904296875,
    "ALUMINUM_future": 3323.25,
    "BTC_price": 67289.609375,
    "OIL_price": 101.83000183105469,
    "USD_CNY_exchange_rate": 6.910699844360352,
    "Commodity_Index_ETF": 29.34000015258789,
    "US_Dollar_Index": 100.54399871826172,
    "ETH_price": 2052.6982421875,
    "GOLD_spot_price": 4553.0,
    "LEAN_HOGS_future": 86.4749984741211,
    "COPPER_future": 5.493500232696533,
    "High_Yield_Bond_ETF": 78.95500183105469,
    "LIVE_CATTLE_future": 234.22500610351562,
    "GOLD_near_month_future": 4553.0,
    "NATURAL_GAS_future": 2.865999937057495,
    "PLATINUM_future": 1900.800048828125,
    "SILVER_future": 70.69000244140625,
    "Long_Term_Treasury_ETF": 86.6050033569336,
    "CORN_future": 458.5,
    "SOYBEANS_future": 1166.5,
    "WHEAT_future": 606.5,
    "SP500_close": 6386.02001953125,
    "NASDAQ_close": 20962.318359375,
    "US_10Y_Treasury_Yield": 4.3480000495910645,
    "VIX_close": 30.059999465942383,
    "GOLD_basis_spot_vs_near": 0.0,
    "China_10Y_Treasury_Yield": 1.8063
  }
}