{
  "latest_date": "2026-07-06",
  "latest_values": {
    "Shanghai_Composite_Index": 4043.64306640625,
    "CSI_300_Index": 4842.169921875,
    "Shenzhen_Component_Index": 15597.509765625,
    "ALUMINUM_future": 3265.0,
    "BTC_price": 63470.8203125,
    "OIL_price": 68.30999755859375,
    "USD_CNY_exchange_rate": 6.788599967956543,
    "Commodity_Index_ETF": 26.56999969482422,
    "US_Dollar_Index": 100.8740005493164,
    "ETH_price": 1781.8199462890625,
    "GOLD_spot_price": 4188.2001953125,
    "LEAN_HOGS_future": 98.5999984741211,
    "COPPER_future": 6.2270002365112305,
    "High_Yield_Bond_ETF": 79.70999908447266,
    "LIVE_CATTLE_future": 239.02499389648438,
    "GOLD_near_month_future": 4188.10009765625,
    "NATURAL_GAS_future": 3.187000036239624,
    "PLATINUM_future": 1661.4000244140625,
    "SILVER_future": 63.03499984741211,
    "Long_Term_Treasury_ETF": 85.51000213623047,
    "CORN_future": 447.25,
    "SOYBEANS_future": 1160.5,
    "WHEAT_future": 604.5,
    "SP500_close": 7483.240234375,
    "NASDAQ_close": 25832.669921875,
    "US_10Y_Treasury_Yield": 4.485000133514404,
    "VIX_close": 16.149999618530273,
    "GOLD_basis_spot_vs_near": 0.10009765625,
    "China_10Y_Treasury_Yield": 1.7463
  }
}