{
  "latest_date": "2026-06-18",
  "latest_values": {
    "Shanghai_Composite_Index": 4108.076171875,
    "CSI_300_Index": 4777.31982421875,
    "Shenzhen_Component_Index": 15880.9501953125,
    "ALUMINUM_future": 3448.5,
    "BTC_price": 62834.87890625,
    "OIL_price": 75.25,
    "USD_CNY_exchange_rate": 6.757199764251709,
    "Commodity_Index_ETF": 27.6299991607666,
    "US_Dollar_Index": 100.81400299072266,
    "ETH_price": 1707.2099609375,
    "GOLD_spot_price": 4215.10009765625,
    "LEAN_HOGS_future": 96.7249984741211,
    "COPPER_future": 6.371500015258789,
    "High_Yield_Bond_ETF": 80.01000213623047,
    "LIVE_CATTLE_future": 246.75,
    "GOLD_near_month_future": 4214.7998046875,
    "NATURAL_GAS_future": 3.2130000591278076,
    "PLATINUM_future": 1692.4000244140625,
    "SILVER_future": 65.62999725341797,
    "Long_Term_Treasury_ETF": 86.75,
    "CORN_future": 417.5,
    "SOYBEANS_future": 1142.0,
    "WHEAT_future": 613.25,
    "SP500_close": 7500.580078125,
    "NASDAQ_close": 26517.931640625,
    "US_10Y_Treasury_Yield": 4.450999736785889,
    "VIX_close": 16.399999618530273,
    "GOLD_basis_spot_vs_near": 0.30029296875,
    "China_10Y_Treasury_Yield": 1.7299
  }
}