{
  "latest_date": "2025-12-22",
  "latest_values": {
    "Shanghai_Composite_Index": 3917.36376953125,
    "CSI_300_Index": 4611.62353515625,
    "Shenzhen_Component_Index": 13140.2099609375,
    "ALUMINUM_future": 2951.0,
    "BTC_price": 89812.9609375,
    "OIL_price": 57.66999816894531,
    "USD_CNY_exchange_rate": 7.036200046539307,
    "Commodity_Index_ETF": 22.344999313354492,
    "US_Dollar_Index": 98.27300262451172,
    "ETH_price": 3053.030517578125,
    "GOLD_spot_price": 4469.2001953125,
    "LEAN_HOGS_future": 85.2249984741211,
    "COPPER_future": 5.504499912261963,
    "High_Yield_Bond_ETF": 80.32499694824219,
    "LIVE_CATTLE_future": 231.52499389648438,
    "GOLD_near_month_future": 4469.2001953125,
    "NATURAL_GAS_future": 3.828000068664551,
    "PLATINUM_future": 2101.800048828125,
    "SILVER_future": 68.84500122070312,
    "Long_Term_Treasury_ETF": 87.32839965820312,
    "CORN_future": 446.75,
    "SOYBEANS_future": 1065.0,
    "WHEAT_future": 516.0,
    "SP500_close": 6869.5400390625,
    "NASDAQ_close": 23420.318359375,
    "US_10Y_Treasury_Yield": 4.166999816894531,
    "VIX_close": 14.520000457763672,
    "GOLD_basis_spot_vs_near": 0.0,
    "China_10Y_Treasury_Yield": 1.8415
  }
}