{
  "latest_date": "2025-09-17",
  "latest_values": {
    "Shanghai_Composite_Index": 3860.50390625,
    "CSI_300_Index": 4523.33984375,
    "Shenzhen_Component_Index": 13063.9697265625,
    "ALUMINUM_future": 2638.0,
    "BTC_price": 116203.1484375,
    "OIL_price": 64.44000244140625,
    "USD_CNY_exchange_rate": 7.124199867248535,
    "Commodity_Index_ETF": 22.729900360107422,
    "US_Dollar_Index": 96.73899841308594,
    "ETH_price": 4501.359375,
    "GOLD_spot_price": 3714.5,
    "LEAN_HOGS_future": 97.6500015258789,
    "COPPER_future": 4.627500057220459,
    "High_Yield_Bond_ETF": 81.17500305175781,
    "LIVE_CATTLE_future": 231.625,
    "GOLD_near_month_future": 3714.39990234375,
    "NATURAL_GAS_future": 3.1549999713897705,
    "PLATINUM_future": 1380.4000244140625,
    "SILVER_future": 42.349998474121094,
    "Long_Term_Treasury_ETF": 90.61499786376953,
    "CORN_future": 431.0,
    "SOYBEANS_future": 1051.5,
    "WHEAT_future": 532.75,
    "SP500_close": 6601.7001953125,
    "NASDAQ_close": 22259.474609375,
    "US_10Y_Treasury_Yield": 4.02400016784668,
    "VIX_close": 16.209999084472656,
    "GOLD_basis_spot_vs_near": 0.10009765625,
    "China_10Y_Treasury_Yield": 1.8349
  }
}