{
  "latest_date": "2026-07-13",
  "latest_values": {
    "Shanghai_Composite_Index": 3996.162109375,
    "CSI_300_Index": 4780.7900390625,
    "Shenzhen_Component_Index": 15046.669921875,
    "ALUMINUM_future": 3323.5,
    "BTC_price": 62025.9296875,
    "OIL_price": 77.83000183105469,
    "USD_CNY_exchange_rate": 6.770899772644043,
    "Commodity_Index_ETF": 28.329999923706055,
    "US_Dollar_Index": 101.2770004272461,
    "ETH_price": 1765.5,
    "GOLD_spot_price": 4011.199951171875,
    "LEAN_HOGS_future": 98.1500015258789,
    "COPPER_future": 6.2769999504089355,
    "High_Yield_Bond_ETF": 79.5199966430664,
    "LIVE_CATTLE_future": 234.9499969482422,
    "GOLD_near_month_future": 4011.5,
    "NATURAL_GAS_future": 2.875999927520752,
    "PLATINUM_future": 1613.0,
    "SILVER_future": 58.04999923706055,
    "Long_Term_Treasury_ETF": 83.97000122070312,
    "CORN_future": 463.0,
    "SOYBEANS_future": 1193.5,
    "WHEAT_future": 635.25,
    "SP500_close": 7515.33984375,
    "NASDAQ_close": 25873.17578125,
    "US_10Y_Treasury_Yield": 4.609000205993652,
    "VIX_close": 17.149999618530273,
    "GOLD_basis_spot_vs_near": -0.300048828125,
    "China_10Y_Treasury_Yield": 1.7442
  }
}