{
  "latest_date": "2026-03-11",
  "latest_values": {
    "Shanghai_Composite_Index": 4133.43310546875,
    "CSI_300_Index": 4704.49609375,
    "Shenzhen_Component_Index": 14354.0703125,
    "ALUMINUM_future": 3404.0,
    "BTC_price": 70405.2578125,
    "OIL_price": 88.0199966430664,
    "USD_CNY_exchange_rate": 6.865499973297119,
    "Commodity_Index_ETF": 27.854999542236328,
    "US_Dollar_Index": 99.24199676513672,
    "ETH_price": 2055.82275390625,
    "GOLD_spot_price": 5176.7001953125,
    "LEAN_HOGS_future": 86.67500305175781,
    "COPPER_future": 5.876999855041504,
    "High_Yield_Bond_ETF": 79.88999938964844,
    "LIVE_CATTLE_future": 224.85000610351562,
    "GOLD_near_month_future": 5176.7001953125,
    "NATURAL_GAS_future": 3.1549999713897705,
    "PLATINUM_future": 2184.300048828125,
    "SILVER_future": 85.04000091552734,
    "Long_Term_Treasury_ETF": 87.28340148925781,
    "CORN_future": 460.5,
    "SOYBEANS_future": 1225.0,
    "WHEAT_future": 597.25,
    "SP500_close": 6757.0,
    "NASDAQ_close": 22660.658203125,
    "US_10Y_Treasury_Yield": 4.2139997482299805,
    "VIX_close": 25.809999465942383,
    "GOLD_basis_spot_vs_near": 0.0,
    "China_10Y_Treasury_Yield": 1.8075
  }
}