{
  "latest_date": "2026-03-06",
  "latest_values": {
    "Shanghai_Composite_Index": 4124.19384765625,
    "CSI_300_Index": 4660.43896484375,
    "Shenzhen_Component_Index": 14172.626953125,
    "ALUMINUM_future": 3370.0,
    "BTC_price": 68513.0859375,
    "OIL_price": 90.01000213623047,
    "USD_CNY_exchange_rate": 6.895999908447266,
    "Commodity_Index_ETF": 27.475000381469727,
    "US_Dollar_Index": 98.91999816894531,
    "ETH_price": 1974.709228515625,
    "GOLD_spot_price": 5142.2001953125,
    "LEAN_HOGS_future": 96.0999984741211,
    "COPPER_future": 5.815000057220459,
    "High_Yield_Bond_ETF": 79.94499969482422,
    "LIVE_CATTLE_future": 237.1999969482422,
    "GOLD_near_month_future": 5142.0,
    "NATURAL_GAS_future": 3.180000066757202,
    "PLATINUM_future": 2137.699951171875,
    "SILVER_future": 84.12000274658203,
    "Long_Term_Treasury_ETF": 88.65499877929688,
    "CORN_future": 458.5,
    "SOYBEANS_future": 1195.25,
    "WHEAT_future": 608.25,
    "SP500_close": 6752.75,
    "NASDAQ_close": 22538.5859375,
    "US_10Y_Treasury_Yield": 4.133000373840332,
    "VIX_close": 25.899999618530273,
    "GOLD_basis_spot_vs_near": 0.2001953125,
    "China_10Y_Treasury_Yield": 1.781
  }
}