{
  "latest_date": "2026-04-14",
  "latest_values": {
    "Shanghai_Composite_Index": 3988.55810546875,
    "CSI_300_Index": 4646.16015625,
    "Shenzhen_Component_Index": 14407.8603515625,
    "ALUMINUM_future": 3593.5,
    "BTC_price": 74636.53125,
    "OIL_price": 96.22000122070312,
    "USD_CNY_exchange_rate": 6.8277997970581055,
    "Commodity_Index_ETF": 28.959999084472656,
    "US_Dollar_Index": 98.21499633789062,
    "ETH_price": 2376.669921875,
    "GOLD_spot_price": 4792.60009765625,
    "LEAN_HOGS_future": 90.5,
    "COPPER_future": 6.018499851226807,
    "High_Yield_Bond_ETF": 80.26000213623047,
    "LIVE_CATTLE_future": 250.64999389648438,
    "GOLD_near_month_future": 4792.60009765625,
    "NATURAL_GAS_future": 2.5940001010894775,
    "PLATINUM_future": 2100.800048828125,
    "SILVER_future": 77.55500030517578,
    "Long_Term_Treasury_ETF": 86.75,
    "CORN_future": 442.75,
    "SOYBEANS_future": 1164.0,
    "WHEAT_future": 583.75,
    "SP500_close": 6886.240234375,
    "NASDAQ_close": 23183.740234375,
    "US_10Y_Treasury_Yield": 4.296999931335449,
    "VIX_close": 18.75,
    "GOLD_basis_spot_vs_near": 0.0,
    "China_10Y_Treasury_Yield": 1.7933
  }
}