{
  "latest_date": "2026-07-08",
  "latest_values": {
    "Shanghai_Composite_Index": 3970.879638671875,
    "CSI_300_Index": 4755.53369140625,
    "Shenzhen_Component_Index": 14939.7265625,
    "ALUMINUM_future": 3321.0,
    "BTC_price": 61508.03125,
    "OIL_price": 75.63999938964844,
    "USD_CNY_exchange_rate": 6.79580020904541,
    "Commodity_Index_ETF": 27.85810089111328,
    "US_Dollar_Index": 101.18199920654297,
    "ETH_price": 1713.7099609375,
    "GOLD_spot_price": 4045.39990234375,
    "LEAN_HOGS_future": 98.4000015258789,
    "COPPER_future": 6.073500156402588,
    "High_Yield_Bond_ETF": 79.56500244140625,
    "LIVE_CATTLE_future": 235.02499389648438,
    "GOLD_near_month_future": 4045.300048828125,
    "NATURAL_GAS_future": 3.2750000953674316,
    "PLATINUM_future": 1579.5999755859375,
    "SILVER_future": 57.97999954223633,
    "Long_Term_Treasury_ETF": 84.11000061035156,
    "CORN_future": 458.5,
    "SOYBEANS_future": 1197.75,
    "WHEAT_future": 613.5,
    "SP500_close": 7428.259765625,
    "NASDAQ_close": 25550.134765625,
    "US_10Y_Treasury_Yield": 4.595000267028809,
    "VIX_close": 18.030000686645508,
    "GOLD_basis_spot_vs_near": 0.099853515625,
    "China_10Y_Treasury_Yield": 1.7385
  }
}