{
  "latest_date": "2026-01-27",
  "latest_values": {
    "Shanghai_Composite_Index": 4139.904296875,
    "CSI_300_Index": 4705.69189453125,
    "Shenzhen_Component_Index": 14316.6396484375,
    "ALUMINUM_future": 3145.25,
    "BTC_price": 88172.078125,
    "OIL_price": 61.58000183105469,
    "USD_CNY_exchange_rate": 6.953999996185303,
    "Commodity_Index_ETF": 24.354999542236328,
    "US_Dollar_Index": 96.41600036621094,
    "ETH_price": 2947.90283203125,
    "GOLD_spot_price": 5080.5,
    "LEAN_HOGS_future": 88.4749984741211,
    "COPPER_future": 5.856500148773193,
    "High_Yield_Bond_ETF": 81.20780181884766,
    "LIVE_CATTLE_future": 235.125,
    "GOLD_near_month_future": 5080.5,
    "NATURAL_GAS_future": 3.7090001106262207,
    "PLATINUM_future": 2572.10009765625,
    "SILVER_future": 108.0250015258789,
    "Long_Term_Treasury_ETF": 88.07499694824219,
    "CORN_future": 427.5,
    "SOYBEANS_future": 1069.0,
    "WHEAT_future": 522.25,
    "SP500_close": 6985.60009765625,
    "NASDAQ_close": 23840.275390625,
    "US_10Y_Treasury_Yield": 4.2170000076293945,
    "VIX_close": 15.770000457763672,
    "GOLD_basis_spot_vs_near": 0.0,
    "China_10Y_Treasury_Yield": 1.8311
  }
}