{
  "latest_date": "2026-03-24",
  "latest_values": {
    "Shanghai_Composite_Index": 3813.282958984375,
    "CSI_300_Index": 4418.0,
    "Shenzhen_Component_Index": 13345.509765625,
    "ALUMINUM_future": 3128.0,
    "BTC_price": 71070.8828125,
    "OIL_price": 90.2300033569336,
    "USD_CNY_exchange_rate": 6.890500068664551,
    "Commodity_Index_ETF": 27.75,
    "US_Dollar_Index": 99.23600006103516,
    "ETH_price": 2157.791015625,
    "GOLD_spot_price": 4413.2001953125,
    "LEAN_HOGS_future": 90.80000305175781,
    "COPPER_future": 5.414999961853027,
    "High_Yield_Bond_ETF": 79.44000244140625,
    "LIVE_CATTLE_future": 235.3000030517578,
    "GOLD_near_month_future": 4412.89990234375,
    "NATURAL_GAS_future": 2.8980000019073486,
    "PLATINUM_future": 1895.699951171875,
    "SILVER_future": 70.36000061035156,
    "Long_Term_Treasury_ETF": 86.38500213623047,
    "CORN_future": 460.75,
    "SOYBEANS_future": 1159.5,
    "WHEAT_future": 588.75,
    "SP500_close": 6581.0,
    "NASDAQ_close": 21946.759765625,
    "US_10Y_Treasury_Yield": 4.334000110626221,
    "VIX_close": 26.350000381469727,
    "GOLD_basis_spot_vs_near": 0.30029296875,
    "China_10Y_Treasury_Yield": 1.8272
  }
}