{
  "latest_date": "2025-09-18",
  "latest_values": {
    "Shanghai_Composite_Index": 3831.65625,
    "CSI_300_Index": 4498.10888671875,
    "Shenzhen_Component_Index": 13075.658203125,
    "ALUMINUM_future": 2626.5,
    "BTC_price": 117610.3984375,
    "OIL_price": 63.27000045776367,
    "USD_CNY_exchange_rate": 7.114200115203857,
    "Commodity_Index_ETF": 22.420000076293945,
    "US_Dollar_Index": 97.36399841308594,
    "ETH_price": 4619.90576171875,
    "GOLD_spot_price": 3680.5,
    "LEAN_HOGS_future": 97.5999984741211,
    "COPPER_future": 4.597499847412109,
    "High_Yield_Bond_ETF": 81.24500274658203,
    "LIVE_CATTLE_future": 230.6750030517578,
    "GOLD_near_month_future": 3680.60009765625,
    "NATURAL_GAS_future": 2.938999891281128,
    "PLATINUM_future": 1397.5999755859375,
    "SILVER_future": 42.125,
    "Long_Term_Treasury_ETF": 89.32499694824219,
    "CORN_future": 424.0,
    "SOYBEANS_future": 1036.25,
    "WHEAT_future": 524.75,
    "SP500_close": 6647.97998046875,
    "NASDAQ_close": 22537.17578125,
    "US_10Y_Treasury_Yield": 4.102999687194824,
    "VIX_close": 15.430000305175781,
    "GOLD_basis_spot_vs_near": -0.10009765625,
    "China_10Y_Treasury_Yield": 1.8546
  }
}