{
  "latest_date": "2025-11-26",
  "latest_values": {
    "Shanghai_Composite_Index": 3870.02294921875,
    "CSI_300_Index": 4490.41015625,
    "Shenzhen_Component_Index": 12777.3095703125,
    "ALUMINUM_future": 2763.5,
    "BTC_price": 87504.859375,
    "OIL_price": 58.15999984741211,
    "USD_CNY_exchange_rate": 7.080399990081787,
    "Commodity_Index_ETF": 22.520000457763672,
    "US_Dollar_Index": 99.6500015258789,
    "ETH_price": 2945.716064453125,
    "GOLD_spot_price": 4196.60009765625,
    "LEAN_HOGS_future": 78.44999694824219,
    "COPPER_future": 5.130000114440918,
    "High_Yield_Bond_ETF": 80.87000274658203,
    "LIVE_CATTLE_future": 207.3249969482422,
    "GOLD_near_month_future": 4196.7001953125,
    "NATURAL_GAS_future": 4.50600004196167,
    "PLATINUM_future": 1565.9000244140625,
    "SILVER_future": 52.34000015258789,
    "Long_Term_Treasury_ETF": 90.23999786376953,
    "CORN_future": 439.0,
    "SOYBEANS_future": 1126.25,
    "WHEAT_future": 525.25,
    "SP500_close": 6765.8798828125,
    "NASDAQ_close": 23025.58984375,
    "US_10Y_Treasury_Yield": 4.001999855041504,
    "VIX_close": 18.559999465942383,
    "GOLD_basis_spot_vs_near": -0.10009765625,
    "China_10Y_Treasury_Yield": 1.8301
  }
}