{
  "latest_date": "2026-05-28",
  "latest_values": {
    "Shanghai_Composite_Index": 4093.72705078125,
    "CSI_300_Index": 4908.169921875,
    "Shenzhen_Component_Index": 15736.4697265625,
    "ALUMINUM_future": 3650.75,
    "BTC_price": 73185.359375,
    "OIL_price": 89.06999969482422,
    "USD_CNY_exchange_rate": 6.779099941253662,
    "Commodity_Index_ETF": 29.604999542236328,
    "US_Dollar_Index": 98.9749984741211,
    "ETH_price": 2008.9300537109375,
    "GOLD_spot_price": 4535.60009765625,
    "LEAN_HOGS_future": 101.9749984741211,
    "COPPER_future": 6.427499771118164,
    "High_Yield_Bond_ETF": 80.19999694824219,
    "LIVE_CATTLE_future": 241.64999389648438,
    "GOLD_near_month_future": 4535.60009765625,
    "NATURAL_GAS_future": 3.2679998874664307,
    "PLATINUM_future": 1927.199951171875,
    "SILVER_future": 75.97000122070312,
    "Long_Term_Treasury_ETF": 85.58999633789062,
    "CORN_future": 454.25,
    "SOYBEANS_future": 1193.0,
    "WHEAT_future": 620.75,
    "SP500_close": 7561.0498046875,
    "NASDAQ_close": 26887.8203125,
    "US_10Y_Treasury_Yield": 4.450999736785889,
    "VIX_close": 15.829999923706055,
    "GOLD_basis_spot_vs_near": 0.0,
    "China_10Y_Treasury_Yield": 1.7193
  }
}