{
  "latest_date": "2025-11-03",
  "latest_values": {
    "Shanghai_Composite_Index": 3954.7900390625,
    "CSI_300_Index": 4640.669921875,
    "Shenzhen_Component_Index": 13378.2099609375,
    "ALUMINUM_future": 2883.25,
    "BTC_price": 110504.34375,
    "OIL_price": 61.31999969482422,
    "USD_CNY_exchange_rate": 7.116399765014648,
    "Commodity_Index_ETF": 22.8799991607666,
    "US_Dollar_Index": 99.81099700927734,
    "ETH_price": 3903.65087890625,
    "GOLD_spot_price": 3978.60009765625,
    "LEAN_HOGS_future": 82.5250015258789,
    "COPPER_future": 5.109000205993652,
    "High_Yield_Bond_ETF": 80.80000305175781,
    "LIVE_CATTLE_future": 229.6750030517578,
    "GOLD_near_month_future": 3978.39990234375,
    "NATURAL_GAS_future": 4.0960001945495605,
    "PLATINUM_future": 1564.9000244140625,
    "SILVER_future": 47.95000076293945,
    "Long_Term_Treasury_ETF": 90.29000091552734,
    "CORN_future": 431.5,
    "SOYBEANS_future": 1115.25,
    "WHEAT_future": 534.0,
    "SP500_close": 6840.2001953125,
    "NASDAQ_close": 23724.9609375,
    "US_10Y_Treasury_Yield": 4.10099983215332,
    "VIX_close": 17.440000534057617,
    "GOLD_basis_spot_vs_near": 0.2001953125,
    "China_10Y_Treasury_Yield": 1.7954
  }
}