{
  "latest_date": "2026-01-30",
  "latest_values": {
    "Shanghai_Composite_Index": 4157.98388671875,
    "CSI_300_Index": 4753.8701171875,
    "Shenzhen_Component_Index": 14300.080078125,
    "ALUMINUM_future": 3168.0,
    "BTC_price": 82834.046875,
    "OIL_price": 64.33000183105469,
    "USD_CNY_exchange_rate": 6.948400020599365,
    "Commodity_Index_ETF": 25.299999237060547,
    "US_Dollar_Index": 96.5199966430664,
    "ETH_price": 2746.054443359375,
    "GOLD_spot_price": 5239.0,
    "LEAN_HOGS_future": 95.32499694824219,
    "COPPER_future": 6.05649995803833,
    "High_Yield_Bond_ETF": 81.02999877929688,
    "LIVE_CATTLE_future": 237.27499389648438,
    "GOLD_near_month_future": 5237.2001953125,
    "NATURAL_GAS_future": 3.8369998931884766,
    "PLATINUM_future": 2503.699951171875,
    "SILVER_future": 111.08999633789062,
    "Long_Term_Treasury_ETF": 87.62000274658203,
    "CORN_future": 430.0,
    "SOYBEANS_future": 1067.25,
    "WHEAT_future": 539.5,
    "SP500_close": 6969.009765625,
    "NASDAQ_close": 23685.119140625,
    "US_10Y_Treasury_Yield": 4.2270002365112305,
    "VIX_close": 16.8799991607666,
    "GOLD_basis_spot_vs_near": 1.7998046875,
    "China_10Y_Treasury_Yield": 1.8174
  }
}