{
  "latest_date": "2026-04-27",
  "latest_values": {
    "Shanghai_Composite_Index": 4079.89990234375,
    "CSI_300_Index": 4769.3701171875,
    "Shenzhen_Component_Index": 14940.2998046875,
    "ALUMINUM_future": 3538.0,
    "BTC_price": 76569.5625,
    "OIL_price": 96.19999694824219,
    "USD_CNY_exchange_rate": 6.822800159454346,
    "Commodity_Index_ETF": 30.049999237060547,
    "US_Dollar_Index": 98.46199798583984,
    "ETH_price": 2280.989990234375,
    "GOLD_spot_price": 4697.10009765625,
    "LEAN_HOGS_future": 102.17500305175781,
    "COPPER_future": 6.088500022888184,
    "High_Yield_Bond_ETF": 80.48500061035156,
    "LIVE_CATTLE_future": 248.97500610351562,
    "GOLD_near_month_future": 4696.89990234375,
    "NATURAL_GAS_future": 2.734999895095825,
    "PLATINUM_future": 1996.9000244140625,
    "SILVER_future": 75.55500030517578,
    "Long_Term_Treasury_ETF": 86.2699966430664,
    "CORN_future": 469.5,
    "SOYBEANS_future": 1191.25,
    "WHEAT_future": 630.75,
    "SP500_close": 7175.6298828125,
    "NASDAQ_close": 24879.380859375,
    "US_10Y_Treasury_Yield": 4.335999965667725,
    "VIX_close": 18.420000076293945,
    "GOLD_basis_spot_vs_near": 0.2001953125,
    "China_10Y_Treasury_Yield": 1.7697
  }
}