{
  "latest_date": "2025-11-06",
  "latest_values": {
    "Shanghai_Composite_Index": 3969.248046875,
    "CSI_300_Index": 4627.259765625,
    "Shenzhen_Component_Index": 13175.2197265625,
    "ALUMINUM_future": 2825.5,
    "BTC_price": 103404.25,
    "OIL_price": 59.77000045776367,
    "USD_CNY_exchange_rate": 7.117800235748291,
    "Commodity_Index_ETF": 22.81999969482422,
    "US_Dollar_Index": 99.77200317382812,
    "ETH_price": 3394.8134765625,
    "GOLD_spot_price": 4022.300048828125,
    "LEAN_HOGS_future": 80.5,
    "COPPER_future": 5.002999782562256,
    "High_Yield_Bond_ETF": 80.2300033569336,
    "LIVE_CATTLE_future": 218.125,
    "GOLD_near_month_future": 4021.89990234375,
    "NATURAL_GAS_future": 4.285999774932861,
    "PLATINUM_future": 1563.0,
    "SILVER_future": 48.400001525878906,
    "Long_Term_Treasury_ETF": 88.95999908447266,
    "CORN_future": 433.0,
    "SOYBEANS_future": 1122.75,
    "WHEAT_future": 546.25,
    "SP500_close": 6796.2900390625,
    "NASDAQ_close": 23499.80078125,
    "US_10Y_Treasury_Yield": 4.118000030517578,
    "VIX_close": 17.739999771118164,
    "GOLD_basis_spot_vs_near": 0.400146484375,
    "China_10Y_Treasury_Yield": 1.81
  }
}