{
  "latest_date": "2025-10-10",
  "latest_values": {
    "Shanghai_Composite_Index": 3933.971923828125,
    "CSI_300_Index": 4709.47998046875,
    "Shenzhen_Component_Index": 13725.5595703125,
    "ALUMINUM_future": 2736.75,
    "BTC_price": 121664.078125,
    "OIL_price": 60.68000030517578,
    "USD_CNY_exchange_rate": 7.118500232696533,
    "Commodity_Index_ETF": 22.549999237060547,
    "US_Dollar_Index": 99.39800262451172,
    "ETH_price": 4347.25439453125,
    "GOLD_spot_price": 4001.300048828125,
    "LEAN_HOGS_future": 84.44999694824219,
    "COPPER_future": 5.110000133514404,
    "High_Yield_Bond_ETF": 80.41999816894531,
    "LIVE_CATTLE_future": 239.89999389648438,
    "GOLD_near_month_future": 4001.5,
    "NATURAL_GAS_future": 3.190000057220459,
    "PLATINUM_future": 1647.199951171875,
    "SILVER_future": 48.23500061035156,
    "Long_Term_Treasury_ETF": 89.18000030517578,
    "CORN_future": 416.75,
    "SOYBEANS_future": 1028.25,
    "WHEAT_future": 502.5,
    "SP500_close": 6735.10986328125,
    "NASDAQ_close": 23024.630859375,
    "US_10Y_Treasury_Yield": 4.1479997634887695,
    "VIX_close": 16.479999542236328,
    "GOLD_basis_spot_vs_near": -0.199951171875,
    "China_10Y_Treasury_Yield": 1.846
  }
}