{
  "latest_date": "2026-04-23",
  "latest_values": {
    "Shanghai_Composite_Index": 4106.2578125,
    "CSI_300_Index": 4799.6298828125,
    "Shenzhen_Component_Index": 15177.2900390625,
    "ALUMINUM_future": 3548.25,
    "BTC_price": 77932.2109375,
    "OIL_price": 94.69999694824219,
    "USD_CNY_exchange_rate": 6.820799827575684,
    "Commodity_Index_ETF": 29.510000228881836,
    "US_Dollar_Index": 98.68699645996094,
    "ETH_price": 2348.89990234375,
    "GOLD_spot_price": 4716.5,
    "LEAN_HOGS_future": 102.5,
    "COPPER_future": 6.0335001945495605,
    "High_Yield_Bond_ETF": 80.5,
    "LIVE_CATTLE_future": 243.22500610351562,
    "GOLD_near_month_future": 4715.7998046875,
    "NATURAL_GAS_future": 2.7230000495910645,
    "PLATINUM_future": 2050.89990234375,
    "SILVER_future": 75.91999816894531,
    "Long_Term_Treasury_ETF": 86.73999786376953,
    "CORN_future": 463.25,
    "SOYBEANS_future": 1180.25,
    "WHEAT_future": 611.75,
    "SP500_close": 7137.89990234375,
    "NASDAQ_close": 24657.56640625,
    "US_10Y_Treasury_Yield": 4.293999671936035,
    "VIX_close": 18.920000076293945,
    "GOLD_basis_spot_vs_near": 0.7001953125,
    "China_10Y_Treasury_Yield": 1.7389
  }
}