{
  "latest_date": "2025-12-09",
  "latest_values": {
    "Shanghai_Composite_Index": 3924.077880859375,
    "CSI_300_Index": 4621.75,
    "Shenzhen_Component_Index": 13329.990234375,
    "ALUMINUM_future": 2864.75,
    "BTC_price": 90509.8671875,
    "OIL_price": 58.75,
    "USD_CNY_exchange_rate": 7.06279993057251,
    "Commodity_Index_ETF": 23.040000915527344,
    "US_Dollar_Index": 99.125,
    "ETH_price": 3120.31298828125,
    "GOLD_spot_price": 4230.7998046875,
    "LEAN_HOGS_future": 82.3499984741211,
    "COPPER_future": 5.3454999923706055,
    "High_Yield_Bond_ETF": 80.55000305175781,
    "LIVE_CATTLE_future": 227.3249969482422,
    "GOLD_near_month_future": 4230.7001953125,
    "NATURAL_GAS_future": 4.73199987411499,
    "PLATINUM_future": 1668.199951171875,
    "SILVER_future": 59.400001525878906,
    "Long_Term_Treasury_ETF": 87.87999725341797,
    "CORN_future": 434.5,
    "SOYBEANS_future": 1089.0,
    "WHEAT_future": 532.25,
    "SP500_close": 6846.509765625,
    "NASDAQ_close": 23545.900390625,
    "US_10Y_Treasury_Yield": 4.14300012588501,
    "VIX_close": 17.040000915527344,
    "GOLD_basis_spot_vs_near": 0.099609375,
    "China_10Y_Treasury_Yield": 1.8425
  }
}