{
  "latest_date": "2026-02-18",
  "latest_values": {
    "Shanghai_Composite_Index": 4082.072998046875,
    "CSI_300_Index": 4660.41015625,
    "Shenzhen_Component_Index": 14100.1904296875,
    "ALUMINUM_future": 3047.25,
    "BTC_price": 66209.1328125,
    "OIL_price": 65.08000183105469,
    "USD_CNY_exchange_rate": 6.90749979019165,
    "Commodity_Index_ETF": 24.174999237060547,
    "US_Dollar_Index": 97.6989974975586,
    "ETH_price": 1938.259033203125,
    "GOLD_spot_price": 5001.7001953125,
    "LEAN_HOGS_future": 92.55000305175781,
    "COPPER_future": 5.763999938964844,
    "High_Yield_Bond_ETF": 80.86000061035156,
    "LIVE_CATTLE_future": 242.52499389648438,
    "GOLD_near_month_future": 5001.7001953125,
    "NATURAL_GAS_future": 3.0329999923706055,
    "PLATINUM_future": 2088.699951171875,
    "SILVER_future": 76.72000122070312,
    "Long_Term_Treasury_ETF": 89.55010223388672,
    "CORN_future": 426.5,
    "SOYBEANS_future": 1147.75,
    "WHEAT_future": 554.0,
    "SP500_close": 6859.83984375,
    "NASDAQ_close": 22669.994140625,
    "US_10Y_Treasury_Yield": 4.078999996185303,
    "VIX_close": 20.190000534057617,
    "GOLD_basis_spot_vs_near": 0.0,
    "China_10Y_Treasury_Yield": 1.7899
  }
}