{
  "latest_date": "2025-11-03",
  "latest_values": {
    "Shanghai_Composite_Index": 3976.520751953125,
    "CSI_300_Index": 4653.40283203125,
    "Shenzhen_Component_Index": 13404.0634765625,
    "ALUMINUM_future": 2876.75,
    "BTC_price": 106980.265625,
    "OIL_price": 61.0099983215332,
    "USD_CNY_exchange_rate": 7.11959981918335,
    "Commodity_Index_ETF": 23.030000686645508,
    "US_Dollar_Index": 99.8740005493164,
    "ETH_price": 3629.9736328125,
    "GOLD_spot_price": 4017.0,
    "LEAN_HOGS_future": 80.3499984741211,
    "COPPER_future": 5.047999858856201,
    "High_Yield_Bond_ETF": 80.21499633789062,
    "LIVE_CATTLE_future": 232.1750030517578,
    "GOLD_near_month_future": 4017.0,
    "NATURAL_GAS_future": 4.263999938964844,
    "PLATINUM_future": 1578.0999755859375,
    "SILVER_future": 47.970001220703125,
    "Long_Term_Treasury_ETF": 89.66899871826172,
    "CORN_future": 434.75,
    "SOYBEANS_future": 1134.5,
    "WHEAT_future": 544.75,
    "SP500_close": 6855.9501953125,
    "NASDAQ_close": 23851.0,
    "US_10Y_Treasury_Yield": 4.109000205993652,
    "VIX_close": 17.200000762939453,
    "GOLD_basis_spot_vs_near": 0.0,
    "China_10Y_Treasury_Yield": 1.7944
  }
}