{
  "latest_date": "2026-03-16",
  "latest_values": {
    "Shanghai_Composite_Index": 4095.447998046875,
    "CSI_300_Index": 4669.14013671875,
    "Shenzhen_Component_Index": 14280.7802734375,
    "ALUMINUM_future": 3358.5,
    "BTC_price": 73878.9453125,
    "OIL_price": 94.83000183105469,
    "USD_CNY_exchange_rate": 6.894999980926514,
    "Commodity_Index_ETF": 28.595500946044922,
    "ETH_price": 2279.34130859375,
    "GOLD_spot_price": 5030.5,
    "LEAN_HOGS_future": 93.44999694824219,
    "COPPER_future": 5.8125,
    "High_Yield_Bond_ETF": 79.51499938964844,
    "LIVE_CATTLE_future": 230.89999389648438,
    "GOLD_near_month_future": 5030.10009765625,
    "NATURAL_GAS_future": 3.1019999980926514,
    "PLATINUM_future": 2098.0,
    "SILVER_future": 80.90499877929688,
    "Long_Term_Treasury_ETF": 87.16500091552734,
    "CORN_future": 462.5,
    "SOYBEANS_future": 1193.0,
    "WHEAT_future": 607.5,
    "SP500_close": 6696.35009765625,
    "NASDAQ_close": 22372.791015625,
    "US_10Y_Treasury_Yield": 4.230000019073486,
    "VIX_close": 25.200000762939453,
    "GOLD_basis_spot_vs_near": 0.39990234375,
    "China_10Y_Treasury_Yield": 1.8312
  }
}