{
  "latest_date": "2025-10-22",
  "latest_values": {
    "Shanghai_Composite_Index": 3913.757568359375,
    "CSI_300_Index": 4592.56982421875,
    "Shenzhen_Component_Index": 12996.6083984375,
    "ALUMINUM_future": 2733.75,
    "BTC_price": 107361.3046875,
    "OIL_price": 59.25,
    "USD_CNY_exchange_rate": 7.121799945831299,
    "Commodity_Index_ETF": 22.459999084472656,
    "US_Dollar_Index": 98.91200256347656,
    "ETH_price": 3767.286376953125,
    "GOLD_spot_price": 4117.5,
    "LEAN_HOGS_future": 85.25,
    "COPPER_future": 5.004000186920166,
    "High_Yield_Bond_ETF": 80.68000030517578,
    "LIVE_CATTLE_future": 239.97500610351562,
    "GOLD_near_month_future": 4117.7998046875,
    "NATURAL_GAS_future": 3.437000036239624,
    "PLATINUM_future": 1575.699951171875,
    "SILVER_future": 48.17499923706055,
    "Long_Term_Treasury_ETF": 92.05999755859375,
    "CORN_future": 423.75,
    "SOYBEANS_future": 1035.0,
    "WHEAT_future": 503.75,
    "SP500_close": 6699.39990234375,
    "NASDAQ_close": 22740.396484375,
    "US_10Y_Treasury_Yield": 3.9529998302459717,
    "VIX_close": 18.600000381469727,
    "GOLD_basis_spot_vs_near": -0.2998046875,
    "China_10Y_Treasury_Yield": 1.8293
  }
}