{
  "latest_date": "2026-05-02",
  "latest_values": {
    "Shanghai_Composite_Index": 4112.1591796875,
    "CSI_300_Index": 4807.31005859375,
    "Shenzhen_Component_Index": 15107.5498046875,
    "ALUMINUM_future": 3471.75,
    "BTC_price": 78344.0625,
    "OIL_price": 102.5,
    "USD_CNY_exchange_rate": 6.8267998695373535,
    "Commodity_Index_ETF": 30.809999465942383,
    "US_Dollar_Index": 98.21099853515625,
    "ETH_price": 2297.3798828125,
    "GOLD_spot_price": 4625.60009765625,
    "LEAN_HOGS_future": 101.32499694824219,
    "COPPER_future": 5.9644999504089355,
    "High_Yield_Bond_ETF": 80.05999755859375,
    "LIVE_CATTLE_future": 253.0,
    "GOLD_near_month_future": 4626.2001953125,
    "NATURAL_GAS_future": 2.7890000343322754,
    "PLATINUM_future": 2000.699951171875,
    "SILVER_future": 75.83999633789062,
    "Long_Term_Treasury_ETF": 85.61000061035156,
    "CORN_future": 479.5,
    "SOYBEANS_future": 1201.5,
    "WHEAT_future": 636.5,
    "SP500_close": 7230.1201171875,
    "NASDAQ_close": 25114.443359375,
    "US_10Y_Treasury_Yield": 4.377999782562256,
    "VIX_close": 16.989999771118164,
    "GOLD_basis_spot_vs_near": -0.60009765625,
    "China_10Y_Treasury_Yield": 1.7473
  }
}