{
  "latest_date": "2026-02-20",
  "latest_values": {
    "Shanghai_Composite_Index": 4082.072998046875,
    "CSI_300_Index": 4660.41015625,
    "Shenzhen_Component_Index": 14100.1904296875,
    "ALUMINUM_future": 3050.5,
    "BTC_price": 67759.8125,
    "OIL_price": 65.9000015258789,
    "USD_CNY_exchange_rate": 6.90749979019165,
    "Commodity_Index_ETF": 24.4950008392334,
    "US_Dollar_Index": 97.6719970703125,
    "ETH_price": 1967.01708984375,
    "GOLD_spot_price": 5066.2001953125,
    "LEAN_HOGS_future": 93.75,
    "COPPER_future": 5.809000015258789,
    "High_Yield_Bond_ETF": 80.95600128173828,
    "LIVE_CATTLE_future": 242.6999969482422,
    "GOLD_near_month_future": 5066.39990234375,
    "NATURAL_GAS_future": 2.9579999446868896,
    "PLATINUM_future": 2155.800048828125,
    "SILVER_future": 81.90499877929688,
    "Long_Term_Treasury_ETF": 89.2750015258789,
    "CORN_future": 437.5,
    "SOYBEANS_future": 1147.25,
    "WHEAT_future": 574.5,
    "SP500_close": 6903.08984375,
    "NASDAQ_close": 22917.33203125,
    "US_10Y_Treasury_Yield": 4.093999862670898,
    "VIX_close": 18.979999542236328,
    "GOLD_basis_spot_vs_near": -0.19970703125,
    "China_10Y_Treasury_Yield": 1.7899
  }
}