{
  "latest_date": "2026-01-26",
  "latest_values": {
    "Shanghai_Composite_Index": 4136.1640625,
    "CSI_300_Index": 4702.5,
    "Shenzhen_Component_Index": 14439.66015625,
    "ALUMINUM_future": 3150.0,
    "BTC_price": 87197.7734375,
    "OIL_price": 61.06999969482422,
    "USD_CNY_exchange_rate": 6.954899787902832,
    "Commodity_Index_ETF": 24.18000030517578,
    "US_Dollar_Index": 97.11699676513672,
    "ETH_price": 2844.35546875,
    "GOLD_spot_price": 5078.2998046875,
    "LEAN_HOGS_future": 96.17500305175781,
    "COPPER_future": 5.938499927520752,
    "High_Yield_Bond_ETF": 81.13999938964844,
    "LIVE_CATTLE_future": 236.9250030517578,
    "GOLD_near_month_future": 5077.7001953125,
    "NATURAL_GAS_future": 3.7869999408721924,
    "PLATINUM_future": 2863.699951171875,
    "SILVER_future": 108.74500274658203,
    "Long_Term_Treasury_ETF": 87.93000030517578,
    "CORN_future": 431.0,
    "SOYBEANS_future": 1074.0,
    "WHEAT_future": 532.0,
    "SP500_close": 6915.60986328125,
    "NASDAQ_close": 23501.240234375,
    "US_10Y_Treasury_Yield": 4.238999843597412,
    "VIX_close": 16.09000015258789,
    "GOLD_basis_spot_vs_near": 0.599609375,
    "China_10Y_Treasury_Yield": 1.8298
  }
}