{
  "latest_date": "2026-07-24",
  "latest_values": {
    "Shanghai_Composite_Index": 3876.777099609375,
    "CSI_300_Index": 4529.10009765625,
    "Shenzhen_Component_Index": 14123.3095703125,
    "ALUMINUM_future": 3455.25,
    "BTC_price": 63925.96875,
    "OIL_price": 88.77999877929688,
    "USD_CNY_exchange_rate": 6.772500038146973,
    "Commodity_Index_ETF": 29.959999084472656,
    "US_Dollar_Index": 101.47100067138672,
    "ETH_price": 1848.239990234375,
    "GOLD_spot_price": 4065.89990234375,
    "LEAN_HOGS_future": 88.94999694824219,
    "COPPER_future": 6.35099983215332,
    "High_Yield_Bond_ETF": 79.2750015258789,
    "LIVE_CATTLE_future": 222.5749969482422,
    "GOLD_near_month_future": 4065.89990234375,
    "NATURAL_GAS_future": 2.888000011444092,
    "PLATINUM_future": 1605.5999755859375,
    "SILVER_future": 58.88999938964844,
    "Long_Term_Treasury_ETF": 83.30999755859375,
    "CORN_future": 485.5,
    "SOYBEANS_future": 1254.0,
    "WHEAT_future": 675.5,
    "SP500_close": 7428.52001953125,
    "NASDAQ_close": 25076.009765625,
    "US_10Y_Treasury_Yield": 4.678999900817871,
    "VIX_close": 18.020000457763672,
    "GOLD_basis_spot_vs_near": 0.0,
    "China_10Y_Treasury_Yield": 1.7282
  }
}