{
  "latest_date": "2025-10-09",
  "latest_values": {
    "Shanghai_Composite_Index": 3933.972412109375,
    "CSI_300_Index": 4709.48193359375,
    "Shenzhen_Component_Index": 13725.556640625,
    "ALUMINUM_future": 2744.5,
    "BTC_price": 121137.3125,
    "OIL_price": 61.529998779296875,
    "USD_CNY_exchange_rate": 7.127500057220459,
    "Commodity_Index_ETF": 22.549999237060547,
    "US_Dollar_Index": 99.40499877929688,
    "ETH_price": 4341.845703125,
    "GOLD_spot_price": 3990.5,
    "LEAN_HOGS_future": 84.44999694824219,
    "COPPER_future": 5.140999794006348,
    "High_Yield_Bond_ETF": 80.41999816894531,
    "LIVE_CATTLE_future": 239.89999389648438,
    "GOLD_near_month_future": 3990.39990234375,
    "NATURAL_GAS_future": 3.243000030517578,
    "PLATINUM_future": 1663.9000244140625,
    "SILVER_future": 47.630001068115234,
    "Long_Term_Treasury_ETF": 89.18000030517578,
    "CORN_future": 418.5,
    "SOYBEANS_future": 1038.0,
    "WHEAT_future": 508.0,
    "SP500_close": 6735.10986328125,
    "NASDAQ_close": 23024.625,
    "US_10Y_Treasury_Yield": 4.1479997634887695,
    "VIX_close": 16.43000030517578,
    "GOLD_basis_spot_vs_near": 0.10009765625,
    "China_10Y_Treasury_Yield": 1.8466
  }
}