{
  "latest_date": "2026-07-14",
  "latest_values": {
    "Shanghai_Composite_Index": 3913.7939453125,
    "CSI_300_Index": 4780.7900390625,
    "Shenzhen_Component_Index": 14522.849609375,
    "ALUMINUM_future": 3428.0,
    "BTC_price": 63758.21875,
    "OIL_price": 79.80999755859375,
    "USD_CNY_exchange_rate": 6.776599884033203,
    "Commodity_Index_ETF": 28.329999923706055,
    "US_Dollar_Index": 101.19300079345703,
    "ETH_price": 1805.7880859375,
    "GOLD_spot_price": 4026.800048828125,
    "LEAN_HOGS_future": 94.7750015258789,
    "COPPER_future": 6.36299991607666,
    "High_Yield_Bond_ETF": 79.5199966430664,
    "LIVE_CATTLE_future": 234.72500610351562,
    "GOLD_near_month_future": 4026.800048828125,
    "NATURAL_GAS_future": 2.88100004196167,
    "PLATINUM_future": 1614.9000244140625,
    "SILVER_future": 58.040000915527344,
    "Long_Term_Treasury_ETF": 83.97000122070312,
    "CORN_future": 459.75,
    "SOYBEANS_future": 1190.0,
    "WHEAT_future": 638.25,
    "SP500_close": 7515.33984375,
    "NASDAQ_close": 25873.1796875,
    "US_10Y_Treasury_Yield": 4.609000205993652,
    "VIX_close": 17.15999984741211,
    "GOLD_basis_spot_vs_near": 0.0,
    "China_10Y_Treasury_Yield": 1.7442
  }
}