{
  "latest_date": "2025-11-10",
  "latest_values": {
    "Shanghai_Composite_Index": 4018.59716796875,
    "CSI_300_Index": 4695.05078125,
    "Shenzhen_Component_Index": 13427.6123046875,
    "ALUMINUM_future": 2834.25,
    "BTC_price": 105904.9375,
    "OIL_price": 60.099998474121094,
    "USD_CNY_exchange_rate": 7.118800163269043,
    "Commodity_Index_ETF": 23.132400512695312,
    "US_Dollar_Index": 99.58899688720703,
    "ETH_price": 3558.921630859375,
    "GOLD_spot_price": 4120.7001953125,
    "LEAN_HOGS_future": 82.5999984741211,
    "COPPER_future": 5.101500034332275,
    "High_Yield_Bond_ETF": 80.62999725341797,
    "LIVE_CATTLE_future": 228.375,
    "GOLD_near_month_future": 4120.39990234375,
    "NATURAL_GAS_future": 4.335000038146973,
    "PLATINUM_future": 1598.5999755859375,
    "SILVER_future": 50.45500183105469,
    "Long_Term_Treasury_ETF": 89.49009704589844,
    "CORN_future": 429.25,
    "SOYBEANS_future": 1127.5,
    "WHEAT_future": 535.5,
    "SP500_close": 6836.06982421875,
    "NASDAQ_close": 23536.498046875,
    "US_10Y_Treasury_Yield": 4.109999656677246,
    "VIX_close": 17.700000762939453,
    "GOLD_basis_spot_vs_near": 0.30029296875,
    "China_10Y_Treasury_Yield": 1.8139
  }
}