{
  "latest_date": "2025-11-11",
  "latest_values": {
    "Shanghai_Composite_Index": 4018.596923828125,
    "CSI_300_Index": 4695.0498046875,
    "Shenzhen_Component_Index": 13427.6103515625,
    "ALUMINUM_future": 2852.75,
    "BTC_price": 104319.34375,
    "OIL_price": 60.75,
    "USD_CNY_exchange_rate": 7.116000175476074,
    "Commodity_Index_ETF": 23.149999618530273,
    "US_Dollar_Index": 99.31199645996094,
    "ETH_price": 3525.548583984375,
    "GOLD_spot_price": 4151.39990234375,
    "LEAN_HOGS_future": 82.5999984741211,
    "COPPER_future": 5.0904998779296875,
    "High_Yield_Bond_ETF": 80.5999984741211,
    "LIVE_CATTLE_future": 226.9499969482422,
    "GOLD_near_month_future": 4151.2001953125,
    "NATURAL_GAS_future": 4.357999801635742,
    "PLATINUM_future": 1607.699951171875,
    "SILVER_future": 50.97999954223633,
    "Long_Term_Treasury_ETF": 89.55000305175781,
    "CORN_future": 428.75,
    "SOYBEANS_future": 1123.5,
    "WHEAT_future": 533.0,
    "SP500_close": 6832.43017578125,
    "NASDAQ_close": 23527.169921875,
    "US_10Y_Treasury_Yield": 4.119999885559082,
    "VIX_close": 17.889999389648438,
    "GOLD_basis_spot_vs_near": 0.19970703125,
    "China_10Y_Treasury_Yield": 1.8119
  }
}