{
  "latest_date": "2026-06-11",
  "latest_values": {
    "Shanghai_Composite_Index": 3993.22607421875,
    "CSI_300_Index": 4748.58984375,
    "Shenzhen_Component_Index": 14954.099609375,
    "ALUMINUM_future": 3530.75,
    "BTC_price": 62325.859375,
    "OIL_price": 90.37000274658203,
    "USD_CNY_exchange_rate": 6.775100231170654,
    "Commodity_Index_ETF": 29.170000076293945,
    "US_Dollar_Index": 100.29499816894531,
    "ETH_price": 1633.449951171875,
    "GOLD_spot_price": 4098.5,
    "LEAN_HOGS_future": 95.75,
    "COPPER_future": 6.268499851226807,
    "High_Yield_Bond_ETF": 79.61000061035156,
    "LIVE_CATTLE_future": 242.9499969482422,
    "GOLD_near_month_future": 4098.60009765625,
    "NATURAL_GAS_future": 3.0869998931884766,
    "PLATINUM_future": 1667.9000244140625,
    "SILVER_future": 63.88999938964844,
    "Long_Term_Treasury_ETF": 85.16500091552734,
    "CORN_future": 412.5,
    "SOYBEANS_future": 1111.5,
    "WHEAT_future": 585.75,
    "SP500_close": 7273.16015625,
    "NASDAQ_close": 25212.662109375,
    "US_10Y_Treasury_Yield": 4.5320000648498535,
    "VIX_close": 21.469999313354492,
    "GOLD_basis_spot_vs_near": -0.10009765625,
    "China_10Y_Treasury_Yield": 1.7475
  }
}