{
  "latest_date": "2026-05-13",
  "latest_values": {
    "Shanghai_Composite_Index": 4214.48876953125,
    "CSI_300_Index": 4948.0498046875,
    "Shenzhen_Component_Index": 15824.919921875,
    "ALUMINUM_future": 3582.75,
    "BTC_price": 79469.96875,
    "OIL_price": 101.11000061035156,
    "USD_CNY_exchange_rate": 6.790299892425537,
    "Commodity_Index_ETF": 31.36989974975586,
    "US_Dollar_Index": 98.50599670410156,
    "ETH_price": 2253.590087890625,
    "GOLD_spot_price": 4695.7998046875,
    "LEAN_HOGS_future": 100.875,
    "COPPER_future": 6.617000102996826,
    "High_Yield_Bond_ETF": 79.92500305175781,
    "LIVE_CATTLE_future": 252.72500610351562,
    "GOLD_near_month_future": 4695.7001953125,
    "NATURAL_GAS_future": 2.8580000400543213,
    "PLATINUM_future": 2175.199951171875,
    "SILVER_future": 88.43499755859375,
    "Long_Term_Treasury_ETF": 84.7750015258789,
    "CORN_future": 480.5,
    "SOYBEANS_future": 1227.25,
    "WHEAT_future": 674.75,
    "SP500_close": 7452.14013671875,
    "NASDAQ_close": 26433.8671875,
    "US_10Y_Treasury_Yield": 4.480999946594238,
    "VIX_close": 17.829999923706055,
    "GOLD_basis_spot_vs_near": 0.099609375,
    "China_10Y_Treasury_Yield": 1.7514
  }
}