{
  "latest_date": "2026-03-03",
  "latest_values": {
    "Shanghai_Composite_Index": 4182.5908203125,
    "CSI_300_Index": 4728.669921875,
    "Shenzhen_Component_Index": 14465.7900390625,
    "ALUMINUM_future": 3110.5,
    "BTC_price": 68229.3828125,
    "OIL_price": 73.97000122070312,
    "USD_CNY_exchange_rate": 6.897500038146973,
    "Commodity_Index_ETF": 25.809999465942383,
    "US_Dollar_Index": 98.8949966430664,
    "ETH_price": 1998.7008056640625,
    "GOLD_spot_price": 5343.0,
    "LEAN_HOGS_future": 95.57499694824219,
    "COPPER_future": 5.910999774932861,
    "High_Yield_Bond_ETF": 80.27999877929688,
    "LIVE_CATTLE_future": 233.64999389648438,
    "GOLD_near_month_future": 5343.2998046875,
    "NATURAL_GAS_future": 3.114000082015991,
    "PLATINUM_future": 2224.699951171875,
    "SILVER_future": 87.5,
    "Long_Term_Treasury_ETF": 89.61000061035156,
    "CORN_future": 447.25,
    "SOYBEANS_future": 1172.5,
    "WHEAT_future": 578.0,
    "SP500_close": 6881.6201171875,
    "NASDAQ_close": 22748.859375,
    "US_10Y_Treasury_Yield": 4.047999858856201,
    "VIX_close": 21.440000534057617,
    "GOLD_basis_spot_vs_near": -0.2998046875,
    "China_10Y_Treasury_Yield": 1.7761
  }
}