{
  "latest_date": "2026-02-09",
  "latest_values": {
    "Shanghai_Composite_Index": 4123.08984375,
    "CSI_300_Index": 4719.0556640625,
    "Shenzhen_Component_Index": 14208.435546875,
    "ALUMINUM_future": 3067.25,
    "BTC_price": 70405.53125,
    "OIL_price": 64.3499984741211,
    "USD_CNY_exchange_rate": 6.921500205993652,
    "Commodity_Index_ETF": 24.25,
    "US_Dollar_Index": 96.86199951171875,
    "ETH_price": 2116.203369140625,
    "GOLD_spot_price": 5100.2998046875,
    "LEAN_HOGS_future": 96.94999694824219,
    "COPPER_future": 5.971499919891357,
    "High_Yield_Bond_ETF": 80.91999816894531,
    "LIVE_CATTLE_future": 238.22500610351562,
    "GOLD_near_month_future": 5100.39990234375,
    "NATURAL_GAS_future": 3.138000011444092,
    "PLATINUM_future": 2141.0,
    "SILVER_future": 83.5199966430664,
    "Long_Term_Treasury_ETF": 87.5199966430664,
    "CORN_future": 428.5,
    "SOYBEANS_future": 1109.75,
    "WHEAT_future": 528.25,
    "SP500_close": 6964.81982421875,
    "NASDAQ_close": 23238.669921875,
    "US_10Y_Treasury_Yield": 4.197999954223633,
    "VIX_close": 17.440000534057617,
    "GOLD_basis_spot_vs_near": -0.10009765625,
    "China_10Y_Treasury_Yield": 1.8114
  }
}