{
  "latest_date": "2026-03-12",
  "latest_values": {
    "Shanghai_Composite_Index": 4129.1025390625,
    "CSI_300_Index": 4687.56005859375,
    "Shenzhen_Component_Index": 14374.87109375,
    "ALUMINUM_future": 3488.75,
    "BTC_price": 70447.359375,
    "OIL_price": 95.27999877929688,
    "USD_CNY_exchange_rate": 6.8684000968933105,
    "Commodity_Index_ETF": 28.690000534057617,
    "US_Dollar_Index": 99.63600158691406,
    "ETH_price": 2067.133544921875,
    "GOLD_spot_price": 5124.60009765625,
    "LEAN_HOGS_future": 94.44999694824219,
    "COPPER_future": 5.852499961853027,
    "High_Yield_Bond_ETF": 79.625,
    "LIVE_CATTLE_future": 231.8000030517578,
    "GOLD_near_month_future": 5124.2998046875,
    "NATURAL_GAS_future": 3.203000068664551,
    "PLATINUM_future": 2156.60009765625,
    "SILVER_future": 85.20500183105469,
    "Long_Term_Treasury_ETF": 87.16000366210938,
    "CORN_future": 464.0,
    "SOYBEANS_future": 1229.75,
    "WHEAT_future": 602.0,
    "SP500_close": 6697.759765625,
    "NASDAQ_close": 22405.8828125,
    "US_10Y_Treasury_Yield": 4.238999843597412,
    "VIX_close": 25.75,
    "GOLD_basis_spot_vs_near": 0.30029296875,
    "China_10Y_Treasury_Yield": 1.8052
  }
}