{
  "latest_date": "2026-06-01",
  "latest_values": {
    "Shanghai_Composite_Index": 4057.739990234375,
    "CSI_300_Index": 4844.25537109375,
    "Shenzhen_Component_Index": 15340.3564453125,
    "ALUMINUM_future": 3689.0,
    "BTC_price": 71503.53125,
    "OIL_price": 93.62000274658203,
    "USD_CNY_exchange_rate": 6.764500141143799,
    "Commodity_Index_ETF": 30.189800262451172,
    "US_Dollar_Index": 99.33200073242188,
    "ETH_price": 1967.050048828125,
    "GOLD_spot_price": 4487.39990234375,
    "LEAN_HOGS_future": 100.5,
    "COPPER_future": 6.478499889373779,
    "High_Yield_Bond_ETF": 79.72000122070312,
    "LIVE_CATTLE_future": 240.47500610351562,
    "GOLD_near_month_future": 4487.39990234375,
    "NATURAL_GAS_future": 3.190000057220459,
    "PLATINUM_future": 1926.0999755859375,
    "SILVER_future": 74.4800033569336,
    "Long_Term_Treasury_ETF": 84.86000061035156,
    "CORN_future": 442.75,
    "SOYBEANS_future": 1186.75,
    "WHEAT_future": 611.5,
    "SP500_close": 7577.77001953125,
    "NASDAQ_close": 26983.443359375,
    "US_10Y_Treasury_Yield": 4.51200008392334,
    "VIX_close": 16.100000381469727,
    "GOLD_basis_spot_vs_near": 0.0,
    "China_10Y_Treasury_Yield": 1.7009
  }
}