{
  "latest_date": "2026-05-27",
  "latest_values": {
    "Shanghai_Composite_Index": 4093.7265625,
    "CSI_300_Index": 4908.17138671875,
    "Shenzhen_Component_Index": 15736.46875,
    "ALUMINUM_future": 3621.0,
    "BTC_price": 74913.7421875,
    "OIL_price": 90.86000061035156,
    "USD_CNY_exchange_rate": 6.79449987411499,
    "Commodity_Index_ETF": 29.639999389648438,
    "US_Dollar_Index": 99.19200134277344,
    "ETH_price": 2061.840087890625,
    "GOLD_spot_price": 4465.89990234375,
    "LEAN_HOGS_future": 102.0999984741211,
    "COPPER_future": 6.355000019073486,
    "High_Yield_Bond_ETF": 80.12999725341797,
    "LIVE_CATTLE_future": 243.5500030517578,
    "GOLD_near_month_future": 4466.0,
    "NATURAL_GAS_future": 3.0799999237060547,
    "PLATINUM_future": 1917.9000244140625,
    "SILVER_future": 74.66500091552734,
    "Long_Term_Treasury_ETF": 85.3499984741211,
    "CORN_future": 456.5,
    "SOYBEANS_future": 1189.75,
    "WHEAT_future": 626.0,
    "SP500_close": 7515.52978515625,
    "NASDAQ_close": 26593.228515625,
    "US_10Y_Treasury_Yield": 4.4770002365112305,
    "VIX_close": 16.950000762939453,
    "GOLD_basis_spot_vs_near": -0.10009765625,
    "China_10Y_Treasury_Yield": 1.7216
  }
}