{
  "latest_date": "2026-06-13",
  "latest_values": {
    "Shanghai_Composite_Index": 4031.512939453125,
    "CSI_300_Index": 4777.31982421875,
    "Shenzhen_Component_Index": 14963.41015625,
    "ALUMINUM_future": 3575.25,
    "BTC_price": 63636.94921875,
    "OIL_price": 84.29000091552734,
    "USD_CNY_exchange_rate": 6.7621002197265625,
    "Commodity_Index_ETF": 28.549999237060547,
    "US_Dollar_Index": 99.75,
    "ETH_price": 1667.0999755859375,
    "GOLD_spot_price": 4239.89990234375,
    "LEAN_HOGS_future": 96.2249984741211,
    "COPPER_future": 6.473999977111816,
    "High_Yield_Bond_ETF": 79.94000244140625,
    "LIVE_CATTLE_future": 240.9499969482422,
    "GOLD_near_month_future": 4240.2998046875,
    "NATURAL_GAS_future": 3.1410000324249268,
    "PLATINUM_future": 1720.5999755859375,
    "SILVER_future": 68.12000274658203,
    "Long_Term_Treasury_ETF": 85.7699966430664,
    "CORN_future": 413.25,
    "SOYBEANS_future": 1113.25,
    "WHEAT_future": 585.25,
    "SP500_close": 7431.4599609375,
    "NASDAQ_close": 25888.84375,
    "US_10Y_Treasury_Yield": 4.486999988555908,
    "VIX_close": 17.68000030517578,
    "GOLD_basis_spot_vs_near": -0.39990234375,
    "China_10Y_Treasury_Yield": 1.7427
  }
}