{
  "latest_date": "2026-03-16",
  "latest_values": {
    "Shanghai_Composite_Index": 4095.447998046875,
    "CSI_300_Index": 4669.14013671875,
    "Shenzhen_Component_Index": 14280.7802734375,
    "ALUMINUM_future": 3449.5,
    "BTC_price": 72566.75,
    "OIL_price": 97.9800033569336,
    "USD_CNY_exchange_rate": 6.902200222015381,
    "Commodity_Index_ETF": 28.709999084472656,
    "ETH_price": 2175.20361328125,
    "GOLD_spot_price": 4997.5,
    "LEAN_HOGS_future": 93.44999694824219,
    "COPPER_future": 5.710000038146973,
    "High_Yield_Bond_ETF": 79.19999694824219,
    "LIVE_CATTLE_future": 228.9499969482422,
    "GOLD_near_month_future": 4997.7001953125,
    "NATURAL_GAS_future": 3.115000009536743,
    "PLATINUM_future": 2020.300048828125,
    "SILVER_future": 79.12999725341797,
    "Long_Term_Treasury_ETF": 86.54000091552734,
    "CORN_future": 463.25,
    "SOYBEANS_future": 1198.75,
    "WHEAT_future": 605.5,
    "SP500_close": 6632.18994140625,
    "NASDAQ_close": 22105.359375,
    "US_10Y_Treasury_Yield": 4.284999847412109,
    "VIX_close": 27.190000534057617,
    "GOLD_basis_spot_vs_near": -0.2001953125,
    "China_10Y_Treasury_Yield": 1.8143
  }
}