{
  "latest_date": "2026-03-25",
  "latest_values": {
    "Shanghai_Composite_Index": 3881.280029296875,
    "CSI_300_Index": 4474.72021484375,
    "Shenzhen_Component_Index": 13536.5595703125,
    "ALUMINUM_future": 3161.25,
    "BTC_price": 71178.0546875,
    "OIL_price": 88.63999938964844,
    "USD_CNY_exchange_rate": 6.893700122833252,
    "Commodity_Index_ETF": 28.239999771118164,
    "US_Dollar_Index": 99.35900115966797,
    "ETH_price": 2171.1904296875,
    "GOLD_spot_price": 4560.7998046875,
    "LEAN_HOGS_future": 91.05000305175781,
    "COPPER_future": 5.5320000648498535,
    "High_Yield_Bond_ETF": 79.16999816894531,
    "LIVE_CATTLE_future": 235.375,
    "GOLD_near_month_future": 4560.7998046875,
    "NATURAL_GAS_future": 2.8350000381469727,
    "PLATINUM_future": 1958.4000244140625,
    "SILVER_future": 73.30000305175781,
    "Long_Term_Treasury_ETF": 86.01000213623047,
    "CORN_future": 459.75,
    "SOYBEANS_future": 1153.75,
    "WHEAT_future": 585.75,
    "SP500_close": 6556.3701171875,
    "NASDAQ_close": 21761.89453125,
    "US_10Y_Treasury_Yield": 4.3919997215271,
    "VIX_close": 26.950000762939453,
    "GOLD_basis_spot_vs_near": 0.0,
    "China_10Y_Treasury_Yield": 1.8272
  }
}