{
  "latest_date": "2025-11-24",
  "latest_values": {
    "Shanghai_Composite_Index": 3834.89111328125,
    "CSI_300_Index": 4453.60986328125,
    "Shenzhen_Component_Index": 12538.0703125,
    "ALUMINUM_future": 2711.25,
    "BTC_price": 86055.09375,
    "OIL_price": 57.72999954223633,
    "USD_CNY_exchange_rate": 7.105599880218506,
    "Commodity_Index_ETF": 22.530000686645508,
    "US_Dollar_Index": 100.09400177001953,
    "ETH_price": 2798.567626953125,
    "GOLD_spot_price": 4062.0,
    "LEAN_HOGS_future": 77.80000305175781,
    "COPPER_future": 4.984499931335449,
    "High_Yield_Bond_ETF": 80.37000274658203,
    "LIVE_CATTLE_future": 214.77499389648438,
    "GOLD_near_month_future": 4062.10009765625,
    "NATURAL_GAS_future": 4.6519999504089355,
    "PLATINUM_future": 1532.0,
    "SILVER_future": 49.724998474121094,
    "Long_Term_Treasury_ETF": 89.5,
    "CORN_future": 435.5,
    "SOYBEANS_future": 1122.0,
    "WHEAT_future": 535.0,
    "SP500_close": 6602.990234375,
    "NASDAQ_close": 22273.080078125,
    "US_10Y_Treasury_Yield": 4.063000202178955,
    "VIX_close": 23.350000381469727,
    "GOLD_basis_spot_vs_near": -0.10009765625,
    "China_10Y_Treasury_Yield": 1.821
  }
}