{
  "latest_date": "2026-06-05",
  "latest_values": {
    "Shanghai_Composite_Index": 4027.736083984375,
    "CSI_300_Index": 4816.919921875,
    "Shenzhen_Component_Index": 15314.7001953125,
    "ALUMINUM_future": 3739.5,
    "BTC_price": 61924.48828125,
    "OIL_price": 92.55999755859375,
    "USD_CNY_exchange_rate": 6.764999866485596,
    "Commodity_Index_ETF": 29.8799991607666,
    "US_Dollar_Index": 99.62699890136719,
    "ETH_price": 1666.56005859375,
    "GOLD_spot_price": 4427.39990234375,
    "LEAN_HOGS_future": 95.30000305175781,
    "COPPER_future": 6.377500057220459,
    "High_Yield_Bond_ETF": 79.83000183105469,
    "LIVE_CATTLE_future": 249.1750030517578,
    "GOLD_near_month_future": 4427.39990234375,
    "NATURAL_GAS_future": 3.2980000972747803,
    "PLATINUM_future": 1871.5,
    "SILVER_future": 71.15499877929688,
    "Long_Term_Treasury_ETF": 85.5,
    "CORN_future": 420.5,
    "SOYBEANS_future": 1130.25,
    "WHEAT_future": 584.25,
    "SP500_close": 7584.31005859375,
    "NASDAQ_close": 26830.9609375,
    "US_10Y_Treasury_Yield": 4.539999961853027,
    "VIX_close": 15.850000381469727,
    "GOLD_basis_spot_vs_near": 0.0,
    "China_10Y_Treasury_Yield": 1.7207
  }
}