{
  "latest_date": "2025-11-25",
  "latest_values": {
    "Shanghai_Composite_Index": 3870.022705078125,
    "CSI_300_Index": 4490.40478515625,
    "Shenzhen_Component_Index": 12777.3125,
    "ALUMINUM_future": 2776.0,
    "BTC_price": 86874.9921875,
    "OIL_price": 57.86000061035156,
    "USD_CNY_exchange_rate": 7.084000110626221,
    "Commodity_Index_ETF": 22.540000915527344,
    "US_Dollar_Index": 99.68399810791016,
    "ETH_price": 2925.149169921875,
    "GOLD_spot_price": 4171.10009765625,
    "LEAN_HOGS_future": 79.07499694824219,
    "COPPER_future": 5.105999946594238,
    "High_Yield_Bond_ETF": 80.82499694824219,
    "LIVE_CATTLE_future": 206.75,
    "GOLD_near_month_future": 4171.2998046875,
    "NATURAL_GAS_future": 4.480000019073486,
    "PLATINUM_future": 1564.4000244140625,
    "SILVER_future": 51.584999084472656,
    "Long_Term_Treasury_ETF": 90.24500274658203,
    "CORN_future": 438.25,
    "SOYBEANS_future": 1124.0,
    "WHEAT_future": 526.5,
    "SP500_close": 6758.9501953125,
    "NASDAQ_close": 22975.927734375,
    "US_10Y_Treasury_Yield": 4.004000186920166,
    "VIX_close": 18.760000228881836,
    "GOLD_basis_spot_vs_near": -0.19970703125,
    "China_10Y_Treasury_Yield": 1.8301
  }
}