{
  "latest_date": "2025-10-06",
  "latest_values": {
    "Shanghai_Composite_Index": 3882.777099609375,
    "CSI_300_Index": 4640.68994140625,
    "Shenzhen_Component_Index": 13526.509765625,
    "ALUMINUM_future": 2653.0,
    "BTC_price": 124709.25,
    "OIL_price": 61.34000015258789,
    "USD_CNY_exchange_rate": 7.11899995803833,
    "Commodity_Index_ETF": 22.40999984741211,
    "US_Dollar_Index": 98.23300170898438,
    "ETH_price": 4581.8583984375,
    "GOLD_spot_price": 3956.800048828125,
    "LEAN_HOGS_future": 89.32499694824219,
    "COPPER_future": 5.039000034332275,
    "High_Yield_Bond_ETF": 80.83999633789062,
    "LIVE_CATTLE_future": 231.02499389648438,
    "GOLD_near_month_future": 3956.800048828125,
    "NATURAL_GAS_future": 3.4179999828338623,
    "PLATINUM_future": 1655.5999755859375,
    "SILVER_future": 48.14500045776367,
    "Long_Term_Treasury_ETF": 89.37999725341797,
    "CORN_future": 418.75,
    "SOYBEANS_future": 1020.0,
    "WHEAT_future": 517.25,
    "SP500_close": 6715.7900390625,
    "NASDAQ_close": 22780.509765625,
    "US_10Y_Treasury_Yield": 4.164000034332275,
    "VIX_close": 16.889999389648438,
    "GOLD_basis_spot_vs_near": 0.0,
    "China_10Y_Treasury_Yield": 1.8605
  }
}