{
  "latest_date": "2026-05-13",
  "latest_values": {
    "Shanghai_Composite_Index": 4214.48876953125,
    "CSI_300_Index": 4948.0498046875,
    "Shenzhen_Component_Index": 15824.919921875,
    "ALUMINUM_future": 3571.5,
    "BTC_price": 80993.09375,
    "OIL_price": 101.08000183105469,
    "USD_CNY_exchange_rate": 6.7947998046875,
    "Commodity_Index_ETF": 31.690000534057617,
    "US_Dollar_Index": 98.43399810791016,
    "ETH_price": 2301.47998046875,
    "GOLD_spot_price": 4712.7998046875,
    "LEAN_HOGS_future": 90.92500305175781,
    "COPPER_future": 6.635000228881836,
    "High_Yield_Bond_ETF": 79.87000274658203,
    "LIVE_CATTLE_future": 247.6999969482422,
    "GOLD_near_month_future": 4712.60009765625,
    "NATURAL_GAS_future": 2.8350000381469727,
    "PLATINUM_future": 2133.300048828125,
    "SILVER_future": 87.2750015258789,
    "Long_Term_Treasury_ETF": 84.98999786376953,
    "CORN_future": 479.0,
    "SOYBEANS_future": 1224.75,
    "WHEAT_future": 670.75,
    "SP500_close": 7400.9599609375,
    "NASDAQ_close": 26088.19921875,
    "US_10Y_Treasury_Yield": 4.4629998207092285,
    "VIX_close": 17.989999771118164,
    "GOLD_basis_spot_vs_near": 0.19970703125,
    "China_10Y_Treasury_Yield": 1.7592
  }
}