{
  "latest_date": "2026-06-02",
  "latest_values": {
    "Shanghai_Composite_Index": 4057.739990234375,
    "CSI_300_Index": 4844.259765625,
    "Shenzhen_Component_Index": 15340.3603515625,
    "ALUMINUM_future": 3795.0,
    "BTC_price": 67318.453125,
    "OIL_price": 93.38999938964844,
    "USD_CNY_exchange_rate": 6.764999866485596,
    "Commodity_Index_ETF": 30.1200008392334,
    "US_Dollar_Index": 99.2249984741211,
    "ETH_price": 1898.1500244140625,
    "GOLD_spot_price": 4519.2001953125,
    "LEAN_HOGS_future": 98.75,
    "COPPER_future": 6.677499771118164,
    "High_Yield_Bond_ETF": 79.9000015258789,
    "LIVE_CATTLE_future": 239.8000030517578,
    "GOLD_near_month_future": 4519.10009765625,
    "NATURAL_GAS_future": 3.1700000762939453,
    "PLATINUM_future": 1938.199951171875,
    "SILVER_future": 75.44000244140625,
    "Long_Term_Treasury_ETF": 85.6500015258789,
    "CORN_future": 440.0,
    "SOYBEANS_future": 1164.5,
    "WHEAT_future": 602.5,
    "SP500_close": 7609.77978515625,
    "NASDAQ_close": 27093.900390625,
    "US_10Y_Treasury_Yield": 4.454999923706055,
    "VIX_close": 15.770000457763672,
    "GOLD_basis_spot_vs_near": 0.10009765625,
    "China_10Y_Treasury_Yield": 1.7036
  }
}