{
  "latest_date": "2025-12-18",
  "latest_values": {
    "Shanghai_Composite_Index": 3870.278076171875,
    "CSI_300_Index": 4579.8798828125,
    "Shenzhen_Component_Index": 13224.509765625,
    "ALUMINUM_future": 2905.0,
    "BTC_price": 86443.3984375,
    "OIL_price": 56.0099983215332,
    "USD_CNY_exchange_rate": 7.041800022125244,
    "Commodity_Index_ETF": 22.850000381469727,
    "US_Dollar_Index": 98.39700317382812,
    "ETH_price": 2835.343017578125,
    "GOLD_spot_price": 4365.2001953125,
    "LEAN_HOGS_future": 83.125,
    "COPPER_future": 5.4029998779296875,
    "High_Yield_Bond_ETF": 80.55999755859375,
    "LIVE_CATTLE_future": 229.52499389648438,
    "GOLD_near_month_future": 4365.39990234375,
    "NATURAL_GAS_future": 4.10699987411499,
    "PLATINUM_future": 1977.800048828125,
    "SILVER_future": 66.41500091552734,
    "Long_Term_Treasury_ETF": 87.80000305175781,
    "CORN_future": 441.75,
    "SOYBEANS_future": 1059.0,
    "WHEAT_future": 506.0,
    "SP500_close": 6721.43017578125,
    "NASDAQ_close": 22693.3203125,
    "US_10Y_Treasury_Yield": 4.151000022888184,
    "VIX_close": 17.6200008392334,
    "GOLD_basis_spot_vs_near": -0.19970703125,
    "China_10Y_Treasury_Yield": 1.834
  }
}