{
  "latest_date": "2025-09-16",
  "latest_values": {
    "Shanghai_Composite_Index": 3860.50390625,
    "CSI_300_Index": 4533.06005859375,
    "Shenzhen_Component_Index": 13005.76953125,
    "ALUMINUM_future": 2591.0,
    "BTC_price": 115076.90625,
    "OIL_price": 64.08000183105469,
    "USD_CNY_exchange_rate": 7.124199867248535,
    "Commodity_Index_ETF": 22.670000076293945,
    "US_Dollar_Index": 96.9010009765625,
    "ETH_price": 4455.9931640625,
    "GOLD_spot_price": 3733.300048828125,
    "LEAN_HOGS_future": 98.25,
    "COPPER_future": 4.695499897003174,
    "High_Yield_Bond_ETF": 81.18499755859375,
    "LIVE_CATTLE_future": 233.6750030517578,
    "GOLD_near_month_future": 3733.39990234375,
    "NATURAL_GAS_future": 3.0789999961853027,
    "PLATINUM_future": 1405.4000244140625,
    "SILVER_future": 43.25,
    "Long_Term_Treasury_ETF": 90.25,
    "CORN_future": 427.25,
    "SOYBEANS_future": 1047.5,
    "WHEAT_future": 529.75,
    "SP500_close": 6609.77001953125,
    "NASDAQ_close": 22353.009765625,
    "US_10Y_Treasury_Yield": 4.029999732971191,
    "VIX_close": 16.020000457763672,
    "GOLD_basis_spot_vs_near": -0.099853515625,
    "China_10Y_Treasury_Yield": 1.8527
  }
}