{
  "latest_date": "2026-03-20",
  "latest_values": {
    "Shanghai_Composite_Index": 3957.052734375,
    "CSI_300_Index": 4567.01806640625,
    "Shenzhen_Component_Index": 13901.5703125,
    "ALUMINUM_future": 3109.0,
    "BTC_price": 70060.78125,
    "OIL_price": 96.41999816894531,
    "USD_CNY_exchange_rate": 6.885200023651123,
    "Commodity_Index_ETF": 28.969999313354492,
    "US_Dollar_Index": 99.60600280761719,
    "ETH_price": 2141.559326171875,
    "GOLD_spot_price": 4582.7001953125,
    "LEAN_HOGS_future": 104.875,
    "COPPER_future": 5.379499912261963,
    "High_Yield_Bond_ETF": 79.31999969482422,
    "LIVE_CATTLE_future": 233.8000030517578,
    "GOLD_near_month_future": 4582.7998046875,
    "NATURAL_GAS_future": 3.0880000591278076,
    "PLATINUM_future": 1967.5,
    "SILVER_future": 70.05999755859375,
    "Long_Term_Treasury_ETF": 86.19000244140625,
    "CORN_future": 464.25,
    "SOYBEANS_future": 1162.25,
    "WHEAT_future": 596.75,
    "SP500_close": 6557.9501953125,
    "NASDAQ_close": 21863.177734375,
    "US_10Y_Treasury_Yield": 4.366000175476074,
    "VIX_close": 25.329999923706055,
    "GOLD_basis_spot_vs_near": -0.099609375,
    "China_10Y_Treasury_Yield": 1.8299
  }
}