{
  "latest_date": "2025-09-11",
  "latest_values": {
    "Shanghai_Composite_Index": 3812.220947265625,
    "CSI_300_Index": 4445.3701171875,
    "Shenzhen_Component_Index": 12557.6796875,
    "ALUMINUM_future": 2614.75,
    "BTC_price": 114331.15625,
    "OIL_price": 62.72999954223633,
    "USD_CNY_exchange_rate": 7.1209001541137695,
    "Commodity_Index_ETF": 22.235000610351562,
    "US_Dollar_Index": 97.5770034790039,
    "ETH_price": 4428.1982421875,
    "GOLD_spot_price": 3669.699951171875,
    "LEAN_HOGS_future": 97.9000015258789,
    "COPPER_future": 4.630000114440918,
    "High_Yield_Bond_ETF": 81.02459716796875,
    "LIVE_CATTLE_future": 231.9250030517578,
    "GOLD_near_month_future": 3669.60009765625,
    "NATURAL_GAS_future": 3.0250000953674316,
    "PLATINUM_future": 1397.199951171875,
    "SILVER_future": 41.849998474121094,
    "Long_Term_Treasury_ETF": 90.19989776611328,
    "CORN_future": 418.0,
    "SOYBEANS_future": 1033.25,
    "WHEAT_future": 516.25,
    "SP500_close": 6570.06005859375,
    "NASDAQ_close": 21996.048828125,
    "US_10Y_Treasury_Yield": 4.019000053405762,
    "VIX_close": 14.949999809265137,
    "GOLD_basis_spot_vs_near": 0.099853515625,
    "China_10Y_Treasury_Yield": 1.8743
  }
}