{
  "latest_date": "2025-12-08",
  "latest_values": {
    "Shanghai_Composite_Index": 3924.077880859375,
    "CSI_300_Index": 4621.75439453125,
    "Shenzhen_Component_Index": 13329.990234375,
    "ALUMINUM_future": 2889.25,
    "BTC_price": 90205.296875,
    "OIL_price": 59.08000183105469,
    "USD_CNY_exchange_rate": 7.070499897003174,
    "Commodity_Index_ETF": 23.104999542236328,
    "US_Dollar_Index": 99.08100128173828,
    "ETH_price": 3115.97119140625,
    "GOLD_spot_price": 4223.89990234375,
    "LEAN_HOGS_future": 82.17500305175781,
    "COPPER_future": 5.44950008392334,
    "High_Yield_Bond_ETF": 80.54000091552734,
    "LIVE_CATTLE_future": 226.375,
    "GOLD_near_month_future": 4224.0,
    "NATURAL_GAS_future": 4.986000061035156,
    "PLATINUM_future": 1660.300048828125,
    "SILVER_future": 58.51499938964844,
    "Long_Term_Treasury_ETF": 87.70500183105469,
    "CORN_future": 443.75,
    "SOYBEANS_future": 1094.75,
    "WHEAT_future": 535.75,
    "SP500_close": 6849.7998046875,
    "NASDAQ_close": 23559.376953125,
    "US_10Y_Treasury_Yield": 4.177999973297119,
    "VIX_close": 16.790000915527344,
    "GOLD_basis_spot_vs_near": -0.10009765625,
    "China_10Y_Treasury_Yield": 1.8499
  }
}