{
  "latest_date": "2026-05-11",
  "latest_values": {
    "Shanghai_Composite_Index": 4179.953125,
    "CSI_300_Index": 4871.91015625,
    "Shenzhen_Component_Index": 15563.7998046875,
    "ALUMINUM_future": 3539.5,
    "BTC_price": 81594.8671875,
    "OIL_price": 98.25,
    "USD_CNY_exchange_rate": 6.794300079345703,
    "Commodity_Index_ETF": 31.059999465942383,
    "US_Dollar_Index": 97.93399810791016,
    "ETH_price": 2336.81005859375,
    "GOLD_spot_price": 4745.60009765625,
    "LEAN_HOGS_future": 100.125,
    "COPPER_future": 6.491499900817871,
    "High_Yield_Bond_ETF": 79.9800033569336,
    "LIVE_CATTLE_future": 249.64999389648438,
    "GOLD_near_month_future": 4745.7001953125,
    "NATURAL_GAS_future": 2.930999994277954,
    "PLATINUM_future": 2153.39990234375,
    "SILVER_future": 86.80500030517578,
    "Long_Term_Treasury_ETF": 85.55999755859375,
    "CORN_future": 474.5,
    "SOYBEANS_future": 1211.0,
    "WHEAT_future": 636.0,
    "SP500_close": 7412.83984375,
    "NASDAQ_close": 26274.125,
    "US_10Y_Treasury_Yield": 4.409999847412109,
    "VIX_close": 18.3799991607666,
    "GOLD_basis_spot_vs_near": -0.10009765625,
    "China_10Y_Treasury_Yield": 1.7622
  }
}