{
  "latest_date": "2026-05-18",
  "latest_values": {
    "Shanghai_Composite_Index": 4135.38916015625,
    "CSI_300_Index": 4859.58984375,
    "Shenzhen_Component_Index": 15561.3701171875,
    "ALUMINUM_future": 3519.25,
    "BTC_price": 76355.1796875,
    "OIL_price": 102.94000244140625,
    "USD_CNY_exchange_rate": 6.799499988555908,
    "Commodity_Index_ETF": 31.584999084472656,
    "US_Dollar_Index": 99.01200103759766,
    "ETH_price": 2095.6298828125,
    "GOLD_spot_price": 4552.60009765625,
    "LEAN_HOGS_future": 102.9749984741211,
    "COPPER_future": 6.307499885559082,
    "High_Yield_Bond_ETF": 79.55000305175781,
    "LIVE_CATTLE_future": 247.6999969482422,
    "GOLD_near_month_future": 4552.60009765625,
    "NATURAL_GAS_future": 3.0309998989105225,
    "PLATINUM_future": 1973.300048828125,
    "SILVER_future": 77.26499938964844,
    "Long_Term_Treasury_ETF": 83.66500091552734,
    "CORN_future": 477.0,
    "SOYBEANS_future": 1217.5,
    "WHEAT_future": 664.25,
    "SP500_close": 7384.5,
    "NASDAQ_close": 26041.01953125,
    "US_10Y_Treasury_Yield": 4.595000267028809,
    "VIX_close": 18.6299991607666,
    "GOLD_basis_spot_vs_near": 0.0,
    "China_10Y_Treasury_Yield": 1.7585
  }
}