{
  "latest_date": "2026-02-06",
  "latest_values": {
    "Shanghai_Composite_Index": 4065.58349609375,
    "CSI_300_Index": 4643.595703125,
    "Shenzhen_Component_Index": 13952.7099609375,
    "ALUMINUM_future": 3028.5,
    "BTC_price": 69358.359375,
    "OIL_price": 63.93000030517578,
    "USD_CNY_exchange_rate": 6.938300132751465,
    "Commodity_Index_ETF": 24.079999923706055,
    "US_Dollar_Index": 97.6240005493164,
    "ETH_price": 2002.908203125,
    "GOLD_spot_price": 4972.10009765625,
    "LEAN_HOGS_future": 87.67500305175781,
    "COPPER_future": 5.858500003814697,
    "High_Yield_Bond_ETF": 80.69499969482422,
    "LIVE_CATTLE_future": 238.97500610351562,
    "GOLD_near_month_future": 4971.7998046875,
    "NATURAL_GAS_future": 3.5510001182556152,
    "PLATINUM_future": 2075.0,
    "SILVER_future": 76.04499816894531,
    "Long_Term_Treasury_ETF": 87.2750015258789,
    "CORN_future": 434.25,
    "SOYBEANS_future": 1134.75,
    "WHEAT_future": 535.0,
    "SP500_close": 6894.35009765625,
    "NASDAQ_close": 22869.685546875,
    "US_10Y_Treasury_Yield": 4.2139997482299805,
    "VIX_close": 18.90999984741211,
    "GOLD_basis_spot_vs_near": 0.30029296875,
    "China_10Y_Treasury_Yield": 1.8102
  }
}