{
  "latest_date": "2026-03-06",
  "latest_values": {
    "Shanghai_Composite_Index": 4108.56689453125,
    "CSI_300_Index": 4647.69189453125,
    "Shenzhen_Component_Index": 14088.8388671875,
    "ALUMINUM_future": 3190.75,
    "BTC_price": 70962.640625,
    "OIL_price": 79.47000122070312,
    "USD_CNY_exchange_rate": 6.890699863433838,
    "Commodity_Index_ETF": 26.520000457763672,
    "US_Dollar_Index": 99.06099700927734,
    "ETH_price": 2074.925048828125,
    "GOLD_spot_price": 5098.5,
    "LEAN_HOGS_future": 95.875,
    "COPPER_future": 5.83650016784668,
    "High_Yield_Bond_ETF": 80.08000183105469,
    "LIVE_CATTLE_future": 238.5749969482422,
    "GOLD_near_month_future": 5097.89990234375,
    "NATURAL_GAS_future": 2.989000082015991,
    "PLATINUM_future": 2142.800048828125,
    "SILVER_future": 83.25,
    "Long_Term_Treasury_ETF": 88.79000091552734,
    "CORN_future": 453.5,
    "SOYBEANS_future": 1179.0,
    "WHEAT_future": 585.25,
    "SP500_close": 6830.7099609375,
    "NASDAQ_close": 22748.986328125,
    "US_10Y_Treasury_Yield": 4.145999908447266,
    "VIX_close": 23.75,
    "GOLD_basis_spot_vs_near": 0.60009765625,
    "China_10Y_Treasury_Yield": 1.7779
  }
}