{
  "latest_date": "2026-04-07",
  "latest_values": {
    "Shanghai_Composite_Index": 3890.16455078125,
    "CSI_300_Index": 4440.6162109375,
    "Shenzhen_Component_Index": 13400.412109375,
    "ALUMINUM_future": 3412.75,
    "BTC_price": 68025.90625,
    "OIL_price": 116.0999984741211,
    "USD_CNY_exchange_rate": 6.882400035858154,
    "Commodity_Index_ETF": 29.56999969482422,
    "US_Dollar_Index": 99.9010009765625,
    "ETH_price": 2072.587890625,
    "GOLD_spot_price": 4668.7998046875,
    "LEAN_HOGS_future": 106.7750015258789,
    "COPPER_future": 5.573500156402588,
    "High_Yield_Bond_ETF": 79.48500061035156,
    "LIVE_CATTLE_future": 245.8249969482422,
    "GOLD_near_month_future": 4669.0,
    "NATURAL_GAS_future": 2.8550000190734863,
    "PLATINUM_future": 1930.0,
    "SILVER_future": 70.92500305175781,
    "Long_Term_Treasury_ETF": 86.19499969482422,
    "CORN_future": 452.5,
    "SOYBEANS_future": 1166.75,
    "WHEAT_future": 597.0,
    "SP500_close": 6567.22021484375,
    "NASDAQ_close": 21744.291015625,
    "US_10Y_Treasury_Yield": 4.361000061035156,
    "VIX_close": 26.5,
    "GOLD_basis_spot_vs_near": -0.2001953125,
    "China_10Y_Treasury_Yield": 1.8171
  }
}