{
  "latest_date": "2025-10-31",
  "latest_values": {
    "Shanghai_Composite_Index": 3986.90087890625,
    "CSI_300_Index": 4709.91015625,
    "Shenzhen_Component_Index": 13532.1298828125,
    "ALUMINUM_future": 2834.5,
    "BTC_price": 109086.8359375,
    "OIL_price": 60.189998626708984,
    "USD_CNY_exchange_rate": 7.1097002029418945,
    "Commodity_Index_ETF": 22.719999313354492,
    "US_Dollar_Index": 99.50800323486328,
    "ETH_price": 3831.634033203125,
    "GOLD_spot_price": 4006.60009765625,
    "LEAN_HOGS_future": 82.19999694824219,
    "COPPER_future": 5.110000133514404,
    "High_Yield_Bond_ETF": 80.80000305175781,
    "LIVE_CATTLE_future": 229.5749969482422,
    "GOLD_near_month_future": 4006.39990234375,
    "NATURAL_GAS_future": 3.9560000896453857,
    "PLATINUM_future": 1607.199951171875,
    "SILVER_future": 48.279998779296875,
    "Long_Term_Treasury_ETF": 90.55999755859375,
    "CORN_future": 431.75,
    "SOYBEANS_future": 1112.5,
    "WHEAT_future": 525.5,
    "SP500_close": 6822.33984375,
    "NASDAQ_close": 23581.140625,
    "US_10Y_Treasury_Yield": 4.0929999351501465,
    "VIX_close": 16.90999984741211,
    "GOLD_basis_spot_vs_near": 0.2001953125,
    "China_10Y_Treasury_Yield": 1.8098
  }
}