{
  "latest_date": "2026-03-09",
  "latest_values": {
    "Shanghai_Composite_Index": 4124.19384765625,
    "CSI_300_Index": 4660.43994140625,
    "Shenzhen_Component_Index": 14172.6298828125,
    "ALUMINUM_future": 3462.5,
    "BTC_price": 67333.0390625,
    "OIL_price": 113.80000305175781,
    "USD_CNY_exchange_rate": 6.915299892425537,
    "Commodity_Index_ETF": 27.510000228881836,
    "US_Dollar_Index": 99.51200103759766,
    "ETH_price": 1985.484619140625,
    "GOLD_spot_price": 5095.39990234375,
    "LEAN_HOGS_future": 95.625,
    "COPPER_future": 5.75,
    "High_Yield_Bond_ETF": 79.69000244140625,
    "LIVE_CATTLE_future": 234.5749969482422,
    "GOLD_near_month_future": 5095.2001953125,
    "NATURAL_GAS_future": 3.437999963760376,
    "PLATINUM_future": 2110.699951171875,
    "SILVER_future": 82.82499694824219,
    "Long_Term_Treasury_ETF": 88.45999908447266,
    "CORN_future": 474.0,
    "SOYBEANS_future": 1227.75,
    "WHEAT_future": 635.25,
    "SP500_close": 6740.02001953125,
    "NASDAQ_close": 22387.6796875,
    "US_10Y_Treasury_Yield": 4.132999897003174,
    "VIX_close": 29.489999771118164,
    "GOLD_basis_spot_vs_near": 0.19970703125,
    "China_10Y_Treasury_Yield": 1.781
  }
}