{
  "latest_date": "2026-05-25",
  "latest_values": {
    "Shanghai_Composite_Index": 4112.89892578125,
    "CSI_300_Index": 4845.10009765625,
    "Shenzhen_Component_Index": 15597.2998046875,
    "ALUMINUM_future": 3682.0,
    "BTC_price": 77226.71875,
    "OIL_price": 90.87000274658203,
    "USD_CNY_exchange_rate": 6.79449987411499,
    "Commodity_Index_ETF": 30.540000915527344,
    "US_Dollar_Index": 99.23899841308594,
    "ETH_price": 2107.18994140625,
    "GOLD_spot_price": 4581.10009765625,
    "LEAN_HOGS_future": 95.75,
    "COPPER_future": 6.466000080108643,
    "High_Yield_Bond_ETF": 79.91000366210938,
    "LIVE_CATTLE_future": 249.3000030517578,
    "GOLD_near_month_future": 4581.10009765625,
    "NATURAL_GAS_future": 3.0380001068115234,
    "PLATINUM_future": 1980.5,
    "SILVER_future": 78.61499786376953,
    "Long_Term_Treasury_ETF": 84.68000030517578,
    "CORN_future": 463.25,
    "SOYBEANS_future": 1196.5,
    "WHEAT_future": 646.25,
    "SP500_close": 7473.47021484375,
    "NASDAQ_close": 26343.970703125,
    "US_10Y_Treasury_Yield": 4.558000087738037,
    "VIX_close": 16.59000015258789,
    "GOLD_basis_spot_vs_near": 0.0,
    "China_10Y_Treasury_Yield": 1.7484
  }
}