{
  "latest_date": "2025-11-14",
  "latest_values": {
    "Shanghai_Composite_Index": 3990.4921875,
    "CSI_300_Index": 4628.1396484375,
    "Shenzhen_Component_Index": 13216.03125,
    "ALUMINUM_future": 2857.5,
    "BTC_price": 94466.1015625,
    "OIL_price": 59.91999816894531,
    "USD_CNY_exchange_rate": 7.098700046539307,
    "Commodity_Index_ETF": 22.96500015258789,
    "US_Dollar_Index": 99.27100372314453,
    "ETH_price": 3136.25390625,
    "GOLD_spot_price": 4088.0,
    "LEAN_HOGS_future": 78.2249984741211,
    "COPPER_future": 5.052499771118164,
    "High_Yield_Bond_ETF": 80.23500061035156,
    "LIVE_CATTLE_future": 219.1750030517578,
    "GOLD_near_month_future": 4087.89990234375,
    "NATURAL_GAS_future": 4.498000144958496,
    "PLATINUM_future": 1560.199951171875,
    "SILVER_future": 50.51499938964844,
    "Long_Term_Treasury_ETF": 88.87000274658203,
    "CORN_future": 430.25,
    "SOYBEANS_future": 1122.5,
    "WHEAT_future": 526.75,
    "SP500_close": 6734.10986328125,
    "NASDAQ_close": 22900.587890625,
    "US_10Y_Treasury_Yield": 4.1479997634887695,
    "VIX_close": 20.31999969482422,
    "GOLD_basis_spot_vs_near": 0.10009765625,
    "China_10Y_Treasury_Yield": 1.814
  }
}