{
  "latest_date": "2025-12-04",
  "latest_values": {
    "Shanghai_Composite_Index": 3878.0,
    "CSI_300_Index": 4531.0498046875,
    "Shenzhen_Component_Index": 12955.25,
    "ALUMINUM_future": 2890.75,
    "BTC_price": 93359.40625,
    "OIL_price": 59.400001525878906,
    "USD_CNY_exchange_rate": 7.068600177764893,
    "Commodity_Index_ETF": 23.1299991607666,
    "US_Dollar_Index": 98.83100128173828,
    "ETH_price": 3186.61474609375,
    "GOLD_spot_price": 4219.10009765625,
    "LEAN_HOGS_future": 80.55000305175781,
    "COPPER_future": 5.3454999923706055,
    "High_Yield_Bond_ETF": 80.69000244140625,
    "LIVE_CATTLE_future": 221.89999389648438,
    "GOLD_near_month_future": 4218.89990234375,
    "NATURAL_GAS_future": 5.01200008392334,
    "PLATINUM_future": 1647.300048828125,
    "SILVER_future": 57.255001068115234,
    "Long_Term_Treasury_ETF": 89.05999755859375,
    "CORN_future": 443.0,
    "SOYBEANS_future": 1117.25,
    "WHEAT_future": 537.75,
    "SP500_close": 6849.72021484375,
    "NASDAQ_close": 23454.08984375,
    "US_10Y_Treasury_Yield": 4.057000160217285,
    "VIX_close": 16.239999771118164,
    "GOLD_basis_spot_vs_near": 0.2001953125,
    "China_10Y_Treasury_Yield": 1.8519
  }
}