{
  "latest_date": "2026-06-11",
  "latest_values": {
    "Shanghai_Composite_Index": 3987.0146484375,
    "CSI_300_Index": 4722.412109375,
    "Shenzhen_Component_Index": 14851.9755859375,
    "ALUMINUM_future": 3520.0,
    "BTC_price": 63078.0,
    "OIL_price": 88.91999816894531,
    "USD_CNY_exchange_rate": 6.772500038146973,
    "Commodity_Index_ETF": 29.170000076293945,
    "US_Dollar_Index": 100.04299926757812,
    "ETH_price": 1661.1500244140625,
    "GOLD_spot_price": 4112.5,
    "LEAN_HOGS_future": 93.17500305175781,
    "COPPER_future": 6.249499797821045,
    "High_Yield_Bond_ETF": 79.47000122070312,
    "LIVE_CATTLE_future": 250.10000610351562,
    "GOLD_near_month_future": 4112.39990234375,
    "NATURAL_GAS_future": 3.1070001125335693,
    "PLATINUM_future": 1663.5,
    "SILVER_future": 63.970001220703125,
    "Long_Term_Treasury_ETF": 84.87999725341797,
    "CORN_future": 416.0,
    "SOYBEANS_future": 1119.75,
    "WHEAT_future": 584.0,
    "SP500_close": 7266.990234375,
    "NASDAQ_close": 25169.5,
    "US_10Y_Treasury_Yield": 4.541999816894531,
    "VIX_close": 21.110000610351562,
    "GOLD_basis_spot_vs_near": 0.10009765625,
    "China_10Y_Treasury_Yield": 1.7475
  }
}