{
  "latest_date": "2025-10-13",
  "latest_values": {
    "Shanghai_Composite_Index": 3897.028076171875,
    "CSI_300_Index": 4616.830078125,
    "Shenzhen_Component_Index": 13355.419921875,
    "ALUMINUM_future": 2667.75,
    "BTC_price": 115304.296875,
    "OIL_price": 60.02000045776367,
    "USD_CNY_exchange_rate": 7.127500057220459,
    "Commodity_Index_ETF": 22.06999969482422,
    "US_Dollar_Index": 99.18599700927734,
    "ETH_price": 4173.38232421875,
    "GOLD_spot_price": 4097.2001953125,
    "LEAN_HOGS_future": 83.94999694824219,
    "COPPER_future": 5.015500068664551,
    "High_Yield_Bond_ETF": 79.94999694824219,
    "LIVE_CATTLE_future": 242.60000610351562,
    "GOLD_near_month_future": 4097.10009765625,
    "NATURAL_GAS_future": 3.109999895095825,
    "PLATINUM_future": 1685.0999755859375,
    "SILVER_future": 49.68000030517578,
    "Long_Term_Treasury_ETF": 90.62000274658203,
    "CORN_future": 413.25,
    "SOYBEANS_future": 1025.75,
    "WHEAT_future": 497.75,
    "SP500_close": 6552.509765625,
    "NASDAQ_close": 22204.4296875,
    "US_10Y_Treasury_Yield": 4.051000118255615,
    "VIX_close": 19.549999237060547,
    "GOLD_basis_spot_vs_near": 0.10009765625,
    "China_10Y_Treasury_Yield": 1.8206
  }
}