{
  "latest_date": "2026-03-31",
  "latest_values": {
    "Shanghai_Composite_Index": 3891.860595703125,
    "CSI_300_Index": 4450.04931640625,
    "Shenzhen_Component_Index": 13478.0556640625,
    "ALUMINUM_future": 3406.75,
    "BTC_price": 67596.15625,
    "OIL_price": 102.58000183105469,
    "USD_CNY_exchange_rate": 6.911600112915039,
    "Commodity_Index_ETF": 29.190000534057617,
    "US_Dollar_Index": 100.0469970703125,
    "ETH_price": 2082.881103515625,
    "GOLD_spot_price": 4643.0,
    "LEAN_HOGS_future": 86.4749984741211,
    "COPPER_future": 5.575500011444092,
    "High_Yield_Bond_ETF": 79.29499816894531,
    "LIVE_CATTLE_future": 234.22500610351562,
    "GOLD_near_month_future": 4642.5,
    "NATURAL_GAS_future": 2.938999891281128,
    "PLATINUM_future": 1939.800048828125,
    "SILVER_future": 74.12999725341797,
    "Long_Term_Treasury_ETF": 86.74009704589844,
    "CORN_future": 452.5,
    "SOYBEANS_future": 1162.25,
    "WHEAT_future": 612.5,
    "SP500_close": 6446.02001953125,
    "NASDAQ_close": 21238.6953125,
    "US_10Y_Treasury_Yield": 4.310999870300293,
    "VIX_close": 27.40999984741211,
    "GOLD_basis_spot_vs_near": 0.5,
    "China_10Y_Treasury_Yield": 1.8171
  }
}