{
  "latest_date": "2026-05-14",
  "latest_values": {
    "Shanghai_Composite_Index": 4177.91748046875,
    "CSI_300_Index": 4914.59716796875,
    "Shenzhen_Component_Index": 15745.736328125,
    "ALUMINUM_future": 3631.5,
    "BTC_price": 79672.3203125,
    "OIL_price": 100.27999877929688,
    "USD_CNY_exchange_rate": 6.784599781036377,
    "Commodity_Index_ETF": 31.045000076293945,
    "US_Dollar_Index": 98.62799835205078,
    "ETH_price": 2248.800048828125,
    "GOLD_spot_price": 4701.0,
    "LEAN_HOGS_future": 90.9000015258789,
    "COPPER_future": 6.618500232696533,
    "High_Yield_Bond_ETF": 79.99500274658203,
    "LIVE_CATTLE_future": 252.8000030517578,
    "GOLD_near_month_future": 4701.10009765625,
    "NATURAL_GAS_future": 2.809999942779541,
    "PLATINUM_future": 2106.0,
    "SILVER_future": 86.25499725341797,
    "Long_Term_Treasury_ETF": 85.23500061035156,
    "CORN_future": 472.75,
    "SOYBEANS_future": 1198.5,
    "WHEAT_future": 666.75,
    "SP500_close": 7466.830078125,
    "NASDAQ_close": 26492.015625,
    "US_10Y_Treasury_Yield": 4.440999984741211,
    "VIX_close": 17.899999618530273,
    "GOLD_basis_spot_vs_near": -0.10009765625,
    "China_10Y_Treasury_Yield": 1.7588
  }
}