{
  "latest_date": "2025-11-21",
  "latest_values": {
    "Shanghai_Composite_Index": 3931.051025390625,
    "CSI_300_Index": 4564.9501953125,
    "Shenzhen_Component_Index": 12980.8203125,
    "ALUMINUM_future": 2711.25,
    "BTC_price": 83870.6640625,
    "OIL_price": 58.310001373291016,
    "USD_CNY_exchange_rate": 7.107999801635742,
    "Commodity_Index_ETF": 22.68000030517578,
    "US_Dollar_Index": 100.177001953125,
    "ETH_price": 2739.2373046875,
    "GOLD_spot_price": 4078.300048828125,
    "LEAN_HOGS_future": 79.67500305175781,
    "COPPER_future": 4.977499961853027,
    "High_Yield_Bond_ETF": 80.0999984741211,
    "LIVE_CATTLE_future": 215.10000610351562,
    "GOLD_near_month_future": 4078.300048828125,
    "NATURAL_GAS_future": 4.684999942779541,
    "PLATINUM_future": 1522.800048828125,
    "SILVER_future": 49.540000915527344,
    "Long_Term_Treasury_ETF": 89.2300033569336,
    "CORN_future": 425.75,
    "SOYBEANS_future": 1119.0,
    "WHEAT_future": 526.25,
    "SP500_close": 6538.759765625,
    "NASDAQ_close": 22078.05078125,
    "US_10Y_Treasury_Yield": 4.060999870300293,
    "VIX_close": 25.280000686645508,
    "GOLD_basis_spot_vs_near": 0.0,
    "China_10Y_Treasury_Yield": 1.8166
  }
}