{
  "latest_date": "2026-02-17",
  "latest_values": {
    "Shanghai_Composite_Index": 4082.072998046875,
    "CSI_300_Index": 4660.41015625,
    "Shenzhen_Component_Index": 14100.1904296875,
    "ALUMINUM_future": 3020.75,
    "BTC_price": 68377.828125,
    "OIL_price": 63.4900016784668,
    "USD_CNY_exchange_rate": 6.903200149536133,
    "Commodity_Index_ETF": 23.8799991607666,
    "US_Dollar_Index": 97.11900329589844,
    "ETH_price": 1986.125244140625,
    "GOLD_spot_price": 4978.2998046875,
    "LEAN_HOGS_future": 86.94999694824219,
    "COPPER_future": 5.705999851226807,
    "High_Yield_Bond_ETF": 80.8499984741211,
    "LIVE_CATTLE_future": 243.0749969482422,
    "GOLD_near_month_future": 4978.2001953125,
    "NATURAL_GAS_future": 3.1059999465942383,
    "PLATINUM_future": 2032.0,
    "SILVER_future": 75.46499633789062,
    "Long_Term_Treasury_ETF": 89.72000122070312,
    "CORN_future": 428.75,
    "SOYBEANS_future": 1118.25,
    "WHEAT_future": 541.0,
    "SP500_close": 6836.169921875,
    "NASDAQ_close": 22546.669921875,
    "US_10Y_Treasury_Yield": 4.056000232696533,
    "VIX_close": 21.200000762939453,
    "GOLD_basis_spot_vs_near": 0.099609375,
    "China_10Y_Treasury_Yield": 1.7899
  }
}