{
  "latest_date": "2026-02-05",
  "latest_values": {
    "Shanghai_Composite_Index": 4102.2021484375,
    "CSI_300_Index": 4698.68310546875,
    "Shenzhen_Component_Index": 14156.2734375,
    "ALUMINUM_future": 3001.75,
    "BTC_price": 72626.15625,
    "OIL_price": 64.47000122070312,
    "USD_CNY_exchange_rate": 6.940999984741211,
    "Commodity_Index_ETF": 24.190000534057617,
    "US_Dollar_Index": 97.64299774169922,
    "ETH_price": 2133.439697265625,
    "GOLD_spot_price": 5026.2998046875,
    "LEAN_HOGS_future": 87.9000015258789,
    "COPPER_future": 5.940000057220459,
    "High_Yield_Bond_ETF": 80.62000274658203,
    "LIVE_CATTLE_future": 240.52499389648438,
    "GOLD_near_month_future": 5026.7998046875,
    "NATURAL_GAS_future": 3.4679999351501465,
    "PLATINUM_future": 2248.89990234375,
    "SILVER_future": 88.9800033569336,
    "Long_Term_Treasury_ETF": 86.54000091552734,
    "CORN_future": 429.0,
    "SOYBEANS_future": 1092.0,
    "WHEAT_future": 526.75,
    "SP500_close": 6882.72021484375,
    "NASDAQ_close": 22904.580078125,
    "US_10Y_Treasury_Yield": 4.275000095367432,
    "VIX_close": 18.639999389648438,
    "GOLD_basis_spot_vs_near": -0.5,
    "China_10Y_Treasury_Yield": 1.8193
  }
}