{
  "latest_date": "2026-02-27",
  "latest_values": {
    "Shanghai_Composite_Index": 4146.630859375,
    "CSI_300_Index": 4726.8701171875,
    "Shenzhen_Component_Index": 14503.7900390625,
    "ALUMINUM_future": 3083.5,
    "BTC_price": 66178.75,
    "OIL_price": 66.87000274658203,
    "USD_CNY_exchange_rate": 6.859600067138672,
    "Commodity_Index_ETF": 24.760000228881836,
    "US_Dollar_Index": 97.74700164794922,
    "ETH_price": 1964.59130859375,
    "GOLD_spot_price": 5203.2001953125,
    "LEAN_HOGS_future": 85.69999694824219,
    "COPPER_future": 6.123000144958496,
    "High_Yield_Bond_ETF": 80.8499984741211,
    "LIVE_CATTLE_future": 231.27499389648438,
    "GOLD_near_month_future": 5203.2998046875,
    "NATURAL_GAS_future": 2.8420000076293945,
    "PLATINUM_future": 2380.0,
    "SILVER_future": 90.56500244140625,
    "Long_Term_Treasury_ETF": 90.2699966430664,
    "CORN_future": 445.25,
    "SOYBEANS_future": 1167.75,
    "WHEAT_future": 583.25,
    "SP500_close": 6908.85986328125,
    "NASDAQ_close": 22878.380859375,
    "US_10Y_Treasury_Yield": 4.017000198364258,
    "VIX_close": 20.280000686645508,
    "GOLD_basis_spot_vs_near": -0.099609375,
    "China_10Y_Treasury_Yield": 1.7877
  }
}