{
  "latest_date": "2026-04-10",
  "latest_values": {
    "Shanghai_Composite_Index": 3966.1708984375,
    "CSI_300_Index": 4566.22021484375,
    "Shenzhen_Component_Index": 13996.26953125,
    "ALUMINUM_future": 3373.75,
    "BTC_price": 72068.84375,
    "OIL_price": 98.22000122070312,
    "USD_CNY_exchange_rate": 6.828700065612793,
    "Commodity_Index_ETF": 28.709999084472656,
    "US_Dollar_Index": 98.89199829101562,
    "ETH_price": 2194.401611328125,
    "GOLD_spot_price": 4784.2998046875,
    "LEAN_HOGS_future": 90.67500305175781,
    "COPPER_future": 5.781000137329102,
    "High_Yield_Bond_ETF": 80.27999877929688,
    "LIVE_CATTLE_future": 249.77499389648438,
    "GOLD_near_month_future": 4784.0,
    "NATURAL_GAS_future": 2.6610000133514404,
    "PLATINUM_future": 2079.10009765625,
    "SILVER_future": 75.875,
    "Long_Term_Treasury_ETF": 86.69999694824219,
    "CORN_future": 444.25,
    "SOYBEANS_future": 1167.75,
    "WHEAT_future": 575.75,
    "SP500_close": 6824.66015625,
    "NASDAQ_close": 22822.419921875,
    "US_10Y_Treasury_Yield": 4.293000221252441,
    "VIX_close": 19.489999771118164,
    "GOLD_basis_spot_vs_near": 0.2998046875,
    "China_10Y_Treasury_Yield": 1.8192
  }
}