{
  "latest_date": "2025-11-04",
  "latest_values": {
    "Shanghai_Composite_Index": 3960.18603515625,
    "CSI_300_Index": 4618.69921875,
    "Shenzhen_Component_Index": 13404.0595703125,
    "ALUMINUM_future": 2793.75,
    "BTC_price": 104589.09375,
    "OIL_price": 60.540000915527344,
    "USD_CNY_exchange_rate": 7.128499984741211,
    "Commodity_Index_ETF": 22.813100814819336,
    "US_Dollar_Index": 100.14800262451172,
    "ETH_price": 3570.155029296875,
    "GOLD_spot_price": 3966.5,
    "LEAN_HOGS_future": 80.2249984741211,
    "COPPER_future": 4.956999778747559,
    "High_Yield_Bond_ETF": 80.125,
    "LIVE_CATTLE_future": 231.5,
    "GOLD_near_month_future": 3966.89990234375,
    "NATURAL_GAS_future": 4.263000011444092,
    "PLATINUM_future": 1547.0,
    "SILVER_future": 47.125,
    "Long_Term_Treasury_ETF": 89.8499984741211,
    "CORN_future": 430.0,
    "SOYBEANS_future": 1119.0,
    "WHEAT_future": 543.25,
    "SP500_close": 6806.1298828125,
    "NASDAQ_close": 23595.86328125,
    "US_10Y_Treasury_Yield": 4.0889997482299805,
    "VIX_close": 18.440000534057617,
    "GOLD_basis_spot_vs_near": -0.39990234375,
    "China_10Y_Treasury_Yield": 1.7984
  }
}