{
  "latest_date": "2026-06-25",
  "latest_values": {
    "Shanghai_Composite_Index": 4110.81298828125,
    "CSI_300_Index": 4941.60009765625,
    "Shenzhen_Component_Index": 16051.3203125,
    "ALUMINUM_future": 3285.75,
    "BTC_price": 59520.05859375,
    "OIL_price": 71.48999786376953,
    "USD_CNY_exchange_rate": 6.789999961853027,
    "Commodity_Index_ETF": 26.81999969482422,
    "US_Dollar_Index": 101.35700225830078,
    "ETH_price": 1574.27001953125,
    "GOLD_spot_price": 4055.89990234375,
    "LEAN_HOGS_future": 96.42500305175781,
    "COPPER_future": 6.144000053405762,
    "High_Yield_Bond_ETF": 79.9000015258789,
    "LIVE_CATTLE_future": 246.85000610351562,
    "GOLD_near_month_future": 4055.800048828125,
    "NATURAL_GAS_future": 3.2890000343322754,
    "PLATINUM_future": 1627.0,
    "SILVER_future": 58.7400016784668,
    "Long_Term_Treasury_ETF": 87.44999694824219,
    "CORN_future": 419.25,
    "SOYBEANS_future": 1150.25,
    "WHEAT_future": 597.5,
    "SP500_close": 7379.31982421875,
    "NASDAQ_close": 25403.80859375,
    "US_10Y_Treasury_Yield": 4.377999782562256,
    "VIX_close": 18.90999984741211,
    "GOLD_basis_spot_vs_near": 0.099853515625,
    "China_10Y_Treasury_Yield": 1.7351
  }
}