{
  "latest_date": "2026-02-06",
  "latest_values": {
    "Shanghai_Composite_Index": 4075.9169921875,
    "CSI_300_Index": 4670.419921875,
    "Shenzhen_Component_Index": 13952.7099609375,
    "ALUMINUM_future": 2951.25,
    "BTC_price": 64773.62890625,
    "OIL_price": 63.66999816894531,
    "USD_CNY_exchange_rate": 6.938899993896484,
    "Commodity_Index_ETF": 23.760000228881836,
    "US_Dollar_Index": 97.85600280761719,
    "ETH_price": 1910.4114990234375,
    "GOLD_spot_price": 4839.39990234375,
    "LEAN_HOGS_future": 87.4000015258789,
    "COPPER_future": 5.743000030517578,
    "High_Yield_Bond_ETF": 80.52999877929688,
    "LIVE_CATTLE_future": 235.22500610351562,
    "GOLD_near_month_future": 4838.7998046875,
    "NATURAL_GAS_future": 3.515000104904175,
    "PLATINUM_future": 1951.0,
    "SILVER_future": 72.2249984741211,
    "Long_Term_Treasury_ETF": 87.4800033569336,
    "CORN_future": 434.0,
    "SOYBEANS_future": 1106.75,
    "WHEAT_future": 532.75,
    "SP500_close": 6798.39990234375,
    "NASDAQ_close": 22540.58984375,
    "US_10Y_Treasury_Yield": 4.210000038146973,
    "VIX_close": 21.770000457763672,
    "GOLD_basis_spot_vs_near": 0.60009765625,
    "China_10Y_Treasury_Yield": 1.8169
  }
}