{
  "latest_date": "2026-04-15",
  "latest_values": {
    "Shanghai_Composite_Index": 4026.625,
    "CSI_300_Index": 4701.27978515625,
    "Shenzhen_Component_Index": 14639.9501953125,
    "ALUMINUM_future": 3576.25,
    "BTC_price": 74236.7421875,
    "OIL_price": 91.26000213623047,
    "USD_CNY_exchange_rate": 6.817500114440918,
    "Commodity_Index_ETF": 28.905000686645508,
    "US_Dollar_Index": 98.05999755859375,
    "ETH_price": 2348.260009765625,
    "GOLD_spot_price": 4819.10009765625,
    "LEAN_HOGS_future": 101.82499694824219,
    "COPPER_future": 6.0945000648498535,
    "High_Yield_Bond_ETF": 80.41500091552734,
    "LIVE_CATTLE_future": 251.22500610351562,
    "GOLD_near_month_future": 4819.2998046875,
    "NATURAL_GAS_future": 2.615000009536743,
    "PLATINUM_future": 2133.39990234375,
    "SILVER_future": 79.41999816894531,
    "Long_Term_Treasury_ETF": 86.76499938964844,
    "CORN_future": 451.25,
    "SOYBEANS_future": 1166.25,
    "WHEAT_future": 600.5,
    "SP500_close": 7007.759765625,
    "NASDAQ_close": 23912.748046875,
    "US_10Y_Treasury_Yield": 4.284999847412109,
    "VIX_close": 18.15999984741211,
    "GOLD_basis_spot_vs_near": -0.19970703125,
    "China_10Y_Treasury_Yield": 1.7809
  }
}