{
  "latest_date": "2026-05-07",
  "latest_values": {
    "Shanghai_Composite_Index": 4180.09228515625,
    "CSI_300_Index": 4900.509765625,
    "Shenzhen_Component_Index": 15641.8857421875,
    "ALUMINUM_future": 3470.25,
    "BTC_price": 80723.9765625,
    "OIL_price": 91.23999786376953,
    "USD_CNY_exchange_rate": 6.830100059509277,
    "Commodity_Index_ETF": 29.739999771118164,
    "US_Dollar_Index": 97.83100128173828,
    "ETH_price": 2319.14990234375,
    "GOLD_spot_price": 4752.39990234375,
    "LEAN_HOGS_future": 91.69999694824219,
    "COPPER_future": 6.228000164031982,
    "High_Yield_Bond_ETF": 80.19499969482422,
    "LIVE_CATTLE_future": 253.47500610351562,
    "GOLD_near_month_future": 4752.2001953125,
    "NATURAL_GAS_future": 2.696000099182129,
    "PLATINUM_future": 2099.199951171875,
    "SILVER_future": 81.65499877929688,
    "Long_Term_Treasury_ETF": 86.23500061035156,
    "CORN_future": 462.75,
    "SOYBEANS_future": 1185.75,
    "WHEAT_future": 610.75,
    "SP500_close": 7369.18994140625,
    "NASDAQ_close": 25879.73046875,
    "US_10Y_Treasury_Yield": 4.329999923706055,
    "VIX_close": 17.309999465942383,
    "GOLD_basis_spot_vs_near": 0.19970703125,
    "China_10Y_Treasury_Yield": 1.7631
  }
}