{
  "latest_date": "2026-02-25",
  "latest_values": {
    "Shanghai_Composite_Index": 4117.4091796875,
    "CSI_300_Index": 4707.5400390625,
    "Shenzhen_Component_Index": 14291.5703125,
    "ALUMINUM_future": 3078.0,
    "BTC_price": 65527.421875,
    "OIL_price": 65.97000122070312,
    "USD_CNY_exchange_rate": 6.867300033569336,
    "Commodity_Index_ETF": 24.719999313354492,
    "US_Dollar_Index": 97.82099914550781,
    "ETH_price": 1913.37890625,
    "GOLD_spot_price": 5203.39990234375,
    "LEAN_HOGS_future": 85.375,
    "COPPER_future": 6.016499996185303,
    "High_Yield_Bond_ETF": 80.80999755859375,
    "LIVE_CATTLE_future": 245.0,
    "GOLD_near_month_future": 5203.5,
    "NATURAL_GAS_future": 2.8289999961853027,
    "PLATINUM_future": 2308.5,
    "SILVER_future": 91.19499969482422,
    "Long_Term_Treasury_ETF": 89.9000015258789,
    "CORN_future": 440.25,
    "SOYBEANS_future": 1160.25,
    "WHEAT_future": 571.5,
    "SP500_close": 6890.06982421875,
    "NASDAQ_close": 22863.6796875,
    "US_10Y_Treasury_Yield": 4.0329999923706055,
    "VIX_close": 19.520000457763672,
    "GOLD_basis_spot_vs_near": -0.10009765625,
    "China_10Y_Treasury_Yield": 1.8023
  }
}