{
  "latest_date": "2026-04-16",
  "latest_values": {
    "Shanghai_Composite_Index": 4027.208984375,
    "CSI_300_Index": 4685.25,
    "Shenzhen_Component_Index": 14498.4599609375,
    "ALUMINUM_future": 3607.25,
    "BTC_price": 74936.53125,
    "OIL_price": 89.87000274658203,
    "USD_CNY_exchange_rate": 6.817999839782715,
    "Commodity_Index_ETF": 29.110000610351562,
    "US_Dollar_Index": 98.18000030517578,
    "ETH_price": 2343.22998046875,
    "GOLD_spot_price": 4815.2998046875,
    "LEAN_HOGS_future": 101.69999694824219,
    "COPPER_future": 6.046500205993652,
    "High_Yield_Bond_ETF": 80.3499984741211,
    "LIVE_CATTLE_future": 247.60000610351562,
    "GOLD_near_month_future": 4815.39990234375,
    "NATURAL_GAS_future": 2.6710000038146973,
    "PLATINUM_future": 2100.699951171875,
    "SILVER_future": 78.83499908447266,
    "Long_Term_Treasury_ETF": 86.27999877929688,
    "CORN_future": 457.75,
    "SOYBEANS_future": 1162.5,
    "WHEAT_future": 608.25,
    "SP500_close": 7041.27978515625,
    "NASDAQ_close": 24102.703125,
    "US_10Y_Treasury_Yield": 4.309000015258789,
    "VIX_close": 17.940000534057617,
    "GOLD_basis_spot_vs_near": -0.10009765625,
    "China_10Y_Treasury_Yield": 1.7812
  }
}