{
  "latest_date": "2026-06-26",
  "latest_values": {
    "Shanghai_Composite_Index": 4120.28076171875,
    "CSI_300_Index": 4941.60009765625,
    "Shenzhen_Component_Index": 16344.080078125,
    "ALUMINUM_future": 3324.5,
    "BTC_price": 59982.0,
    "OIL_price": 69.4000015258789,
    "USD_CNY_exchange_rate": 6.789999961853027,
    "Commodity_Index_ETF": 26.584999084472656,
    "US_Dollar_Index": 101.3550033569336,
    "ETH_price": 1582.010009765625,
    "GOLD_spot_price": 4093.39990234375,
    "LEAN_HOGS_future": 96.57499694824219,
    "COPPER_future": 6.202000141143799,
    "High_Yield_Bond_ETF": 79.86499786376953,
    "LIVE_CATTLE_future": 246.14999389648438,
    "GOLD_near_month_future": 4093.39990234375,
    "NATURAL_GAS_future": 3.3410000801086426,
    "PLATINUM_future": 1646.300048828125,
    "SILVER_future": 59.564998626708984,
    "Long_Term_Treasury_ETF": 87.30509948730469,
    "CORN_future": 423.25,
    "SOYBEANS_future": 1155.5,
    "WHEAT_future": 589.25,
    "SP500_close": 7370.0498046875,
    "NASDAQ_close": 25393.13671875,
    "US_10Y_Treasury_Yield": 4.375999927520752,
    "VIX_close": 18.739999771118164,
    "GOLD_basis_spot_vs_near": 0.0,
    "China_10Y_Treasury_Yield": 1.7314
  }
}