{
  "latest_date": "2025-09-11",
  "latest_values": {
    "Shanghai_Composite_Index": 3875.309326171875,
    "CSI_300_Index": 4548.03466796875,
    "Shenzhen_Component_Index": 12557.6796875,
    "ALUMINUM_future": 2615.0,
    "BTC_price": 114256.296875,
    "OIL_price": 62.5099983215332,
    "USD_CNY_exchange_rate": 7.1209001541137695,
    "Commodity_Index_ETF": 22.229999542236328,
    "US_Dollar_Index": 97.56099700927734,
    "ETH_price": 4420.54052734375,
    "GOLD_spot_price": 3671.10009765625,
    "LEAN_HOGS_future": 97.82499694824219,
    "COPPER_future": 4.651000022888184,
    "High_Yield_Bond_ETF": 81.08499908447266,
    "LIVE_CATTLE_future": 232.47500610351562,
    "GOLD_near_month_future": 3671.0,
    "NATURAL_GAS_future": 2.9660000801086426,
    "PLATINUM_future": 1398.5,
    "SILVER_future": 42.04499816894531,
    "Long_Term_Treasury_ETF": 90.375,
    "CORN_future": 417.75,
    "SOYBEANS_future": 1035.25,
    "WHEAT_future": 518.0,
    "SP500_close": 6585.31982421875,
    "NASDAQ_close": 22042.849609375,
    "US_10Y_Treasury_Yield": 4.0169997215271,
    "VIX_close": 14.949999809265137,
    "GOLD_basis_spot_vs_near": 0.10009765625,
    "China_10Y_Treasury_Yield": 1.8743
  }
}