{
  "latest_date": "2026-06-09",
  "latest_values": {
    "Shanghai_Composite_Index": 3959.337890625,
    "CSI_300_Index": 4713.64013671875,
    "Shenzhen_Component_Index": 14821.1904296875,
    "ALUMINUM_future": 3576.0,
    "BTC_price": 61735.21875,
    "OIL_price": 88.19999694824219,
    "USD_CNY_exchange_rate": 6.765500068664551,
    "Commodity_Index_ETF": 29.104999542236328,
    "US_Dollar_Index": 99.89399719238281,
    "ETH_price": 1643.280029296875,
    "GOLD_spot_price": 4289.10009765625,
    "LEAN_HOGS_future": 94.75,
    "COPPER_future": 6.335000038146973,
    "High_Yield_Bond_ETF": 79.58000183105469,
    "LIVE_CATTLE_future": 239.4250030517578,
    "GOLD_near_month_future": 4289.10009765625,
    "NATURAL_GAS_future": 3.1579999923706055,
    "PLATINUM_future": 1717.9000244140625,
    "SILVER_future": 65.32499694824219,
    "Long_Term_Treasury_ETF": 85.11499786376953,
    "CORN_future": 419.0,
    "SOYBEANS_future": 1113.75,
    "WHEAT_future": 585.75,
    "SP500_close": 7340.43994140625,
    "NASDAQ_close": 25470.482421875,
    "US_10Y_Treasury_Yield": 4.529999732971191,
    "VIX_close": 20.770000457763672,
    "GOLD_basis_spot_vs_near": 0.0,
    "China_10Y_Treasury_Yield": 1.7376
  }
}