{
  "latest_date": "2025-11-25",
  "latest_values": {
    "Shanghai_Composite_Index": 3836.764892578125,
    "CSI_300_Index": 4448.0498046875,
    "Shenzhen_Component_Index": 12585.080078125,
    "ALUMINUM_future": 2740.5,
    "BTC_price": 87353.671875,
    "OIL_price": 58.58000183105469,
    "USD_CNY_exchange_rate": 7.093800067901611,
    "Commodity_Index_ETF": 22.639999389648438,
    "US_Dollar_Index": 100.18599700927734,
    "ETH_price": 2900.310791015625,
    "GOLD_spot_price": 4133.0,
    "LEAN_HOGS_future": 79.125,
    "COPPER_future": 5.126999855041504,
    "High_Yield_Bond_ETF": 80.58999633789062,
    "LIVE_CATTLE_future": 207.1999969482422,
    "GOLD_near_month_future": 4132.2998046875,
    "NATURAL_GAS_future": 4.426000118255615,
    "PLATINUM_future": 1564.0,
    "SILVER_future": 51.0099983215332,
    "Long_Term_Treasury_ETF": 90.01000213623047,
    "CORN_future": 424.0,
    "SOYBEANS_future": 1123.5,
    "WHEAT_future": 534.0,
    "SP500_close": 6705.1201171875,
    "NASDAQ_close": 22872.009765625,
    "US_10Y_Treasury_Yield": 4.038000106811523,
    "VIX_close": 20.520000457763672,
    "GOLD_basis_spot_vs_near": 0.7001953125,
    "China_10Y_Treasury_Yield": 1.821
  }
}