{
  "latest_date": "2026-06-12",
  "latest_values": {
    "Shanghai_Composite_Index": 3987.014892578125,
    "CSI_300_Index": 4722.41015625,
    "Shenzhen_Component_Index": 14851.98046875,
    "ALUMINUM_future": 3545.25,
    "BTC_price": 63340.0,
    "OIL_price": 86.7300033569336,
    "USD_CNY_exchange_rate": 6.772500038146973,
    "Commodity_Index_ETF": 28.850000381469727,
    "US_Dollar_Index": 99.81400299072266,
    "ETH_price": 1664.4100341796875,
    "GOLD_spot_price": 4211.7998046875,
    "LEAN_HOGS_future": 95.80000305175781,
    "COPPER_future": 6.406499862670898,
    "High_Yield_Bond_ETF": 79.94000244140625,
    "LIVE_CATTLE_future": 242.625,
    "GOLD_near_month_future": 4212.0,
    "NATURAL_GAS_future": 3.075000047683716,
    "PLATINUM_future": 1736.0999755859375,
    "SILVER_future": 67.05500030517578,
    "Long_Term_Treasury_ETF": 85.9800033569336,
    "CORN_future": 411.75,
    "SOYBEANS_future": 1113.5,
    "WHEAT_future": 589.75,
    "SP500_close": 7394.2998046875,
    "NASDAQ_close": 25809.66015625,
    "US_10Y_Treasury_Yield": 4.463000297546387,
    "VIX_close": 19.440000534057617,
    "GOLD_basis_spot_vs_near": -0.2001953125,
    "China_10Y_Treasury_Yield": 1.7475
  }
}