{
  "latest_date": "2026-06-05",
  "latest_values": {
    "Shanghai_Composite_Index": 4057.781005859375,
    "CSI_300_Index": 4816.919921875,
    "Shenzhen_Component_Index": 15314.7001953125,
    "ALUMINUM_future": 3679.75,
    "BTC_price": 60795.62890625,
    "OIL_price": 90.95999908447266,
    "USD_CNY_exchange_rate": 6.769199848175049,
    "Commodity_Index_ETF": 29.43000030517578,
    "US_Dollar_Index": 99.87899780273438,
    "ETH_price": 1592.5400390625,
    "GOLD_spot_price": 4384.2998046875,
    "LEAN_HOGS_future": 98.82499694824219,
    "COPPER_future": 6.316999912261963,
    "High_Yield_Bond_ETF": 79.55000305175781,
    "LIVE_CATTLE_future": 244.27499389648438,
    "GOLD_near_month_future": 4384.7998046875,
    "NATURAL_GAS_future": 3.249000072479248,
    "PLATINUM_future": 1815.800048828125,
    "SILVER_future": 69.25,
    "Long_Term_Treasury_ETF": 85.13999938964844,
    "CORN_future": 420.75,
    "SOYBEANS_future": 1129.0,
    "WHEAT_future": 583.5,
    "SP500_close": 7491.60009765625,
    "NASDAQ_close": 26237.91015625,
    "US_10Y_Treasury_Yield": 4.5360002517700195,
    "VIX_close": 16.3799991607666,
    "GOLD_basis_spot_vs_near": -0.5,
    "China_10Y_Treasury_Yield": 1.7207
  }
}