{
  "latest_date": "2026-03-16",
  "latest_values": {
    "Shanghai_Composite_Index": 4095.447998046875,
    "CSI_300_Index": 4669.14013671875,
    "Shenzhen_Component_Index": 14280.7802734375,
    "ALUMINUM_future": 3450.0,
    "BTC_price": 73861.8125,
    "OIL_price": 99.5999984741211,
    "USD_CNY_exchange_rate": 6.899199962615967,
    "Commodity_Index_ETF": 28.709999084472656,
    "ETH_price": 2261.73681640625,
    "GOLD_spot_price": 5015.0,
    "LEAN_HOGS_future": 93.44999694824219,
    "COPPER_future": 5.741499900817871,
    "High_Yield_Bond_ETF": 79.19999694824219,
    "LIVE_CATTLE_future": 230.89999389648438,
    "GOLD_near_month_future": 5014.7001953125,
    "NATURAL_GAS_future": 3.127000093460083,
    "PLATINUM_future": 2046.800048828125,
    "SILVER_future": 79.95999908447266,
    "Long_Term_Treasury_ETF": 86.54000091552734,
    "CORN_future": 465.25,
    "SOYBEANS_future": 1201.5,
    "WHEAT_future": 607.0,
    "SP500_close": 6632.18994140625,
    "NASDAQ_close": 22105.359375,
    "US_10Y_Treasury_Yield": 4.284999847412109,
    "VIX_close": 27.190000534057617,
    "GOLD_basis_spot_vs_near": 0.2998046875,
    "China_10Y_Treasury_Yield": 1.8143
  }
}