{
  "latest_date": "2026-04-10",
  "latest_values": {
    "Shanghai_Composite_Index": 3966.1708984375,
    "CSI_300_Index": 4566.22021484375,
    "Shenzhen_Component_Index": 13996.26953125,
    "ALUMINUM_future": 3379.25,
    "BTC_price": 71972.7265625,
    "OIL_price": 98.63999938964844,
    "USD_CNY_exchange_rate": 6.828700065612793,
    "Commodity_Index_ETF": 28.709999084472656,
    "US_Dollar_Index": 98.94599914550781,
    "ETH_price": 2190.557373046875,
    "GOLD_spot_price": 4779.10009765625,
    "LEAN_HOGS_future": 90.67500305175781,
    "COPPER_future": 5.790500164031982,
    "High_Yield_Bond_ETF": 80.27999877929688,
    "LIVE_CATTLE_future": 249.77499389648438,
    "GOLD_near_month_future": 4778.89990234375,
    "NATURAL_GAS_future": 2.671999931335449,
    "PLATINUM_future": 2076.800048828125,
    "SILVER_future": 75.66500091552734,
    "Long_Term_Treasury_ETF": 86.69999694824219,
    "CORN_future": 444.25,
    "SOYBEANS_future": 1169.0,
    "WHEAT_future": 573.75,
    "SP500_close": 6824.66015625,
    "NASDAQ_close": 22822.419921875,
    "US_10Y_Treasury_Yield": 4.293000221252441,
    "VIX_close": 19.489999771118164,
    "GOLD_basis_spot_vs_near": 0.2001953125,
    "China_10Y_Treasury_Yield": 1.8192
  }
}