{
  "latest_date": "2026-04-08",
  "latest_values": {
    "Shanghai_Composite_Index": 3880.096923828125,
    "CSI_300_Index": 4440.7900390625,
    "Shenzhen_Component_Index": 13352.900390625,
    "ALUMINUM_future": 3426.25,
    "BTC_price": 71985.0390625,
    "OIL_price": 96.3499984741211,
    "USD_CNY_exchange_rate": 6.882299900054932,
    "Commodity_Index_ETF": 29.3700008392334,
    "US_Dollar_Index": 98.95600128173828,
    "ETH_price": 2244.075439453125,
    "GOLD_spot_price": 4866.39990234375,
    "LEAN_HOGS_future": 107.07499694824219,
    "COPPER_future": 5.688499927520752,
    "High_Yield_Bond_ETF": 79.72000122070312,
    "LIVE_CATTLE_future": 245.5500030517578,
    "GOLD_near_month_future": 4865.89990234375,
    "NATURAL_GAS_future": 2.7730000019073486,
    "PLATINUM_future": 2035.300048828125,
    "SILVER_future": 76.8499984741211,
    "Long_Term_Treasury_ETF": 86.63999938964844,
    "CORN_future": 442.75,
    "SOYBEANS_future": 1146.75,
    "WHEAT_future": 582.5,
    "SP500_close": 6616.85009765625,
    "NASDAQ_close": 22017.849609375,
    "US_10Y_Treasury_Yield": 4.3429999351501465,
    "VIX_close": 25.780000686645508,
    "GOLD_basis_spot_vs_near": 0.5,
    "China_10Y_Treasury_Yield": 1.8171
  }
}