{
  "latest_date": "2026-05-15",
  "latest_values": {
    "Shanghai_Composite_Index": 4177.9169921875,
    "CSI_300_Index": 4914.60009765625,
    "Shenzhen_Component_Index": 15745.740234375,
    "ALUMINUM_future": 3545.75,
    "BTC_price": 80630.03125,
    "OIL_price": 103.2699966430664,
    "USD_CNY_exchange_rate": 6.790800094604492,
    "Commodity_Index_ETF": 31.149999618530273,
    "US_Dollar_Index": 99.14299774169922,
    "ETH_price": 2255.52001953125,
    "GOLD_spot_price": 4573.0,
    "LEAN_HOGS_future": 90.44999694824219,
    "COPPER_future": 6.356500148773193,
    "High_Yield_Bond_ETF": 79.8499984741211,
    "LIVE_CATTLE_future": 252.0749969482422,
    "GOLD_near_month_future": 4573.10009765625,
    "NATURAL_GAS_future": 2.9240000247955322,
    "PLATINUM_future": 2014.300048828125,
    "SILVER_future": 78.7699966430664,
    "Long_Term_Treasury_ETF": 84.91999816894531,
    "CORN_future": 468.25,
    "SOYBEANS_future": 1191.25,
    "WHEAT_future": 652.75,
    "SP500_close": 7501.240234375,
    "NASDAQ_close": 26635.220703125,
    "US_10Y_Treasury_Yield": 4.460999965667725,
    "VIX_close": 17.260000228881836,
    "GOLD_basis_spot_vs_near": -0.10009765625,
    "China_10Y_Treasury_Yield": 1.7588
  }
}