{
  "latest_date": "2025-12-11",
  "latest_values": {
    "Shanghai_Composite_Index": 3900.49609375,
    "CSI_300_Index": 4591.830078125,
    "Shenzhen_Component_Index": 13316.419921875,
    "ALUMINUM_future": 2875.25,
    "BTC_price": 90269.2890625,
    "OIL_price": 57.720001220703125,
    "USD_CNY_exchange_rate": 7.057600021362305,
    "Commodity_Index_ETF": 23.1299991607666,
    "US_Dollar_Index": 98.50900268554688,
    "ETH_price": 3195.005859375,
    "GOLD_spot_price": 4238.60009765625,
    "LEAN_HOGS_future": 82.375,
    "COPPER_future": 5.40500020980835,
    "High_Yield_Bond_ETF": 80.7300033569336,
    "LIVE_CATTLE_future": 228.52499389648438,
    "GOLD_near_month_future": 4238.2998046875,
    "NATURAL_GAS_future": 4.493000030517578,
    "PLATINUM_future": 1680.699951171875,
    "SILVER_future": 62.279998779296875,
    "Long_Term_Treasury_ETF": 88.30999755859375,
    "CORN_future": 447.5,
    "SOYBEANS_future": 1094.5,
    "WHEAT_future": 534.5,
    "SP500_close": 6886.68017578125,
    "NASDAQ_close": 23654.150390625,
    "US_10Y_Treasury_Yield": 4.164000034332275,
    "VIX_close": 15.979999542236328,
    "GOLD_basis_spot_vs_near": 0.30029296875,
    "China_10Y_Treasury_Yield": 1.8404
  }
}