{
  "latest_date": "2026-06-30",
  "latest_values": {
    "Shanghai_Composite_Index": 4073.902099609375,
    "CSI_300_Index": 4868.22021484375,
    "Shenzhen_Component_Index": 15812.8701171875,
    "ALUMINUM_future": 3273.75,
    "BTC_price": 59351.98046875,
    "OIL_price": 70.2699966430664,
    "USD_CNY_exchange_rate": 6.797999858856201,
    "Commodity_Index_ETF": 26.559999465942383,
    "US_Dollar_Index": 101.26699829101562,
    "ETH_price": 1588.800048828125,
    "GOLD_spot_price": 4043.0,
    "LEAN_HOGS_future": 93.82499694824219,
    "COPPER_future": 6.267499923706055,
    "High_Yield_Bond_ETF": 80.01000213623047,
    "LIVE_CATTLE_future": 257.3999938964844,
    "GOLD_near_month_future": 4043.300048828125,
    "NATURAL_GAS_future": 3.196000099182129,
    "PLATINUM_future": 1588.699951171875,
    "SILVER_future": 59.474998474121094,
    "Long_Term_Treasury_ETF": 87.44999694824219,
    "CORN_future": 432.0,
    "SOYBEANS_future": 1140.0,
    "WHEAT_future": 583.75,
    "SP500_close": 7440.43017578125,
    "NASDAQ_close": 25820.140625,
    "US_10Y_Treasury_Yield": 4.372000217437744,
    "VIX_close": 17.649999618530273,
    "GOLD_basis_spot_vs_near": -0.300048828125,
    "China_10Y_Treasury_Yield": 1.717
  }
}