{
  "latest_date": "2026-04-22",
  "latest_values": {
    "Shanghai_Composite_Index": 4085.076904296875,
    "CSI_300_Index": 4768.0,
    "Shenzhen_Component_Index": 14982.1396484375,
    "ALUMINUM_future": 3583.5,
    "BTC_price": 79042.0,
    "OIL_price": 93.12000274658203,
    "USD_CNY_exchange_rate": 6.817399978637695,
    "Commodity_Index_ETF": 29.559999465942383,
    "US_Dollar_Index": 98.55999755859375,
    "ETH_price": 2398.409912109375,
    "GOLD_spot_price": 4747.89990234375,
    "LEAN_HOGS_future": 102.9749984741211,
    "COPPER_future": 6.124000072479248,
    "High_Yield_Bond_ETF": 80.45500183105469,
    "LIVE_CATTLE_future": 242.6750030517578,
    "GOLD_near_month_future": 4747.7001953125,
    "NATURAL_GAS_future": 2.753999948501587,
    "PLATINUM_future": 2087.60009765625,
    "SILVER_future": 77.91999816894531,
    "Long_Term_Treasury_ETF": 86.78500366210938,
    "CORN_future": 465.0,
    "SOYBEANS_future": 1186.75,
    "WHEAT_future": 611.0,
    "SP500_close": 7119.25,
    "NASDAQ_close": 24564.171875,
    "US_10Y_Treasury_Yield": 4.293999671936035,
    "VIX_close": 19.329999923706055,
    "GOLD_basis_spot_vs_near": 0.19970703125,
    "China_10Y_Treasury_Yield": 1.7389
  }
}