{
  "latest_date": "2026-02-26",
  "latest_values": {
    "Shanghai_Composite_Index": 4146.630859375,
    "CSI_300_Index": 4726.8740234375,
    "Shenzhen_Component_Index": 14503.7861328125,
    "ALUMINUM_future": 3094.75,
    "BTC_price": 66751.65625,
    "OIL_price": 66.23999786376953,
    "USD_CNY_exchange_rate": 6.84089994430542,
    "Commodity_Index_ETF": 24.780000686645508,
    "US_Dollar_Index": 97.9540023803711,
    "ETH_price": 1983.08544921875,
    "GOLD_spot_price": 5186.0,
    "LEAN_HOGS_future": 95.7249984741211,
    "COPPER_future": 6.004499912261963,
    "High_Yield_Bond_ETF": 80.78500366210938,
    "LIVE_CATTLE_future": 237.02499389648438,
    "GOLD_near_month_future": 5184.39990234375,
    "NATURAL_GAS_future": 2.809999942779541,
    "PLATINUM_future": 2240.10009765625,
    "SILVER_future": 87.1050033569336,
    "Long_Term_Treasury_ETF": 90.19000244140625,
    "CORN_future": 440.75,
    "SOYBEANS_future": 1157.75,
    "WHEAT_future": 573.25,
    "SP500_close": 6866.8798828125,
    "NASDAQ_close": 22687.1484375,
    "US_10Y_Treasury_Yield": 4.0229997634887695,
    "VIX_close": 20.079999923706055,
    "GOLD_basis_spot_vs_near": 1.60009765625,
    "China_10Y_Treasury_Yield": 1.8288
  }
}