{
  "latest_date": "2025-10-30",
  "latest_values": {
    "Shanghai_Composite_Index": 3986.90087890625,
    "CSI_300_Index": 4709.9111328125,
    "Shenzhen_Component_Index": 13532.1259765625,
    "ALUMINUM_future": 2846.75,
    "BTC_price": 107794.8671875,
    "OIL_price": 60.68000030517578,
    "USD_CNY_exchange_rate": 7.109300136566162,
    "Commodity_Index_ETF": 22.7549991607666,
    "US_Dollar_Index": 99.52300262451172,
    "ETH_price": 3762.249755859375,
    "GOLD_spot_price": 4013.699951171875,
    "LEAN_HOGS_future": 81.0250015258789,
    "COPPER_future": 5.106500148773193,
    "High_Yield_Bond_ETF": 80.8844985961914,
    "LIVE_CATTLE_future": 231.3000030517578,
    "GOLD_near_month_future": 4013.699951171875,
    "NATURAL_GAS_future": 3.934000015258789,
    "PLATINUM_future": 1616.199951171875,
    "SILVER_future": 48.625,
    "Long_Term_Treasury_ETF": 90.61499786376953,
    "CORN_future": 432.0,
    "SOYBEANS_future": 1108.0,
    "WHEAT_future": 524.75,
    "SP500_close": 6858.27001953125,
    "NASDAQ_close": 23726.2109375,
    "US_10Y_Treasury_Yield": 4.085000038146973,
    "VIX_close": 16.56999969482422,
    "GOLD_basis_spot_vs_near": 0.0,
    "China_10Y_Treasury_Yield": 1.8098
  }
}