{
  "latest_date": "2025-12-09",
  "latest_values": {
    "Shanghai_Composite_Index": 3909.521484375,
    "CSI_300_Index": 4598.22314453125,
    "Shenzhen_Component_Index": 13277.3623046875,
    "ALUMINUM_future": 2839.25,
    "BTC_price": 93771.375,
    "OIL_price": 58.18000030517578,
    "USD_CNY_exchange_rate": 7.063300132751465,
    "Commodity_Index_ETF": 22.969100952148438,
    "US_Dollar_Index": 99.25800323486328,
    "ETH_price": 3366.724853515625,
    "GOLD_spot_price": 4237.89990234375,
    "LEAN_HOGS_future": 81.92500305175781,
    "COPPER_future": 5.238999843597412,
    "High_Yield_Bond_ETF": 80.45999908447266,
    "LIVE_CATTLE_future": 227.0500030517578,
    "GOLD_near_month_future": 4237.7998046875,
    "NATURAL_GAS_future": 4.63700008392334,
    "PLATINUM_future": 1706.5,
    "SILVER_future": 61.099998474121094,
    "Long_Term_Treasury_ETF": 87.90499877929688,
    "CORN_future": 448.5,
    "SOYBEANS_future": 1085.5,
    "WHEAT_future": 535.0,
    "SP500_close": 6850.81982421875,
    "NASDAQ_close": 23595.302734375,
    "US_10Y_Treasury_Yield": 4.182000160217285,
    "VIX_close": 16.649999618530273,
    "GOLD_basis_spot_vs_near": 0.10009765625,
    "China_10Y_Treasury_Yield": 1.8425
  }
}