{
  "latest_date": "2026-02-20",
  "latest_values": {
    "Shanghai_Composite_Index": 4082.072998046875,
    "CSI_300_Index": 4660.41015625,
    "Shenzhen_Component_Index": 14100.1904296875,
    "ALUMINUM_future": 3067.25,
    "BTC_price": 67245.8515625,
    "OIL_price": 66.30999755859375,
    "USD_CNY_exchange_rate": 6.90749979019165,
    "Commodity_Index_ETF": 24.584999084472656,
    "US_Dollar_Index": 97.7699966430664,
    "ETH_price": 1954.9007568359375,
    "GOLD_spot_price": 5089.2998046875,
    "LEAN_HOGS_future": 93.7249984741211,
    "COPPER_future": 5.829999923706055,
    "High_Yield_Bond_ETF": 80.91000366210938,
    "LIVE_CATTLE_future": 242.77499389648438,
    "GOLD_near_month_future": 5088.5,
    "NATURAL_GAS_future": 3.0480000972747803,
    "PLATINUM_future": 2173.89990234375,
    "SILVER_future": 82.4800033569336,
    "Long_Term_Treasury_ETF": 89.23999786376953,
    "CORN_future": 439.5,
    "SOYBEANS_future": 1154.5,
    "WHEAT_future": 578.25,
    "SP500_close": 6870.75,
    "NASDAQ_close": 22773.91015625,
    "US_10Y_Treasury_Yield": 4.095999717712402,
    "VIX_close": 19.09000015258789,
    "GOLD_basis_spot_vs_near": 0.7998046875,
    "China_10Y_Treasury_Yield": 1.7899
  }
}