{
  "latest_date": "2026-02-13",
  "latest_values": {
    "Shanghai_Composite_Index": 4134.01806640625,
    "CSI_300_Index": 4719.580078125,
    "Shenzhen_Component_Index": 14283.0,
    "ALUMINUM_future": 3057.0,
    "BTC_price": 66377.2890625,
    "OIL_price": 62.75,
    "USD_CNY_exchange_rate": 6.905099868774414,
    "Commodity_Index_ETF": 23.799999237060547,
    "US_Dollar_Index": 96.95899963378906,
    "ETH_price": 1949.9676513671875,
    "GOLD_spot_price": 5004.10009765625,
    "LEAN_HOGS_future": 92.05000305175781,
    "COPPER_future": 5.841000080108643,
    "High_Yield_Bond_ETF": 80.79000091552734,
    "LIVE_CATTLE_future": 240.77499389648438,
    "GOLD_near_month_future": 5004.5,
    "NATURAL_GAS_future": 3.188999891281128,
    "PLATINUM_future": 2036.0,
    "SILVER_future": 77.13500213623047,
    "Long_Term_Treasury_ETF": 89.2300033569336,
    "CORN_future": 431.0,
    "SOYBEANS_future": 1136.75,
    "WHEAT_future": 551.5,
    "SP500_close": 6832.759765625,
    "NASDAQ_close": 22597.150390625,
    "US_10Y_Treasury_Yield": 4.104000091552734,
    "VIX_close": 20.81999969482422,
    "GOLD_basis_spot_vs_near": -0.39990234375,
    "China_10Y_Treasury_Yield": 1.7893
  }
}