{
  "latest_date": "2025-11-23",
  "latest_values": {
    "Shanghai_Composite_Index": 3834.89111328125,
    "CSI_300_Index": 4453.60986328125,
    "Shenzhen_Component_Index": 12538.0703125,
    "ALUMINUM_future": 2749.75,
    "BTC_price": 86857.6484375,
    "OIL_price": 58.060001373291016,
    "USD_CNY_exchange_rate": 7.106100082397461,
    "Commodity_Index_ETF": 22.530000686645508,
    "US_Dollar_Index": 100.19599914550781,
    "ETH_price": 2799.374755859375,
    "GOLD_spot_price": 4079.5,
    "LEAN_HOGS_future": 77.80000305175781,
    "COPPER_future": 5.014999866485596,
    "High_Yield_Bond_ETF": 80.37000274658203,
    "LIVE_CATTLE_future": 214.77499389648438,
    "GOLD_near_month_future": 4079.5,
    "NATURAL_GAS_future": 4.579999923706055,
    "PLATINUM_future": 1524.199951171875,
    "SILVER_future": 49.91299819946289,
    "Long_Term_Treasury_ETF": 89.5,
    "CORN_future": 425.5,
    "SOYBEANS_future": 1125.0,
    "WHEAT_future": 529.75,
    "SP500_close": 6602.990234375,
    "NASDAQ_close": 22273.080078125,
    "US_10Y_Treasury_Yield": 4.063000202178955,
    "VIX_close": 23.43000030517578,
    "GOLD_basis_spot_vs_near": 0.0,
    "China_10Y_Treasury_Yield": 1.8166
  }
}