{
  "latest_date": "2026-02-11",
  "latest_values": {
    "Shanghai_Composite_Index": 4128.373046875,
    "CSI_300_Index": 4724.2998046875,
    "Shenzhen_Component_Index": 14210.6298828125,
    "ALUMINUM_future": 3045.75,
    "BTC_price": 66906.46875,
    "OIL_price": 64.79000091552734,
    "USD_CNY_exchange_rate": 6.90910005569458,
    "Commodity_Index_ETF": 24.139999389648438,
    "US_Dollar_Index": 96.58799743652344,
    "ETH_price": 1950.2734375,
    "GOLD_spot_price": 5075.2001953125,
    "LEAN_HOGS_future": 86.92500305175781,
    "COPPER_future": 5.964000225067139,
    "High_Yield_Bond_ETF": 80.83999633789062,
    "LIVE_CATTLE_future": 239.25,
    "GOLD_near_month_future": 5076.10009765625,
    "NATURAL_GAS_future": 3.128000020980835,
    "PLATINUM_future": 2154.199951171875,
    "SILVER_future": 83.3499984741211,
    "Long_Term_Treasury_ETF": 88.52999877929688,
    "CORN_future": 428.75,
    "SOYBEANS_future": 1121.75,
    "WHEAT_future": 531.25,
    "SP500_close": 6941.81005859375,
    "NASDAQ_close": 23102.470703125,
    "US_10Y_Treasury_Yield": 4.146999835968018,
    "VIX_close": 17.770000457763672,
    "GOLD_basis_spot_vs_near": -0.89990234375,
    "China_10Y_Treasury_Yield": 1.8094
  }
}