{
  "latest_date": "2025-11-06",
  "latest_values": {
    "Shanghai_Composite_Index": 4007.760009765625,
    "CSI_300_Index": 4693.4033203125,
    "Shenzhen_Component_Index": 13452.4169921875,
    "ALUMINUM_future": 2790.5,
    "BTC_price": 101108.078125,
    "OIL_price": 59.5099983215332,
    "USD_CNY_exchange_rate": 7.118199825286865,
    "Commodity_Index_ETF": 22.850000381469727,
    "US_Dollar_Index": 99.7030029296875,
    "ETH_price": 3327.922119140625,
    "GOLD_spot_price": 3985.5,
    "LEAN_HOGS_future": 79.80000305175781,
    "COPPER_future": 4.974999904632568,
    "High_Yield_Bond_ETF": 80.26000213623047,
    "LIVE_CATTLE_future": 218.8000030517578,
    "GOLD_near_month_future": 3985.199951171875,
    "NATURAL_GAS_future": 4.4029998779296875,
    "PLATINUM_future": 1538.5,
    "SILVER_future": 47.845001220703125,
    "Long_Term_Treasury_ETF": 89.76000213623047,
    "CORN_future": 428.75,
    "SOYBEANS_future": 1108.0,
    "WHEAT_future": 536.0,
    "SP500_close": 6720.31982421875,
    "NASDAQ_close": 23053.9921875,
    "US_10Y_Treasury_Yield": 4.0929999351501465,
    "VIX_close": 19.5,
    "GOLD_basis_spot_vs_near": 0.300048828125,
    "China_10Y_Treasury_Yield": 1.81
  }
}