{
  "latest_date": "2026-03-29",
  "latest_values": {
    "Shanghai_Composite_Index": 3913.72412109375,
    "CSI_300_Index": 4502.56982421875,
    "Shenzhen_Component_Index": 13760.3701171875,
    "ALUMINUM_future": 3190.25,
    "BTC_price": 66367.4609375,
    "OIL_price": 99.63999938964844,
    "USD_CNY_exchange_rate": 6.911099910736084,
    "Commodity_Index_ETF": 29.100000381469727,
    "US_Dollar_Index": 100.1500015258789,
    "ETH_price": 1996.2197265625,
    "GOLD_spot_price": 4524.2998046875,
    "LEAN_HOGS_future": 106.125,
    "COPPER_future": 5.494500160217285,
    "High_Yield_Bond_ETF": 78.72000122070312,
    "LIVE_CATTLE_future": 238.77499389648438,
    "GOLD_near_month_future": 4524.2998046875,
    "NATURAL_GAS_future": 3.0250000953674316,
    "PLATINUM_future": 1887.0999755859375,
    "SILVER_future": 69.7959976196289,
    "Long_Term_Treasury_ETF": 85.63999938964844,
    "CORN_future": 462.0,
    "SOYBEANS_future": 1159.25,
    "WHEAT_future": 605.75,
    "SP500_close": 6368.85009765625,
    "NASDAQ_close": 20948.359375,
    "US_10Y_Treasury_Yield": 4.440000057220459,
    "VIX_close": 31.049999237060547,
    "GOLD_basis_spot_vs_near": 0.0,
    "China_10Y_Treasury_Yield": 1.8172
  }
}