{
  "latest_date": "2025-12-05",
  "latest_values": {
    "Shanghai_Composite_Index": 3902.8076171875,
    "CSI_300_Index": 4584.53662109375,
    "Shenzhen_Component_Index": 13006.7197265625,
    "ALUMINUM_future": 2908.25,
    "BTC_price": 90994.703125,
    "OIL_price": 59.939998626708984,
    "USD_CNY_exchange_rate": 7.070300102233887,
    "Commodity_Index_ETF": 23.385000228881836,
    "US_Dollar_Index": 98.9520034790039,
    "ETH_price": 3143.02734375,
    "GOLD_spot_price": 4272.0,
    "LEAN_HOGS_future": 82.5250015258789,
    "COPPER_future": 5.453999996185303,
    "High_Yield_Bond_ETF": 80.79499816894531,
    "LIVE_CATTLE_future": 226.0,
    "GOLD_near_month_future": 4271.89990234375,
    "NATURAL_GAS_future": 5.354000091552734,
    "PLATINUM_future": 1666.0,
    "SILVER_future": 59.14500045776367,
    "Long_Term_Treasury_ETF": 88.38500213623047,
    "CORN_future": 446.75,
    "SOYBEANS_future": 1119.25,
    "WHEAT_future": 539.0,
    "SP500_close": 6891.06982421875,
    "NASDAQ_close": 23641.4765625,
    "US_10Y_Treasury_Yield": 4.109999656677246,
    "VIX_close": 15.829999923706055,
    "GOLD_basis_spot_vs_near": 0.10009765625,
    "China_10Y_Treasury_Yield": 1.848
  }
}