{
  "latest_date": "2026-02-02",
  "latest_values": {
    "Shanghai_Composite_Index": 4117.9482421875,
    "CSI_300_Index": 4706.33984375,
    "Shenzhen_Component_Index": 14205.8896484375,
    "ALUMINUM_future": 3115.0,
    "BTC_price": 78030.609375,
    "OIL_price": 65.55000305175781,
    "USD_CNY_exchange_rate": 6.953499794006348,
    "Commodity_Index_ETF": 23.639999389648438,
    "US_Dollar_Index": 97.48500061035156,
    "ETH_price": 2338.480224609375,
    "GOLD_spot_price": 5067.5,
    "LEAN_HOGS_future": 95.30000305175781,
    "COPPER_future": 6.014999866485596,
    "High_Yield_Bond_ETF": 80.73500061035156,
    "LIVE_CATTLE_future": 237.10000610351562,
    "GOLD_near_month_future": 5066.39990234375,
    "NATURAL_GAS_future": 4.0920000076293945,
    "PLATINUM_future": 2270.0,
    "SILVER_future": 98.5,
    "Long_Term_Treasury_ETF": 86.6449966430664,
    "CORN_future": 427.25,
    "SOYBEANS_future": 1069.75,
    "WHEAT_future": 539.5,
    "SP500_close": 6972.919921875,
    "NASDAQ_close": 23606.673828125,
    "US_10Y_Treasury_Yield": 4.249000072479248,
    "VIX_close": 17.010000228881836,
    "GOLD_basis_spot_vs_near": 1.10009765625,
    "China_10Y_Treasury_Yield": 1.82
  }
}