{
  "latest_date": "2025-11-20",
  "latest_values": {
    "Shanghai_Composite_Index": 3931.05126953125,
    "CSI_300_Index": 4564.9482421875,
    "Shenzhen_Component_Index": 12980.818359375,
    "ALUMINUM_future": 2722.5,
    "BTC_price": 87943.5,
    "OIL_price": 58.7599983215332,
    "USD_CNY_exchange_rate": 7.115499973297119,
    "Commodity_Index_ETF": 22.68000030517578,
    "US_Dollar_Index": 100.21499633789062,
    "ETH_price": 2881.39306640625,
    "GOLD_spot_price": 4076.699951171875,
    "LEAN_HOGS_future": 79.5250015258789,
    "COPPER_future": 4.953499794006348,
    "High_Yield_Bond_ETF": 80.0999984741211,
    "LIVE_CATTLE_future": 215.10000610351562,
    "GOLD_near_month_future": 4076.89990234375,
    "NATURAL_GAS_future": 4.489999771118164,
    "PLATINUM_future": 1517.5999755859375,
    "SILVER_future": 50.35499954223633,
    "Long_Term_Treasury_ETF": 89.2300033569336,
    "CORN_future": 426.5,
    "SOYBEANS_future": 1123.0,
    "WHEAT_future": 528.0,
    "SP500_close": 6538.759765625,
    "NASDAQ_close": 22078.048828125,
    "US_10Y_Treasury_Yield": 4.105999946594238,
    "VIX_close": 26.420000076293945,
    "GOLD_basis_spot_vs_near": -0.199951171875,
    "China_10Y_Treasury_Yield": 1.8135
  }
}