{
  "latest_date": "2025-12-11",
  "latest_values": {
    "Shanghai_Composite_Index": 3900.49609375,
    "CSI_300_Index": 4591.830078125,
    "Shenzhen_Component_Index": 13316.419921875,
    "ALUMINUM_future": 2832.75,
    "BTC_price": 90265.796875,
    "OIL_price": 58.08000183105469,
    "USD_CNY_exchange_rate": 7.058499813079834,
    "Commodity_Index_ETF": 23.1299991607666,
    "US_Dollar_Index": 98.68299865722656,
    "ETH_price": 3200.943115234375,
    "GOLD_spot_price": 4243.7998046875,
    "LEAN_HOGS_future": 82.44999694824219,
    "COPPER_future": 5.376999855041504,
    "High_Yield_Bond_ETF": 80.7300033569336,
    "LIVE_CATTLE_future": 228.52499389648438,
    "GOLD_near_month_future": 4243.7998046875,
    "NATURAL_GAS_future": 4.5329999923706055,
    "PLATINUM_future": 1681.0,
    "SILVER_future": 62.34000015258789,
    "Long_Term_Treasury_ETF": 88.30999755859375,
    "CORN_future": 444.5,
    "SOYBEANS_future": 1090.0,
    "WHEAT_future": 530.75,
    "SP500_close": 6886.68017578125,
    "NASDAQ_close": 23654.150390625,
    "US_10Y_Treasury_Yield": 4.164000034332275,
    "VIX_close": 15.770000457763672,
    "GOLD_basis_spot_vs_near": 0.0,
    "China_10Y_Treasury_Yield": 1.8447
  }
}