{
  "latest_date": "2026-03-25",
  "latest_values": {
    "Shanghai_Composite_Index": 3931.83740234375,
    "CSI_300_Index": 4537.4658203125,
    "Shenzhen_Component_Index": 13801.0009765625,
    "ALUMINUM_future": 3152.5,
    "BTC_price": 70985.9765625,
    "OIL_price": 91.08999633789062,
    "USD_CNY_exchange_rate": 6.900599956512451,
    "Commodity_Index_ETF": 28.170000076293945,
    "US_Dollar_Index": 99.63999938964844,
    "ETH_price": 2163.62744140625,
    "GOLD_spot_price": 4513.2001953125,
    "LEAN_HOGS_future": 104.1500015258789,
    "COPPER_future": 5.521999835968018,
    "High_Yield_Bond_ETF": 79.41999816894531,
    "LIVE_CATTLE_future": 233.77499389648438,
    "GOLD_near_month_future": 4513.2998046875,
    "NATURAL_GAS_future": 2.937999963760376,
    "PLATINUM_future": 1929.4000244140625,
    "SILVER_future": 71.41999816894531,
    "Long_Term_Treasury_ETF": 86.83999633789062,
    "CORN_future": 467.5,
    "SOYBEANS_future": 1173.5,
    "WHEAT_future": 599.5,
    "SP500_close": 6591.89990234375,
    "NASDAQ_close": 21929.826171875,
    "US_10Y_Treasury_Yield": 4.328000068664551,
    "VIX_close": 25.329999923706055,
    "GOLD_basis_spot_vs_near": -0.099609375,
    "China_10Y_Treasury_Yield": 1.8233
  }
}