{
  "latest_date": "2026-04-17",
  "latest_values": {
    "Shanghai_Composite_Index": 4051.42529296875,
    "CSI_300_Index": 4728.67138671875,
    "Shenzhen_Component_Index": 14885.416015625,
    "ALUMINUM_future": 3487.5,
    "BTC_price": 77554.2421875,
    "OIL_price": 81.19999694824219,
    "USD_CNY_exchange_rate": 6.817999839782715,
    "Commodity_Index_ETF": 28.00629997253418,
    "US_Dollar_Index": 97.76100158691406,
    "ETH_price": 2433.780029296875,
    "GOLD_spot_price": 4893.7998046875,
    "LEAN_HOGS_future": 101.17500305175781,
    "COPPER_future": 6.0980000495910645,
    "High_Yield_Bond_ETF": 80.65499877929688,
    "LIVE_CATTLE_future": 248.22500610351562,
    "GOLD_near_month_future": 4893.89990234375,
    "NATURAL_GAS_future": 2.6540000438690186,
    "PLATINUM_future": 2138.89990234375,
    "SILVER_future": 82.49500274658203,
    "Long_Term_Treasury_ETF": 87.11000061035156,
    "CORN_future": 453.75,
    "SOYBEANS_future": 1156.75,
    "WHEAT_future": 593.5,
    "SP500_close": 7116.43994140625,
    "NASDAQ_close": 24388.205078125,
    "US_10Y_Treasury_Yield": 4.236000061035156,
    "VIX_close": 17.56999969482422,
    "GOLD_basis_spot_vs_near": -0.10009765625,
    "China_10Y_Treasury_Yield": 1.7623
  }
}