{
  "latest_date": "2026-03-23",
  "latest_values": {
    "Shanghai_Composite_Index": 3957.052978515625,
    "CSI_300_Index": 4567.02001953125,
    "Shenzhen_Component_Index": 13866.2001953125,
    "ALUMINUM_future": 3091.75,
    "BTC_price": 68503.125,
    "OIL_price": 100.19000244140625,
    "USD_CNY_exchange_rate": 6.904399871826172,
    "Commodity_Index_ETF": 28.940000534057617,
    "US_Dollar_Index": 99.78500366210938,
    "ETH_price": 2053.184326171875,
    "GOLD_spot_price": 4231.7001953125,
    "LEAN_HOGS_future": 91.2750015258789,
    "COPPER_future": 5.281499862670898,
    "High_Yield_Bond_ETF": 78.91999816894531,
    "LIVE_CATTLE_future": 234.0500030517578,
    "GOLD_near_month_future": 4232.39990234375,
    "NATURAL_GAS_future": 3.119999885559082,
    "PLATINUM_future": 1787.5,
    "SILVER_future": 64.6500015258789,
    "Long_Term_Treasury_ETF": 85.83000183105469,
    "CORN_future": 473.25,
    "SOYBEANS_future": 1170.25,
    "WHEAT_future": 605.0,
    "SP500_close": 6506.47998046875,
    "NASDAQ_close": 21647.611328125,
    "US_10Y_Treasury_Yield": 4.390999794006348,
    "VIX_close": 30.3700008392334,
    "GOLD_basis_spot_vs_near": -0.69970703125,
    "China_10Y_Treasury_Yield": 1.8299
  }
}