{
  "latest_date": "2026-06-08",
  "latest_values": {
    "Shanghai_Composite_Index": 4027.736083984375,
    "CSI_300_Index": 4816.919921875,
    "Shenzhen_Component_Index": 15314.7001953125,
    "ALUMINUM_future": 3668.5,
    "BTC_price": 63378.9296875,
    "OIL_price": 91.41999816894531,
    "USD_CNY_exchange_rate": 6.782700061798096,
    "Commodity_Index_ETF": 29.46500015258789,
    "US_Dollar_Index": 100.02799987792969,
    "ETH_price": 1684.800048828125,
    "GOLD_spot_price": 4349.5,
    "LEAN_HOGS_future": 97.30000305175781,
    "COPPER_future": 6.328999996185303,
    "High_Yield_Bond_ETF": 79.53500366210938,
    "LIVE_CATTLE_future": 236.3249969482422,
    "GOLD_near_month_future": 4349.2001953125,
    "NATURAL_GAS_future": 3.134000062942505,
    "PLATINUM_future": 1752.199951171875,
    "SILVER_future": 68.25,
    "Long_Term_Treasury_ETF": 84.71499633789062,
    "CORN_future": 418.0,
    "SOYBEANS_future": 1116.75,
    "WHEAT_future": 581.75,
    "SP500_close": 7405.39990234375,
    "NASDAQ_close": 25924.474609375,
    "US_10Y_Treasury_Yield": 4.552000045776367,
    "VIX_close": 18.81999969482422,
    "GOLD_basis_spot_vs_near": 0.2998046875,
    "China_10Y_Treasury_Yield": 1.7275
  }
}