{
  "latest_date": "2025-10-23",
  "latest_values": {
    "Shanghai_Composite_Index": 3922.41015625,
    "CSI_300_Index": 4606.3447265625,
    "Shenzhen_Component_Index": 13025.4462890625,
    "ALUMINUM_future": 2798.0,
    "BTC_price": 109683.59375,
    "OIL_price": 61.7599983215332,
    "USD_CNY_exchange_rate": 7.121600151062012,
    "Commodity_Index_ETF": 22.84000015258789,
    "US_Dollar_Index": 98.93499755859375,
    "ETH_price": 3833.38330078125,
    "GOLD_spot_price": 4142.2001953125,
    "LEAN_HOGS_future": 81.875,
    "COPPER_future": 5.08650016784668,
    "High_Yield_Bond_ETF": 80.86000061035156,
    "LIVE_CATTLE_future": 241.14999389648438,
    "GOLD_near_month_future": 4142.0,
    "NATURAL_GAS_future": 3.2950000762939453,
    "PLATINUM_future": 1595.0999755859375,
    "SILVER_future": 48.63999938964844,
    "Long_Term_Treasury_ETF": 91.43000030517578,
    "CORN_future": 427.75,
    "SOYBEANS_future": 1061.25,
    "WHEAT_future": 513.0,
    "SP500_close": 6738.43994140625,
    "NASDAQ_close": 22941.798828125,
    "US_10Y_Treasury_Yield": 3.990999937057495,
    "VIX_close": 17.299999237060547,
    "GOLD_basis_spot_vs_near": 0.2001953125,
    "China_10Y_Treasury_Yield": 1.8391
  }
}