{
  "latest_date": "2026-07-14",
  "latest_values": {
    "Shanghai_Composite_Index": 3913.7939453125,
    "CSI_300_Index": 4780.7900390625,
    "Shenzhen_Component_Index": 14522.849609375,
    "ALUMINUM_future": 3349.75,
    "BTC_price": 64955.7890625,
    "OIL_price": 79.91000366210938,
    "USD_CNY_exchange_rate": 6.7795000076293945,
    "Commodity_Index_ETF": 28.6299991607666,
    "US_Dollar_Index": 100.89600372314453,
    "ETH_price": 1890.260009765625,
    "GOLD_spot_price": 4059.5,
    "LEAN_HOGS_future": 98.4000015258789,
    "COPPER_future": 6.367000102996826,
    "High_Yield_Bond_ETF": 79.68000030517578,
    "LIVE_CATTLE_future": 231.5749969482422,
    "GOLD_near_month_future": 4059.699951171875,
    "NATURAL_GAS_future": 2.9070000648498535,
    "PLATINUM_future": 1641.9000244140625,
    "SILVER_future": 59.1349983215332,
    "Long_Term_Treasury_ETF": 84.08000183105469,
    "CORN_future": 459.5,
    "SOYBEANS_future": 1190.5,
    "WHEAT_future": 644.0,
    "SP500_close": 7543.58984375,
    "NASDAQ_close": 26107.0078125,
    "US_10Y_Treasury_Yield": 4.585000038146973,
    "VIX_close": 16.5,
    "GOLD_basis_spot_vs_near": -0.199951171875,
    "China_10Y_Treasury_Yield": 1.7402
  }
}