{
  "latest_date": "2025-10-30",
  "latest_values": {
    "Shanghai_Composite_Index": 4016.3310546875,
    "CSI_300_Index": 4747.83984375,
    "Shenzhen_Component_Index": 13691.3798828125,
    "ALUMINUM_future": 2858.0,
    "BTC_price": 110982.5859375,
    "OIL_price": 60.13999938964844,
    "USD_CNY_exchange_rate": 7.095699787139893,
    "Commodity_Index_ETF": 22.709999084472656,
    "US_Dollar_Index": 99.03800201416016,
    "ETH_price": 3945.63671875,
    "GOLD_spot_price": 3944.5,
    "LEAN_HOGS_future": 80.75,
    "COPPER_future": 5.182000160217285,
    "High_Yield_Bond_ETF": 80.94999694824219,
    "LIVE_CATTLE_future": 231.0749969482422,
    "GOLD_near_month_future": 3944.800048828125,
    "NATURAL_GAS_future": 3.3359999656677246,
    "PLATINUM_future": 1578.0,
    "SILVER_future": 47.2400016784668,
    "Long_Term_Treasury_ETF": 91.08999633789062,
    "CORN_future": 436.5,
    "SOYBEANS_future": 1104.0,
    "WHEAT_future": 535.5,
    "SP500_close": 6890.58984375,
    "NASDAQ_close": 23958.470703125,
    "US_10Y_Treasury_Yield": 4.058000087738037,
    "VIX_close": 16.920000076293945,
    "GOLD_basis_spot_vs_near": -0.300048828125,
    "China_10Y_Treasury_Yield": 1.8208
  }
}