{
  "latest_date": "2026-03-20",
  "latest_values": {
    "Shanghai_Composite_Index": 4006.552001953125,
    "CSI_300_Index": 4567.01806640625,
    "Shenzhen_Component_Index": 13901.5703125,
    "ALUMINUM_future": 3103.25,
    "BTC_price": 69810.4921875,
    "OIL_price": 98.61000061035156,
    "USD_CNY_exchange_rate": 6.885200023651123,
    "Commodity_Index_ETF": 29.084999084472656,
    "US_Dollar_Index": 99.64600372314453,
    "ETH_price": 2124.29443359375,
    "GOLD_spot_price": 4492.89990234375,
    "LEAN_HOGS_future": 104.5250015258789,
    "COPPER_future": 5.326499938964844,
    "High_Yield_Bond_ETF": 78.95500183105469,
    "LIVE_CATTLE_future": 233.3000030517578,
    "GOLD_near_month_future": 4493.0,
    "NATURAL_GAS_future": 3.1040000915527344,
    "PLATINUM_future": 1919.699951171875,
    "SILVER_future": 68.05000305175781,
    "Long_Term_Treasury_ETF": 85.76499938964844,
    "CORN_future": 466.25,
    "SOYBEANS_future": 1160.5,
    "WHEAT_future": 595.75,
    "SP500_close": 6502.2001953125,
    "NASDAQ_close": 21625.583984375,
    "US_10Y_Treasury_Yield": 4.390999794006348,
    "VIX_close": 27.670000076293945,
    "GOLD_basis_spot_vs_near": -0.10009765625,
    "China_10Y_Treasury_Yield": 1.8299
  }
}