{
  "latest_date": "2026-06-22",
  "latest_values": {
    "Shanghai_Composite_Index": 4163.0966796875,
    "CSI_300_Index": 5059.658203125,
    "Shenzhen_Component_Index": 16372.4990234375,
    "ALUMINUM_future": 3550.0,
    "BTC_price": 64923.1484375,
    "OIL_price": 74.0199966430664,
    "USD_CNY_exchange_rate": 6.768599987030029,
    "Commodity_Index_ETF": 27.440000534057617,
    "US_Dollar_Index": 100.86100006103516,
    "ETH_price": 1752.47998046875,
    "GOLD_spot_price": 4218.39990234375,
    "LEAN_HOGS_future": 96.57499694824219,
    "COPPER_future": 6.375999927520752,
    "High_Yield_Bond_ETF": 79.91500091552734,
    "LIVE_CATTLE_future": 247.52499389648438,
    "GOLD_near_month_future": 4218.0,
    "NATURAL_GAS_future": 3.2890000343322754,
    "PLATINUM_future": 1679.5999755859375,
    "SILVER_future": 66.12000274658203,
    "Long_Term_Treasury_ETF": 86.2300033569336,
    "CORN_future": 412.75,
    "SOYBEANS_future": 1144.75,
    "WHEAT_future": 610.75,
    "SP500_close": 7472.9599609375,
    "NASDAQ_close": 26232.498046875,
    "US_10Y_Treasury_Yield": 4.493000030517578,
    "VIX_close": 17.6299991607666,
    "GOLD_basis_spot_vs_near": 0.39990234375,
    "China_10Y_Treasury_Yield": 1.7375
  }
}