{
  "latest_date": "2026-02-11",
  "latest_values": {
    "Shanghai_Composite_Index": 4128.373046875,
    "CSI_300_Index": 4724.2998046875,
    "Shenzhen_Component_Index": 14210.6298828125,
    "ALUMINUM_future": 3044.5,
    "BTC_price": 66802.828125,
    "OIL_price": 64.5999984741211,
    "USD_CNY_exchange_rate": 6.911200046539307,
    "Commodity_Index_ETF": 24.139999389648438,
    "US_Dollar_Index": 96.6240005493164,
    "ETH_price": 1949.392333984375,
    "GOLD_spot_price": 5083.60009765625,
    "LEAN_HOGS_future": 95.57499694824219,
    "COPPER_future": 5.934000015258789,
    "High_Yield_Bond_ETF": 80.83999633789062,
    "LIVE_CATTLE_future": 237.4499969482422,
    "GOLD_near_month_future": 5083.60009765625,
    "NATURAL_GAS_future": 3.1410000324249268,
    "PLATINUM_future": 2146.300048828125,
    "SILVER_future": 83.51499938964844,
    "Long_Term_Treasury_ETF": 88.52999877929688,
    "CORN_future": 429.0,
    "SOYBEANS_future": 1122.5,
    "WHEAT_future": 531.25,
    "SP500_close": 6941.81005859375,
    "NASDAQ_close": 23102.470703125,
    "US_10Y_Treasury_Yield": 4.146999835968018,
    "VIX_close": 17.790000915527344,
    "GOLD_basis_spot_vs_near": 0.0,
    "China_10Y_Treasury_Yield": 1.8094
  }
}