{
  "latest_date": "2026-03-16",
  "latest_values": {
    "Shanghai_Composite_Index": 4084.785888671875,
    "CSI_300_Index": 4671.55908203125,
    "Shenzhen_Component_Index": 14280.7802734375,
    "ALUMINUM_future": 3340.5,
    "BTC_price": 73891.3125,
    "OIL_price": 95.54000091552734,
    "USD_CNY_exchange_rate": 6.894999980926514,
    "Commodity_Index_ETF": 28.609899520874023,
    "ETH_price": 2290.505615234375,
    "GOLD_spot_price": 5006.39990234375,
    "LEAN_HOGS_future": 86.2750015258789,
    "COPPER_future": 5.832499980926514,
    "High_Yield_Bond_ETF": 79.58499908447266,
    "LIVE_CATTLE_future": 227.8249969482422,
    "GOLD_near_month_future": 5006.10009765625,
    "NATURAL_GAS_future": 3.0460000038146973,
    "PLATINUM_future": 2099.0,
    "SILVER_future": 81.05000305175781,
    "Long_Term_Treasury_ETF": 87.16500091552734,
    "CORN_future": 454.25,
    "SOYBEANS_future": 1172.75,
    "WHEAT_future": 602.25,
    "SP500_close": 6709.93017578125,
    "NASDAQ_close": 22420.90625,
    "US_10Y_Treasury_Yield": 4.236000061035156,
    "VIX_close": 24.219999313354492,
    "GOLD_basis_spot_vs_near": 0.2998046875,
    "China_10Y_Treasury_Yield": 1.8312
  }
}