{
  "latest_date": "2025-11-05",
  "latest_values": {
    "Shanghai_Composite_Index": 3969.248291015625,
    "CSI_300_Index": 4627.2568359375,
    "Shenzhen_Component_Index": 13175.2197265625,
    "ALUMINUM_future": 2825.5,
    "BTC_price": 102927.6953125,
    "OIL_price": 60.150001525878906,
    "USD_CNY_exchange_rate": 7.126800060272217,
    "Commodity_Index_ETF": 22.8700008392334,
    "US_Dollar_Index": 100.19100189208984,
    "ETH_price": 3340.055908203125,
    "GOLD_spot_price": 3985.300048828125,
    "LEAN_HOGS_future": 80.7249984741211,
    "COPPER_future": 4.953000068664551,
    "High_Yield_Bond_ETF": 80.2249984741211,
    "LIVE_CATTLE_future": 221.89999389648438,
    "GOLD_near_month_future": 3985.5,
    "NATURAL_GAS_future": 4.321000099182129,
    "PLATINUM_future": 1554.9000244140625,
    "SILVER_future": 47.775001525878906,
    "Long_Term_Treasury_ETF": 89.25,
    "CORN_future": 432.5,
    "SOYBEANS_future": 1126.5,
    "WHEAT_future": 548.5,
    "SP500_close": 6799.2099609375,
    "NASDAQ_close": 23484.796875,
    "US_10Y_Treasury_Yield": 4.124000072479248,
    "VIX_close": 18.510000228881836,
    "GOLD_basis_spot_vs_near": -0.199951171875,
    "China_10Y_Treasury_Yield": 1.7964
  }
}