{
  "latest_date": "2026-03-19",
  "latest_values": {
    "Shanghai_Composite_Index": 4006.55224609375,
    "CSI_300_Index": 4583.2509765625,
    "Shenzhen_Component_Index": 13901.5673828125,
    "ALUMINUM_future": 3144.75,
    "BTC_price": 70517.84375,
    "OIL_price": 92.66999816894531,
    "USD_CNY_exchange_rate": 6.8993000984191895,
    "Commodity_Index_ETF": 28.6200008392334,
    "US_Dollar_Index": 99.0,
    "ETH_price": 2149.436279296875,
    "GOLD_spot_price": 4663.0,
    "LEAN_HOGS_future": 104.7249984741211,
    "COPPER_future": 5.531499862670898,
    "High_Yield_Bond_ETF": 79.57499694824219,
    "LIVE_CATTLE_future": 231.75,
    "GOLD_near_month_future": 4663.0,
    "NATURAL_GAS_future": 3.1080000400543213,
    "PLATINUM_future": 1970.0,
    "SILVER_future": 72.61000061035156,
    "Long_Term_Treasury_ETF": 87.62999725341797,
    "CORN_future": 470.0,
    "SOYBEANS_future": 1168.5,
    "WHEAT_future": 610.25,
    "SP500_close": 6616.52001953125,
    "NASDAQ_close": 22129.548828125,
    "US_10Y_Treasury_Yield": 4.281000137329102,
    "VIX_close": 23.540000915527344,
    "GOLD_basis_spot_vs_near": 0.0,
    "China_10Y_Treasury_Yield": 1.8252
  }
}