{
  "latest_date": "2026-05-27",
  "latest_values": {
    "Shanghai_Composite_Index": 4145.373046875,
    "CSI_300_Index": 4947.85009765625,
    "Shenzhen_Component_Index": 15876.16015625,
    "ALUMINUM_future": 3691.75,
    "BTC_price": 75849.890625,
    "OIL_price": 92.41000366210938,
    "USD_CNY_exchange_rate": 6.79449987411499,
    "Commodity_Index_ETF": 30.030000686645508,
    "US_Dollar_Index": 99.0999984741211,
    "ETH_price": 2076.81005859375,
    "GOLD_spot_price": 4504.7001953125,
    "LEAN_HOGS_future": 100.0250015258789,
    "COPPER_future": 6.458000183105469,
    "High_Yield_Bond_ETF": 80.18000030517578,
    "LIVE_CATTLE_future": 239.3000030517578,
    "GOLD_near_month_future": 4504.39990234375,
    "NATURAL_GAS_future": 2.99399995803833,
    "PLATINUM_future": 1955.4000244140625,
    "SILVER_future": 77.13999938964844,
    "Long_Term_Treasury_ETF": 85.0999984741211,
    "CORN_future": 457.25,
    "SOYBEANS_future": 1187.0,
    "WHEAT_future": 635.0,
    "SP500_close": 7519.1201171875,
    "NASDAQ_close": 26656.1796875,
    "US_10Y_Treasury_Yield": 4.493000030517578,
    "VIX_close": 17.010000228881836,
    "GOLD_basis_spot_vs_near": 0.30029296875,
    "China_10Y_Treasury_Yield": 1.7405
  }
}