{
  "latest_date": "2025-09-23",
  "latest_values": {
    "Shanghai_Composite_Index": 3828.576416015625,
    "CSI_300_Index": 4522.60791015625,
    "Shenzhen_Component_Index": 13157.9736328125,
    "ALUMINUM_future": 2572.75,
    "BTC_price": 112630.671875,
    "OIL_price": 62.38999938964844,
    "USD_CNY_exchange_rate": 7.113500118255615,
    "Commodity_Index_ETF": 22.260000228881836,
    "US_Dollar_Index": 97.34300231933594,
    "ETH_price": 4203.76806640625,
    "GOLD_spot_price": 3782.89990234375,
    "LEAN_HOGS_future": 98.80000305175781,
    "COPPER_future": 4.651500225067139,
    "High_Yield_Bond_ETF": 81.31999969482422,
    "LIVE_CATTLE_future": 237.22500610351562,
    "GOLD_near_month_future": 3783.0,
    "NATURAL_GAS_future": 2.7990000247955322,
    "PLATINUM_future": 1427.9000244140625,
    "SILVER_future": 44.28499984741211,
    "Long_Term_Treasury_ETF": 88.69999694824219,
    "CORN_future": 421.0,
    "SOYBEANS_future": 1007.5,
    "WHEAT_future": 509.0,
    "SP500_close": 6693.75,
    "NASDAQ_close": 22788.9765625,
    "US_10Y_Treasury_Yield": 4.14300012588501,
    "VIX_close": 16.100000381469727,
    "GOLD_basis_spot_vs_near": -0.10009765625,
    "China_10Y_Treasury_Yield": 1.8647
  }
}