{
  "latest_date": "2026-05-30",
  "latest_values": {
    "Shanghai_Composite_Index": 4068.569091796875,
    "CSI_300_Index": 4892.1201171875,
    "Shenzhen_Component_Index": 15575.1298828125,
    "ALUMINUM_future": 3917.75,
    "BTC_price": 73772.2578125,
    "OIL_price": 87.36000061035156,
    "USD_CNY_exchange_rate": 6.765699863433838,
    "Commodity_Index_ETF": 29.479999542236328,
    "US_Dollar_Index": 98.91000366210938,
    "ETH_price": 2021.0699462890625,
    "GOLD_spot_price": 4560.5,
    "LEAN_HOGS_future": 95.8499984741211,
    "COPPER_future": 6.359499931335449,
    "High_Yield_Bond_ETF": 80.30999755859375,
    "LIVE_CATTLE_future": 248.25,
    "GOLD_near_month_future": 4560.5,
    "NATURAL_GAS_future": 3.2899999618530273,
    "PLATINUM_future": 1922.199951171875,
    "SILVER_future": 75.61599731445312,
    "Long_Term_Treasury_ETF": 85.76000213623047,
    "CORN_future": 446.75,
    "SOYBEANS_future": 1186.75,
    "WHEAT_future": 610.5,
    "SP500_close": 7580.06005859375,
    "NASDAQ_close": 26972.619140625,
    "US_10Y_Treasury_Yield": 4.453000068664551,
    "VIX_close": 15.319999694824219,
    "GOLD_basis_spot_vs_near": 0.0,
    "China_10Y_Treasury_Yield": 1.709
  }
}