{
  "latest_date": "2026-05-26",
  "latest_values": {
    "Shanghai_Composite_Index": 4152.56787109375,
    "CSI_300_Index": 4921.60009765625,
    "Shenzhen_Component_Index": 15856.6103515625,
    "ALUMINUM_future": 3683.25,
    "BTC_price": 75764.6015625,
    "OIL_price": 93.5199966430664,
    "USD_CNY_exchange_rate": 6.79449987411499,
    "Commodity_Index_ETF": 30.030000686645508,
    "US_Dollar_Index": 99.14099884033203,
    "ETH_price": 2069.429931640625,
    "GOLD_spot_price": 4508.39990234375,
    "LEAN_HOGS_future": 100.0250015258789,
    "COPPER_future": 6.425000190734863,
    "High_Yield_Bond_ETF": 80.18000030517578,
    "LIVE_CATTLE_future": 239.3000030517578,
    "GOLD_near_month_future": 4508.60009765625,
    "NATURAL_GAS_future": 3.015000104904175,
    "PLATINUM_future": 1969.5,
    "SILVER_future": 77.43000030517578,
    "Long_Term_Treasury_ETF": 85.0999984741211,
    "CORN_future": 458.0,
    "SOYBEANS_future": 1185.5,
    "WHEAT_future": 635.0,
    "SP500_close": 7519.1201171875,
    "NASDAQ_close": 26656.1796875,
    "US_10Y_Treasury_Yield": 4.493000030517578,
    "VIX_close": 17.010000228881836,
    "GOLD_basis_spot_vs_near": -0.2001953125,
    "China_10Y_Treasury_Yield": 1.7405
  }
}