{
  "latest_date": "2026-04-17",
  "latest_values": {
    "Shanghai_Composite_Index": 4055.547119140625,
    "CSI_300_Index": 4736.60986328125,
    "Shenzhen_Component_Index": 14796.330078125,
    "ALUMINUM_future": 3575.0,
    "BTC_price": 74802.9765625,
    "OIL_price": 90.1500015258789,
    "USD_CNY_exchange_rate": 6.817999839782715,
    "Commodity_Index_ETF": 29.110000610351562,
    "US_Dollar_Index": 98.2509994506836,
    "ETH_price": 2336.159912109375,
    "GOLD_spot_price": 4796.60009765625,
    "LEAN_HOGS_future": 101.69999694824219,
    "COPPER_future": 6.021500110626221,
    "High_Yield_Bond_ETF": 80.3499984741211,
    "LIVE_CATTLE_future": 247.60000610351562,
    "GOLD_near_month_future": 4796.7998046875,
    "NATURAL_GAS_future": 2.6640000343322754,
    "PLATINUM_future": 2084.60009765625,
    "SILVER_future": 78.11499786376953,
    "Long_Term_Treasury_ETF": 86.27999877929688,
    "CORN_future": 458.5,
    "SOYBEANS_future": 1163.75,
    "WHEAT_future": 608.5,
    "SP500_close": 7041.27978515625,
    "NASDAQ_close": 24102.703125,
    "US_10Y_Treasury_Yield": 4.309000015258789,
    "VIX_close": 17.940000534057617,
    "GOLD_basis_spot_vs_near": -0.19970703125,
    "China_10Y_Treasury_Yield": 1.7812
  }
}