{
  "latest_date": "2025-09-26",
  "latest_values": {
    "Shanghai_Composite_Index": 3853.302001953125,
    "CSI_300_Index": 4593.490234375,
    "Shenzhen_Component_Index": 13445.900390625,
    "ALUMINUM_future": 2584.75,
    "BTC_price": 109464.859375,
    "OIL_price": 65.08999633789062,
    "USD_CNY_exchange_rate": 7.131499767303467,
    "Commodity_Index_ETF": 22.799999237060547,
    "US_Dollar_Index": 98.43299865722656,
    "ETH_price": 3941.47607421875,
    "GOLD_spot_price": 3778.89990234375,
    "LEAN_HOGS_future": 89.94999694824219,
    "COPPER_future": 4.757999897003174,
    "High_Yield_Bond_ETF": 80.91999816894531,
    "LIVE_CATTLE_future": 236.0500030517578,
    "GOLD_near_month_future": 3778.800048828125,
    "NATURAL_GAS_future": 3.239000082015991,
    "PLATINUM_future": 1555.699951171875,
    "SILVER_future": 45.334999084472656,
    "Long_Term_Treasury_ETF": 88.9800033569336,
    "CORN_future": 424.25,
    "SOYBEANS_future": 1009.25,
    "WHEAT_future": 523.75,
    "SP500_close": 6604.72021484375,
    "NASDAQ_close": 22384.69921875,
    "US_10Y_Treasury_Yield": 4.171999931335449,
    "VIX_close": 16.84000015258789,
    "GOLD_basis_spot_vs_near": 0.099853515625,
    "China_10Y_Treasury_Yield": 1.884
  }
}