{
  "latest_date": "2025-12-02",
  "latest_values": {
    "Shanghai_Composite_Index": 3897.711669921875,
    "CSI_300_Index": 4554.33447265625,
    "Shenzhen_Component_Index": 13056.701171875,
    "ALUMINUM_future": 2882.25,
    "BTC_price": 91120.8359375,
    "OIL_price": 58.83000183105469,
    "USD_CNY_exchange_rate": 7.070000171661377,
    "Commodity_Index_ETF": 23.045000076293945,
    "US_Dollar_Index": 99.5510025024414,
    "ETH_price": 3001.266357421875,
    "GOLD_spot_price": 4213.10009765625,
    "LEAN_HOGS_future": 80.19999694824219,
    "COPPER_future": 5.243000030517578,
    "High_Yield_Bond_ETF": 80.5250015258789,
    "LIVE_CATTLE_future": 218.72500610351562,
    "GOLD_near_month_future": 4213.2001953125,
    "NATURAL_GAS_future": 4.881999969482422,
    "PLATINUM_future": 1647.4000244140625,
    "SILVER_future": 58.21500015258789,
    "Long_Term_Treasury_ETF": 88.7699966430664,
    "CORN_future": 451.0,
    "SOYBEANS_future": 1130.0,
    "WHEAT_future": 542.75,
    "SP500_close": 6821.1298828125,
    "NASDAQ_close": 23382.685546875,
    "US_10Y_Treasury_Yield": 4.0920000076293945,
    "VIX_close": 17.040000915527344,
    "GOLD_basis_spot_vs_near": -0.10009765625,
    "China_10Y_Treasury_Yield": 1.8442
  }
}