{
  "latest_date": "2025-11-27",
  "latest_values": {
    "Shanghai_Composite_Index": 3864.18408203125,
    "CSI_300_Index": 4517.6298828125,
    "Shenzhen_Component_Index": 12907.830078125,
    "ALUMINUM_future": 2740.5,
    "BTC_price": 91492.4609375,
    "OIL_price": 58.7599983215332,
    "USD_CNY_exchange_rate": 7.080699920654297,
    "Commodity_Index_ETF": 22.760000228881836,
    "US_Dollar_Index": 99.59700012207031,
    "ETH_price": 3027.27490234375,
    "GOLD_spot_price": 4197.60009765625,
    "LEAN_HOGS_future": 80.67500305175781,
    "COPPER_future": 5.177999973297119,
    "High_Yield_Bond_ETF": 80.94999694824219,
    "LIVE_CATTLE_future": 213.0500030517578,
    "GOLD_near_month_future": 4197.39990234375,
    "NATURAL_GAS_future": 4.61299991607666,
    "PLATINUM_future": 1641.9000244140625,
    "SILVER_future": 53.6150016784668,
    "Long_Term_Treasury_ETF": 90.63999938964844,
    "CORN_future": 433.25,
    "SOYBEANS_future": 1132.25,
    "WHEAT_future": 529.0,
    "SP500_close": 6812.60986328125,
    "NASDAQ_close": 23214.689453125,
    "US_10Y_Treasury_Yield": 3.997999906539917,
    "VIX_close": 17.190000534057617,
    "GOLD_basis_spot_vs_near": 0.2001953125,
    "China_10Y_Treasury_Yield": 1.8462
  }
}