{
  "latest_date": "2026-02-26",
  "latest_values": {
    "Shanghai_Composite_Index": 4146.630859375,
    "CSI_300_Index": 4726.8740234375,
    "Shenzhen_Component_Index": 14475.8701171875,
    "ALUMINUM_future": 3078.75,
    "BTC_price": 67312.7421875,
    "OIL_price": 64.93000030517578,
    "USD_CNY_exchange_rate": 6.840400218963623,
    "Commodity_Index_ETF": 24.670000076293945,
    "US_Dollar_Index": 97.66400146484375,
    "ETH_price": 2035.70361328125,
    "GOLD_spot_price": 5182.7001953125,
    "LEAN_HOGS_future": 85.5999984741211,
    "COPPER_future": 6.0229997634887695,
    "High_Yield_Bond_ETF": 80.80010223388672,
    "LIVE_CATTLE_future": 245.47500610351562,
    "GOLD_near_month_future": 5183.0,
    "NATURAL_GAS_future": 2.7829999923706055,
    "PLATINUM_future": 2248.10009765625,
    "SILVER_future": 87.29000091552734,
    "Long_Term_Treasury_ETF": 90.19999694824219,
    "CORN_future": 445.0,
    "SOYBEANS_future": 1163.75,
    "WHEAT_future": 571.25,
    "SP500_close": 6883.64013671875,
    "NASDAQ_close": 22779.3515625,
    "US_10Y_Treasury_Yield": 4.020999908447266,
    "VIX_close": 18.75,
    "GOLD_basis_spot_vs_near": -0.2998046875,
    "China_10Y_Treasury_Yield": 1.8288
  }
}