{
  "latest_date": "2026-05-05",
  "latest_values": {
    "Shanghai_Composite_Index": 4112.1591796875,
    "CSI_300_Index": 4807.31005859375,
    "Shenzhen_Component_Index": 15107.5498046875,
    "ALUMINUM_future": 3547.0,
    "BTC_price": 81637.1484375,
    "OIL_price": 102.27999877929688,
    "USD_CNY_exchange_rate": 6.829500198364258,
    "Commodity_Index_ETF": 31.12179946899414,
    "US_Dollar_Index": 98.39199829101562,
    "ETH_price": 2385.06005859375,
    "GOLD_spot_price": 4588.0,
    "LEAN_HOGS_future": 100.125,
    "COPPER_future": 6.009500026702881,
    "High_Yield_Bond_ETF": 79.9749984741211,
    "LIVE_CATTLE_future": 252.97500610351562,
    "GOLD_near_month_future": 4588.10009765625,
    "NATURAL_GAS_future": 2.7799999713897705,
    "PLATINUM_future": 1984.199951171875,
    "SILVER_future": 74.12999725341797,
    "Long_Term_Treasury_ETF": 85.32499694824219,
    "CORN_future": 478.5,
    "SOYBEANS_future": 1212.75,
    "WHEAT_future": 625.25,
    "SP500_close": 7254.43017578125,
    "NASDAQ_close": 25313.580078125,
    "US_10Y_Treasury_Yield": 4.418000221252441,
    "VIX_close": 17.440000534057617,
    "GOLD_basis_spot_vs_near": -0.10009765625,
    "China_10Y_Treasury_Yield": 1.7473
  }
}