{
  "latest_date": "2026-04-02",
  "latest_values": {
    "Shanghai_Composite_Index": 3919.28515625,
    "CSI_300_Index": 4478.9140625,
    "Shenzhen_Component_Index": 13486.9365234375,
    "ALUMINUM_future": 3420.0,
    "BTC_price": 66264.8828125,
    "OIL_price": 107.9800033569336,
    "USD_CNY_exchange_rate": 6.894199848175049,
    "Commodity_Index_ETF": 28.68000030517578,
    "US_Dollar_Index": 100.1760025024414,
    "ETH_price": 2034.4248046875,
    "GOLD_spot_price": 4653.60009765625,
    "LEAN_HOGS_future": 90.92500305175781,
    "COPPER_future": 5.547999858856201,
    "High_Yield_Bond_ETF": 79.37000274658203,
    "LIVE_CATTLE_future": 244.0500030517578,
    "GOLD_near_month_future": 4653.7998046875,
    "NATURAL_GAS_future": 2.861999988555908,
    "PLATINUM_future": 1920.0,
    "SILVER_future": 71.21499633789062,
    "Long_Term_Treasury_ETF": 86.26000213623047,
    "CORN_future": 456.5,
    "SOYBEANS_future": 1172.0,
    "WHEAT_future": 605.0,
    "SP500_close": 6575.31982421875,
    "NASDAQ_close": 21840.94921875,
    "US_10Y_Treasury_Yield": 4.318999767303467,
    "VIX_close": 26.649999618530273,
    "GOLD_basis_spot_vs_near": -0.19970703125,
    "China_10Y_Treasury_Yield": 1.8209
  }
}