{
  "latest_date": "2025-10-27",
  "latest_values": {
    "Shanghai_Composite_Index": 3950.31201171875,
    "CSI_300_Index": 4660.68017578125,
    "Shenzhen_Component_Index": 13289.1796875,
    "ALUMINUM_future": 2823.5,
    "BTC_price": 115300.6328125,
    "OIL_price": 61.380001068115234,
    "USD_CNY_exchange_rate": 7.1041998863220215,
    "Commodity_Index_ETF": 22.850000381469727,
    "US_Dollar_Index": 98.76300048828125,
    "ETH_price": 4159.59228515625,
    "GOLD_spot_price": 4038.39990234375,
    "LEAN_HOGS_future": 84.2249984741211,
    "COPPER_future": 5.177499771118164,
    "High_Yield_Bond_ETF": 81.08000183105469,
    "LIVE_CATTLE_future": 233.9250030517578,
    "GOLD_near_month_future": 4038.39990234375,
    "NATURAL_GAS_future": 3.3289999961853027,
    "PLATINUM_future": 1570.5999755859375,
    "SILVER_future": 47.16999816894531,
    "Long_Term_Treasury_ETF": 91.47000122070312,
    "CORN_future": 430.25,
    "SOYBEANS_future": 1083.25,
    "WHEAT_future": 526.25,
    "SP500_close": 6791.68994140625,
    "NASDAQ_close": 23204.869140625,
    "US_10Y_Treasury_Yield": 3.996999979019165,
    "VIX_close": 15.680000305175781,
    "GOLD_basis_spot_vs_near": 0.0,
    "China_10Y_Treasury_Yield": 1.8423
  }
}