{
  "latest_date": "2026-04-06",
  "latest_values": {
    "Shanghai_Composite_Index": 3880.096923828125,
    "CSI_300_Index": 4440.7900390625,
    "Shenzhen_Component_Index": 13352.900390625,
    "ALUMINUM_future": 3411.0,
    "BTC_price": 69198.7734375,
    "OIL_price": 109.69999694824219,
    "USD_CNY_exchange_rate": 6.8850998878479,
    "Commodity_Index_ETF": 29.329999923706055,
    "US_Dollar_Index": 99.85900115966797,
    "ETH_price": 2135.900146484375,
    "GOLD_spot_price": 4715.5,
    "LEAN_HOGS_future": 90.3499984741211,
    "COPPER_future": 5.620500087738037,
    "High_Yield_Bond_ETF": 79.55999755859375,
    "LIVE_CATTLE_future": 246.1999969482422,
    "GOLD_near_month_future": 4715.2001953125,
    "NATURAL_GAS_future": 2.7890000343322754,
    "PLATINUM_future": 1991.800048828125,
    "SILVER_future": 72.91000366210938,
    "Long_Term_Treasury_ETF": 86.79000091552734,
    "CORN_future": 450.25,
    "SOYBEANS_future": 1164.75,
    "WHEAT_future": 589.5,
    "SP500_close": 6582.68994140625,
    "NASDAQ_close": 21879.1796875,
    "US_10Y_Treasury_Yield": 4.313000202178955,
    "VIX_close": 24.700000762939453,
    "GOLD_basis_spot_vs_near": 0.2998046875,
    "China_10Y_Treasury_Yield": 1.8199
  }
}