{
  "latest_date": "2026-05-13",
  "latest_values": {
    "Shanghai_Composite_Index": 4242.57177734375,
    "CSI_300_Index": 4998.341796875,
    "Shenzhen_Component_Index": 16089.7490234375,
    "ALUMINUM_future": 3615.0,
    "BTC_price": 80817.0078125,
    "OIL_price": 102.0999984741211,
    "USD_CNY_exchange_rate": 6.7947998046875,
    "Commodity_Index_ETF": 31.690000534057617,
    "US_Dollar_Index": 98.49600219726562,
    "ETH_price": 2309.18994140625,
    "GOLD_spot_price": 4702.39990234375,
    "LEAN_HOGS_future": 90.92500305175781,
    "COPPER_future": 6.636000156402588,
    "High_Yield_Bond_ETF": 79.87000274658203,
    "LIVE_CATTLE_future": 247.6999969482422,
    "GOLD_near_month_future": 4702.10009765625,
    "NATURAL_GAS_future": 2.825000047683716,
    "PLATINUM_future": 2148.10009765625,
    "SILVER_future": 87.53500366210938,
    "Long_Term_Treasury_ETF": 84.98999786376953,
    "CORN_future": 481.0,
    "SOYBEANS_future": 1229.25,
    "WHEAT_future": 679.75,
    "SP500_close": 7400.9599609375,
    "NASDAQ_close": 26088.19921875,
    "US_10Y_Treasury_Yield": 4.4629998207092285,
    "VIX_close": 17.989999771118164,
    "GOLD_basis_spot_vs_near": 0.2998046875,
    "China_10Y_Treasury_Yield": 1.7514
  }
}