{
  "latest_date": "2026-04-30",
  "latest_values": {
    "Shanghai_Composite_Index": 4112.1591796875,
    "CSI_300_Index": 4807.30712890625,
    "Shenzhen_Component_Index": 15107.552734375,
    "ALUMINUM_future": 3449.75,
    "BTC_price": 76074.5078125,
    "OIL_price": 107.05999755859375,
    "USD_CNY_exchange_rate": 6.837399959564209,
    "Commodity_Index_ETF": 31.079999923706055,
    "US_Dollar_Index": 98.75,
    "ETH_price": 2262.39990234375,
    "GOLD_spot_price": 4636.2998046875,
    "LEAN_HOGS_future": 95.0999984741211,
    "COPPER_future": 5.994500160217285,
    "High_Yield_Bond_ETF": 80.12999725341797,
    "LIVE_CATTLE_future": 256.875,
    "GOLD_near_month_future": 4636.39990234375,
    "NATURAL_GAS_future": 2.625999927520752,
    "PLATINUM_future": 1944.5,
    "SILVER_future": 73.91500091552734,
    "Long_Term_Treasury_ETF": 85.69999694824219,
    "CORN_future": 478.0,
    "SOYBEANS_future": 1200.0,
    "WHEAT_future": 649.0,
    "SP500_close": 7135.9501953125,
    "NASDAQ_close": 24673.240234375,
    "US_10Y_Treasury_Yield": 4.418000221252441,
    "VIX_close": 18.420000076293945,
    "GOLD_basis_spot_vs_near": -0.10009765625,
    "China_10Y_Treasury_Yield": 1.7444
  }
}