{
  "latest_date": "2025-11-10",
  "latest_values": {
    "Shanghai_Composite_Index": 4018.59716796875,
    "CSI_300_Index": 4695.05078125,
    "Shenzhen_Component_Index": 13404.0595703125,
    "ALUMINUM_future": 2840.5,
    "BTC_price": 105026.234375,
    "OIL_price": 59.540000915527344,
    "USD_CNY_exchange_rate": 7.118800163269043,
    "Commodity_Index_ETF": 22.979999542236328,
    "US_Dollar_Index": 99.71499633789062,
    "ETH_price": 3520.625244140625,
    "GOLD_spot_price": 4091.300048828125,
    "LEAN_HOGS_future": 80.69999694824219,
    "COPPER_future": 5.015999794006348,
    "High_Yield_Bond_ETF": 80.4749984741211,
    "LIVE_CATTLE_future": 223.8249969482422,
    "GOLD_near_month_future": 4091.199951171875,
    "NATURAL_GAS_future": 4.302000045776367,
    "PLATINUM_future": 1576.5,
    "SILVER_future": 49.70500183105469,
    "Long_Term_Treasury_ETF": 89.41500091552734,
    "CORN_future": 429.5,
    "SOYBEANS_future": 1126.75,
    "WHEAT_future": 533.75,
    "SP500_close": 6780.72998046875,
    "NASDAQ_close": 23335.044921875,
    "US_10Y_Treasury_Yield": 4.104000091552734,
    "VIX_close": 18.440000534057617,
    "GOLD_basis_spot_vs_near": 0.10009765625,
    "China_10Y_Treasury_Yield": 1.8139
  }
}