{
  "latest_date": "2026-05-21",
  "latest_values": {
    "Shanghai_Composite_Index": 4162.18505859375,
    "CSI_300_Index": 4850.7001953125,
    "Shenzhen_Component_Index": 15569.98046875,
    "ALUMINUM_future": 3584.5,
    "BTC_price": 77867.453125,
    "OIL_price": 99.16000366210938,
    "USD_CNY_exchange_rate": 6.814499855041504,
    "Commodity_Index_ETF": 30.8799991607666,
    "US_Dollar_Index": 99.19499969482422,
    "ETH_price": 2139.27001953125,
    "GOLD_spot_price": 4537.0,
    "LEAN_HOGS_future": 102.0,
    "COPPER_future": 6.309500217437744,
    "High_Yield_Bond_ETF": 79.86000061035156,
    "LIVE_CATTLE_future": 245.1750030517578,
    "GOLD_near_month_future": 4537.60009765625,
    "NATURAL_GAS_future": 3.0399999618530273,
    "PLATINUM_future": 1943.4000244140625,
    "SILVER_future": 75.79000091552734,
    "Long_Term_Treasury_ETF": 83.91000366210938,
    "CORN_future": 463.75,
    "SOYBEANS_future": 1197.0,
    "WHEAT_future": 655.25,
    "SP500_close": 7432.97021484375,
    "NASDAQ_close": 26270.359375,
    "US_10Y_Treasury_Yield": 4.572000026702881,
    "VIX_close": 17.440000534057617,
    "GOLD_basis_spot_vs_near": -0.60009765625,
    "China_10Y_Treasury_Yield": 1.7382
  }
}