{
  "latest_date": "2025-09-22",
  "latest_values": {
    "Shanghai_Composite_Index": 3828.576416015625,
    "CSI_300_Index": 4522.60791015625,
    "Shenzhen_Component_Index": 13157.9736328125,
    "ALUMINUM_future": 2580.0,
    "BTC_price": 112579.1015625,
    "OIL_price": 62.31999969482422,
    "USD_CNY_exchange_rate": 7.113999843597412,
    "Commodity_Index_ETF": 22.243900299072266,
    "US_Dollar_Index": 97.3550033569336,
    "ETH_price": 4159.25244140625,
    "GOLD_spot_price": 3781.800048828125,
    "LEAN_HOGS_future": 98.80000305175781,
    "COPPER_future": 4.63700008392334,
    "High_Yield_Bond_ETF": 81.28620147705078,
    "LIVE_CATTLE_future": 237.22500610351562,
    "GOLD_near_month_future": 3782.0,
    "NATURAL_GAS_future": 2.808000087738037,
    "PLATINUM_future": 1429.0999755859375,
    "SILVER_future": 44.35499954223633,
    "Long_Term_Treasury_ETF": 88.84500122070312,
    "CORN_future": 421.75,
    "SOYBEANS_future": 1011.25,
    "WHEAT_future": 510.0,
    "SP500_close": 6694.58984375,
    "NASDAQ_close": 22786.5625,
    "US_10Y_Treasury_Yield": 4.14900016784668,
    "VIX_close": 15.890000343322754,
    "GOLD_basis_spot_vs_near": -0.199951171875,
    "China_10Y_Treasury_Yield": 1.8647
  }
}