{
  "latest_date": "2026-03-06",
  "latest_values": {
    "Shanghai_Composite_Index": 4108.56689453125,
    "CSI_300_Index": 4647.68994140625,
    "Shenzhen_Component_Index": 14088.83984375,
    "ALUMINUM_future": 3259.75,
    "BTC_price": 70671.96875,
    "OIL_price": 84.2699966430664,
    "USD_CNY_exchange_rate": 6.904099941253662,
    "Commodity_Index_ETF": 26.520000457763672,
    "US_Dollar_Index": 99.28800201416016,
    "ETH_price": 2062.87646484375,
    "GOLD_spot_price": 5090.5,
    "LEAN_HOGS_future": 86.92500305175781,
    "COPPER_future": 5.815499782562256,
    "High_Yield_Bond_ETF": 80.08000183105469,
    "LIVE_CATTLE_future": 232.85000610351562,
    "GOLD_near_month_future": 5090.60009765625,
    "NATURAL_GAS_future": 3.0329999923706055,
    "PLATINUM_future": 2134.89990234375,
    "SILVER_future": 82.79499816894531,
    "Long_Term_Treasury_ETF": 88.79000091552734,
    "CORN_future": 455.5,
    "SOYBEANS_future": 1186.5,
    "WHEAT_future": 594.0,
    "SP500_close": 6830.7099609375,
    "NASDAQ_close": 22748.990234375,
    "US_10Y_Treasury_Yield": 4.145999908447266,
    "VIX_close": 24.59000015258789,
    "GOLD_basis_spot_vs_near": -0.10009765625,
    "China_10Y_Treasury_Yield": 1.781
  }
}