{
  "latest_date": "2025-10-17",
  "latest_values": {
    "Shanghai_Composite_Index": 3839.75537109375,
    "CSI_300_Index": 4514.234375,
    "Shenzhen_Component_Index": 13086.41015625,
    "ALUMINUM_future": 2707.75,
    "BTC_price": 107397.3359375,
    "OIL_price": 57.11000061035156,
    "USD_CNY_exchange_rate": 7.126200199127197,
    "Commodity_Index_ETF": 22.1200008392334,
    "US_Dollar_Index": 98.43399810791016,
    "ETH_price": 3838.7958984375,
    "GOLD_spot_price": 4255.7998046875,
    "LEAN_HOGS_future": 82.2750015258789,
    "COPPER_future": 4.9770002365112305,
    "High_Yield_Bond_ETF": 80.54000091552734,
    "LIVE_CATTLE_future": 242.1999969482422,
    "GOLD_near_month_future": 4256.0,
    "NATURAL_GAS_future": 3.005000114440918,
    "PLATINUM_future": 1644.199951171875,
    "SILVER_future": 50.755001068115234,
    "Long_Term_Treasury_ETF": 91.08499908447266,
    "CORN_future": 424.5,
    "SOYBEANS_future": 1035.75,
    "WHEAT_future": 504.75,
    "SP500_close": 6652.02001953125,
    "NASDAQ_close": 22598.61328125,
    "US_10Y_Treasury_Yield": 4.002999782562256,
    "VIX_close": 23.75,
    "GOLD_basis_spot_vs_near": -0.2001953125,
    "China_10Y_Treasury_Yield": 1.8246
  }
}