{
  "latest_date": "2026-05-29",
  "latest_values": {
    "Shanghai_Composite_Index": 4098.63623046875,
    "CSI_300_Index": 4914.2099609375,
    "Shenzhen_Component_Index": 15861.8896484375,
    "ALUMINUM_future": 3650.0,
    "BTC_price": 73407.7734375,
    "OIL_price": 87.79000091552734,
    "USD_CNY_exchange_rate": 6.778800010681152,
    "Commodity_Index_ETF": 29.719999313354492,
    "US_Dollar_Index": 99.052001953125,
    "ETH_price": 2005.989990234375,
    "GOLD_spot_price": 4540.7998046875,
    "LEAN_HOGS_future": 96.9749984741211,
    "COPPER_future": 6.418499946594238,
    "High_Yield_Bond_ETF": 80.2300033569336,
    "LIVE_CATTLE_future": 249.75,
    "GOLD_near_month_future": 4540.7998046875,
    "NATURAL_GAS_future": 3.2939999103546143,
    "PLATINUM_future": 1925.4000244140625,
    "SILVER_future": 76.06500244140625,
    "Long_Term_Treasury_ETF": 85.73999786376953,
    "CORN_future": 455.5,
    "SOYBEANS_future": 1198.5,
    "WHEAT_future": 621.75,
    "SP500_close": 7563.6298828125,
    "NASDAQ_close": 26917.470703125,
    "US_10Y_Treasury_Yield": 4.454999923706055,
    "VIX_close": 15.739999771118164,
    "GOLD_basis_spot_vs_near": 0.0,
    "China_10Y_Treasury_Yield": 1.7193
  }
}