{
  "latest_date": "2025-11-25",
  "latest_values": {
    "Shanghai_Composite_Index": 3870.022705078125,
    "CSI_300_Index": 4490.40478515625,
    "Shenzhen_Component_Index": 12585.080078125,
    "ALUMINUM_future": 2776.0,
    "BTC_price": 86262.7421875,
    "OIL_price": 57.33000183105469,
    "USD_CNY_exchange_rate": 7.084000110626221,
    "Commodity_Index_ETF": 22.414400100708008,
    "US_Dollar_Index": 99.80999755859375,
    "ETH_price": 2861.319580078125,
    "GOLD_spot_price": 4157.0,
    "LEAN_HOGS_future": 79.32499694824219,
    "COPPER_future": 5.110000133514404,
    "High_Yield_Bond_ETF": 80.59500122070312,
    "LIVE_CATTLE_future": 206.02499389648438,
    "GOLD_near_month_future": 4155.2001953125,
    "NATURAL_GAS_future": 4.40500020980835,
    "PLATINUM_future": 1555.0,
    "SILVER_future": 51.28499984741211,
    "Long_Term_Treasury_ETF": 90.48999786376953,
    "CORN_future": 437.75,
    "SOYBEANS_future": 1122.0,
    "WHEAT_future": 535.25,
    "SP500_close": 6686.60986328125,
    "NASDAQ_close": 22697.68359375,
    "US_10Y_Treasury_Yield": 4.00600004196167,
    "VIX_close": 21.559999465942383,
    "GOLD_basis_spot_vs_near": 1.7998046875,
    "China_10Y_Treasury_Yield": 1.8301
  }
}