{
  "latest_date": "2026-02-19",
  "latest_values": {
    "Shanghai_Composite_Index": 4082.072998046875,
    "CSI_300_Index": 4660.41015625,
    "Shenzhen_Component_Index": 14100.1904296875,
    "ALUMINUM_future": 3026.5,
    "BTC_price": 66515.015625,
    "OIL_price": 66.05000305175781,
    "USD_CNY_exchange_rate": 6.903200149536133,
    "Commodity_Index_ETF": 24.209999084472656,
    "US_Dollar_Index": 97.77100372314453,
    "ETH_price": 1950.373291015625,
    "GOLD_spot_price": 5005.7001953125,
    "LEAN_HOGS_future": 83.9749984741211,
    "COPPER_future": 5.7164998054504395,
    "High_Yield_Bond_ETF": 80.91000366210938,
    "LIVE_CATTLE_future": 246.60000610351562,
    "GOLD_near_month_future": 5005.7998046875,
    "NATURAL_GAS_future": 3.0439999103546143,
    "PLATINUM_future": 2076.60009765625,
    "SILVER_future": 77.62999725341797,
    "Long_Term_Treasury_ETF": 89.52999877929688,
    "CORN_future": 427.25,
    "SOYBEANS_future": 1150.25,
    "WHEAT_future": 559.0,
    "SP500_close": 6881.31005859375,
    "NASDAQ_close": 22753.630859375,
    "US_10Y_Treasury_Yield": 4.078999996185303,
    "VIX_close": 20.18000030517578,
    "GOLD_basis_spot_vs_near": -0.099609375,
    "China_10Y_Treasury_Yield": 1.7899
  }
}