{
  "latest_date": "2026-04-16",
  "latest_values": {
    "Shanghai_Composite_Index": 4027.208984375,
    "CSI_300_Index": 4685.25,
    "Shenzhen_Component_Index": 14498.4599609375,
    "ALUMINUM_future": 3614.5,
    "BTC_price": 75025.671875,
    "OIL_price": 91.55999755859375,
    "USD_CNY_exchange_rate": 6.815700054168701,
    "Commodity_Index_ETF": 28.889999389648438,
    "US_Dollar_Index": 98.06700134277344,
    "ETH_price": 2355.2900390625,
    "GOLD_spot_price": 4838.39990234375,
    "LEAN_HOGS_future": 90.69999694824219,
    "COPPER_future": 6.124000072479248,
    "High_Yield_Bond_ETF": 80.45999908447266,
    "LIVE_CATTLE_future": 252.60000610351562,
    "GOLD_near_month_future": 4838.0,
    "NATURAL_GAS_future": 2.5889999866485596,
    "PLATINUM_future": 2146.60009765625,
    "SILVER_future": 80.43000030517578,
    "Long_Term_Treasury_ETF": 86.83000183105469,
    "CORN_future": 451.75,
    "SOYBEANS_future": 1166.5,
    "WHEAT_future": 603.0,
    "SP500_close": 7022.9501953125,
    "NASDAQ_close": 24016.01953125,
    "US_10Y_Treasury_Yield": 4.2820000648498535,
    "VIX_close": 18.170000076293945,
    "GOLD_basis_spot_vs_near": 0.39990234375,
    "China_10Y_Treasury_Yield": 1.7809
  }
}