{
  "latest_date": "2026-02-26",
  "latest_values": {
    "Shanghai_Composite_Index": 4147.22998046875,
    "CSI_300_Index": 4735.89013671875,
    "Shenzhen_Component_Index": 14475.8701171875,
    "ALUMINUM_future": 3092.75,
    "BTC_price": 68240.6796875,
    "OIL_price": 65.25,
    "USD_CNY_exchange_rate": 6.839700222015381,
    "Commodity_Index_ETF": 24.75,
    "US_Dollar_Index": 97.71299743652344,
    "ETH_price": 2066.931396484375,
    "GOLD_spot_price": 5194.0,
    "LEAN_HOGS_future": 85.5,
    "COPPER_future": 6.023499965667725,
    "High_Yield_Bond_ETF": 80.91999816894531,
    "LIVE_CATTLE_future": 246.0500030517578,
    "GOLD_near_month_future": 5194.0,
    "NATURAL_GAS_future": 2.8010001182556152,
    "PLATINUM_future": 2292.699951171875,
    "SILVER_future": 87.76000213623047,
    "Long_Term_Treasury_ETF": 89.91000366210938,
    "CORN_future": 442.75,
    "SOYBEANS_future": 1169.5,
    "WHEAT_future": 573.5,
    "SP500_close": 6946.1298828125,
    "NASDAQ_close": 23152.080078125,
    "US_10Y_Treasury_Yield": 4.047999858856201,
    "VIX_close": 18.110000610351562,
    "GOLD_basis_spot_vs_near": 0.0,
    "China_10Y_Treasury_Yield": 1.8158
  }
}