{
  "latest_date": "2026-02-20",
  "latest_values": {
    "Shanghai_Composite_Index": 4082.072998046875,
    "CSI_300_Index": 4660.41015625,
    "Shenzhen_Component_Index": 14100.1904296875,
    "ALUMINUM_future": 3040.25,
    "BTC_price": 68102.484375,
    "OIL_price": 65.91999816894531,
    "USD_CNY_exchange_rate": 6.903200149536133,
    "Commodity_Index_ETF": 24.43000030517578,
    "US_Dollar_Index": 97.90899658203125,
    "ETH_price": 1967.9097900390625,
    "GOLD_spot_price": 5045.10009765625,
    "LEAN_HOGS_future": 83.57499694824219,
    "COPPER_future": 5.759500026702881,
    "High_Yield_Bond_ETF": 80.94000244140625,
    "LIVE_CATTLE_future": 247.75,
    "GOLD_near_month_future": 5045.5,
    "NATURAL_GAS_future": 2.930000066757202,
    "PLATINUM_future": 2122.199951171875,
    "SILVER_future": 80.2699966430664,
    "Long_Term_Treasury_ETF": 89.62000274658203,
    "CORN_future": 427.0,
    "SOYBEANS_future": 1152.5,
    "WHEAT_future": 568.5,
    "SP500_close": 6861.89013671875,
    "NASDAQ_close": 22682.73046875,
    "US_10Y_Treasury_Yield": 4.074999809265137,
    "VIX_close": 20.0,
    "GOLD_basis_spot_vs_near": -0.39990234375,
    "China_10Y_Treasury_Yield": 1.7899
  }
}