{
  "latest_date": "2026-04-30",
  "latest_values": {
    "Shanghai_Composite_Index": 4112.1591796875,
    "CSI_300_Index": 4807.30712890625,
    "Shenzhen_Component_Index": 15107.552734375,
    "ALUMINUM_future": 3419.25,
    "BTC_price": 76052.3828125,
    "OIL_price": 105.1500015258789,
    "USD_CNY_exchange_rate": 6.837399959564209,
    "Commodity_Index_ETF": 31.079999923706055,
    "US_Dollar_Index": 98.2959976196289,
    "ETH_price": 2265.010009765625,
    "GOLD_spot_price": 4652.39990234375,
    "LEAN_HOGS_future": 95.0999984741211,
    "COPPER_future": 6.011499881744385,
    "High_Yield_Bond_ETF": 80.12999725341797,
    "LIVE_CATTLE_future": 256.875,
    "GOLD_near_month_future": 4652.5,
    "NATURAL_GAS_future": 2.625999927520752,
    "PLATINUM_future": 1960.0999755859375,
    "SILVER_future": 74.25499725341797,
    "Long_Term_Treasury_ETF": 85.69999694824219,
    "CORN_future": 474.75,
    "SOYBEANS_future": 1193.25,
    "WHEAT_future": 643.0,
    "SP500_close": 7135.9501953125,
    "NASDAQ_close": 24673.240234375,
    "US_10Y_Treasury_Yield": 4.418000221252441,
    "VIX_close": 18.06999969482422,
    "GOLD_basis_spot_vs_near": -0.10009765625,
    "China_10Y_Treasury_Yield": 1.7473
  }
}