{
  "latest_date": "2026-02-12",
  "latest_values": {
    "Shanghai_Composite_Index": 4131.98486328125,
    "CSI_300_Index": 4713.81982421875,
    "Shenzhen_Component_Index": 14160.9296875,
    "ALUMINUM_future": 3089.0,
    "BTC_price": 67828.8046875,
    "OIL_price": 64.33999633789062,
    "USD_CNY_exchange_rate": 6.9004998207092285,
    "Commodity_Index_ETF": 24.3700008392334,
    "US_Dollar_Index": 96.83899688720703,
    "ETH_price": 1986.465087890625,
    "GOLD_spot_price": 5084.89990234375,
    "LEAN_HOGS_future": 86.9000015258789,
    "COPPER_future": 5.985499858856201,
    "High_Yield_Bond_ETF": 80.83000183105469,
    "LIVE_CATTLE_future": 242.35000610351562,
    "GOLD_near_month_future": 5085.0,
    "NATURAL_GAS_future": 3.240000009536743,
    "PLATINUM_future": 2112.39990234375,
    "SILVER_future": 83.0999984741211,
    "Long_Term_Treasury_ETF": 88.05999755859375,
    "CORN_future": 428.25,
    "SOYBEANS_future": 1137.0,
    "WHEAT_future": 539.75,
    "SP500_close": 6941.47021484375,
    "NASDAQ_close": 23066.470703125,
    "US_10Y_Treasury_Yield": 4.171999931335449,
    "VIX_close": 17.389999389648438,
    "GOLD_basis_spot_vs_near": -0.10009765625,
    "China_10Y_Treasury_Yield": 1.7893
  }
}