{
  "latest_date": "2026-02-27",
  "latest_values": {
    "Shanghai_Composite_Index": 4146.630859375,
    "CSI_300_Index": 4726.8701171875,
    "Shenzhen_Component_Index": 14503.7900390625,
    "ALUMINUM_future": 3083.25,
    "BTC_price": 66985.09375,
    "OIL_price": 66.43000030517578,
    "USD_CNY_exchange_rate": 6.859600067138672,
    "Commodity_Index_ETF": 24.760000228881836,
    "US_Dollar_Index": 97.77799987792969,
    "ETH_price": 1992.0032958984375,
    "GOLD_spot_price": 5189.5,
    "LEAN_HOGS_future": 85.69999694824219,
    "COPPER_future": 6.111499786376953,
    "High_Yield_Bond_ETF": 80.8499984741211,
    "LIVE_CATTLE_future": 231.27499389648438,
    "GOLD_near_month_future": 5189.0,
    "NATURAL_GAS_future": 2.8440001010894775,
    "PLATINUM_future": 2369.10009765625,
    "SILVER_future": 90.16999816894531,
    "Long_Term_Treasury_ETF": 90.2699966430664,
    "CORN_future": 443.75,
    "SOYBEANS_future": 1166.25,
    "WHEAT_future": 577.25,
    "SP500_close": 6908.85986328125,
    "NASDAQ_close": 22878.380859375,
    "US_10Y_Treasury_Yield": 4.017000198364258,
    "VIX_close": 19.479999542236328,
    "GOLD_basis_spot_vs_near": 0.5,
    "China_10Y_Treasury_Yield": 1.7877
  }
}