{
  "latest_date": "2025-11-19",
  "latest_values": {
    "Shanghai_Composite_Index": 3939.81298828125,
    "CSI_300_Index": 4568.18994140625,
    "Shenzhen_Component_Index": 13080.490234375,
    "ALUMINUM_future": 2730.0,
    "BTC_price": 92093.875,
    "OIL_price": 60.52000045776367,
    "USD_CNY_exchange_rate": 7.110400199890137,
    "Commodity_Index_ETF": 23.1299991607666,
    "US_Dollar_Index": 99.54100036621094,
    "ETH_price": 3024.538818359375,
    "GOLD_spot_price": 4096.0,
    "LEAN_HOGS_future": 77.7750015258789,
    "COPPER_future": 4.984000205993652,
    "High_Yield_Bond_ETF": 80.11000061035156,
    "LIVE_CATTLE_future": 220.8249969482422,
    "GOLD_near_month_future": 4096.5,
    "NATURAL_GAS_future": 4.376999855041504,
    "PLATINUM_future": 1556.0999755859375,
    "SILVER_future": 51.27000045776367,
    "Long_Term_Treasury_ETF": 89.05999755859375,
    "CORN_future": 435.0,
    "SOYBEANS_future": 1149.5,
    "WHEAT_future": 558.75,
    "SP500_close": 6617.31982421875,
    "NASDAQ_close": 22432.849609375,
    "US_10Y_Treasury_Yield": 4.123000144958496,
    "VIX_close": 24.690000534057617,
    "GOLD_basis_spot_vs_near": -0.5,
    "China_10Y_Treasury_Yield": 1.8121
  }
}