{
  "latest_date": "2026-03-23",
  "latest_values": {
    "Shanghai_Composite_Index": 3813.282958984375,
    "CSI_300_Index": 4417.9970703125,
    "Shenzhen_Component_Index": 13866.2001953125,
    "ALUMINUM_future": 3100.0,
    "BTC_price": 70385.109375,
    "OIL_price": 90.72000122070312,
    "USD_CNY_exchange_rate": 6.880199909210205,
    "Commodity_Index_ETF": 27.989999771118164,
    "US_Dollar_Index": 99.35199737548828,
    "ETH_price": 2131.072509765625,
    "GOLD_spot_price": 4379.10009765625,
    "LEAN_HOGS_future": 104.55000305175781,
    "COPPER_future": 5.466000080108643,
    "High_Yield_Bond_ETF": 79.24009704589844,
    "LIVE_CATTLE_future": 233.8000030517578,
    "GOLD_near_month_future": 4379.89990234375,
    "NATURAL_GAS_future": 2.921999931335449,
    "PLATINUM_future": 1842.0,
    "SILVER_future": 68.58000183105469,
    "Long_Term_Treasury_ETF": 86.06999969482422,
    "CORN_future": 460.75,
    "SOYBEANS_future": 1166.75,
    "WHEAT_future": 584.5,
    "SP500_close": 6584.6298828125,
    "NASDAQ_close": 21944.263671875,
    "US_10Y_Treasury_Yield": 4.372000217437744,
    "VIX_close": 26.06999969482422,
    "GOLD_basis_spot_vs_near": -0.7998046875,
    "China_10Y_Treasury_Yield": 1.8316
  }
}