{
  "latest_date": "2025-09-18",
  "latest_values": {
    "Shanghai_Composite_Index": 3831.65625,
    "CSI_300_Index": 4498.10888671875,
    "Shenzhen_Component_Index": 13075.658203125,
    "ALUMINUM_future": 2628.75,
    "BTC_price": 117619.5390625,
    "OIL_price": 63.119998931884766,
    "USD_CNY_exchange_rate": 7.114200115203857,
    "Commodity_Index_ETF": 22.405000686645508,
    "US_Dollar_Index": 97.35399627685547,
    "ETH_price": 4606.61279296875,
    "GOLD_spot_price": 3676.60009765625,
    "LEAN_HOGS_future": 97.5250015258789,
    "COPPER_future": 4.598999977111816,
    "High_Yield_Bond_ETF": 81.2249984741211,
    "LIVE_CATTLE_future": 232.27499389648438,
    "GOLD_near_month_future": 3676.39990234375,
    "NATURAL_GAS_future": 2.937999963760376,
    "PLATINUM_future": 1401.0,
    "SILVER_future": 42.09000015258789,
    "Long_Term_Treasury_ETF": 89.28099822998047,
    "CORN_future": 423.5,
    "SOYBEANS_future": 1035.5,
    "WHEAT_future": 523.5,
    "SP500_close": 6640.60986328125,
    "NASDAQ_close": 22507.58203125,
    "US_10Y_Treasury_Yield": 4.10099983215332,
    "VIX_close": 15.550000190734863,
    "GOLD_basis_spot_vs_near": 0.2001953125,
    "China_10Y_Treasury_Yield": 1.8546
  }
}