{
  "latest_date": "2026-03-10",
  "latest_values": {
    "Shanghai_Composite_Index": 4123.13818359375,
    "CSI_300_Index": 4674.75634765625,
    "Shenzhen_Component_Index": 14354.0732421875,
    "ALUMINUM_future": 3351.75,
    "BTC_price": 71304.7421875,
    "OIL_price": 80.62000274658203,
    "USD_CNY_exchange_rate": 6.876100063323975,
    "Commodity_Index_ETF": 26.764999389648438,
    "US_Dollar_Index": 98.5459976196289,
    "ETH_price": 2078.96142578125,
    "GOLD_spot_price": 5242.7998046875,
    "LEAN_HOGS_future": 95.80000305175781,
    "COPPER_future": 5.959499835968018,
    "High_Yield_Bond_ETF": 80.33000183105469,
    "LIVE_CATTLE_future": 231.9499969482422,
    "GOLD_near_month_future": 5242.7001953125,
    "NATURAL_GAS_future": 3.002000093460083,
    "PLATINUM_future": 2242.699951171875,
    "SILVER_future": 89.875,
    "Long_Term_Treasury_ETF": 88.86000061035156,
    "CORN_future": 448.0,
    "SOYBEANS_future": 1198.5,
    "WHEAT_future": 587.0,
    "SP500_close": 6837.27001953125,
    "NASDAQ_close": 22884.556640625,
    "US_10Y_Treasury_Yield": 4.11899995803833,
    "VIX_close": 22.68000030517578,
    "GOLD_basis_spot_vs_near": 0.099609375,
    "China_10Y_Treasury_Yield": 1.8055
  }
}