{
  "latest_date": "2026-06-05",
  "latest_values": {
    "Shanghai_Composite_Index": 4083.97412109375,
    "CSI_300_Index": 4938.81005859375,
    "Shenzhen_Component_Index": 15704.7099609375,
    "ALUMINUM_future": 3692.0,
    "BTC_price": 62974.03125,
    "OIL_price": 92.95999908447266,
    "USD_CNY_exchange_rate": 6.769199848175049,
    "Commodity_Index_ETF": 30.290000915527344,
    "US_Dollar_Index": 99.38800048828125,
    "ETH_price": 1703.5899658203125,
    "GOLD_spot_price": 4465.7998046875,
    "LEAN_HOGS_future": 95.30000305175781,
    "COPPER_future": 6.42549991607666,
    "High_Yield_Bond_ETF": 79.68000030517578,
    "LIVE_CATTLE_future": 249.1750030517578,
    "GOLD_near_month_future": 4466.2998046875,
    "NATURAL_GAS_future": 3.3570001125335693,
    "PLATINUM_future": 1878.699951171875,
    "SILVER_future": 72.49500274658203,
    "Long_Term_Treasury_ETF": 85.30999755859375,
    "CORN_future": 422.0,
    "SOYBEANS_future": 1129.0,
    "WHEAT_future": 581.25,
    "SP500_close": 7553.68017578125,
    "NASDAQ_close": 26853.98046875,
    "US_10Y_Treasury_Yield": 4.491000175476074,
    "VIX_close": 16.059999465942383,
    "GOLD_basis_spot_vs_near": -0.5,
    "China_10Y_Treasury_Yield": 1.7081
  }
}