{
  "latest_date": "2025-11-05",
  "latest_values": {
    "Shanghai_Composite_Index": 3969.248291015625,
    "CSI_300_Index": 4627.2568359375,
    "Shenzhen_Component_Index": 13223.5595703125,
    "ALUMINUM_future": 2788.75,
    "BTC_price": 103741.8828125,
    "OIL_price": 59.599998474121094,
    "USD_CNY_exchange_rate": 7.125500202178955,
    "Commodity_Index_ETF": 22.819900512695312,
    "US_Dollar_Index": 100.18399810791016,
    "ETH_price": 3437.375732421875,
    "GOLD_spot_price": 3993.199951171875,
    "LEAN_HOGS_future": 80.5,
    "COPPER_future": 4.992499828338623,
    "High_Yield_Bond_ETF": 80.20999908447266,
    "LIVE_CATTLE_future": 218.125,
    "GOLD_near_month_future": 3993.39990234375,
    "PLATINUM_future": 1567.4000244140625,
    "SILVER_future": 47.96500015258789,
    "Long_Term_Treasury_ETF": 88.95999908447266,
    "CORN_future": 435.0,
    "SOYBEANS_future": 1134.5,
    "WHEAT_future": 554.0,
    "SP500_close": 6796.2900390625,
    "NASDAQ_close": 23499.796875,
    "US_10Y_Treasury_Yield": 4.1570000648498535,
    "VIX_close": 17.600000381469727,
    "GOLD_basis_spot_vs_near": -0.199951171875,
    "China_10Y_Treasury_Yield": 1.7964
  }
}