{
  "latest_date": "2025-10-27",
  "latest_values": {
    "Shanghai_Composite_Index": 3996.944580078125,
    "CSI_300_Index": 4716.0185546875,
    "Shenzhen_Component_Index": 13289.1796875,
    "ALUMINUM_future": 2848.75,
    "BTC_price": 114869.9921875,
    "OIL_price": 61.90999984741211,
    "USD_CNY_exchange_rate": 7.109899997711182,
    "Commodity_Index_ETF": 22.850000381469727,
    "US_Dollar_Index": 98.875,
    "ETH_price": 4157.66552734375,
    "GOLD_spot_price": 3999.89990234375,
    "LEAN_HOGS_future": 81.625,
    "COPPER_future": 5.126999855041504,
    "High_Yield_Bond_ETF": 81.17500305175781,
    "LIVE_CATTLE_future": 225.0749969482422,
    "GOLD_near_month_future": 3999.699951171875,
    "NATURAL_GAS_future": 3.4059998989105225,
    "PLATINUM_future": 1566.800048828125,
    "SILVER_future": 46.209999084472656,
    "Long_Term_Treasury_ETF": 91.23999786376953,
    "CORN_future": 428.0,
    "SOYBEANS_future": 1083.25,
    "WHEAT_future": 529.0,
    "SP500_close": 6849.3798828125,
    "NASDAQ_close": 23552.359375,
    "US_10Y_Treasury_Yield": 4.019999980926514,
    "VIX_close": 16.020000457763672,
    "GOLD_basis_spot_vs_near": 0.199951171875,
    "China_10Y_Treasury_Yield": 1.8423
  }
}