{
  "latest_date": "2026-02-06",
  "latest_values": {
    "Shanghai_Composite_Index": 4065.58349609375,
    "CSI_300_Index": 4643.595703125,
    "Shenzhen_Component_Index": 13906.734375,
    "ALUMINUM_future": 3038.75,
    "BTC_price": 70391.6015625,
    "OIL_price": 63.470001220703125,
    "USD_CNY_exchange_rate": 6.938300132751465,
    "Commodity_Index_ETF": 24.010000228881836,
    "US_Dollar_Index": 97.677001953125,
    "ETH_price": 2057.1328125,
    "GOLD_spot_price": 4987.7001953125,
    "LEAN_HOGS_future": 87.375,
    "COPPER_future": 5.885000228881836,
    "High_Yield_Bond_ETF": 80.80999755859375,
    "LIVE_CATTLE_future": 238.0,
    "GOLD_near_month_future": 4987.39990234375,
    "NATURAL_GAS_future": 3.4119999408721924,
    "PLATINUM_future": 2101.10009765625,
    "SILVER_future": 77.68000030517578,
    "Long_Term_Treasury_ETF": 87.54000091552734,
    "CORN_future": 430.75,
    "SOYBEANS_future": 1114.75,
    "WHEAT_future": 530.75,
    "SP500_close": 6932.2998046875,
    "NASDAQ_close": 23031.212890625,
    "US_10Y_Treasury_Yield": 4.206000328063965,
    "VIX_close": 17.760000228881836,
    "GOLD_basis_spot_vs_near": 0.30029296875,
    "China_10Y_Treasury_Yield": 1.8102
  }
}