{
  "latest_date": "2026-02-06",
  "latest_values": {
    "Shanghai_Composite_Index": 4075.9169921875,
    "CSI_300_Index": 4670.419921875,
    "Shenzhen_Component_Index": 13952.7099609375,
    "ALUMINUM_future": 3006.0,
    "BTC_price": 67174.0078125,
    "OIL_price": 63.060001373291016,
    "USD_CNY_exchange_rate": 6.938300132751465,
    "Commodity_Index_ETF": 23.760000228881836,
    "US_Dollar_Index": 97.80500030517578,
    "ETH_price": 1948.3109130859375,
    "GOLD_spot_price": 4934.5,
    "LEAN_HOGS_future": 87.4000015258789,
    "COPPER_future": 5.814000129699707,
    "High_Yield_Bond_ETF": 80.52999877929688,
    "LIVE_CATTLE_future": 235.22500610351562,
    "GOLD_near_month_future": 4934.89990234375,
    "NATURAL_GAS_future": 3.5829999446868896,
    "PLATINUM_future": 2021.800048828125,
    "SILVER_future": 75.24500274658203,
    "Long_Term_Treasury_ETF": 87.4800033569336,
    "CORN_future": 434.0,
    "SOYBEANS_future": 1118.25,
    "WHEAT_future": 538.75,
    "SP500_close": 6798.39990234375,
    "NASDAQ_close": 22540.58984375,
    "US_10Y_Treasury_Yield": 4.210000038146973,
    "VIX_close": 20.31999969482422,
    "GOLD_basis_spot_vs_near": -0.39990234375,
    "China_10Y_Treasury_Yield": 1.8102
  }
}