{
  "latest_date": "2025-10-10",
  "latest_values": {
    "Shanghai_Composite_Index": 3933.971923828125,
    "CSI_300_Index": 4709.47998046875,
    "Shenzhen_Component_Index": 13725.5595703125,
    "ALUMINUM_future": 2764.25,
    "BTC_price": 121890.28125,
    "OIL_price": 61.58000183105469,
    "USD_CNY_exchange_rate": 7.118500232696533,
    "Commodity_Index_ETF": 22.549999237060547,
    "US_Dollar_Index": 99.35399627685547,
    "ETH_price": 4390.912109375,
    "GOLD_spot_price": 3991.300048828125,
    "LEAN_HOGS_future": 84.44999694824219,
    "COPPER_future": 5.120500087738037,
    "High_Yield_Bond_ETF": 80.41999816894531,
    "LIVE_CATTLE_future": 239.89999389648438,
    "GOLD_near_month_future": 3991.39990234375,
    "NATURAL_GAS_future": 3.243000030517578,
    "PLATINUM_future": 1657.5,
    "SILVER_future": 47.5,
    "Long_Term_Treasury_ETF": 89.18000030517578,
    "CORN_future": 419.0,
    "SOYBEANS_future": 1039.75,
    "WHEAT_future": 508.25,
    "SP500_close": 6735.10986328125,
    "NASDAQ_close": 23024.630859375,
    "US_10Y_Treasury_Yield": 4.1479997634887695,
    "VIX_close": 16.43000030517578,
    "GOLD_basis_spot_vs_near": -0.099853515625,
    "China_10Y_Treasury_Yield": 1.8466
  }
}