{
  "latest_date": "2026-05-21",
  "latest_values": {
    "Shanghai_Composite_Index": 4162.18505859375,
    "CSI_300_Index": 4850.7001953125,
    "Shenzhen_Component_Index": 15569.98046875,
    "ALUMINUM_future": 3646.25,
    "BTC_price": 77842.3203125,
    "OIL_price": 98.38999938964844,
    "USD_CNY_exchange_rate": 6.814499855041504,
    "Commodity_Index_ETF": 30.8799991607666,
    "US_Dollar_Index": 99.16999816894531,
    "ETH_price": 2137.219970703125,
    "GOLD_spot_price": 4535.2998046875,
    "LEAN_HOGS_future": 97.2750015258789,
    "COPPER_future": 6.269999980926514,
    "High_Yield_Bond_ETF": 79.86000061035156,
    "LIVE_CATTLE_future": 253.27499389648438,
    "GOLD_near_month_future": 4535.60009765625,
    "NATURAL_GAS_future": 3.1649999618530273,
    "PLATINUM_future": 1949.0999755859375,
    "SILVER_future": 75.84500122070312,
    "Long_Term_Treasury_ETF": 83.91000366210938,
    "CORN_future": 462.0,
    "SOYBEANS_future": 1197.25,
    "WHEAT_future": 650.75,
    "SP500_close": 7432.97021484375,
    "NASDAQ_close": 26270.359375,
    "US_10Y_Treasury_Yield": 4.572000026702881,
    "VIX_close": 17.309999465942383,
    "GOLD_basis_spot_vs_near": -0.30029296875,
    "China_10Y_Treasury_Yield": 1.7382
  }
}