{
  "latest_date": "2025-12-17",
  "latest_values": {
    "Shanghai_Composite_Index": 3824.81201171875,
    "CSI_300_Index": 4497.5546875,
    "Shenzhen_Component_Index": 12914.66796875,
    "ALUMINUM_future": 2866.0,
    "BTC_price": 87689.515625,
    "OIL_price": 55.529998779296875,
    "USD_CNY_exchange_rate": 7.041200160980225,
    "Commodity_Index_ETF": 22.579999923706055,
    "US_Dollar_Index": 98.21099853515625,
    "ETH_price": 2957.3505859375,
    "GOLD_spot_price": 4338.60009765625,
    "LEAN_HOGS_future": 84.6500015258789,
    "COPPER_future": 5.366000175476074,
    "High_Yield_Bond_ETF": 80.66000366210938,
    "LIVE_CATTLE_future": 230.72500610351562,
    "GOLD_near_month_future": 4338.89990234375,
    "NATURAL_GAS_future": 3.940000057220459,
    "PLATINUM_future": 1880.300048828125,
    "SILVER_future": 63.970001220703125,
    "Long_Term_Treasury_ETF": 87.87999725341797,
    "CORN_future": 436.0,
    "SOYBEANS_future": 1063.25,
    "WHEAT_future": 509.0,
    "SP500_close": 6800.259765625,
    "NASDAQ_close": 23111.4609375,
    "US_10Y_Treasury_Yield": 4.14900016784668,
    "VIX_close": 16.479999542236328,
    "GOLD_basis_spot_vs_near": -0.2998046875,
    "China_10Y_Treasury_Yield": 1.8458
  }
}