{
  "latest_date": "2026-02-03",
  "latest_values": {
    "Shanghai_Composite_Index": 4067.73779296875,
    "CSI_300_Index": 4660.107421875,
    "Shenzhen_Component_Index": 14127.10546875,
    "ALUMINUM_future": 3046.5,
    "BTC_price": 75675.5234375,
    "OIL_price": 62.599998474121094,
    "USD_CNY_exchange_rate": 6.93720006942749,
    "Commodity_Index_ETF": 24.059999465942383,
    "US_Dollar_Index": 97.37899780273438,
    "ETH_price": 2218.50048828125,
    "GOLD_spot_price": 4952.10009765625,
    "LEAN_HOGS_future": 88.17500305175781,
    "COPPER_future": 6.048999786376953,
    "High_Yield_Bond_ETF": 80.61000061035156,
    "LIVE_CATTLE_future": 239.0500030517578,
    "GOLD_near_month_future": 4951.5,
    "NATURAL_GAS_future": 3.3510000705718994,
    "PLATINUM_future": 2215.199951171875,
    "SILVER_future": 84.91000366210938,
    "Long_Term_Treasury_ETF": 86.55500030517578,
    "CORN_future": 427.5,
    "SOYBEANS_future": 1065.5,
    "WHEAT_future": 525.5,
    "SP500_close": 6912.490234375,
    "NASDAQ_close": 23205.521484375,
    "US_10Y_Treasury_Yield": 4.286999702453613,
    "VIX_close": 17.719999313354492,
    "GOLD_basis_spot_vs_near": 0.60009765625,
    "China_10Y_Treasury_Yield": 1.8172
  }
}