{
  "latest_date": "2025-09-23",
  "latest_values": {
    "Shanghai_Composite_Index": 3821.832763671875,
    "CSI_300_Index": 4519.7783203125,
    "Shenzhen_Component_Index": 13157.9697265625,
    "ALUMINUM_future": 2530.25,
    "BTC_price": 112624.3046875,
    "OIL_price": 63.529998779296875,
    "USD_CNY_exchange_rate": 7.1128997802734375,
    "Commodity_Index_ETF": 22.446199417114258,
    "US_Dollar_Index": 97.34600067138672,
    "ETH_price": 4172.60498046875,
    "GOLD_spot_price": 3807.199951171875,
    "LEAN_HOGS_future": 99.75,
    "COPPER_future": 4.639999866485596,
    "High_Yield_Bond_ETF": 81.31999969482422,
    "LIVE_CATTLE_future": 236.02499389648438,
    "GOLD_near_month_future": 3807.300048828125,
    "NATURAL_GAS_future": 3.1010000705718994,
    "PLATINUM_future": 1490.0,
    "SILVER_future": 44.54999923706055,
    "Long_Term_Treasury_ETF": 88.8292007446289,
    "CORN_future": 424.5,
    "SOYBEANS_future": 1015.0,
    "WHEAT_future": 518.5,
    "SP500_close": 6689.2001953125,
    "NASDAQ_close": 22714.341796875,
    "US_10Y_Treasury_Yield": 4.140999794006348,
    "VIX_close": 16.209999084472656,
    "GOLD_basis_spot_vs_near": -0.10009765625,
    "China_10Y_Treasury_Yield": 1.877
  }
}