{
  "latest_date": "2025-10-22",
  "latest_values": {
    "Shanghai_Composite_Index": 3916.33203125,
    "CSI_300_Index": 4607.8701171875,
    "Shenzhen_Component_Index": 13077.3203125,
    "ALUMINUM_future": 2707.5,
    "BTC_price": 108226.359375,
    "OIL_price": 57.86000061035156,
    "USD_CNY_exchange_rate": 7.119500160217285,
    "Commodity_Index_ETF": 22.110000610351562,
    "US_Dollar_Index": 98.8479995727539,
    "ETH_price": 3858.965576171875,
    "GOLD_spot_price": 4149.7001953125,
    "LEAN_HOGS_future": 85.82499694824219,
    "COPPER_future": 4.980999946594238,
    "High_Yield_Bond_ETF": 80.76000213623047,
    "LIVE_CATTLE_future": 245.4250030517578,
    "GOLD_near_month_future": 4149.5,
    "NATURAL_GAS_future": 3.568000078201294,
    "PLATINUM_future": 1536.0999755859375,
    "SILVER_future": 48.459999084472656,
    "Long_Term_Treasury_ETF": 92.0,
    "CORN_future": 419.75,
    "SOYBEANS_future": 1031.75,
    "WHEAT_future": 499.5,
    "SP500_close": 6735.35009765625,
    "NASDAQ_close": 22953.669921875,
    "US_10Y_Treasury_Yield": 3.9630000591278076,
    "VIX_close": 17.8700008392334,
    "GOLD_basis_spot_vs_near": 0.2001953125,
    "China_10Y_Treasury_Yield": 1.8357
  }
}