{
  "latest_date": "2025-09-29",
  "latest_values": {
    "Shanghai_Composite_Index": 3862.53173828125,
    "CSI_300_Index": 4620.052734375,
    "Shenzhen_Component_Index": 13209.0,
    "ALUMINUM_future": 2614.5,
    "BTC_price": 113958.078125,
    "OIL_price": 63.27000045776367,
    "USD_CNY_exchange_rate": 7.118899822235107,
    "Commodity_Index_ETF": 22.641199111938477,
    "US_Dollar_Index": 97.9010009765625,
    "ETH_price": 4167.40283203125,
    "GOLD_spot_price": 3860.60009765625,
    "LEAN_HOGS_future": 90.75,
    "COPPER_future": 4.877999782562256,
    "High_Yield_Bond_ETF": 81.19499969482422,
    "LIVE_CATTLE_future": 236.4250030517578,
    "GOLD_near_month_future": 3860.199951171875,
    "NATURAL_GAS_future": 3.2330000400543213,
    "PLATINUM_future": 1627.0,
    "SILVER_future": 47.20000076293945,
    "Long_Term_Treasury_ETF": 89.6500015258789,
    "CORN_future": 421.5,
    "SOYBEANS_future": 1010.75,
    "WHEAT_future": 521.5,
    "SP500_close": 6656.16015625,
    "NASDAQ_close": 22589.5859375,
    "US_10Y_Treasury_Yield": 4.134999752044678,
    "VIX_close": 16.010000228881836,
    "GOLD_basis_spot_vs_near": 0.400146484375,
    "China_10Y_Treasury_Yield": 1.887
  }
}