{
  "latest_date": "2026-06-10",
  "latest_values": {
    "Shanghai_Composite_Index": 4010.031005859375,
    "CSI_300_Index": 4801.81005859375,
    "Shenzhen_Component_Index": 15268.7099609375,
    "ALUMINUM_future": 3522.0,
    "BTC_price": 61940.609375,
    "OIL_price": 90.58000183105469,
    "USD_CNY_exchange_rate": 6.77400016784668,
    "Commodity_Index_ETF": 29.184999465942383,
    "US_Dollar_Index": 99.97899627685547,
    "ETH_price": 1629.4599609375,
    "GOLD_spot_price": 4110.10009765625,
    "LEAN_HOGS_future": 96.9749984741211,
    "COPPER_future": 6.209499835968018,
    "High_Yield_Bond_ETF": 79.49500274658203,
    "LIVE_CATTLE_future": 241.77499389648438,
    "GOLD_near_month_future": 4110.10009765625,
    "NATURAL_GAS_future": 3.180999994277954,
    "PLATINUM_future": 1673.5,
    "SILVER_future": 64.08499908447266,
    "Long_Term_Treasury_ETF": 84.8949966430664,
    "CORN_future": 419.25,
    "SOYBEANS_future": 1123.75,
    "WHEAT_future": 587.25,
    "SP500_close": 7273.830078125,
    "NASDAQ_close": 25201.08203125,
    "US_10Y_Treasury_Yield": 4.541999816894531,
    "VIX_close": 21.760000228881836,
    "GOLD_basis_spot_vs_near": 0.0,
    "China_10Y_Treasury_Yield": 1.7476
  }
}