{
  "latest_date": "2025-10-06",
  "latest_values": {
    "Shanghai_Composite_Index": 3882.777099609375,
    "CSI_300_Index": 4640.68994140625,
    "Shenzhen_Component_Index": 13526.509765625,
    "ALUMINUM_future": 2648.25,
    "BTC_price": 123702.765625,
    "OIL_price": 61.7599983215332,
    "USD_CNY_exchange_rate": 7.11899995803833,
    "Commodity_Index_ETF": 22.40999984741211,
    "US_Dollar_Index": 98.125,
    "ETH_price": 4541.09619140625,
    "GOLD_spot_price": 3957.5,
    "LEAN_HOGS_future": 89.32499694824219,
    "COPPER_future": 5.077499866485596,
    "High_Yield_Bond_ETF": 80.83999633789062,
    "LIVE_CATTLE_future": 234.60000610351562,
    "GOLD_near_month_future": 3957.699951171875,
    "NATURAL_GAS_future": 3.4210000038146973,
    "PLATINUM_future": 1645.0999755859375,
    "SILVER_future": 48.31999969482422,
    "Long_Term_Treasury_ETF": 89.37999725341797,
    "CORN_future": 419.0,
    "SOYBEANS_future": 1017.5,
    "WHEAT_future": 514.5,
    "SP500_close": 6715.7900390625,
    "NASDAQ_close": 22780.509765625,
    "US_10Y_Treasury_Yield": 4.11899995803833,
    "VIX_close": 16.649999618530273,
    "GOLD_basis_spot_vs_near": -0.199951171875,
    "China_10Y_Treasury_Yield": 1.8605
  }
}