{
  "latest_date": "2026-05-20",
  "latest_values": {
    "Shanghai_Composite_Index": 4169.5380859375,
    "CSI_300_Index": 4852.8798828125,
    "Shenzhen_Component_Index": 15569.91015625,
    "ALUMINUM_future": 3562.5,
    "BTC_price": 77328.453125,
    "OIL_price": 102.7699966430664,
    "USD_CNY_exchange_rate": 6.800000190734863,
    "Commodity_Index_ETF": 31.610000610351562,
    "US_Dollar_Index": 99.3740005493164,
    "ETH_price": 2130.3701171875,
    "GOLD_spot_price": 4480.89990234375,
    "LEAN_HOGS_future": 97.92500305175781,
    "COPPER_future": 6.226500034332275,
    "High_Yield_Bond_ETF": 79.3499984741211,
    "LIVE_CATTLE_future": 254.5500030517578,
    "GOLD_near_month_future": 4480.89990234375,
    "NATURAL_GAS_future": 3.0940001010894775,
    "PLATINUM_future": 1939.300048828125,
    "SILVER_future": 75.62000274658203,
    "Long_Term_Treasury_ETF": 83.0199966430664,
    "CORN_future": 472.75,
    "SOYBEANS_future": 1207.0,
    "WHEAT_future": 662.25,
    "SP500_close": 7353.60986328125,
    "NASDAQ_close": 25870.7109375,
    "US_10Y_Treasury_Yield": 4.666999816894531,
    "VIX_close": 18.059999465942383,
    "GOLD_basis_spot_vs_near": 0.0,
    "China_10Y_Treasury_Yield": 1.7345
  }
}