{
  "latest_date": "2026-02-11",
  "latest_values": {
    "Shanghai_Composite_Index": 4131.98486328125,
    "CSI_300_Index": 4713.818359375,
    "Shenzhen_Component_Index": 14160.93359375,
    "ALUMINUM_future": 3056.0,
    "BTC_price": 67463.3984375,
    "OIL_price": 64.58999633789062,
    "USD_CNY_exchange_rate": 6.9120001792907715,
    "Commodity_Index_ETF": 24.315000534057617,
    "US_Dollar_Index": 96.7979965209961,
    "ETH_price": 1947.5076904296875,
    "GOLD_spot_price": 5114.7998046875,
    "LEAN_HOGS_future": 93.9000015258789,
    "COPPER_future": 5.977499961853027,
    "High_Yield_Bond_ETF": 80.83499908447266,
    "LIVE_CATTLE_future": 240.875,
    "GOLD_near_month_future": 5114.2998046875,
    "NATURAL_GAS_future": 3.1670000553131104,
    "PLATINUM_future": 2140.699951171875,
    "SILVER_future": 84.26499938964844,
    "Long_Term_Treasury_ETF": 88.09549713134766,
    "CORN_future": 427.75,
    "SOYBEANS_future": 1123.75,
    "WHEAT_future": 537.25,
    "SP500_close": 6957.2998046875,
    "NASDAQ_close": 23138.478515625,
    "US_10Y_Treasury_Yield": 4.174000263214111,
    "VIX_close": 17.5,
    "GOLD_basis_spot_vs_near": 0.5,
    "China_10Y_Treasury_Yield": 1.7994
  }
}