{
  "latest_date": "2026-06-10",
  "latest_values": {
    "Shanghai_Composite_Index": 3959.337890625,
    "CSI_300_Index": 4713.64013671875,
    "Shenzhen_Component_Index": 14821.1904296875,
    "ALUMINUM_future": 3539.75,
    "BTC_price": 61197.98828125,
    "OIL_price": 88.13999938964844,
    "USD_CNY_exchange_rate": 6.765500068664551,
    "Commodity_Index_ETF": 29.469999313354492,
    "US_Dollar_Index": 99.90699768066406,
    "ETH_price": 1623.31005859375,
    "GOLD_spot_price": 4212.2001953125,
    "LEAN_HOGS_future": 93.57499694824219,
    "COPPER_future": 6.292500019073486,
    "High_Yield_Bond_ETF": 79.54000091552734,
    "LIVE_CATTLE_future": 248.02499389648438,
    "GOLD_near_month_future": 4212.2001953125,
    "NATURAL_GAS_future": 3.0810000896453857,
    "PLATINUM_future": 1665.199951171875,
    "SILVER_future": 64.09500122070312,
    "Long_Term_Treasury_ETF": 84.62000274658203,
    "CORN_future": 420.0,
    "SOYBEANS_future": 1114.75,
    "WHEAT_future": 588.25,
    "SP500_close": 7405.72998046875,
    "NASDAQ_close": 25929.66015625,
    "US_10Y_Treasury_Yield": 4.552000045776367,
    "VIX_close": 18.920000076293945,
    "GOLD_basis_spot_vs_near": 0.0,
    "China_10Y_Treasury_Yield": 1.7376
  }
}