{
  "latest_date": "2026-04-28",
  "latest_values": {
    "Shanghai_Composite_Index": 4086.343994140625,
    "CSI_300_Index": 4770.9501953125,
    "Shenzhen_Component_Index": 14995.75,
    "ALUMINUM_future": 3513.0,
    "BTC_price": 76795.6875,
    "OIL_price": 99.01000213623047,
    "USD_CNY_exchange_rate": 6.835899829864502,
    "Commodity_Index_ETF": 30.09000015258789,
    "US_Dollar_Index": 98.677001953125,
    "ETH_price": 2283.530029296875,
    "GOLD_spot_price": 4641.60009765625,
    "LEAN_HOGS_future": 94.375,
    "COPPER_future": 6.056000232696533,
    "High_Yield_Bond_ETF": 80.51000213623047,
    "LIVE_CATTLE_future": 250.4250030517578,
    "GOLD_near_month_future": 4641.60009765625,
    "NATURAL_GAS_future": 2.7179999351501465,
    "PLATINUM_future": 1959.5999755859375,
    "SILVER_future": 73.69999694824219,
    "Long_Term_Treasury_ETF": 86.27999877929688,
    "CORN_future": 472.0,
    "SOYBEANS_future": 1189.0,
    "WHEAT_future": 638.75,
    "SP500_close": 7173.91015625,
    "NASDAQ_close": 24887.099609375,
    "US_10Y_Treasury_Yield": 4.335999965667725,
    "VIX_close": 18.329999923706055,
    "GOLD_basis_spot_vs_near": 0.0,
    "China_10Y_Treasury_Yield": 1.7697
  }
}