{
  "latest_date": "2025-11-19",
  "latest_values": {
    "Shanghai_Composite_Index": 3946.742431640625,
    "CSI_300_Index": 4588.2919921875,
    "Shenzhen_Component_Index": 13080.0859375,
    "ALUMINUM_future": 2763.5,
    "BTC_price": 89796.7421875,
    "OIL_price": 59.099998474121094,
    "USD_CNY_exchange_rate": 7.110099792480469,
    "Commodity_Index_ETF": 22.799999237060547,
    "US_Dollar_Index": 100.06900024414062,
    "ETH_price": 2938.22998046875,
    "GOLD_spot_price": 4074.10009765625,
    "LEAN_HOGS_future": 78.5999984741211,
    "COPPER_future": 4.994500160217285,
    "High_Yield_Bond_ETF": 80.19999694824219,
    "LIVE_CATTLE_future": 216.02499389648438,
    "GOLD_near_month_future": 4074.300048828125,
    "NATURAL_GAS_future": 4.553999900817871,
    "PLATINUM_future": 1550.0,
    "SILVER_future": 50.564998626708984,
    "Long_Term_Treasury_ETF": 89.2582015991211,
    "CORN_future": 431.0,
    "SOYBEANS_future": 1141.0,
    "WHEAT_future": 539.25,
    "SP500_close": 6624.259765625,
    "NASDAQ_close": 22484.869140625,
    "US_10Y_Treasury_Yield": 4.104000091552734,
    "VIX_close": 24.079999923706055,
    "GOLD_basis_spot_vs_near": -0.199951171875,
    "China_10Y_Treasury_Yield": 1.8179
  }
}