{
  "latest_date": "2026-02-12",
  "latest_values": {
    "Shanghai_Composite_Index": 4131.98486328125,
    "CSI_300_Index": 4713.81982421875,
    "Shenzhen_Component_Index": 14160.9296875,
    "ALUMINUM_future": 3091.5,
    "BTC_price": 67915.703125,
    "OIL_price": 64.37999725341797,
    "USD_CNY_exchange_rate": 6.9004998207092285,
    "Commodity_Index_ETF": 24.3700008392334,
    "US_Dollar_Index": 96.79000091552734,
    "ETH_price": 1981.483154296875,
    "GOLD_spot_price": 5099.0,
    "LEAN_HOGS_future": 86.9000015258789,
    "COPPER_future": 5.9720001220703125,
    "High_Yield_Bond_ETF": 80.83000183105469,
    "LIVE_CATTLE_future": 242.35000610351562,
    "GOLD_near_month_future": 5099.10009765625,
    "NATURAL_GAS_future": 3.2709999084472656,
    "PLATINUM_future": 2133.60009765625,
    "SILVER_future": 83.16999816894531,
    "Long_Term_Treasury_ETF": 88.05999755859375,
    "CORN_future": 429.0,
    "SOYBEANS_future": 1135.0,
    "WHEAT_future": 539.75,
    "SP500_close": 6941.47021484375,
    "NASDAQ_close": 23066.470703125,
    "US_10Y_Treasury_Yield": 4.166999816894531,
    "VIX_close": 17.290000915527344,
    "GOLD_basis_spot_vs_near": -0.10009765625,
    "China_10Y_Treasury_Yield": 1.7893
  }
}