{
  "latest_date": "2025-10-27",
  "latest_values": {
    "Shanghai_Composite_Index": 3950.31201171875,
    "CSI_300_Index": 4660.68017578125,
    "Shenzhen_Component_Index": 13289.1796875,
    "ALUMINUM_future": 2851.5,
    "BTC_price": 116035.7890625,
    "OIL_price": 61.75,
    "USD_CNY_exchange_rate": 7.110400199890137,
    "Commodity_Index_ETF": 22.850000381469727,
    "US_Dollar_Index": 98.93499755859375,
    "ETH_price": 4239.2783203125,
    "GOLD_spot_price": 4087.89990234375,
    "LEAN_HOGS_future": 84.2249984741211,
    "COPPER_future": 5.202000141143799,
    "High_Yield_Bond_ETF": 81.08000183105469,
    "LIVE_CATTLE_future": 233.9250030517578,
    "GOLD_near_month_future": 4088.0,
    "NATURAL_GAS_future": 3.3459999561309814,
    "PLATINUM_future": 1606.5999755859375,
    "SILVER_future": 48.27000045776367,
    "Long_Term_Treasury_ETF": 91.47000122070312,
    "CORN_future": 429.25,
    "SOYBEANS_future": 1076.5,
    "WHEAT_future": 523.25,
    "SP500_close": 6791.68994140625,
    "NASDAQ_close": 23204.869140625,
    "US_10Y_Treasury_Yield": 3.996999979019165,
    "VIX_close": 16.3700008392334,
    "GOLD_basis_spot_vs_near": -0.10009765625,
    "China_10Y_Treasury_Yield": 1.8486
  }
}