{
  "latest_date": "2025-10-24",
  "latest_values": {
    "Shanghai_Composite_Index": 3922.409912109375,
    "CSI_300_Index": 4606.35009765625,
    "Shenzhen_Component_Index": 13025.4501953125,
    "ALUMINUM_future": 2843.75,
    "BTC_price": 111279.421875,
    "OIL_price": 61.939998626708984,
    "USD_CNY_exchange_rate": 7.125699996948242,
    "Commodity_Index_ETF": 22.84000015258789,
    "US_Dollar_Index": 98.79100036621094,
    "ETH_price": 3966.26123046875,
    "GOLD_spot_price": 4114.2001953125,
    "LEAN_HOGS_future": 81.875,
    "COPPER_future": 5.107999801635742,
    "High_Yield_Bond_ETF": 80.86000061035156,
    "LIVE_CATTLE_future": 241.14999389648438,
    "GOLD_near_month_future": 4113.89990234375,
    "NATURAL_GAS_future": 3.3239998817443848,
    "PLATINUM_future": 1590.5,
    "SILVER_future": 48.13999938964844,
    "Long_Term_Treasury_ETF": 91.43000030517578,
    "CORN_future": 425.5,
    "SOYBEANS_future": 1060.5,
    "WHEAT_future": 512.75,
    "SP500_close": 6738.43994140625,
    "NASDAQ_close": 22941.80078125,
    "US_10Y_Treasury_Yield": 3.986999988555908,
    "VIX_close": 16.65999984741211,
    "GOLD_basis_spot_vs_near": 0.30029296875,
    "China_10Y_Treasury_Yield": 1.8486
  }
}