{
  "latest_date": "2026-06-10",
  "latest_values": {
    "Shanghai_Composite_Index": 3993.225830078125,
    "CSI_300_Index": 4748.59326171875,
    "Shenzhen_Component_Index": 14954.1005859375,
    "ALUMINUM_future": 3525.0,
    "BTC_price": 61419.91015625,
    "OIL_price": 89.4800033569336,
    "USD_CNY_exchange_rate": 6.765500068664551,
    "Commodity_Index_ETF": 29.06999969482422,
    "US_Dollar_Index": 99.9219970703125,
    "ETH_price": 1632.97998046875,
    "GOLD_spot_price": 4175.5,
    "LEAN_HOGS_future": 93.57499694824219,
    "COPPER_future": 6.289999961853027,
    "High_Yield_Bond_ETF": 79.62000274658203,
    "LIVE_CATTLE_future": 248.02499389648438,
    "GOLD_near_month_future": 4175.89990234375,
    "NATURAL_GAS_future": 3.2309999465942383,
    "PLATINUM_future": 1684.0,
    "SILVER_future": 64.63999938964844,
    "Long_Term_Treasury_ETF": 85.12000274658203,
    "CORN_future": 422.0,
    "SOYBEANS_future": 1120.5,
    "WHEAT_future": 594.0,
    "SP500_close": 7386.64990234375,
    "NASDAQ_close": 25678.8203125,
    "US_10Y_Treasury_Yield": 4.5279998779296875,
    "VIX_close": 21.020000457763672,
    "GOLD_basis_spot_vs_near": -0.39990234375,
    "China_10Y_Treasury_Yield": 1.7476
  }
}