{
  "latest_date": "2026-01-28",
  "latest_values": {
    "Shanghai_Composite_Index": 4151.23779296875,
    "CSI_300_Index": 4717.9912109375,
    "Shenzhen_Component_Index": 14342.89453125,
    "ALUMINUM_future": 3234.75,
    "BTC_price": 89626.90625,
    "OIL_price": 62.77000045776367,
    "USD_CNY_exchange_rate": 6.945700168609619,
    "Commodity_Index_ETF": 24.764999389648438,
    "US_Dollar_Index": 96.46099853515625,
    "ETH_price": 3003.894775390625,
    "GOLD_spot_price": 5334.2001953125,
    "LEAN_HOGS_future": 87.7750015258789,
    "COPPER_future": 5.921999931335449,
    "High_Yield_Bond_ETF": 81.09500122070312,
    "LIVE_CATTLE_future": 236.64999389648438,
    "GOLD_near_month_future": 5334.10009765625,
    "NATURAL_GAS_future": 3.7139999866485596,
    "PLATINUM_future": 2637.199951171875,
    "SILVER_future": 114.375,
    "Long_Term_Treasury_ETF": 87.41799926757812,
    "CORN_future": 430.75,
    "SOYBEANS_future": 1075.75,
    "WHEAT_future": 537.75,
    "SP500_close": 6974.10986328125,
    "NASDAQ_close": 23836.275390625,
    "US_10Y_Treasury_Yield": 4.256999969482422,
    "VIX_close": 16.90999984741211,
    "GOLD_basis_spot_vs_near": 0.10009765625,
    "China_10Y_Treasury_Yield": 1.8164
  }
}