{
  "latest_date": "2026-05-22",
  "latest_values": {
    "Shanghai_Composite_Index": 4077.277099609375,
    "CSI_300_Index": 4783.10009765625,
    "Shenzhen_Component_Index": 15247.26953125,
    "ALUMINUM_future": 3629.0,
    "BTC_price": 76891.203125,
    "OIL_price": 96.7699966430664,
    "USD_CNY_exchange_rate": 6.794000148773193,
    "Commodity_Index_ETF": 30.440000534057617,
    "US_Dollar_Index": 99.23899841308594,
    "ETH_price": 2123.070068359375,
    "GOLD_spot_price": 4519.7001953125,
    "LEAN_HOGS_future": 100.2750015258789,
    "COPPER_future": 6.38700008392334,
    "High_Yield_Bond_ETF": 79.94499969482422,
    "LIVE_CATTLE_future": 239.52499389648438,
    "GOLD_near_month_future": 4519.5,
    "NATURAL_GAS_future": 3.0230000019073486,
    "PLATINUM_future": 1935.9000244140625,
    "SILVER_future": 76.30999755859375,
    "Long_Term_Treasury_ETF": 84.5199966430664,
    "CORN_future": 463.25,
    "SOYBEANS_future": 1196.75,
    "WHEAT_future": 644.5,
    "SP500_close": 7498.3798828125,
    "NASDAQ_close": 26462.1015625,
    "US_10Y_Treasury_Yield": 4.572000026702881,
    "VIX_close": 16.549999237060547,
    "GOLD_basis_spot_vs_near": 0.2001953125,
    "China_10Y_Treasury_Yield": 1.7519
  }
}