{
  "latest_date": "2025-12-10",
  "latest_values": {
    "Shanghai_Composite_Index": 3900.49609375,
    "CSI_300_Index": 4591.8271484375,
    "Shenzhen_Component_Index": 13316.423828125,
    "ALUMINUM_future": 2832.75,
    "BTC_price": 92312.1953125,
    "OIL_price": 58.279998779296875,
    "USD_CNY_exchange_rate": 7.064000129699707,
    "Commodity_Index_ETF": 23.020000457763672,
    "US_Dollar_Index": 98.95899963378906,
    "ETH_price": 3380.332763671875,
    "GOLD_spot_price": 4223.0,
    "LEAN_HOGS_future": 82.42500305175781,
    "COPPER_future": 5.27400016784668,
    "High_Yield_Bond_ETF": 80.62999725341797,
    "LIVE_CATTLE_future": 228.5749969482422,
    "GOLD_near_month_future": 4223.0,
    "NATURAL_GAS_future": 4.577000141143799,
    "PLATINUM_future": 1642.9000244140625,
    "SILVER_future": 60.810001373291016,
    "Long_Term_Treasury_ETF": 88.27999877929688,
    "CORN_future": 443.5,
    "SOYBEANS_future": 1090.25,
    "WHEAT_future": 528.0,
    "SP500_close": 6854.31982421875,
    "NASDAQ_close": 23538.712890625,
    "US_10Y_Treasury_Yield": 4.165999889373779,
    "VIX_close": 17.110000610351562,
    "GOLD_basis_spot_vs_near": 0.0,
    "China_10Y_Treasury_Yield": 1.8447
  }
}