{
  "latest_date": "2026-05-19",
  "latest_values": {
    "Shanghai_Composite_Index": 4131.52783203125,
    "CSI_300_Index": 4833.52001953125,
    "Shenzhen_Component_Index": 15530.23046875,
    "ALUMINUM_future": 3531.25,
    "BTC_price": 76971.0390625,
    "OIL_price": 103.22000122070312,
    "USD_CNY_exchange_rate": 6.809199810028076,
    "Commodity_Index_ETF": 31.3799991607666,
    "US_Dollar_Index": 99.23500061035156,
    "ETH_price": 2130.8798828125,
    "GOLD_spot_price": 4546.7998046875,
    "LEAN_HOGS_future": 98.5250015258789,
    "COPPER_future": 6.247499942779541,
    "High_Yield_Bond_ETF": 79.54000091552734,
    "LIVE_CATTLE_future": 253.375,
    "GOLD_near_month_future": 4546.7001953125,
    "NATURAL_GAS_future": 3.046999931335449,
    "PLATINUM_future": 1973.5,
    "SILVER_future": 76.41999816894531,
    "Long_Term_Treasury_ETF": 83.55999755859375,
    "CORN_future": 478.0,
    "SOYBEANS_future": 1214.0,
    "WHEAT_future": 668.5,
    "SP500_close": 7403.0498046875,
    "NASDAQ_close": 26090.73046875,
    "US_10Y_Treasury_Yield": 4.623000144958496,
    "VIX_close": 18.040000915527344,
    "GOLD_basis_spot_vs_near": 0.099609375,
    "China_10Y_Treasury_Yield": 1.7585
  }
}