{
  "latest_date": "2025-10-29",
  "latest_values": {
    "Shanghai_Composite_Index": 4016.3310546875,
    "CSI_300_Index": 4747.837890625,
    "Shenzhen_Component_Index": 13691.3828125,
    "ALUMINUM_future": 2892.0,
    "BTC_price": 111487.8125,
    "OIL_price": 60.34000015258789,
    "USD_CNY_exchange_rate": 7.097499847412109,
    "Commodity_Index_ETF": 22.709999084472656,
    "US_Dollar_Index": 99.1520004272461,
    "ETH_price": 3942.22314453125,
    "GOLD_spot_price": 3942.699951171875,
    "LEAN_HOGS_future": 80.75,
    "COPPER_future": 5.201000213623047,
    "High_Yield_Bond_ETF": 80.94999694824219,
    "LIVE_CATTLE_future": 231.0749969482422,
    "GOLD_near_month_future": 3942.5,
    "NATURAL_GAS_future": 3.3359999656677246,
    "PLATINUM_future": 1585.300048828125,
    "SILVER_future": 47.29999923706055,
    "Long_Term_Treasury_ETF": 91.08999633789062,
    "CORN_future": 434.5,
    "SOYBEANS_future": 1093.25,
    "WHEAT_future": 533.5,
    "SP500_close": 6890.58984375,
    "NASDAQ_close": 23958.47265625,
    "US_10Y_Treasury_Yield": 4.058000087738037,
    "VIX_close": 16.920000076293945,
    "GOLD_basis_spot_vs_near": 0.199951171875,
    "China_10Y_Treasury_Yield": 1.8208
  }
}