{
  "latest_date": "2025-12-11",
  "latest_values": {
    "Shanghai_Composite_Index": 3873.317626953125,
    "CSI_300_Index": 4552.1845703125,
    "Shenzhen_Component_Index": 13147.38671875,
    "ALUMINUM_future": 2889.5,
    "BTC_price": 90151.25,
    "OIL_price": 57.310001373291016,
    "USD_CNY_exchange_rate": 7.057400226593018,
    "Commodity_Index_ETF": 23.056499481201172,
    "US_Dollar_Index": 98.20899963378906,
    "ETH_price": 3191.856689453125,
    "GOLD_spot_price": 4307.7001953125,
    "LEAN_HOGS_future": 84.2750015258789,
    "COPPER_future": 5.50600004196167,
    "High_Yield_Bond_ETF": 80.71990203857422,
    "LIVE_CATTLE_future": 231.47500610351562,
    "GOLD_near_month_future": 4307.5,
    "NATURAL_GAS_future": 4.2220001220703125,
    "PLATINUM_future": 1712.300048828125,
    "SILVER_future": 64.375,
    "Long_Term_Treasury_ETF": 88.43499755859375,
    "CORN_future": 445.5,
    "SOYBEANS_future": 1092.75,
    "WHEAT_future": 532.0,
    "SP500_close": 6889.419921875,
    "NASDAQ_close": 23524.837890625,
    "US_10Y_Treasury_Yield": 4.120999813079834,
    "VIX_close": 15.359999656677246,
    "GOLD_basis_spot_vs_near": 0.2001953125,
    "China_10Y_Treasury_Yield": 1.8404
  }
}