{
  "latest_date": "2025-11-27",
  "latest_values": {
    "Shanghai_Composite_Index": 3864.184326171875,
    "CSI_300_Index": 4517.62548828125,
    "Shenzhen_Component_Index": 12907.833984375,
    "ALUMINUM_future": 2836.0,
    "BTC_price": 90273.5234375,
    "OIL_price": 58.470001220703125,
    "USD_CNY_exchange_rate": 7.075300216674805,
    "Commodity_Index_ETF": 22.760000228881836,
    "US_Dollar_Index": 99.55999755859375,
    "ETH_price": 3010.678466796875,
    "GOLD_spot_price": 4196.5,
    "LEAN_HOGS_future": 81.67500305175781,
    "COPPER_future": 5.204999923706055,
    "High_Yield_Bond_ETF": 80.94999694824219,
    "LIVE_CATTLE_future": 213.0500030517578,
    "GOLD_near_month_future": 4196.0,
    "NATURAL_GAS_future": 4.610000133514404,
    "PLATINUM_future": 1596.199951171875,
    "SILVER_future": 53.165000915527344,
    "Long_Term_Treasury_ETF": 90.63999938964844,
    "CORN_future": 433.25,
    "SOYBEANS_future": 1132.25,
    "WHEAT_future": 541.0,
    "SP500_close": 6812.60986328125,
    "NASDAQ_close": 23214.689453125,
    "US_10Y_Treasury_Yield": 3.997999906539917,
    "VIX_close": 17.190000534057617,
    "GOLD_basis_spot_vs_near": 0.5,
    "China_10Y_Treasury_Yield": 1.8462
  }
}