{
  "latest_date": "2026-01-26",
  "latest_values": {
    "Shanghai_Composite_Index": 4132.60498046875,
    "CSI_300_Index": 4706.9638671875,
    "Shenzhen_Component_Index": 14316.63671875,
    "ALUMINUM_future": 3191.0,
    "BTC_price": 87617.2578125,
    "OIL_price": 60.95000076293945,
    "USD_CNY_exchange_rate": 6.953700065612793,
    "Commodity_Index_ETF": 24.475000381469727,
    "US_Dollar_Index": 97.01699829101562,
    "ETH_price": 2912.90576171875,
    "GOLD_spot_price": 5097.89990234375,
    "LEAN_HOGS_future": 88.2750015258789,
    "COPPER_future": 6.013000011444092,
    "High_Yield_Bond_ETF": 81.17500305175781,
    "LIVE_CATTLE_future": 235.52499389648438,
    "GOLD_near_month_future": 5097.7998046875,
    "NATURAL_GAS_future": 3.9040000438690186,
    "PLATINUM_future": 2875.0,
    "SILVER_future": 116.92500305175781,
    "Long_Term_Treasury_ETF": 88.36039733886719,
    "CORN_future": 428.75,
    "SOYBEANS_future": 1063.0,
    "WHEAT_future": 523.0,
    "SP500_close": 6954.22021484375,
    "NASDAQ_close": 23641.07421875,
    "US_10Y_Treasury_Yield": 4.209000110626221,
    "VIX_close": 15.960000038146973,
    "GOLD_basis_spot_vs_near": 0.10009765625,
    "China_10Y_Treasury_Yield": 1.8242
  }
}