{
  "latest_date": "2025-09-25",
  "latest_values": {
    "Shanghai_Composite_Index": 3853.64208984375,
    "CSI_300_Index": 4566.06982421875,
    "Shenzhen_Component_Index": 13356.1396484375,
    "ALUMINUM_future": 2575.0,
    "BTC_price": 112744.9140625,
    "OIL_price": 64.75,
    "USD_CNY_exchange_rate": 7.111599922180176,
    "Commodity_Index_ETF": 22.639999389648438,
    "US_Dollar_Index": 97.8239974975586,
    "ETH_price": 4099.4951171875,
    "GOLD_spot_price": 3774.10009765625,
    "LEAN_HOGS_future": 99.32499694824219,
    "COPPER_future": 4.831999778747559,
    "High_Yield_Bond_ETF": 81.1500015258789,
    "LIVE_CATTLE_future": 234.25,
    "GOLD_near_month_future": 3774.39990234375,
    "NATURAL_GAS_future": 2.877000093460083,
    "PLATINUM_future": 1482.0999755859375,
    "SILVER_future": 44.20000076293945,
    "Long_Term_Treasury_ETF": 88.9800033569336,
    "CORN_future": 424.75,
    "SOYBEANS_future": 1010.5,
    "WHEAT_future": 519.5,
    "SP500_close": 6637.97021484375,
    "NASDAQ_close": 22497.859375,
    "US_10Y_Treasury_Yield": 4.146999835968018,
    "VIX_close": 16.18000030517578,
    "GOLD_basis_spot_vs_near": -0.2998046875,
    "China_10Y_Treasury_Yield": 1.9022
  }
}