{
  "latest_date": "2026-05-18",
  "latest_values": {
    "Shanghai_Composite_Index": 4135.38916015625,
    "CSI_300_Index": 4859.58984375,
    "Shenzhen_Component_Index": 15561.3701171875,
    "ALUMINUM_future": 3518.0,
    "BTC_price": 76829.28125,
    "OIL_price": 101.86000061035156,
    "USD_CNY_exchange_rate": 6.785099983215332,
    "Commodity_Index_ETF": 31.190000534057617,
    "US_Dollar_Index": 99.11499786376953,
    "ETH_price": 2114.780029296875,
    "GOLD_spot_price": 4554.7998046875,
    "LEAN_HOGS_future": 98.75,
    "COPPER_future": 6.255000114440918,
    "High_Yield_Bond_ETF": 79.45999908447266,
    "LIVE_CATTLE_future": 253.89999389648438,
    "GOLD_near_month_future": 4555.39990234375,
    "NATURAL_GAS_future": 3.053999900817871,
    "PLATINUM_future": 1987.300048828125,
    "SILVER_future": 76.54000091552734,
    "Long_Term_Treasury_ETF": 83.66000366210938,
    "CORN_future": 470.0,
    "SOYBEANS_future": 1201.5,
    "WHEAT_future": 656.75,
    "SP500_close": 7408.5,
    "NASDAQ_close": 26225.140625,
    "US_10Y_Treasury_Yield": 4.59499979019165,
    "VIX_close": 18.920000076293945,
    "GOLD_basis_spot_vs_near": -0.60009765625,
    "China_10Y_Treasury_Yield": 1.7658
  }
}