{
  "latest_date": "2026-05-12",
  "latest_values": {
    "Shanghai_Composite_Index": 4214.4892578125,
    "CSI_300_Index": 4948.04638671875,
    "Shenzhen_Component_Index": 15824.9208984375,
    "ALUMINUM_future": 3519.5,
    "BTC_price": 80945.5703125,
    "OIL_price": 101.58000183105469,
    "USD_CNY_exchange_rate": 6.791500091552734,
    "Commodity_Index_ETF": 31.059999465942383,
    "US_Dollar_Index": 98.3270034790039,
    "ETH_price": 2290.860107421875,
    "GOLD_spot_price": 4699.89990234375,
    "LEAN_HOGS_future": 90.875,
    "COPPER_future": 6.4745001792907715,
    "High_Yield_Bond_ETF": 79.9800033569336,
    "LIVE_CATTLE_future": 249.39999389648438,
    "GOLD_near_month_future": 4699.7001953125,
    "NATURAL_GAS_future": 2.875999927520752,
    "PLATINUM_future": 2115.0,
    "SILVER_future": 84.38500213623047,
    "Long_Term_Treasury_ETF": 85.55999755859375,
    "CORN_future": 478.25,
    "SOYBEANS_future": 1216.0,
    "WHEAT_future": 645.5,
    "SP500_close": 7412.83984375,
    "NASDAQ_close": 26274.130859375,
    "US_10Y_Treasury_Yield": 4.439000129699707,
    "VIX_close": 18.84000015258789,
    "GOLD_basis_spot_vs_near": 0.19970703125,
    "China_10Y_Treasury_Yield": 1.7592
  }
}