{
  "latest_date": "2025-10-15",
  "latest_values": {
    "Shanghai_Composite_Index": 3865.22900390625,
    "CSI_300_Index": 4539.06005859375,
    "Shenzhen_Component_Index": 12895.1103515625,
    "ALUMINUM_future": 2636.0,
    "BTC_price": 113055.9609375,
    "OIL_price": 58.63999938964844,
    "USD_CNY_exchange_rate": 7.099999904632568,
    "Commodity_Index_ETF": 22.100000381469727,
    "US_Dollar_Index": 98.822998046875,
    "ETH_price": 4186.630859375,
    "GOLD_spot_price": 4229.5,
    "LEAN_HOGS_future": 85.4000015258789,
    "COPPER_future": 5.03000020980835,
    "High_Yield_Bond_ETF": 80.54000091552734,
    "LIVE_CATTLE_future": 248.5749969482422,
    "GOLD_near_month_future": 4229.7998046875,
    "NATURAL_GAS_future": 3.007999897003174,
    "PLATINUM_future": 1695.4000244140625,
    "SILVER_future": 51.689998626708984,
    "Long_Term_Treasury_ETF": 90.86000061035156,
    "CORN_future": 412.25,
    "SOYBEANS_future": 1025.0,
    "WHEAT_future": 500.25,
    "SP500_close": 6644.31005859375,
    "NASDAQ_close": 22521.69921875,
    "US_10Y_Treasury_Yield": 4.021999835968018,
    "VIX_close": 19.780000686645508,
    "GOLD_basis_spot_vs_near": -0.2998046875,
    "China_10Y_Treasury_Yield": 1.8368
  }
}