{
  "latest_date": "2026-02-03",
  "latest_values": {
    "Shanghai_Composite_Index": 4067.73779296875,
    "CSI_300_Index": 4660.107421875,
    "Shenzhen_Component_Index": 14127.10546875,
    "ALUMINUM_future": 3032.5,
    "BTC_price": 76743.875,
    "OIL_price": 64.01000213623047,
    "USD_CNY_exchange_rate": 6.93720006942749,
    "Commodity_Index_ETF": 24.145000457763672,
    "US_Dollar_Index": 97.36699676513672,
    "ETH_price": 2321.328857421875,
    "GOLD_spot_price": 4966.2998046875,
    "LEAN_HOGS_future": 88.625,
    "COPPER_future": 6.087500095367432,
    "High_Yield_Bond_ETF": 80.71499633789062,
    "LIVE_CATTLE_future": 240.4499969482422,
    "GOLD_near_month_future": 4966.7001953125,
    "NATURAL_GAS_future": 3.3489999771118164,
    "PLATINUM_future": 2222.10009765625,
    "SILVER_future": 84.69999694824219,
    "Long_Term_Treasury_ETF": 86.76000213623047,
    "CORN_future": 428.75,
    "SOYBEANS_future": 1066.75,
    "WHEAT_future": 529.25,
    "SP500_close": 6917.81005859375,
    "NASDAQ_close": 23255.185546875,
    "US_10Y_Treasury_Yield": 4.27400016784668,
    "VIX_close": 18.049999237060547,
    "GOLD_basis_spot_vs_near": -0.400390625,
    "China_10Y_Treasury_Yield": 1.8172
  }
}