{
  "latest_date": "2026-02-25",
  "latest_values": {
    "Shanghai_Composite_Index": 4147.23046875,
    "CSI_300_Index": 4735.8857421875,
    "Shenzhen_Component_Index": 14475.865234375,
    "ALUMINUM_future": 3121.25,
    "BTC_price": 68996.125,
    "OIL_price": 65.41000366210938,
    "USD_CNY_exchange_rate": 6.86870002746582,
    "Commodity_Index_ETF": 24.895000457763672,
    "US_Dollar_Index": 97.67400360107422,
    "ETH_price": 2068.171875,
    "GOLD_spot_price": 5226.39990234375,
    "LEAN_HOGS_future": 96.19999694824219,
    "COPPER_future": 6.043000221252441,
    "High_Yield_Bond_ETF": 80.87550354003906,
    "LIVE_CATTLE_future": 240.3000030517578,
    "GOLD_near_month_future": 5226.7001953125,
    "NATURAL_GAS_future": 2.882999897003174,
    "PLATINUM_future": 2333.300048828125,
    "SILVER_future": 91.6500015258789,
    "Long_Term_Treasury_ETF": 89.87999725341797,
    "CORN_future": 442.25,
    "SOYBEANS_future": 1165.5,
    "WHEAT_future": 570.25,
    "SP500_close": 6945.7001953125,
    "NASDAQ_close": 23155.2421875,
    "US_10Y_Treasury_Yield": 4.043999671936035,
    "VIX_close": 18.290000915527344,
    "GOLD_basis_spot_vs_near": -0.30029296875,
    "China_10Y_Treasury_Yield": 1.8158
  }
}