{
  "latest_date": "2026-03-20",
  "latest_values": {
    "Shanghai_Composite_Index": 4062.98388671875,
    "CSI_300_Index": 4658.330078125,
    "Shenzhen_Component_Index": 14187.7998046875,
    "ALUMINUM_future": 3119.75,
    "BTC_price": 70732.0234375,
    "OIL_price": 93.88999938964844,
    "USD_CNY_exchange_rate": 6.894999980926514,
    "Commodity_Index_ETF": 28.84000015258789,
    "US_Dollar_Index": 99.41699981689453,
    "ETH_price": 2147.52978515625,
    "GOLD_spot_price": 4721.7001953125,
    "LEAN_HOGS_future": 92.05000305175781,
    "COPPER_future": 5.544000148773193,
    "High_Yield_Bond_ETF": 79.66000366210938,
    "LIVE_CATTLE_future": 233.27499389648438,
    "GOLD_near_month_future": 4722.2998046875,
    "NATURAL_GAS_future": 3.121000051498413,
    "PLATINUM_future": 2005.9000244140625,
    "SILVER_future": 73.91999816894531,
    "Long_Term_Treasury_ETF": 87.48999786376953,
    "CORN_future": 468.25,
    "SOYBEANS_future": 1172.5,
    "WHEAT_future": 606.25,
    "SP500_close": 6606.490234375,
    "NASDAQ_close": 22090.69140625,
    "US_10Y_Treasury_Yield": 4.281000137329102,
    "VIX_close": 24.059999465942383,
    "GOLD_basis_spot_vs_near": -0.599609375,
    "China_10Y_Treasury_Yield": 1.8252
  }
}