{
  "latest_date": "2026-04-02",
  "latest_values": {
    "Shanghai_Composite_Index": 3948.552001953125,
    "CSI_300_Index": 4526.06982421875,
    "Shenzhen_Component_Index": 13706.51953125,
    "ALUMINUM_future": 3426.5,
    "BTC_price": 66654.734375,
    "OIL_price": 106.36000061035156,
    "USD_CNY_exchange_rate": 6.894199848175049,
    "Commodity_Index_ETF": 28.68000030517578,
    "US_Dollar_Index": 100.07099914550781,
    "ETH_price": 2046.9691162109375,
    "GOLD_spot_price": 4645.7998046875,
    "LEAN_HOGS_future": 90.92500305175781,
    "COPPER_future": 5.55649995803833,
    "High_Yield_Bond_ETF": 79.37000274658203,
    "LIVE_CATTLE_future": 244.0500030517578,
    "GOLD_near_month_future": 4645.5,
    "NATURAL_GAS_future": 2.861999988555908,
    "PLATINUM_future": 1890.4000244140625,
    "SILVER_future": 71.08000183105469,
    "Long_Term_Treasury_ETF": 86.26000213623047,
    "CORN_future": 457.25,
    "SOYBEANS_future": 1171.25,
    "WHEAT_future": 605.25,
    "SP500_close": 6575.31982421875,
    "NASDAQ_close": 21840.94921875,
    "US_10Y_Treasury_Yield": 4.318999767303467,
    "VIX_close": 26.68000030517578,
    "GOLD_basis_spot_vs_near": 0.2998046875,
    "China_10Y_Treasury_Yield": 1.8244
  }
}