{
  "latest_date": "2025-11-17",
  "latest_values": {
    "Shanghai_Composite_Index": 3990.491943359375,
    "CSI_300_Index": 4628.14013671875,
    "Shenzhen_Component_Index": 13216.0302734375,
    "ALUMINUM_future": 2802.0,
    "BTC_price": 95362.5546875,
    "OIL_price": 60.150001525878906,
    "USD_CNY_exchange_rate": 7.106500148773193,
    "Commodity_Index_ETF": 22.969999313354492,
    "US_Dollar_Index": 99.38800048828125,
    "ETH_price": 3192.59814453125,
    "GOLD_spot_price": 4080.300048828125,
    "LEAN_HOGS_future": 78.5,
    "COPPER_future": 5.031000137329102,
    "High_Yield_Bond_ETF": 80.22000122070312,
    "LIVE_CATTLE_future": 219.14999389648438,
    "GOLD_near_month_future": 4080.10009765625,
    "NATURAL_GAS_future": 4.4629998207092285,
    "PLATINUM_future": 1558.199951171875,
    "SILVER_future": 50.845001220703125,
    "Long_Term_Treasury_ETF": 88.87000274658203,
    "CORN_future": 431.25,
    "SOYBEANS_future": 1135.0,
    "WHEAT_future": 546.25,
    "SP500_close": 6734.10986328125,
    "NASDAQ_close": 22900.58984375,
    "US_10Y_Treasury_Yield": 4.1479997634887695,
    "VIX_close": 20.329999923706055,
    "GOLD_basis_spot_vs_near": 0.199951171875,
    "China_10Y_Treasury_Yield": 1.8109
  }
}