{
  "latest_date": "2025-12-22",
  "latest_values": {
    "Shanghai_Composite_Index": 3890.447998046875,
    "CSI_300_Index": 4568.18017578125,
    "Shenzhen_Component_Index": 13140.2099609375,
    "ALUMINUM_future": 2976.0,
    "BTC_price": 88714.9921875,
    "OIL_price": 56.939998626708984,
    "USD_CNY_exchange_rate": 7.039999961853027,
    "Commodity_Index_ETF": 22.850000381469727,
    "US_Dollar_Index": 98.64600372314453,
    "ETH_price": 3024.037841796875,
    "GOLD_spot_price": 4418.7001953125,
    "LEAN_HOGS_future": 84.5,
    "COPPER_future": 5.533999919891357,
    "High_Yield_Bond_ETF": 80.36000061035156,
    "LIVE_CATTLE_future": 230.8000030517578,
    "GOLD_near_month_future": 4418.7998046875,
    "NATURAL_GAS_future": 4.056000232696533,
    "PLATINUM_future": 2104.800048828125,
    "SILVER_future": 69.16999816894531,
    "Long_Term_Treasury_ETF": 87.55000305175781,
    "CORN_future": 444.75,
    "SOYBEANS_future": 1062.75,
    "WHEAT_future": 511.75,
    "SP500_close": 6834.5,
    "NASDAQ_close": 23307.619140625,
    "US_10Y_Treasury_Yield": 4.151000022888184,
    "VIX_close": 14.90999984741211,
    "GOLD_basis_spot_vs_near": -0.099609375,
    "China_10Y_Treasury_Yield": 1.8308
  }
}