{
  "latest_date": "2025-11-03",
  "latest_values": {
    "Shanghai_Composite_Index": 3976.520751953125,
    "CSI_300_Index": 4653.40283203125,
    "Shenzhen_Component_Index": 13404.0634765625,
    "ALUMINUM_future": 2890.0,
    "BTC_price": 106065.6953125,
    "OIL_price": 61.02000045776367,
    "USD_CNY_exchange_rate": 7.11959981918335,
    "Commodity_Index_ETF": 23.049999237060547,
    "US_Dollar_Index": 99.87000274658203,
    "ETH_price": 3567.85205078125,
    "GOLD_spot_price": 4013.699951171875,
    "LEAN_HOGS_future": 80.3499984741211,
    "COPPER_future": 5.051000118255615,
    "High_Yield_Bond_ETF": 80.13999938964844,
    "LIVE_CATTLE_future": 230.3000030517578,
    "GOLD_near_month_future": 4013.39990234375,
    "NATURAL_GAS_future": 4.241000175476074,
    "PLATINUM_future": 1579.0,
    "SILVER_future": 47.90999984741211,
    "Long_Term_Treasury_ETF": 89.73999786376953,
    "CORN_future": 434.75,
    "SOYBEANS_future": 1134.5,
    "WHEAT_future": 544.75,
    "SP500_close": 6851.97021484375,
    "NASDAQ_close": 23834.72265625,
    "US_10Y_Treasury_Yield": 4.105999946594238,
    "VIX_close": 17.170000076293945,
    "GOLD_basis_spot_vs_near": 0.300048828125,
    "China_10Y_Treasury_Yield": 1.7944
  }
}