{
  "latest_date": "2025-12-11",
  "latest_values": {
    "Shanghai_Composite_Index": 3873.317626953125,
    "CSI_300_Index": 4552.1845703125,
    "Shenzhen_Component_Index": 13316.419921875,
    "ALUMINUM_future": 2886.5,
    "BTC_price": 89710.109375,
    "OIL_price": 57.29999923706055,
    "USD_CNY_exchange_rate": 7.057400226593018,
    "Commodity_Index_ETF": 23.010000228881836,
    "US_Dollar_Index": 98.29900360107422,
    "ETH_price": 3169.501220703125,
    "GOLD_spot_price": 4260.2998046875,
    "LEAN_HOGS_future": 83.44999694824219,
    "COPPER_future": 5.440499782562256,
    "High_Yield_Bond_ETF": 80.69000244140625,
    "LIVE_CATTLE_future": 230.52499389648438,
    "GOLD_near_month_future": 4260.2998046875,
    "NATURAL_GAS_future": 4.3429999351501465,
    "PLATINUM_future": 1686.0999755859375,
    "SILVER_future": 62.814998626708984,
    "Long_Term_Treasury_ETF": 88.62999725341797,
    "CORN_future": 447.25,
    "SOYBEANS_future": 1092.25,
    "WHEAT_future": 531.0,
    "SP500_close": 6849.06005859375,
    "NASDAQ_close": 23388.748046875,
    "US_10Y_Treasury_Yield": 4.1080002784729,
    "VIX_close": 16.479999542236328,
    "GOLD_basis_spot_vs_near": 0.0,
    "China_10Y_Treasury_Yield": 1.8404
  }
}