{
  "latest_date": "2025-11-27",
  "latest_values": {
    "Shanghai_Composite_Index": 3864.18408203125,
    "CSI_300_Index": 4517.6298828125,
    "Shenzhen_Component_Index": 12907.830078125,
    "ALUMINUM_future": 2808.25,
    "BTC_price": 90850.4921875,
    "OIL_price": 58.65999984741211,
    "USD_CNY_exchange_rate": 7.081299781799316,
    "Commodity_Index_ETF": 22.760000228881836,
    "US_Dollar_Index": 99.56400299072266,
    "ETH_price": 2995.64404296875,
    "GOLD_spot_price": 4186.2001953125,
    "LEAN_HOGS_future": 81.67500305175781,
    "COPPER_future": 5.1579999923706055,
    "High_Yield_Bond_ETF": 80.94999694824219,
    "LIVE_CATTLE_future": 213.0500030517578,
    "GOLD_near_month_future": 4186.0,
    "NATURAL_GAS_future": 4.558000087738037,
    "PLATINUM_future": 1615.5,
    "SILVER_future": 53.529998779296875,
    "Long_Term_Treasury_ETF": 90.63999938964844,
    "CORN_future": 433.25,
    "SOYBEANS_future": 1132.25,
    "WHEAT_future": 541.0,
    "SP500_close": 6812.60986328125,
    "NASDAQ_close": 23214.689453125,
    "US_10Y_Treasury_Yield": 3.997999906539917,
    "VIX_close": 17.139999389648438,
    "GOLD_basis_spot_vs_near": 0.2001953125,
    "China_10Y_Treasury_Yield": 1.8537
  }
}