{
  "latest_date": "2025-10-23",
  "latest_values": {
    "Shanghai_Composite_Index": 3922.41015625,
    "CSI_300_Index": 4606.3447265625,
    "Shenzhen_Component_Index": 13025.4462890625,
    "ALUMINUM_future": 2838.5,
    "BTC_price": 109680.7421875,
    "OIL_price": 61.75,
    "USD_CNY_exchange_rate": 7.121600151062012,
    "Commodity_Index_ETF": 22.84000015258789,
    "US_Dollar_Index": 98.93900299072266,
    "ETH_price": 3834.846435546875,
    "GOLD_spot_price": 4143.2001953125,
    "LEAN_HOGS_future": 84.42500305175781,
    "COPPER_future": 5.0854997634887695,
    "High_Yield_Bond_ETF": 80.86000061035156,
    "LIVE_CATTLE_future": 240.72500610351562,
    "GOLD_near_month_future": 4143.0,
    "NATURAL_GAS_future": 3.2909998893737793,
    "PLATINUM_future": 1595.0,
    "SILVER_future": 48.650001525878906,
    "Long_Term_Treasury_ETF": 91.43000030517578,
    "CORN_future": 427.75,
    "SOYBEANS_future": 1061.25,
    "WHEAT_future": 513.0,
    "SP500_close": 6738.43994140625,
    "NASDAQ_close": 22941.798828125,
    "US_10Y_Treasury_Yield": 3.990999937057495,
    "VIX_close": 17.299999237060547,
    "GOLD_basis_spot_vs_near": 0.2001953125,
    "China_10Y_Treasury_Yield": 1.8391
  }
}