{
  "latest_date": "2025-10-31",
  "latest_values": {
    "Shanghai_Composite_Index": 3954.7900390625,
    "CSI_300_Index": 4640.66748046875,
    "Shenzhen_Component_Index": 13532.1298828125,
    "ALUMINUM_future": 2829.25,
    "BTC_price": 110455.9921875,
    "OIL_price": 60.91999816894531,
    "USD_CNY_exchange_rate": 7.117000102996826,
    "Commodity_Index_ETF": 22.829999923706055,
    "US_Dollar_Index": 99.74299621582031,
    "ETH_price": 3856.970458984375,
    "GOLD_spot_price": 4031.39990234375,
    "LEAN_HOGS_future": 81.2249984741211,
    "COPPER_future": 5.0960001945495605,
    "High_Yield_Bond_ETF": 80.93000030517578,
    "LIVE_CATTLE_future": 230.3249969482422,
    "GOLD_near_month_future": 4031.300048828125,
    "NATURAL_GAS_future": 3.9560000896453857,
    "PLATINUM_future": 1596.5,
    "SILVER_future": 48.560001373291016,
    "Long_Term_Treasury_ETF": 90.34500122070312,
    "CORN_future": 428.0,
    "SOYBEANS_future": 1104.25,
    "WHEAT_future": 523.5,
    "SP500_close": 6862.58984375,
    "NASDAQ_close": 23859.291015625,
    "US_10Y_Treasury_Yield": 4.086999893188477,
    "VIX_close": 16.899999618530273,
    "GOLD_basis_spot_vs_near": 0.099853515625,
    "China_10Y_Treasury_Yield": 1.7954
  }
}