{
  "latest_date": "2025-10-01",
  "latest_values": {
    "Shanghai_Composite_Index": 3882.777099609375,
    "CSI_300_Index": 4640.68994140625,
    "Shenzhen_Component_Index": 13526.509765625,
    "ALUMINUM_future": 2624.25,
    "BTC_price": 116566.109375,
    "OIL_price": 61.81999969482422,
    "USD_CNY_exchange_rate": 7.133800029754639,
    "Commodity_Index_ETF": 22.530000686645508,
    "US_Dollar_Index": 97.75900268554688,
    "ETH_price": 4306.9443359375,
    "GOLD_spot_price": 3917.89990234375,
    "LEAN_HOGS_future": 99.69999694824219,
    "COPPER_future": 4.848499774932861,
    "High_Yield_Bond_ETF": 81.19000244140625,
    "LIVE_CATTLE_future": 234.8000030517578,
    "GOLD_near_month_future": 3917.60009765625,
    "NATURAL_GAS_future": 3.380000114440918,
    "PLATINUM_future": 1618.5,
    "SILVER_future": 47.46500015258789,
    "Long_Term_Treasury_ETF": 89.37000274658203,
    "CORN_future": 413.5,
    "SOYBEANS_future": 996.0,
    "WHEAT_future": 504.5,
    "SP500_close": 6688.4599609375,
    "NASDAQ_close": 22660.009765625,
    "US_10Y_Treasury_Yield": 4.1479997634887695,
    "VIX_close": 16.809999465942383,
    "GOLD_basis_spot_vs_near": 0.2998046875,
    "China_10Y_Treasury_Yield": 1.8605
  }
}