{
  "latest_date": "2026-03-20",
  "latest_values": {
    "Shanghai_Composite_Index": 4006.552001953125,
    "CSI_300_Index": 4583.25,
    "Shenzhen_Component_Index": 13901.5703125,
    "ALUMINUM_future": 3146.75,
    "BTC_price": 70610.78125,
    "OIL_price": 95.41999816894531,
    "USD_CNY_exchange_rate": 6.885200023651123,
    "Commodity_Index_ETF": 28.84000015258789,
    "US_Dollar_Index": 99.5,
    "ETH_price": 2151.351806640625,
    "GOLD_spot_price": 4660.10009765625,
    "LEAN_HOGS_future": 92.05000305175781,
    "COPPER_future": 5.420499801635742,
    "High_Yield_Bond_ETF": 79.66000366210938,
    "LIVE_CATTLE_future": 233.27499389648438,
    "GOLD_near_month_future": 4660.2001953125,
    "NATURAL_GAS_future": 3.0789999961853027,
    "PLATINUM_future": 1975.800048828125,
    "SILVER_future": 71.23999786376953,
    "Long_Term_Treasury_ETF": 87.48999786376953,
    "CORN_future": 466.25,
    "SOYBEANS_future": 1168.25,
    "WHEAT_future": 601.0,
    "SP500_close": 6606.490234375,
    "NASDAQ_close": 22090.69140625,
    "US_10Y_Treasury_Yield": 4.317999839782715,
    "VIX_close": 24.829999923706055,
    "GOLD_basis_spot_vs_near": -0.10009765625,
    "China_10Y_Treasury_Yield": 1.8299
  }
}