{
  "latest_date": "2025-12-17",
  "latest_values": {
    "Shanghai_Composite_Index": 3824.81201171875,
    "CSI_300_Index": 4497.56005859375,
    "Shenzhen_Component_Index": 12914.669921875,
    "ALUMINUM_future": 2866.5,
    "BTC_price": 86601.4609375,
    "OIL_price": 56.5,
    "USD_CNY_exchange_rate": 7.043900012969971,
    "Commodity_Index_ETF": 22.579999923706055,
    "US_Dollar_Index": 98.51200103759766,
    "ETH_price": 2918.885498046875,
    "GOLD_spot_price": 4345.2001953125,
    "LEAN_HOGS_future": 84.6500015258789,
    "COPPER_future": 5.414000034332275,
    "High_Yield_Bond_ETF": 80.66000366210938,
    "LIVE_CATTLE_future": 230.72500610351562,
    "GOLD_near_month_future": 4345.2998046875,
    "NATURAL_GAS_future": 3.9719998836517334,
    "PLATINUM_future": 1951.800048828125,
    "SILVER_future": 65.95999908447266,
    "Long_Term_Treasury_ETF": 87.87999725341797,
    "CORN_future": 438.0,
    "SOYBEANS_future": 1063.0,
    "WHEAT_future": 510.5,
    "SP500_close": 6800.259765625,
    "NASDAQ_close": 23111.4609375,
    "US_10Y_Treasury_Yield": 4.14900016784668,
    "VIX_close": 16.15999984741211,
    "GOLD_basis_spot_vs_near": -0.099609375,
    "China_10Y_Treasury_Yield": 1.834
  }
}