{
  "latest_date": "2026-02-25",
  "latest_values": {
    "Shanghai_Composite_Index": 4147.23046875,
    "CSI_300_Index": 4735.8857421875,
    "Shenzhen_Component_Index": 14291.5703125,
    "ALUMINUM_future": 3117.75,
    "BTC_price": 67980.7109375,
    "OIL_price": 65.3499984741211,
    "USD_CNY_exchange_rate": 6.86870002746582,
    "Commodity_Index_ETF": 24.78499984741211,
    "US_Dollar_Index": 97.7040023803711,
    "ETH_price": 2036.3074951171875,
    "GOLD_spot_price": 5215.2001953125,
    "LEAN_HOGS_future": 96.125,
    "COPPER_future": 6.0320000648498535,
    "High_Yield_Bond_ETF": 80.88500213623047,
    "LIVE_CATTLE_future": 240.8249969482422,
    "GOLD_near_month_future": 5214.7998046875,
    "NATURAL_GAS_future": 2.9079999923706055,
    "PLATINUM_future": 2320.0,
    "SILVER_future": 91.08499908447266,
    "Long_Term_Treasury_ETF": 89.89900207519531,
    "CORN_future": 439.25,
    "SOYBEANS_future": 1156.0,
    "WHEAT_future": 565.5,
    "SP500_close": 6930.22998046875,
    "NASDAQ_close": 23084.146484375,
    "US_10Y_Treasury_Yield": 4.047999858856201,
    "VIX_close": 18.56999969482422,
    "GOLD_basis_spot_vs_near": 0.400390625,
    "China_10Y_Treasury_Yield": 1.8158
  }
}