{
  "latest_date": "2026-05-05",
  "latest_values": {
    "Shanghai_Composite_Index": 4112.1591796875,
    "CSI_300_Index": 4807.31005859375,
    "Shenzhen_Component_Index": 15107.5498046875,
    "ALUMINUM_future": 3456.5,
    "BTC_price": 80468.4921875,
    "OIL_price": 104.16999816894531,
    "USD_CNY_exchange_rate": 6.829500198364258,
    "Commodity_Index_ETF": 31.329999923706055,
    "US_Dollar_Index": 98.49500274658203,
    "ETH_price": 2365.699951171875,
    "GOLD_spot_price": 4549.5,
    "LEAN_HOGS_future": 99.8499984741211,
    "COPPER_future": 5.890999794006348,
    "High_Yield_Bond_ETF": 79.80000305175781,
    "LIVE_CATTLE_future": 251.9499969482422,
    "GOLD_near_month_future": 4549.39990234375,
    "NATURAL_GAS_future": 2.8320000171661377,
    "PLATINUM_future": 1976.5,
    "SILVER_future": 73.5199966430664,
    "Long_Term_Treasury_ETF": 84.95999908447266,
    "CORN_future": 485.5,
    "SOYBEANS_future": 1223.0,
    "WHEAT_future": 646.75,
    "SP500_close": 7200.75,
    "NASDAQ_close": 25067.80078125,
    "US_10Y_Treasury_Yield": 4.446000099182129,
    "VIX_close": 18.290000915527344,
    "GOLD_basis_spot_vs_near": 0.10009765625,
    "China_10Y_Treasury_Yield": 1.7473
  }
}