{
  "latest_date": "2025-09-19",
  "latest_values": {
    "Shanghai_Composite_Index": 3831.656005859375,
    "CSI_300_Index": 4498.10986328125,
    "Shenzhen_Component_Index": 13075.66015625,
    "ALUMINUM_future": 2624.25,
    "BTC_price": 116960.078125,
    "OIL_price": 62.97999954223633,
    "USD_CNY_exchange_rate": 7.103300094604492,
    "Commodity_Index_ETF": 22.440000534057617,
    "US_Dollar_Index": 97.50599670410156,
    "ETH_price": 4541.82666015625,
    "GOLD_spot_price": 3686.800048828125,
    "LEAN_HOGS_future": 97.5,
    "COPPER_future": 4.613500118255615,
    "High_Yield_Bond_ETF": 81.2300033569336,
    "LIVE_CATTLE_future": 232.39999389648438,
    "GOLD_near_month_future": 3686.89990234375,
    "NATURAL_GAS_future": 2.927999973297119,
    "PLATINUM_future": 1392.0,
    "SILVER_future": 42.33000183105469,
    "Long_Term_Treasury_ETF": 89.19000244140625,
    "CORN_future": 426.5,
    "SOYBEANS_future": 1043.5,
    "WHEAT_future": 526.5,
    "SP500_close": 6631.9599609375,
    "NASDAQ_close": 22470.720703125,
    "US_10Y_Treasury_Yield": 4.104000091552734,
    "VIX_close": 15.630000114440918,
    "GOLD_basis_spot_vs_near": -0.099853515625,
    "China_10Y_Treasury_Yield": 1.8546
  }
}