{
  "latest_date": "2026-07-16",
  "latest_values": {
    "Shanghai_Composite_Index": 3882.41259765625,
    "CSI_300_Index": 4698.4345703125,
    "Shenzhen_Component_Index": 14488.654296875,
    "ALUMINUM_future": 3346.5,
    "BTC_price": 64080.390625,
    "OIL_price": 79.4000015258789,
    "USD_CNY_exchange_rate": 6.769999980926514,
    "Commodity_Index_ETF": 28.790000915527344,
    "US_Dollar_Index": 100.5510025024414,
    "ETH_price": 1884.8599853515625,
    "GOLD_spot_price": 4036.10009765625,
    "LEAN_HOGS_future": 95.17500305175781,
    "COPPER_future": 6.392000198364258,
    "High_Yield_Bond_ETF": 79.80999755859375,
    "LIVE_CATTLE_future": 230.125,
    "GOLD_near_month_future": 4036.300048828125,
    "NATURAL_GAS_future": 2.9130001068115234,
    "PLATINUM_future": 1673.0999755859375,
    "SILVER_future": 57.119998931884766,
    "Long_Term_Treasury_ETF": 84.23999786376953,
    "CORN_future": 472.75,
    "SOYBEANS_future": 1205.75,
    "WHEAT_future": 685.75,
    "SP500_close": 7572.39990234375,
    "NASDAQ_close": 26269.23046875,
    "US_10Y_Treasury_Yield": 4.545000076293945,
    "VIX_close": 15.930000305175781,
    "GOLD_basis_spot_vs_near": -0.199951171875,
    "China_10Y_Treasury_Yield": 1.7437
  }
}