{
  "latest_date": "2025-12-05",
  "latest_values": {
    "Shanghai_Composite_Index": 3875.79296875,
    "CSI_300_Index": 4546.56982421875,
    "Shenzhen_Component_Index": 13006.7197265625,
    "ALUMINUM_future": 2906.5,
    "BTC_price": 91316.8125,
    "OIL_price": 59.66999816894531,
    "USD_CNY_exchange_rate": 7.069799900054932,
    "Commodity_Index_ETF": 23.190000534057617,
    "US_Dollar_Index": 99.01300048828125,
    "ETH_price": 3134.2021484375,
    "GOLD_spot_price": 4254.5,
    "LEAN_HOGS_future": 81.1500015258789,
    "COPPER_future": 5.459499835968018,
    "High_Yield_Bond_ETF": 80.75,
    "LIVE_CATTLE_future": 221.39999389648438,
    "GOLD_near_month_future": 4254.60009765625,
    "NATURAL_GAS_future": 5.197999954223633,
    "PLATINUM_future": 1655.0,
    "SILVER_future": 57.58000183105469,
    "Long_Term_Treasury_ETF": 88.58000183105469,
    "CORN_future": 437.25,
    "SOYBEANS_future": 1117.0,
    "WHEAT_future": 540.0,
    "SP500_close": 6857.1201171875,
    "NASDAQ_close": 23505.140625,
    "US_10Y_Treasury_Yield": 4.107999801635742,
    "VIX_close": 15.739999771118164,
    "GOLD_basis_spot_vs_near": -0.10009765625,
    "China_10Y_Treasury_Yield": 1.848
  }
}