{
  "latest_date": "2026-05-11",
  "latest_values": {
    "Shanghai_Composite_Index": 4225.0205078125,
    "CSI_300_Index": 4951.83642578125,
    "Shenzhen_Component_Index": 15899.3017578125,
    "ALUMINUM_future": 3527.5,
    "BTC_price": 81032.828125,
    "OIL_price": 98.1500015258789,
    "USD_CNY_exchange_rate": 6.801400184631348,
    "Commodity_Index_ETF": 30.299999237060547,
    "US_Dollar_Index": 97.97899627685547,
    "ETH_price": 2329.360107421875,
    "GOLD_spot_price": 4698.7998046875,
    "LEAN_HOGS_future": 90.875,
    "COPPER_future": 6.389500141143799,
    "High_Yield_Bond_ETF": 80.13999938964844,
    "LIVE_CATTLE_future": 248.89999389648438,
    "GOLD_near_month_future": 4698.89990234375,
    "NATURAL_GAS_future": 2.8269999027252197,
    "PLATINUM_future": 2083.60009765625,
    "SILVER_future": 83.69000244140625,
    "Long_Term_Treasury_ETF": 86.08000183105469,
    "CORN_future": 474.5,
    "SOYBEANS_future": 1218.5,
    "WHEAT_future": 627.5,
    "SP500_close": 7398.93017578125,
    "NASDAQ_close": 26247.080078125,
    "US_10Y_Treasury_Yield": 4.386000156402588,
    "VIX_close": 18.170000076293945,
    "GOLD_basis_spot_vs_near": -0.10009765625,
    "China_10Y_Treasury_Yield": 1.7622
  }
}