{
  "latest_date": "2026-04-01",
  "latest_values": {
    "Shanghai_Composite_Index": 3948.552001953125,
    "CSI_300_Index": 4526.06689453125,
    "Shenzhen_Component_Index": 13706.51953125,
    "ALUMINUM_future": 3417.5,
    "BTC_price": 68543.5,
    "OIL_price": 98.62999725341797,
    "USD_CNY_exchange_rate": 6.911600112915039,
    "Commodity_Index_ETF": 28.575000762939453,
    "US_Dollar_Index": 99.38400268554688,
    "ETH_price": 2126.48779296875,
    "GOLD_spot_price": 4776.7001953125,
    "LEAN_HOGS_future": 86.4749984741211,
    "COPPER_future": 5.605000019073486,
    "High_Yield_Bond_ETF": 79.30220031738281,
    "LIVE_CATTLE_future": 235.25,
    "GOLD_near_month_future": 4775.7998046875,
    "NATURAL_GAS_future": 2.8269999027252197,
    "PLATINUM_future": 1965.5,
    "SILVER_future": 75.28500366210938,
    "Long_Term_Treasury_ETF": 86.44999694824219,
    "CORN_future": 450.0,
    "SOYBEANS_future": 1153.5,
    "WHEAT_future": 598.0,
    "SP500_close": 6571.3701171875,
    "NASDAQ_close": 21822.607421875,
    "US_10Y_Treasury_Yield": 4.322000026702881,
    "VIX_close": 24.6200008392334,
    "GOLD_basis_spot_vs_near": 0.900390625,
    "China_10Y_Treasury_Yield": 1.8244
  }
}