{
  "latest_date": "2026-07-10",
  "latest_values": {
    "Shanghai_Composite_Index": 3996.16162109375,
    "CSI_300_Index": 4780.78662109375,
    "Shenzhen_Component_Index": 15046.669921875,
    "ALUMINUM_future": 3340.0,
    "BTC_price": 64328.03125,
    "OIL_price": 71.98999786376953,
    "USD_CNY_exchange_rate": 6.802499771118164,
    "Commodity_Index_ETF": 27.579999923706055,
    "US_Dollar_Index": 100.85900115966797,
    "ETH_price": 1797.6099853515625,
    "GOLD_spot_price": 4115.60009765625,
    "LEAN_HOGS_future": 94.32499694824219,
    "COPPER_future": 6.262499809265137,
    "High_Yield_Bond_ETF": 79.75,
    "LIVE_CATTLE_future": 235.25,
    "GOLD_near_month_future": 4115.5,
    "NATURAL_GAS_future": 2.990000009536743,
    "PLATINUM_future": 1628.0,
    "SILVER_future": 59.89500045776367,
    "Long_Term_Treasury_ETF": 84.48999786376953,
    "CORN_future": 447.75,
    "SOYBEANS_future": 1173.5,
    "WHEAT_future": 614.0,
    "SP500_close": 7543.64013671875,
    "NASDAQ_close": 26206.890625,
    "US_10Y_Treasury_Yield": 4.539000034332275,
    "VIX_close": 15.930000305175781,
    "GOLD_basis_spot_vs_near": 0.10009765625,
    "China_10Y_Treasury_Yield": 1.7398
  }
}