{
  "latest_date": "2026-03-24",
  "latest_values": {
    "Shanghai_Composite_Index": 3813.282958984375,
    "CSI_300_Index": 4418.0,
    "Shenzhen_Component_Index": 13345.509765625,
    "ALUMINUM_future": 3108.0,
    "BTC_price": 71132.6328125,
    "OIL_price": 89.4800033569336,
    "USD_CNY_exchange_rate": 6.885799884796143,
    "Commodity_Index_ETF": 27.75,
    "US_Dollar_Index": 99.1780014038086,
    "ETH_price": 2165.2236328125,
    "GOLD_spot_price": 4420.2998046875,
    "LEAN_HOGS_future": 90.80000305175781,
    "COPPER_future": 5.4079999923706055,
    "High_Yield_Bond_ETF": 79.44000244140625,
    "LIVE_CATTLE_future": 235.3000030517578,
    "GOLD_near_month_future": 4420.39990234375,
    "NATURAL_GAS_future": 2.9059998989105225,
    "PLATINUM_future": 1875.5,
    "SILVER_future": 69.95999908447266,
    "Long_Term_Treasury_ETF": 86.38500213623047,
    "CORN_future": 459.5,
    "SOYBEANS_future": 1157.25,
    "WHEAT_future": 587.5,
    "SP500_close": 6581.0,
    "NASDAQ_close": 21946.759765625,
    "US_10Y_Treasury_Yield": 4.334000110626221,
    "VIX_close": 25.8799991607666,
    "GOLD_basis_spot_vs_near": -0.10009765625,
    "China_10Y_Treasury_Yield": 1.8316
  }
}