{
  "latest_date": "2026-04-20",
  "latest_values": {
    "Shanghai_Composite_Index": 4082.127197265625,
    "CSI_300_Index": 4757.44189453125,
    "Shenzhen_Component_Index": 14966.7470703125,
    "ALUMINUM_future": 3505.5,
    "BTC_price": 75509.46875,
    "OIL_price": 86.12000274658203,
    "USD_CNY_exchange_rate": 6.821100234985352,
    "Commodity_Index_ETF": 28.645000457763672,
    "US_Dollar_Index": 98.14199829101562,
    "ETH_price": 2307.840087890625,
    "GOLD_spot_price": 4846.5,
    "LEAN_HOGS_future": 101.44999694824219,
    "COPPER_future": 6.069499969482422,
    "High_Yield_Bond_ETF": 80.58000183105469,
    "LIVE_CATTLE_future": 248.125,
    "GOLD_near_month_future": 4846.7001953125,
    "NATURAL_GAS_future": 2.681999921798706,
    "PLATINUM_future": 2088.0,
    "SILVER_future": 80.38500213623047,
    "Long_Term_Treasury_ETF": 86.8550033569336,
    "CORN_future": 458.0,
    "SOYBEANS_future": 1163.75,
    "WHEAT_future": 603.5,
    "SP500_close": 7107.31982421875,
    "NASDAQ_close": 24360.259765625,
    "US_10Y_Treasury_Yield": 4.263999938964844,
    "VIX_close": 19.15999984741211,
    "GOLD_basis_spot_vs_near": -0.2001953125,
    "China_10Y_Treasury_Yield": 1.7627
  }
}