{
  "latest_date": "2026-03-02",
  "latest_values": {
    "Shanghai_Composite_Index": 4162.880859375,
    "CSI_300_Index": 4710.64990234375,
    "Shenzhen_Component_Index": 14495.08984375,
    "ALUMINUM_future": 3120.75,
    "BTC_price": 66757.859375,
    "OIL_price": 71.26000213623047,
    "USD_CNY_exchange_rate": 6.872900009155273,
    "Commodity_Index_ETF": 25.100000381469727,
    "US_Dollar_Index": 97.96099853515625,
    "ETH_price": 1970.9991455078125,
    "GOLD_spot_price": 5360.2998046875,
    "LEAN_HOGS_future": 95.625,
    "COPPER_future": 6.036499977111816,
    "High_Yield_Bond_ETF": 80.72000122070312,
    "LIVE_CATTLE_future": 232.22500610351562,
    "GOLD_near_month_future": 5360.2001953125,
    "NATURAL_GAS_future": 2.8919999599456787,
    "PLATINUM_future": 2376.0,
    "SILVER_future": 93.9800033569336,
    "Long_Term_Treasury_ETF": 90.81999969482422,
    "CORN_future": 447.75,
    "SOYBEANS_future": 1169.5,
    "WHEAT_future": 590.0,
    "SP500_close": 6878.8798828125,
    "NASDAQ_close": 22668.2109375,
    "US_10Y_Treasury_Yield": 3.9619998931884766,
    "VIX_close": 19.860000610351562,
    "GOLD_basis_spot_vs_near": 0.099609375,
    "China_10Y_Treasury_Yield": 1.7753
  }
}