{
  "latest_date": "2025-09-26",
  "latest_values": {
    "Shanghai_Composite_Index": 3828.10595703125,
    "CSI_300_Index": 4550.048828125,
    "Shenzhen_Component_Index": 13208.99609375,
    "ALUMINUM_future": 2597.25,
    "BTC_price": 109618.21875,
    "OIL_price": 65.58000183105469,
    "USD_CNY_exchange_rate": 7.131499767303467,
    "Commodity_Index_ETF": 22.829999923706055,
    "US_Dollar_Index": 98.14800262451172,
    "ETH_price": 4036.4619140625,
    "GOLD_spot_price": 3808.800048828125,
    "LEAN_HOGS_future": 101.1500015258789,
    "COPPER_future": 4.781499862670898,
    "High_Yield_Bond_ETF": 81.05999755859375,
    "LIVE_CATTLE_future": 236.5500030517578,
    "GOLD_near_month_future": 3808.89990234375,
    "NATURAL_GAS_future": 3.190999984741211,
    "PLATINUM_future": 1612.5,
    "SILVER_future": 46.810001373291016,
    "Long_Term_Treasury_ETF": 88.81500244140625,
    "CORN_future": 421.5,
    "SOYBEANS_future": 1014.0,
    "WHEAT_future": 519.0,
    "SP500_close": 6643.77001953125,
    "NASDAQ_close": 22477.05078125,
    "US_10Y_Treasury_Yield": 4.184999942779541,
    "VIX_close": 15.550000190734863,
    "GOLD_basis_spot_vs_near": -0.099853515625,
    "China_10Y_Treasury_Yield": 1.8768
  }
}