{
  "latest_date": "2025-11-21",
  "latest_values": {
    "Shanghai_Composite_Index": 3834.890869140625,
    "Shenzhen_Component_Index": 12538.0712890625,
    "ALUMINUM_future": 2766.0,
    "BTC_price": 84143.5625,
    "OIL_price": 59.27000045776367,
    "USD_CNY_exchange_rate": 7.106100082397461,
    "Commodity_Index_ETF": 22.530000686645508,
    "US_Dollar_Index": 100.19599914550781,
    "ETH_price": 2716.818115234375,
    "GOLD_spot_price": 4062.800048828125,
    "LEAN_HOGS_future": 77.6500015258789,
    "COPPER_future": 4.995999813079834,
    "High_Yield_Bond_ETF": 80.37000274658203,
    "LIVE_CATTLE_future": 214.25,
    "GOLD_near_month_future": 4062.800048828125,
    "NATURAL_GAS_future": 4.577000141143799,
    "PLATINUM_future": 1523.4000244140625,
    "CORN_future": 437.75,
    "SOYBEANS_future": 1126.5,
    "WHEAT_future": 529.75,
    "US_10Y_Treasury_Yield": 4.063000202178955,
    "VIX_close": 23.43000030517578,
    "GOLD_basis_spot_vs_near": 0.0,
    "China_10Y_Treasury_Yield": 1.8166
  }
}