{
  "latest_date": "2025-12-05",
  "latest_values": {
    "Shanghai_Composite_Index": 3875.79296875,
    "CSI_300_Index": 4546.56982421875,
    "Shenzhen_Component_Index": 13006.7197265625,
    "ALUMINUM_future": 2920.25,
    "BTC_price": 92099.6953125,
    "OIL_price": 59.45000076293945,
    "USD_CNY_exchange_rate": 7.070000171661377,
    "Commodity_Index_ETF": 23.190000534057617,
    "US_Dollar_Index": 98.97899627685547,
    "ETH_price": 3170.58203125,
    "GOLD_spot_price": 4246.7998046875,
    "LEAN_HOGS_future": 81.1500015258789,
    "COPPER_future": 5.415999889373779,
    "High_Yield_Bond_ETF": 80.75,
    "LIVE_CATTLE_future": 224.02499389648438,
    "GOLD_near_month_future": 4246.7998046875,
    "NATURAL_GAS_future": 5.078000068664551,
    "PLATINUM_future": 1660.699951171875,
    "SILVER_future": 58.29499816894531,
    "Long_Term_Treasury_ETF": 88.58000183105469,
    "CORN_future": 437.25,
    "SOYBEANS_future": 1117.5,
    "WHEAT_future": 539.25,
    "SP500_close": 6857.1201171875,
    "NASDAQ_close": 23505.140625,
    "US_10Y_Treasury_Yield": 4.107999801635742,
    "VIX_close": 15.779999732971191,
    "GOLD_basis_spot_vs_near": 0.0,
    "China_10Y_Treasury_Yield": 1.8718
  }
}