{
  "latest_date": "2025-10-03",
  "latest_values": {
    "Shanghai_Composite_Index": 3882.777099609375,
    "CSI_300_Index": 4640.68994140625,
    "Shenzhen_Component_Index": 13526.509765625,
    "ALUMINUM_future": 2626.5,
    "BTC_price": 120228.6640625,
    "OIL_price": 60.72999954223633,
    "USD_CNY_exchange_rate": 7.118500232696533,
    "Commodity_Index_ETF": 22.34000015258789,
    "US_Dollar_Index": 97.9020004272461,
    "ETH_price": 4476.216796875,
    "GOLD_spot_price": 3874.89990234375,
    "LEAN_HOGS_future": 86.7750015258789,
    "COPPER_future": 4.946000099182129,
    "High_Yield_Bond_ETF": 80.93000030517578,
    "LIVE_CATTLE_future": 233.5,
    "GOLD_near_month_future": 3875.0,
    "NATURAL_GAS_future": 3.427000045776367,
    "PLATINUM_future": 1588.300048828125,
    "SILVER_future": 46.70000076293945,
    "Long_Term_Treasury_ETF": 89.55000305175781,
    "CORN_future": 421.25,
    "SOYBEANS_future": 1040.0,
    "WHEAT_future": 514.5,
    "SP500_close": 6715.35009765625,
    "NASDAQ_close": 22844.05078125,
    "US_10Y_Treasury_Yield": 4.088000297546387,
    "VIX_close": 16.6299991607666,
    "GOLD_basis_spot_vs_near": -0.10009765625,
    "China_10Y_Treasury_Yield": 1.8605
  }
}