{
  "latest_date": "2025-11-21",
  "latest_values": {
    "Shanghai_Composite_Index": 3931.051025390625,
    "CSI_300_Index": 4564.9501953125,
    "Shenzhen_Component_Index": 12980.8203125,
    "ALUMINUM_future": 2711.25,
    "BTC_price": 82746.484375,
    "OIL_price": 57.5,
    "USD_CNY_exchange_rate": 7.109899997711182,
    "Commodity_Index_ETF": 22.68000030517578,
    "US_Dollar_Index": 100.23899841308594,
    "ETH_price": 2700.85791015625,
    "GOLD_spot_price": 4032.699951171875,
    "LEAN_HOGS_future": 79.5250015258789,
    "COPPER_future": 4.94350004196167,
    "High_Yield_Bond_ETF": 80.0999984741211,
    "LIVE_CATTLE_future": 214.4250030517578,
    "GOLD_near_month_future": 4032.89990234375,
    "NATURAL_GAS_future": 4.53000020980835,
    "PLATINUM_future": 1497.0999755859375,
    "SILVER_future": 48.34000015258789,
    "Long_Term_Treasury_ETF": 89.2300033569336,
    "CORN_future": 425.75,
    "SOYBEANS_future": 1118.5,
    "WHEAT_future": 524.5,
    "SP500_close": 6538.759765625,
    "NASDAQ_close": 22078.05078125,
    "US_10Y_Treasury_Yield": 4.105999946594238,
    "VIX_close": 26.889999389648438,
    "GOLD_basis_spot_vs_near": -0.199951171875,
    "China_10Y_Treasury_Yield": 1.8166
  }
}