{
  "latest_date": "2026-07-02",
  "latest_values": {
    "Shanghai_Composite_Index": 4112.44482421875,
    "CSI_300_Index": 4868.22021484375,
    "Shenzhen_Component_Index": 16119.169921875,
    "ALUMINUM_future": 3213.5,
    "BTC_price": 60442.109375,
    "OIL_price": 67.9800033569336,
    "USD_CNY_exchange_rate": 6.793600082397461,
    "Commodity_Index_ETF": 26.450000762939453,
    "US_Dollar_Index": 100.97000122070312,
    "ETH_price": 1623.0400390625,
    "GOLD_spot_price": 4087.10009765625,
    "LEAN_HOGS_future": 93.3499984741211,
    "COPPER_future": 6.164000034332275,
    "High_Yield_Bond_ETF": 79.58999633789062,
    "LIVE_CATTLE_future": 241.8249969482422,
    "GOLD_near_month_future": 4087.199951171875,
    "NATURAL_GAS_future": 3.171999931335449,
    "PLATINUM_future": 1628.300048828125,
    "SILVER_future": 60.595001220703125,
    "Long_Term_Treasury_ETF": 85.5199966430664,
    "CORN_future": 443.25,
    "SOYBEANS_future": 1154.5,
    "WHEAT_future": 603.0,
    "SP500_close": 7483.22998046875,
    "NASDAQ_close": 26040.029296875,
    "US_10Y_Treasury_Yield": 4.372000217437744,
    "VIX_close": 16.690000534057617,
    "GOLD_basis_spot_vs_near": -0.099853515625,
    "China_10Y_Treasury_Yield": 1.7448
  }
}