{
  "latest_date": "2026-04-27",
  "latest_values": {
    "Shanghai_Composite_Index": 4079.89990234375,
    "CSI_300_Index": 4769.3701171875,
    "Shenzhen_Component_Index": 14940.2998046875,
    "ALUMINUM_future": 3544.25,
    "BTC_price": 77143.6328125,
    "OIL_price": 96.75,
    "USD_CNY_exchange_rate": 6.835899829864502,
    "Commodity_Index_ETF": 30.09000015258789,
    "US_Dollar_Index": 98.49600219726562,
    "ETH_price": 2293.85009765625,
    "GOLD_spot_price": 4702.39990234375,
    "LEAN_HOGS_future": 102.17500305175781,
    "COPPER_future": 6.084499835968018,
    "High_Yield_Bond_ETF": 80.51000213623047,
    "LIVE_CATTLE_future": 248.97500610351562,
    "GOLD_near_month_future": 4702.7001953125,
    "NATURAL_GAS_future": 2.7239999771118164,
    "PLATINUM_future": 1998.9000244140625,
    "SILVER_future": 75.87000274658203,
    "Long_Term_Treasury_ETF": 86.27999877929688,
    "CORN_future": 469.5,
    "SOYBEANS_future": 1191.25,
    "WHEAT_future": 630.75,
    "SP500_close": 7173.91015625,
    "NASDAQ_close": 24887.099609375,
    "US_10Y_Treasury_Yield": 4.335999965667725,
    "VIX_close": 18.020000457763672,
    "GOLD_basis_spot_vs_near": -0.30029296875,
    "China_10Y_Treasury_Yield": 1.7697
  }
}