{
  "latest_date": "2025-11-18",
  "latest_values": {
    "Shanghai_Composite_Index": 3972.034912109375,
    "CSI_300_Index": 4598.0498046875,
    "Shenzhen_Component_Index": 13202.0,
    "ALUMINUM_future": 2764.0,
    "BTC_price": 89368.6015625,
    "OIL_price": 59.40999984741211,
    "USD_CNY_exchange_rate": 7.113699913024902,
    "Commodity_Index_ETF": 22.940000534057617,
    "US_Dollar_Index": 99.50499725341797,
    "ETH_price": 2979.2294921875,
    "GOLD_spot_price": 4011.199951171875,
    "LEAN_HOGS_future": 78.375,
    "COPPER_future": 4.968500137329102,
    "High_Yield_Bond_ETF": 80.08999633789062,
    "LIVE_CATTLE_future": 221.4250030517578,
    "GOLD_near_month_future": 4012.300048828125,
    "NATURAL_GAS_future": 4.336999893188477,
    "PLATINUM_future": 1522.5,
    "SILVER_future": 49.369998931884766,
    "Long_Term_Treasury_ETF": 89.08999633789062,
    "CORN_future": 433.75,
    "SOYBEANS_future": 1154.0,
    "WHEAT_future": 541.75,
    "SP500_close": 6672.41015625,
    "NASDAQ_close": 22708.0703125,
    "US_10Y_Treasury_Yield": 4.132999897003174,
    "VIX_close": 22.3799991607666,
    "GOLD_basis_spot_vs_near": -1.10009765625,
    "China_10Y_Treasury_Yield": 1.8109
  }
}