{
  "latest_date": "2026-02-12",
  "latest_values": {
    "Shanghai_Composite_Index": 4131.98486328125,
    "CSI_300_Index": 4713.81982421875,
    "Shenzhen_Component_Index": 14160.9296875,
    "ALUMINUM_future": 3087.25,
    "BTC_price": 67687.578125,
    "OIL_price": 64.55000305175781,
    "USD_CNY_exchange_rate": 6.9004998207092285,
    "Commodity_Index_ETF": 24.3700008392334,
    "US_Dollar_Index": 96.90899658203125,
    "ETH_price": 1978.341796875,
    "GOLD_spot_price": 5095.2001953125,
    "LEAN_HOGS_future": 86.9000015258789,
    "COPPER_future": 5.966000080108643,
    "High_Yield_Bond_ETF": 80.83000183105469,
    "LIVE_CATTLE_future": 242.35000610351562,
    "GOLD_near_month_future": 5094.7998046875,
    "NATURAL_GAS_future": 3.25600004196167,
    "PLATINUM_future": 2106.5,
    "SILVER_future": 82.44999694824219,
    "Long_Term_Treasury_ETF": 88.05999755859375,
    "CORN_future": 427.75,
    "SOYBEANS_future": 1134.0,
    "WHEAT_future": 537.5,
    "SP500_close": 6941.47021484375,
    "NASDAQ_close": 23066.470703125,
    "US_10Y_Treasury_Yield": 4.171999931335449,
    "VIX_close": 17.520000457763672,
    "GOLD_basis_spot_vs_near": 0.400390625,
    "China_10Y_Treasury_Yield": 1.7893
  }
}