{
  "latest_date": "2026-06-01",
  "latest_values": {
    "Shanghai_Composite_Index": 4068.569091796875,
    "CSI_300_Index": 4892.1201171875,
    "Shenzhen_Component_Index": 15575.1298828125,
    "ALUMINUM_future": 3666.25,
    "BTC_price": 73852.53125,
    "OIL_price": 89.69000244140625,
    "USD_CNY_exchange_rate": 6.765699863433838,
    "Commodity_Index_ETF": 29.479999542236328,
    "US_Dollar_Index": 99.04299926757812,
    "ETH_price": 2014.780029296875,
    "GOLD_spot_price": 4566.7998046875,
    "LEAN_HOGS_future": 99.5,
    "COPPER_future": 6.422999858856201,
    "High_Yield_Bond_ETF": 80.30999755859375,
    "LIVE_CATTLE_future": 239.0500030517578,
    "GOLD_near_month_future": 4566.7001953125,
    "NATURAL_GAS_future": 3.3410000801086426,
    "PLATINUM_future": 1939.5999755859375,
    "SILVER_future": 75.875,
    "Long_Term_Treasury_ETF": 85.76000213623047,
    "CORN_future": 447.0,
    "SOYBEANS_future": 1189.75,
    "WHEAT_future": 612.5,
    "SP500_close": 7580.06005859375,
    "NASDAQ_close": 26972.619140625,
    "US_10Y_Treasury_Yield": 4.453000068664551,
    "VIX_close": 15.319999694824219,
    "GOLD_basis_spot_vs_near": 0.099609375,
    "China_10Y_Treasury_Yield": 1.709
  }
}