{
  "latest_date": "2025-10-07",
  "latest_values": {
    "Shanghai_Composite_Index": 3882.777099609375,
    "CSI_300_Index": 4640.68994140625,
    "Shenzhen_Component_Index": 13526.509765625,
    "ALUMINUM_future": 2699.0,
    "BTC_price": 121960.1015625,
    "OIL_price": 62.08000183105469,
    "USD_CNY_exchange_rate": 7.11899995803833,
    "Commodity_Index_ETF": 22.72800064086914,
    "US_Dollar_Index": 98.63999938964844,
    "ETH_price": 4494.7646484375,
    "GOLD_spot_price": 4003.199951171875,
    "LEAN_HOGS_future": 86.2750015258789,
    "COPPER_future": 5.087500095367432,
    "High_Yield_Bond_ETF": 80.7750015258789,
    "LIVE_CATTLE_future": 237.8000030517578,
    "GOLD_near_month_future": 4003.300048828125,
    "NATURAL_GAS_future": 3.507999897003174,
    "PLATINUM_future": 1653.0,
    "SILVER_future": 47.52000045776367,
    "Long_Term_Treasury_ETF": 89.18000030517578,
    "CORN_future": 419.25,
    "SOYBEANS_future": 1038.5,
    "WHEAT_future": 505.75,
    "SP500_close": 6714.58984375,
    "NASDAQ_close": 22788.36328125,
    "US_10Y_Treasury_Yield": 4.126999855041504,
    "VIX_close": 17.190000534057617,
    "GOLD_basis_spot_vs_near": -0.10009765625,
    "China_10Y_Treasury_Yield": 1.8605
  }
}