{
  "latest_date": "2025-09-19",
  "latest_values": {
    "Shanghai_Composite_Index": 3820.08935546875,
    "CSI_300_Index": 4501.91943359375,
    "Shenzhen_Component_Index": 13070.86328125,
    "ALUMINUM_future": 2612.25,
    "BTC_price": 115613.1796875,
    "OIL_price": 62.90999984741211,
    "USD_CNY_exchange_rate": 7.103300094604492,
    "Commodity_Index_ETF": 22.280099868774414,
    "US_Dollar_Index": 97.60700225830078,
    "ETH_price": 4460.13720703125,
    "GOLD_spot_price": 3713.199951171875,
    "LEAN_HOGS_future": 98.05000305175781,
    "COPPER_future": 4.632999897003174,
    "High_Yield_Bond_ETF": 81.19499969482422,
    "LIVE_CATTLE_future": 233.60000610351562,
    "GOLD_near_month_future": 3713.199951171875,
    "NATURAL_GAS_future": 2.884000062942505,
    "PLATINUM_future": 1420.4000244140625,
    "SILVER_future": 43.2400016784668,
    "Long_Term_Treasury_ETF": 88.82499694824219,
    "CORN_future": 424.0,
    "SOYBEANS_future": 1024.75,
    "WHEAT_future": 522.0,
    "SP500_close": 6653.990234375,
    "NASDAQ_close": 22577.734375,
    "US_10Y_Treasury_Yield": 4.13700008392334,
    "VIX_close": 15.720000267028809,
    "GOLD_basis_spot_vs_near": 0.0,
    "China_10Y_Treasury_Yield": 1.8789
  }
}