{
  "latest_date": "2025-11-17",
  "latest_values": {
    "Shanghai_Composite_Index": 3990.491943359375,
    "CSI_300_Index": 4628.14013671875,
    "Shenzhen_Component_Index": 13216.0302734375,
    "ALUMINUM_future": 2823.5,
    "BTC_price": 95097.71875,
    "OIL_price": 59.47999954223633,
    "USD_CNY_exchange_rate": 7.104700088500977,
    "Commodity_Index_ETF": 22.969999313354492,
    "US_Dollar_Index": 99.40299987792969,
    "ETH_price": 3146.759033203125,
    "GOLD_spot_price": 4089.5,
    "LEAN_HOGS_future": 78.5,
    "COPPER_future": 5.0335001945495605,
    "High_Yield_Bond_ETF": 80.22000122070312,
    "LIVE_CATTLE_future": 219.14999389648438,
    "GOLD_near_month_future": 4089.699951171875,
    "NATURAL_GAS_future": 4.4679999351501465,
    "PLATINUM_future": 1552.4000244140625,
    "SILVER_future": 50.7400016784668,
    "Long_Term_Treasury_ETF": 88.87000274658203,
    "CORN_future": 430.25,
    "SOYBEANS_future": 1124.25,
    "WHEAT_future": 542.25,
    "SP500_close": 6734.10986328125,
    "NASDAQ_close": 22900.58984375,
    "US_10Y_Treasury_Yield": 4.1479997634887695,
    "VIX_close": 19.829999923706055,
    "GOLD_basis_spot_vs_near": -0.199951171875,
    "China_10Y_Treasury_Yield": 1.814
  }
}