{
  "latest_date": "2026-02-02",
  "latest_values": {
    "Shanghai_Composite_Index": 4015.746337890625,
    "CSI_300_Index": 4605.97998046875,
    "Shenzhen_Component_Index": 13824.3515625,
    "ALUMINUM_future": 2974.75,
    "BTC_price": 78905.625,
    "OIL_price": 61.880001068115234,
    "USD_CNY_exchange_rate": 6.945799827575684,
    "Commodity_Index_ETF": 23.520000457763672,
    "US_Dollar_Index": 97.50800323486328,
    "ETH_price": 2375.0458984375,
    "GOLD_spot_price": 4715.5,
    "LEAN_HOGS_future": 97.05000305175781,
    "COPPER_future": 5.841000080108643,
    "High_Yield_Bond_ETF": 80.76499938964844,
    "LIVE_CATTLE_future": 239.9499969482422,
    "GOLD_near_month_future": 4715.7998046875,
    "NATURAL_GAS_future": 4.0920000076293945,
    "PLATINUM_future": 2134.89990234375,
    "SILVER_future": 98.5,
    "Long_Term_Treasury_ETF": 86.81500244140625,
    "CORN_future": 427.25,
    "SOYBEANS_future": 1059.0,
    "WHEAT_future": 527.25,
    "SP500_close": 6984.68017578125,
    "NASDAQ_close": 23636.892578125,
    "US_10Y_Treasury_Yield": 4.249000072479248,
    "VIX_close": 16.229999542236328,
    "GOLD_basis_spot_vs_near": -0.2998046875,
    "China_10Y_Treasury_Yield": 1.82
  }
}