{
  "latest_date": "2026-02-18",
  "latest_values": {
    "Shanghai_Composite_Index": 4082.072998046875,
    "CSI_300_Index": 4660.41015625,
    "Shenzhen_Component_Index": 14100.1904296875,
    "ALUMINUM_future": 3047.25,
    "BTC_price": 67132.0703125,
    "OIL_price": 64.70999908447266,
    "USD_CNY_exchange_rate": 6.90749979019165,
    "Commodity_Index_ETF": 24.139999389648438,
    "US_Dollar_Index": 97.50299835205078,
    "ETH_price": 1976.689208984375,
    "GOLD_spot_price": 5020.39990234375,
    "LEAN_HOGS_future": 92.4749984741211,
    "COPPER_future": 5.805500030517578,
    "High_Yield_Bond_ETF": 80.94349670410156,
    "LIVE_CATTLE_future": 242.47500610351562,
    "GOLD_near_month_future": 5020.89990234375,
    "NATURAL_GAS_future": 2.9549999237060547,
    "PLATINUM_future": 2099.60009765625,
    "SILVER_future": 77.79499816894531,
    "Long_Term_Treasury_ETF": 89.83499908447266,
    "CORN_future": 426.25,
    "SOYBEANS_future": 1146.5,
    "WHEAT_future": 548.0,
    "SP500_close": 6901.85009765625,
    "NASDAQ_close": 22865.71484375,
    "US_10Y_Treasury_Yield": 4.071000099182129,
    "VIX_close": 18.760000228881836,
    "GOLD_basis_spot_vs_near": -0.5,
    "China_10Y_Treasury_Yield": 1.7899
  }
}