{
  "latest_date": "2026-05-07",
  "latest_values": {
    "Shanghai_Composite_Index": 4180.09228515625,
    "CSI_300_Index": 4900.509765625,
    "Shenzhen_Component_Index": 15641.8857421875,
    "ALUMINUM_future": 3433.75,
    "BTC_price": 80822.5625,
    "OIL_price": 93.27999877929688,
    "USD_CNY_exchange_rate": 6.830100059509277,
    "Commodity_Index_ETF": 30.209999084472656,
    "US_Dollar_Index": 97.85099792480469,
    "ETH_price": 2327.219970703125,
    "GOLD_spot_price": 4740.7998046875,
    "LEAN_HOGS_future": 91.69999694824219,
    "COPPER_future": 6.2154998779296875,
    "High_Yield_Bond_ETF": 80.16000366210938,
    "LIVE_CATTLE_future": 253.47500610351562,
    "GOLD_near_month_future": 4740.89990234375,
    "NATURAL_GAS_future": 2.7290000915527344,
    "PLATINUM_future": 2093.10009765625,
    "SILVER_future": 80.83499908447266,
    "Long_Term_Treasury_ETF": 86.08000183105469,
    "CORN_future": 467.75,
    "SOYBEANS_future": 1196.25,
    "WHEAT_future": 615.5,
    "SP500_close": 7365.1201171875,
    "NASDAQ_close": 25838.939453125,
    "US_10Y_Treasury_Yield": 4.355999946594238,
    "VIX_close": 17.469999313354492,
    "GOLD_basis_spot_vs_near": -0.10009765625,
    "China_10Y_Treasury_Yield": 1.7631
  }
}