{
  "latest_date": "2026-03-13",
  "latest_values": {
    "Shanghai_Composite_Index": 4129.10302734375,
    "CSI_300_Index": 4687.56005859375,
    "Shenzhen_Component_Index": 14374.8701171875,
    "ALUMINUM_future": 3469.0,
    "BTC_price": 71485.1875,
    "OIL_price": 95.0,
    "USD_CNY_exchange_rate": 6.885700225830078,
    "Commodity_Index_ETF": 28.860000610351562,
    "ETH_price": 2110.210205078125,
    "GOLD_spot_price": 5109.5,
    "LEAN_HOGS_future": 94.3499984741211,
    "COPPER_future": 5.80649995803833,
    "High_Yield_Bond_ETF": 79.3499984741211,
    "LIVE_CATTLE_future": 231.25,
    "GOLD_near_month_future": 5110.2001953125,
    "NATURAL_GAS_future": 3.26200008392334,
    "PLATINUM_future": 2117.699951171875,
    "SILVER_future": 83.88999938964844,
    "Long_Term_Treasury_ETF": 86.97000122070312,
    "CORN_future": 463.0,
    "SOYBEANS_future": 1221.5,
    "WHEAT_future": 602.5,
    "SP500_close": 6672.6201171875,
    "NASDAQ_close": 22311.98046875,
    "US_10Y_Treasury_Yield": 4.2729997634887695,
    "VIX_close": 27.290000915527344,
    "GOLD_basis_spot_vs_near": -0.7001953125,
    "China_10Y_Treasury_Yield": 1.8052
  }
}