{
  "latest_date": "2025-09-22",
  "latest_values": {
    "Shanghai_Composite_Index": 3820.089111328125,
    "CSI_300_Index": 4501.919921875,
    "Shenzhen_Component_Index": 13070.8603515625,
    "ALUMINUM_future": 2622.25,
    "BTC_price": 112914.984375,
    "OIL_price": 62.369998931884766,
    "USD_CNY_exchange_rate": 7.1128997802734375,
    "Commodity_Index_ETF": 22.260000228881836,
    "US_Dollar_Index": 97.4739990234375,
    "ETH_price": 4188.939453125,
    "GOLD_spot_price": 3761.89990234375,
    "LEAN_HOGS_future": 97.9749984741211,
    "COPPER_future": 4.640999794006348,
    "High_Yield_Bond_ETF": 81.26000213623047,
    "LIVE_CATTLE_future": 233.5749969482422,
    "GOLD_near_month_future": 3761.89990234375,
    "NATURAL_GAS_future": 2.875999927520752,
    "PLATINUM_future": 1431.800048828125,
    "SILVER_future": 44.040000915527344,
    "Long_Term_Treasury_ETF": 89.0199966430664,
    "CORN_future": 424.5,
    "SOYBEANS_future": 1021.25,
    "WHEAT_future": 519.5,
    "SP500_close": 6664.35986328125,
    "NASDAQ_close": 22631.48046875,
    "US_10Y_Treasury_Yield": 4.138999938964844,
    "VIX_close": 16.09000015258789,
    "GOLD_basis_spot_vs_near": 0.0,
    "China_10Y_Treasury_Yield": 1.8647
  }
}