{
  "latest_date": "2026-05-26",
  "latest_values": {
    "Shanghai_Composite_Index": 4152.56787109375,
    "CSI_300_Index": 4921.60009765625,
    "Shenzhen_Component_Index": 15856.6103515625,
    "ALUMINUM_future": 3662.5,
    "BTC_price": 76602.5,
    "OIL_price": 91.5999984741211,
    "USD_CNY_exchange_rate": 6.79449987411499,
    "Commodity_Index_ETF": 30.540000915527344,
    "US_Dollar_Index": 99.08599853515625,
    "ETH_price": 2092.43994140625,
    "GOLD_spot_price": 4533.89990234375,
    "LEAN_HOGS_future": 95.75,
    "COPPER_future": 6.412499904632568,
    "High_Yield_Bond_ETF": 79.91000366210938,
    "LIVE_CATTLE_future": 249.3000030517578,
    "GOLD_near_month_future": 4533.60009765625,
    "NATURAL_GAS_future": 3.0820000171661377,
    "PLATINUM_future": 1961.199951171875,
    "SILVER_future": 76.92500305175781,
    "Long_Term_Treasury_ETF": 84.68000030517578,
    "CORN_future": 459.0,
    "SOYBEANS_future": 1186.75,
    "WHEAT_future": 637.0,
    "SP500_close": 7473.47021484375,
    "NASDAQ_close": 26343.970703125,
    "US_10Y_Treasury_Yield": 4.558000087738037,
    "VIX_close": 16.59000015258789,
    "GOLD_basis_spot_vs_near": 0.2998046875,
    "China_10Y_Treasury_Yield": 1.7484
  }
}