{
  "latest_date": "2025-10-08",
  "latest_values": {
    "Shanghai_Composite_Index": 3882.777099609375,
    "CSI_300_Index": 4640.68994140625,
    "Shenzhen_Component_Index": 13526.509765625,
    "ALUMINUM_future": 2705.75,
    "BTC_price": 122988.4765625,
    "OIL_price": 62.40999984741211,
    "USD_CNY_exchange_rate": 7.11899995803833,
    "Commodity_Index_ETF": 22.729999542236328,
    "US_Dollar_Index": 98.83799743652344,
    "ETH_price": 4505.87939453125,
    "GOLD_spot_price": 4058.300048828125,
    "LEAN_HOGS_future": 86.2750015258789,
    "COPPER_future": 5.132999897003174,
    "High_Yield_Bond_ETF": 80.7699966430664,
    "LIVE_CATTLE_future": 237.8000030517578,
    "GOLD_near_month_future": 4058.5,
    "NATURAL_GAS_future": 3.5139999389648438,
    "PLATINUM_future": 1685.0,
    "SILVER_future": 48.709999084472656,
    "Long_Term_Treasury_ETF": 89.18000030517578,
    "CORN_future": 419.5,
    "SOYBEANS_future": 1040.0,
    "WHEAT_future": 506.0,
    "SP500_close": 6714.58984375,
    "NASDAQ_close": 22788.359375,
    "US_10Y_Treasury_Yield": 4.126999855041504,
    "VIX_close": 16.969999313354492,
    "GOLD_basis_spot_vs_near": -0.199951171875,
    "China_10Y_Treasury_Yield": 1.8605
  }
}