{
  "latest_date": "2026-07-02",
  "latest_values": {
    "Shanghai_Composite_Index": 4112.44482421875,
    "CSI_300_Index": 4868.22021484375,
    "Shenzhen_Component_Index": 16119.169921875,
    "ALUMINUM_future": 3256.5,
    "BTC_price": 61667.48828125,
    "OIL_price": 67.7699966430664,
    "USD_CNY_exchange_rate": 6.793600082397461,
    "Commodity_Index_ETF": 26.514999389648438,
    "US_Dollar_Index": 100.75900268554688,
    "ETH_price": 1699.219970703125,
    "GOLD_spot_price": 4138.7998046875,
    "LEAN_HOGS_future": 98.125,
    "COPPER_future": 6.178999900817871,
    "High_Yield_Bond_ETF": 79.7699966430664,
    "LIVE_CATTLE_future": 240.0,
    "GOLD_near_month_future": 4138.89990234375,
    "NATURAL_GAS_future": 3.181999921798706,
    "PLATINUM_future": 1632.0999755859375,
    "SILVER_future": 61.494998931884766,
    "Long_Term_Treasury_ETF": 85.58999633789062,
    "CORN_future": 443.5,
    "SOYBEANS_future": 1149.0,
    "WHEAT_future": 601.5,
    "SP500_close": 7472.08984375,
    "NASDAQ_close": 25834.623046875,
    "US_10Y_Treasury_Yield": 4.460999965667725,
    "VIX_close": 16.670000076293945,
    "GOLD_basis_spot_vs_near": -0.10009765625,
    "China_10Y_Treasury_Yield": 1.741
  }
}