{
  "latest_date": "2025-10-29",
  "latest_values": {
    "Shanghai_Composite_Index": 3988.22412109375,
    "CSI_300_Index": 4691.97021484375,
    "Shenzhen_Component_Index": 13430.099609375,
    "ALUMINUM_future": 2858.0,
    "BTC_price": 112652.265625,
    "OIL_price": 60.369998931884766,
    "USD_CNY_exchange_rate": 7.098499774932861,
    "Commodity_Index_ETF": 22.780000686645508,
    "US_Dollar_Index": 98.85700225830078,
    "ETH_price": 3982.2041015625,
    "GOLD_spot_price": 4026.89990234375,
    "LEAN_HOGS_future": 81.875,
    "COPPER_future": 5.2204999923706055,
    "High_Yield_Bond_ETF": 81.16500091552734,
    "LIVE_CATTLE_future": 230.4499969482422,
    "GOLD_near_month_future": 4027.0,
    "NATURAL_GAS_future": 3.253000020980835,
    "PLATINUM_future": 1607.0999755859375,
    "SILVER_future": 48.11000061035156,
    "Long_Term_Treasury_ETF": 91.77999877929688,
    "CORN_future": 432.5,
    "SOYBEANS_future": 1091.75,
    "WHEAT_future": 532.0,
    "SP500_close": 6910.22021484375,
    "NASDAQ_close": 23963.3125,
    "US_10Y_Treasury_Yield": 3.993000030517578,
    "VIX_close": 16.809999465942383,
    "GOLD_basis_spot_vs_near": -0.10009765625,
    "China_10Y_Treasury_Yield": 1.8208
  }
}