{
  "latest_date": "2025-11-03",
  "latest_values": {
    "Shanghai_Composite_Index": 3954.7900390625,
    "CSI_300_Index": 4640.669921875,
    "Shenzhen_Component_Index": 13378.2099609375,
    "ALUMINUM_future": 2893.0,
    "BTC_price": 108035.203125,
    "OIL_price": 60.83000183105469,
    "USD_CNY_exchange_rate": 7.1209001541137695,
    "Commodity_Index_ETF": 22.8799991607666,
    "US_Dollar_Index": 99.88899993896484,
    "ETH_price": 3716.029296875,
    "GOLD_spot_price": 4018.0,
    "LEAN_HOGS_future": 82.5250015258789,
    "COPPER_future": 5.090000152587891,
    "High_Yield_Bond_ETF": 80.80000305175781,
    "LIVE_CATTLE_future": 227.64999389648438,
    "GOLD_near_month_future": 4017.60009765625,
    "PLATINUM_future": 1594.800048828125,
    "SILVER_future": 48.45500183105469,
    "Long_Term_Treasury_ETF": 90.29000091552734,
    "CORN_future": 432.25,
    "SOYBEANS_future": 1120.0,
    "WHEAT_future": 541.25,
    "SP500_close": 6840.2001953125,
    "NASDAQ_close": 23724.9609375,
    "US_10Y_Treasury_Yield": 4.10099983215332,
    "VIX_close": 17.530000686645508,
    "GOLD_basis_spot_vs_near": 0.39990234375,
    "China_10Y_Treasury_Yield": 1.7944
  }
}