{
  "latest_date": "2026-01-29",
  "latest_values": {
    "Shanghai_Composite_Index": 4157.984375,
    "CSI_300_Index": 4753.86962890625,
    "Shenzhen_Component_Index": 14300.076171875,
    "ALUMINUM_future": 3208.0,
    "BTC_price": 84174.2265625,
    "OIL_price": 65.4800033569336,
    "USD_CNY_exchange_rate": 6.947500228881836,
    "Commodity_Index_ETF": 25.295000076293945,
    "US_Dollar_Index": 96.19400024414062,
    "ETH_price": 2807.6123046875,
    "GOLD_spot_price": 5431.5,
    "LEAN_HOGS_future": 95.32499694824219,
    "COPPER_future": 6.309000015258789,
    "High_Yield_Bond_ETF": 81.04000091552734,
    "LIVE_CATTLE_future": 237.27499389648438,
    "GOLD_near_month_future": 5431.5,
    "NATURAL_GAS_future": 3.888000011444092,
    "PLATINUM_future": 2638.5,
    "SILVER_future": 116.9000015258789,
    "Long_Term_Treasury_ETF": 87.62000274658203,
    "CORN_future": 431.0,
    "SOYBEANS_future": 1072.0,
    "WHEAT_future": 541.75,
    "SP500_close": 6969.009765625,
    "NASDAQ_close": 23685.12109375,
    "US_10Y_Treasury_Yield": 4.2270002365112305,
    "VIX_close": 16.950000762939453,
    "GOLD_basis_spot_vs_near": 0.0,
    "China_10Y_Treasury_Yield": 1.8174
  }
}