{
  "latest_date": "2026-06-30",
  "latest_values": {
    "Shanghai_Composite_Index": 4094.397216796875,
    "CSI_300_Index": 4979.4326171875,
    "Shenzhen_Component_Index": 16205.556640625,
    "ALUMINUM_future": 3273.5,
    "BTC_price": 58204.9296875,
    "OIL_price": 70.41000366210938,
    "USD_CNY_exchange_rate": 6.797999858856201,
    "Commodity_Index_ETF": 26.700000762939453,
    "US_Dollar_Index": 101.10900115966797,
    "ETH_price": 1558.5,
    "GOLD_spot_price": 4057.800048828125,
    "LEAN_HOGS_future": 98.69999694824219,
    "COPPER_future": 6.269000053405762,
    "High_Yield_Bond_ETF": 80.01499938964844,
    "LIVE_CATTLE_future": 242.8249969482422,
    "GOLD_near_month_future": 4058.300048828125,
    "NATURAL_GAS_future": 3.302999973297119,
    "PLATINUM_future": 1572.800048828125,
    "SILVER_future": 60.415000915527344,
    "Long_Term_Treasury_ETF": 87.04989624023438,
    "CORN_future": 428.75,
    "SOYBEANS_future": 1128.75,
    "WHEAT_future": 579.5,
    "SP500_close": 7469.1201171875,
    "NASDAQ_close": 26028.6484375,
    "US_10Y_Treasury_Yield": 4.395999908447266,
    "VIX_close": 17.1200008392334,
    "GOLD_basis_spot_vs_near": -0.5,
    "China_10Y_Treasury_Yield": 1.733
  }
}