{
  "latest_date": "2025-10-30",
  "latest_values": {
    "Shanghai_Composite_Index": 3986.90087890625,
    "CSI_300_Index": 4709.9111328125,
    "Shenzhen_Component_Index": 13691.3798828125,
    "ALUMINUM_future": 2860.5,
    "BTC_price": 108215.359375,
    "OIL_price": 60.36000061035156,
    "USD_CNY_exchange_rate": 7.1092000007629395,
    "Commodity_Index_ETF": 22.709999084472656,
    "US_Dollar_Index": 99.52300262451172,
    "ETH_price": 3799.0810546875,
    "GOLD_spot_price": 4003.800048828125,
    "LEAN_HOGS_future": 80.57499694824219,
    "COPPER_future": 5.047999858856201,
    "High_Yield_Bond_ETF": 80.8949966430664,
    "LIVE_CATTLE_future": 228.6999969482422,
    "GOLD_near_month_future": 4003.800048828125,
    "NATURAL_GAS_future": 3.8889999389648438,
    "PLATINUM_future": 1591.199951171875,
    "SILVER_future": 48.40999984741211,
    "Long_Term_Treasury_ETF": 90.76499938964844,
    "CORN_future": 429.5,
    "SOYBEANS_future": 1098.5,
    "WHEAT_future": 521.75,
    "SP500_close": 6870.16015625,
    "NASDAQ_close": 23730.78515625,
    "US_10Y_Treasury_Yield": 4.0889997482299805,
    "VIX_close": 16.829999923706055,
    "GOLD_basis_spot_vs_near": 0.0,
    "China_10Y_Treasury_Yield": 1.8098
  }
}