{
  "latest_date": "2026-02-09",
  "latest_values": {
    "Shanghai_Composite_Index": 4123.08984375,
    "CSI_300_Index": 4719.0556640625,
    "Shenzhen_Component_Index": 13906.73046875,
    "ALUMINUM_future": 3055.25,
    "BTC_price": 69342.0390625,
    "OIL_price": 64.06999969482422,
    "USD_CNY_exchange_rate": 6.921500205993652,
    "Commodity_Index_ETF": 24.125,
    "US_Dollar_Index": 96.88700103759766,
    "ETH_price": 2048.66943359375,
    "GOLD_spot_price": 5056.0,
    "LEAN_HOGS_future": 87.0999984741211,
    "COPPER_future": 5.924499988555908,
    "High_Yield_Bond_ETF": 80.83999633789062,
    "LIVE_CATTLE_future": 239.89999389648438,
    "GOLD_near_month_future": 5056.0,
    "NATURAL_GAS_future": 3.187999963760376,
    "PLATINUM_future": 2107.5,
    "SILVER_future": 81.12999725341797,
    "Long_Term_Treasury_ETF": 87.19010162353516,
    "CORN_future": 428.0,
    "SOYBEANS_future": 1111.5,
    "WHEAT_future": 527.75,
    "SP500_close": 6949.0,
    "NASDAQ_close": 23150.134765625,
    "US_10Y_Treasury_Yield": 4.220000267028809,
    "VIX_close": 17.889999389648438,
    "GOLD_basis_spot_vs_near": 0.0,
    "China_10Y_Treasury_Yield": 1.8114
  }
}