{
  "latest_date": "2026-02-11",
  "latest_values": {
    "Shanghai_Composite_Index": 4131.98486328125,
    "CSI_300_Index": 4713.818359375,
    "Shenzhen_Component_Index": 14160.93359375,
    "ALUMINUM_future": 3054.25,
    "BTC_price": 67786.3828125,
    "OIL_price": 64.9000015258789,
    "USD_CNY_exchange_rate": 6.9120001792907715,
    "Commodity_Index_ETF": 24.3700008392334,
    "US_Dollar_Index": 96.9209976196289,
    "ETH_price": 1966.6661376953125,
    "GOLD_spot_price": 5108.5,
    "LEAN_HOGS_future": 93.9000015258789,
    "COPPER_future": 5.995500087738037,
    "High_Yield_Bond_ETF": 80.83000183105469,
    "LIVE_CATTLE_future": 240.875,
    "GOLD_near_month_future": 5107.7001953125,
    "NATURAL_GAS_future": 3.234999895095825,
    "PLATINUM_future": 2136.60009765625,
    "SILVER_future": 84.09500122070312,
    "Long_Term_Treasury_ETF": 88.05999755859375,
    "CORN_future": 427.75,
    "SOYBEANS_future": 1123.5,
    "WHEAT_future": 537.0,
    "SP500_close": 6941.47021484375,
    "NASDAQ_close": 23066.466796875,
    "US_10Y_Treasury_Yield": 4.171999931335449,
    "VIX_close": 17.649999618530273,
    "GOLD_basis_spot_vs_near": 0.7998046875,
    "China_10Y_Treasury_Yield": 1.7994
  }
}