{
  "latest_date": "2026-05-22",
  "latest_values": {
    "Shanghai_Composite_Index": 4077.277099609375,
    "CSI_300_Index": 4783.10009765625,
    "Shenzhen_Component_Index": 15247.26953125,
    "ALUMINUM_future": 3628.75,
    "BTC_price": 76808.9609375,
    "OIL_price": 96.93000030517578,
    "USD_CNY_exchange_rate": 6.794000148773193,
    "Commodity_Index_ETF": 30.56999969482422,
    "US_Dollar_Index": 99.27300262451172,
    "ETH_price": 2118.72998046875,
    "GOLD_spot_price": 4523.10009765625,
    "LEAN_HOGS_future": 99.67500305175781,
    "COPPER_future": 6.384500026702881,
    "High_Yield_Bond_ETF": 79.91999816894531,
    "LIVE_CATTLE_future": 238.0500030517578,
    "GOLD_near_month_future": 4523.39990234375,
    "NATURAL_GAS_future": 3.0230000019073486,
    "PLATINUM_future": 1935.0,
    "SILVER_future": 76.4000015258789,
    "Long_Term_Treasury_ETF": 84.29499816894531,
    "CORN_future": 463.0,
    "SOYBEANS_future": 1197.0,
    "WHEAT_future": 645.25,
    "SP500_close": 7491.0400390625,
    "NASDAQ_close": 26423.419921875,
    "US_10Y_Treasury_Yield": 4.565999984741211,
    "VIX_close": 16.540000915527344,
    "GOLD_basis_spot_vs_near": -0.2998046875,
    "China_10Y_Treasury_Yield": 1.7519
  }
}