{
  "latest_date": "2026-02-06",
  "latest_values": {
    "Shanghai_Composite_Index": 4102.2021484375,
    "CSI_300_Index": 4698.68017578125,
    "Shenzhen_Component_Index": 14156.26953125,
    "ALUMINUM_future": 2929.0,
    "BTC_price": 64134.6640625,
    "OIL_price": 62.66999816894531,
    "USD_CNY_exchange_rate": 6.937300205230713,
    "Commodity_Index_ETF": 23.760000228881836,
    "US_Dollar_Index": 97.91999816894531,
    "ETH_price": 1894.5267333984375,
    "GOLD_spot_price": 4731.60009765625,
    "LEAN_HOGS_future": 87.4000015258789,
    "COPPER_future": 5.625999927520752,
    "High_Yield_Bond_ETF": 80.52999877929688,
    "LIVE_CATTLE_future": 235.22500610351562,
    "GOLD_near_month_future": 4731.2998046875,
    "NATURAL_GAS_future": 3.49399995803833,
    "PLATINUM_future": 1825.199951171875,
    "SILVER_future": 68.90499877929688,
    "Long_Term_Treasury_ETF": 87.4800033569336,
    "CORN_future": 433.5,
    "SOYBEANS_future": 1103.25,
    "WHEAT_future": 532.5,
    "SP500_close": 6798.39990234375,
    "NASDAQ_close": 22540.5859375,
    "US_10Y_Treasury_Yield": 4.210000038146973,
    "VIX_close": 21.770000457763672,
    "GOLD_basis_spot_vs_near": 0.30029296875,
    "China_10Y_Treasury_Yield": 1.8169
  }
}