{
  "latest_date": "2025-11-12",
  "latest_values": {
    "Shanghai_Composite_Index": 4002.758056640625,
    "CSI_300_Index": 4652.169921875,
    "Shenzhen_Component_Index": 13289.0,
    "ALUMINUM_future": 2809.5,
    "BTC_price": 103425.8359375,
    "OIL_price": 60.810001373291016,
    "USD_CNY_exchange_rate": 7.118500232696533,
    "Commodity_Index_ETF": 23.299999237060547,
    "US_Dollar_Index": 99.55599975585938,
    "ETH_price": 3448.104248046875,
    "GOLD_spot_price": 4111.10009765625,
    "LEAN_HOGS_future": 83.17500305175781,
    "COPPER_future": 5.05049991607666,
    "High_Yield_Bond_ETF": 80.69000244140625,
    "LIVE_CATTLE_future": 226.52499389648438,
    "GOLD_near_month_future": 4111.2001953125,
    "NATURAL_GAS_future": 4.548999786376953,
    "PLATINUM_future": 1589.199951171875,
    "SILVER_future": 50.93000030517578,
    "Long_Term_Treasury_ETF": 89.95999908447266,
    "CORN_future": 432.5,
    "SOYBEANS_future": 1132.25,
    "WHEAT_future": 535.0,
    "SP500_close": 6846.60986328125,
    "NASDAQ_close": 23468.30078125,
    "US_10Y_Treasury_Yield": 4.119999885559082,
    "VIX_close": 17.280000686645508,
    "GOLD_basis_spot_vs_near": -0.10009765625,
    "China_10Y_Treasury_Yield": 1.8119
  }
}