{
  "latest_date": "2026-06-05",
  "latest_values": {
    "Shanghai_Composite_Index": 4057.781005859375,
    "CSI_300_Index": 4904.75,
    "Shenzhen_Component_Index": 15661.5703125,
    "ALUMINUM_future": 3668.5,
    "BTC_price": 61346.9296875,
    "OIL_price": 89.87999725341797,
    "USD_CNY_exchange_rate": 6.764999866485596,
    "Commodity_Index_ETF": 29.239999771118164,
    "US_Dollar_Index": 100.04299926757812,
    "ETH_price": 1607.4100341796875,
    "GOLD_spot_price": 4358.7001953125,
    "LEAN_HOGS_future": 99.05000305175781,
    "COPPER_future": 6.27400016784668,
    "High_Yield_Bond_ETF": 79.54499816894531,
    "LIVE_CATTLE_future": 242.35000610351562,
    "GOLD_near_month_future": 4358.7998046875,
    "NATURAL_GAS_future": 3.2239999771118164,
    "PLATINUM_future": 1790.199951171875,
    "SILVER_future": 68.91999816894531,
    "Long_Term_Treasury_ETF": 85.33000183105469,
    "CORN_future": 417.5,
    "SOYBEANS_future": 1118.5,
    "WHEAT_future": 579.75,
    "SP500_close": 7458.02001953125,
    "NASDAQ_close": 26077.1171875,
    "US_10Y_Treasury_Yield": 4.533999919891357,
    "VIX_close": 18.93000030517578,
    "GOLD_basis_spot_vs_near": -0.099609375,
    "China_10Y_Treasury_Yield": 1.7207
  }
}