{
  "latest_date": "2025-12-12",
  "latest_values": {
    "Shanghai_Composite_Index": 3873.318115234375,
    "CSI_300_Index": 4552.18994140625,
    "Shenzhen_Component_Index": 13147.3896484375,
    "ALUMINUM_future": 2878.75,
    "BTC_price": 92310.0078125,
    "OIL_price": 58.119998931884766,
    "USD_CNY_exchange_rate": 7.054200172424316,
    "Commodity_Index_ETF": 23.110000610351562,
    "US_Dollar_Index": 98.40799713134766,
    "ETH_price": 3244.7099609375,
    "GOLD_spot_price": 4340.2001953125,
    "LEAN_HOGS_future": 84.125,
    "COPPER_future": 5.483500003814697,
    "High_Yield_Bond_ETF": 80.72000122070312,
    "LIVE_CATTLE_future": 230.9499969482422,
    "GOLD_near_month_future": 4340.2998046875,
    "NATURAL_GAS_future": 4.178999900817871,
    "PLATINUM_future": 1728.4000244140625,
    "SILVER_future": 64.34500122070312,
    "Long_Term_Treasury_ETF": 88.19000244140625,
    "CORN_future": 445.75,
    "SOYBEANS_future": 1088.75,
    "WHEAT_future": 532.25,
    "SP500_close": 6901.0,
    "NASDAQ_close": 23593.859375,
    "US_10Y_Treasury_Yield": 4.140999794006348,
    "VIX_close": 14.9399995803833,
    "GOLD_basis_spot_vs_near": -0.099609375,
    "China_10Y_Treasury_Yield": 1.8404
  }
}