{
  "latest_date": "2025-11-04",
  "latest_values": {
    "Shanghai_Composite_Index": 3960.18603515625,
    "CSI_300_Index": 4618.69921875,
    "Shenzhen_Component_Index": 13175.220703125,
    "ALUMINUM_future": 2832.25,
    "BTC_price": 100487.9296875,
    "OIL_price": 60.599998474121094,
    "USD_CNY_exchange_rate": 7.129000186920166,
    "Commodity_Index_ETF": 22.882299423217773,
    "US_Dollar_Index": 100.20999908447266,
    "ETH_price": 3230.09130859375,
    "GOLD_spot_price": 3947.60009765625,
    "LEAN_HOGS_future": 80.8499984741211,
    "COPPER_future": 4.934999942779541,
    "High_Yield_Bond_ETF": 80.125,
    "LIVE_CATTLE_future": 224.89999389648438,
    "GOLD_near_month_future": 3947.5,
    "NATURAL_GAS_future": 4.339000225067139,
    "PLATINUM_future": 1540.199951171875,
    "SILVER_future": 46.9900016784668,
    "Long_Term_Treasury_ETF": 89.94499969482422,
    "CORN_future": 430.75,
    "SOYBEANS_future": 1120.25,
    "WHEAT_future": 550.0,
    "SP500_close": 6775.4501953125,
    "NASDAQ_close": 23390.5078125,
    "US_10Y_Treasury_Yield": 4.085000038146973,
    "VIX_close": 18.889999389648438,
    "GOLD_basis_spot_vs_near": 0.10009765625,
    "China_10Y_Treasury_Yield": 1.7984
  }
}