{
  "latest_date": "2026-07-07",
  "latest_values": {
    "Shanghai_Composite_Index": 4041.238037109375,
    "CSI_300_Index": 4842.169921875,
    "Shenzhen_Component_Index": 15416.7998046875,
    "ALUMINUM_future": 3478.25,
    "BTC_price": 63018.3984375,
    "OIL_price": 68.97000122070312,
    "USD_CNY_exchange_rate": 6.788599967956543,
    "Commodity_Index_ETF": 27.0,
    "US_Dollar_Index": 100.86699676513672,
    "ETH_price": 1764.1700439453125,
    "GOLD_spot_price": 4142.0,
    "LEAN_HOGS_future": 93.3499984741211,
    "COPPER_future": 6.201499938964844,
    "High_Yield_Bond_ETF": 79.87000274658203,
    "LIVE_CATTLE_future": 239.10000610351562,
    "GOLD_near_month_future": 4142.10009765625,
    "NATURAL_GAS_future": 3.2249999046325684,
    "PLATINUM_future": 1626.699951171875,
    "SILVER_future": 61.43000030517578,
    "Long_Term_Treasury_ETF": 85.44999694824219,
    "CORN_future": 456.75,
    "SOYBEANS_future": 1193.0,
    "WHEAT_future": 610.0,
    "SP500_close": 7537.43017578125,
    "NASDAQ_close": 26121.16015625,
    "US_10Y_Treasury_Yield": 4.479000091552734,
    "VIX_close": 15.569999694824219,
    "GOLD_basis_spot_vs_near": -0.10009765625,
    "China_10Y_Treasury_Yield": 1.7379
  }
}