{
  "latest_date": "2026-03-17",
  "latest_values": {
    "Shanghai_Composite_Index": 4049.9072265625,
    "CSI_300_Index": 4637.43896484375,
    "Shenzhen_Component_Index": 14307.580078125,
    "ALUMINUM_future": 3318.25,
    "BTC_price": 74305.1328125,
    "OIL_price": 94.69999694824219,
    "USD_CNY_exchange_rate": 6.885799884796143,
    "Commodity_Index_ETF": 28.6299991607666,
    "ETH_price": 2330.34033203125,
    "GOLD_spot_price": 4997.7001953125,
    "LEAN_HOGS_future": 106.94999694824219,
    "COPPER_future": 5.755499839782715,
    "High_Yield_Bond_ETF": 79.72000122070312,
    "LIVE_CATTLE_future": 233.6750030517578,
    "GOLD_near_month_future": 4997.7001953125,
    "NATURAL_GAS_future": 3.0450000762939453,
    "PLATINUM_future": 2123.10009765625,
    "SILVER_future": 79.12000274658203,
    "Long_Term_Treasury_ETF": 87.52999877929688,
    "CORN_future": 453.25,
    "SOYBEANS_future": 1162.0,
    "WHEAT_future": 591.5,
    "SP500_close": 6722.77001953125,
    "NASDAQ_close": 22469.921875,
    "US_10Y_Treasury_Yield": 4.199999809265137,
    "VIX_close": 22.899999618530273,
    "GOLD_basis_spot_vs_near": 0.0,
    "China_10Y_Treasury_Yield": 1.8314
  }
}