{
  "latest_date": "2026-07-05",
  "latest_values": {
    "Shanghai_Composite_Index": 4043.64306640625,
    "CSI_300_Index": 4842.169921875,
    "Shenzhen_Component_Index": 15597.509765625,
    "ALUMINUM_future": 3265.0,
    "BTC_price": 62604.6796875,
    "OIL_price": 68.77999877929688,
    "USD_CNY_exchange_rate": 6.770199775695801,
    "Commodity_Index_ETF": 26.56999969482422,
    "US_Dollar_Index": 100.86000061035156,
    "ETH_price": 1760.6300048828125,
    "GOLD_spot_price": 4187.2998046875,
    "LEAN_HOGS_future": 98.5999984741211,
    "COPPER_future": 6.223999977111816,
    "High_Yield_Bond_ETF": 79.70999908447266,
    "LIVE_CATTLE_future": 239.02499389648438,
    "GOLD_near_month_future": 4186.89990234375,
    "NATURAL_GAS_future": 3.244999885559082,
    "PLATINUM_future": 1651.9000244140625,
    "SILVER_future": 62.814998626708984,
    "Long_Term_Treasury_ETF": 85.51000213623047,
    "CORN_future": 440.75,
    "SOYBEANS_future": 1146.75,
    "WHEAT_future": 600.25,
    "SP500_close": 7483.240234375,
    "NASDAQ_close": 25832.669921875,
    "US_10Y_Treasury_Yield": 4.485000133514404,
    "VIX_close": 16.149999618530273,
    "GOLD_basis_spot_vs_near": 0.39990234375,
    "China_10Y_Treasury_Yield": 1.7463
  }
}