{
  "latest_date": "2026-02-20",
  "latest_values": {
    "Shanghai_Composite_Index": 4082.072998046875,
    "CSI_300_Index": 4660.41015625,
    "Shenzhen_Component_Index": 14100.1904296875,
    "ALUMINUM_future": 3047.5,
    "BTC_price": 67837.7890625,
    "OIL_price": 66.72000122070312,
    "USD_CNY_exchange_rate": 6.903200149536133,
    "Commodity_Index_ETF": 24.43000030517578,
    "US_Dollar_Index": 97.91100311279297,
    "ETH_price": 1959.7913818359375,
    "GOLD_spot_price": 5042.60009765625,
    "LEAN_HOGS_future": 93.5,
    "COPPER_future": 5.7779998779296875,
    "High_Yield_Bond_ETF": 80.94000244140625,
    "LIVE_CATTLE_future": 243.52499389648438,
    "GOLD_near_month_future": 5042.7998046875,
    "NATURAL_GAS_future": 2.943000078201294,
    "PLATINUM_future": 2097.300048828125,
    "SILVER_future": 78.94999694824219,
    "Long_Term_Treasury_ETF": 89.62000274658203,
    "CORN_future": 426.5,
    "SOYBEANS_future": 1155.25,
    "WHEAT_future": 565.75,
    "SP500_close": 6861.89013671875,
    "NASDAQ_close": 22682.73046875,
    "US_10Y_Treasury_Yield": 4.074999809265137,
    "VIX_close": 20.229999542236328,
    "GOLD_basis_spot_vs_near": -0.19970703125,
    "China_10Y_Treasury_Yield": 1.7899
  }
}