{
  "latest_date": "2025-12-20",
  "latest_values": {
    "Shanghai_Composite_Index": 3890.447998046875,
    "CSI_300_Index": 4568.18017578125,
    "Shenzhen_Component_Index": 13140.2099609375,
    "ALUMINUM_future": 2868.0,
    "BTC_price": 88077.25,
    "OIL_price": 56.65999984741211,
    "USD_CNY_exchange_rate": 7.040800094604492,
    "Commodity_Index_ETF": 22.850000381469727,
    "US_Dollar_Index": 98.5999984741211,
    "ETH_price": 2976.424560546875,
    "GOLD_spot_price": 4361.39990234375,
    "LEAN_HOGS_future": 84.5,
    "COPPER_future": 5.439499855041504,
    "High_Yield_Bond_ETF": 80.36000061035156,
    "LIVE_CATTLE_future": 230.39999389648438,
    "GOLD_near_month_future": 4361.39990234375,
    "NATURAL_GAS_future": 3.9839999675750732,
    "PLATINUM_future": 2013.199951171875,
    "SILVER_future": 66.84500122070312,
    "Long_Term_Treasury_ETF": 87.55000305175781,
    "CORN_future": 443.75,
    "SOYBEANS_future": 1049.25,
    "WHEAT_future": 509.75,
    "SP500_close": 6834.5,
    "NASDAQ_close": 23307.619140625,
    "US_10Y_Treasury_Yield": 4.151000022888184,
    "VIX_close": 14.90999984741211,
    "GOLD_basis_spot_vs_near": 0.0,
    "China_10Y_Treasury_Yield": 1.8308
  }
}