{
  "latest_date": "2025-12-04",
  "latest_values": {
    "Shanghai_Composite_Index": 3878.0,
    "CSI_300_Index": 4531.0498046875,
    "Shenzhen_Component_Index": 12955.25,
    "ALUMINUM_future": 2918.0,
    "BTC_price": 92583.6484375,
    "OIL_price": 59.36000061035156,
    "USD_CNY_exchange_rate": 7.071400165557861,
    "Commodity_Index_ETF": 23.1299991607666,
    "US_Dollar_Index": 98.88500213623047,
    "ETH_price": 3164.90185546875,
    "GOLD_spot_price": 4221.10009765625,
    "LEAN_HOGS_future": 81.0,
    "COPPER_future": 5.358500003814697,
    "High_Yield_Bond_ETF": 80.69000244140625,
    "LIVE_CATTLE_future": 218.9499969482422,
    "GOLD_near_month_future": 4221.2001953125,
    "NATURAL_GAS_future": 5.006999969482422,
    "PLATINUM_future": 1655.5,
    "SILVER_future": 57.72999954223633,
    "Long_Term_Treasury_ETF": 89.05999755859375,
    "CORN_future": 443.75,
    "SOYBEANS_future": 1120.75,
    "WHEAT_future": 537.25,
    "SP500_close": 6849.72021484375,
    "NASDAQ_close": 23454.08984375,
    "US_10Y_Treasury_Yield": 4.057000160217285,
    "VIX_close": 16.100000381469727,
    "GOLD_basis_spot_vs_near": -0.10009765625,
    "China_10Y_Treasury_Yield": 1.8718
  }
}