{
  "latest_date": "2025-10-14",
  "latest_values": {
    "Shanghai_Composite_Index": 3865.22900390625,
    "CSI_300_Index": 4539.064453125,
    "Shenzhen_Component_Index": 13231.4697265625,
    "ALUMINUM_future": 2672.25,
    "BTC_price": 112533.3125,
    "OIL_price": 58.47999954223633,
    "USD_CNY_exchange_rate": 7.099999904632568,
    "Commodity_Index_ETF": 22.1343994140625,
    "US_Dollar_Index": 99.08599853515625,
    "ETH_price": 4067.40625,
    "GOLD_spot_price": 4152.7001953125,
    "LEAN_HOGS_future": 83.05000305175781,
    "COPPER_future": 5.008500099182129,
    "High_Yield_Bond_ETF": 80.41500091552734,
    "LIVE_CATTLE_future": 245.64999389648438,
    "GOLD_near_month_future": 4152.7998046875,
    "NATURAL_GAS_future": 3.006999969482422,
    "PLATINUM_future": 1678.800048828125,
    "SILVER_future": 50.61000061035156,
    "Long_Term_Treasury_ETF": 90.55500030517578,
    "CORN_future": 411.25,
    "SOYBEANS_future": 1022.5,
    "WHEAT_future": 500.0,
    "SP500_close": 6639.9501953125,
    "NASDAQ_close": 22550.05859375,
    "US_10Y_Treasury_Yield": 4.047999858856201,
    "VIX_close": 19.93000030517578,
    "GOLD_basis_spot_vs_near": -0.099609375,
    "China_10Y_Treasury_Yield": 1.8368
  }
}