{
  "latest_date": "2026-02-18",
  "latest_values": {
    "Shanghai_Composite_Index": 4082.072998046875,
    "CSI_300_Index": 4660.41015625,
    "Shenzhen_Component_Index": 14100.1904296875,
    "ALUMINUM_future": 3017.5,
    "BTC_price": 68130.0859375,
    "OIL_price": 62.540000915527344,
    "USD_CNY_exchange_rate": 6.903200149536133,
    "Commodity_Index_ETF": 23.59000015258789,
    "US_Dollar_Index": 97.23799896240234,
    "ETH_price": 2015.8294677734375,
    "GOLD_spot_price": 4941.5,
    "LEAN_HOGS_future": 82.3499984741211,
    "COPPER_future": 5.714000225067139,
    "High_Yield_Bond_ETF": 80.80999755859375,
    "LIVE_CATTLE_future": 246.1999969482422,
    "GOLD_near_month_future": 4941.7998046875,
    "NATURAL_GAS_future": 3.006999969482422,
    "PLATINUM_future": 2053.60009765625,
    "SILVER_future": 75.9749984741211,
    "Long_Term_Treasury_ETF": 89.87000274658203,
    "CORN_future": 428.0,
    "SOYBEANS_future": 1158.5,
    "WHEAT_future": 548.0,
    "SP500_close": 6843.22021484375,
    "NASDAQ_close": 22578.380859375,
    "US_10Y_Treasury_Yield": 4.052000045776367,
    "VIX_close": 19.469999313354492,
    "GOLD_basis_spot_vs_near": -0.2998046875,
    "China_10Y_Treasury_Yield": 1.7899
  }
}