{
  "latest_date": "2026-02-23",
  "latest_values": {
    "Shanghai_Composite_Index": 4082.072998046875,
    "CSI_300_Index": 4660.41015625,
    "Shenzhen_Component_Index": 14100.1904296875,
    "ALUMINUM_future": 3062.75,
    "BTC_price": 66248.0,
    "OIL_price": 66.69999694824219,
    "USD_CNY_exchange_rate": 6.903200149536133,
    "Commodity_Index_ETF": 24.600000381469727,
    "US_Dollar_Index": 97.70500183105469,
    "ETH_price": 1921.60888671875,
    "GOLD_spot_price": 5173.89990234375,
    "LEAN_HOGS_future": 84.42500305175781,
    "COPPER_future": 5.8125,
    "High_Yield_Bond_ETF": 81.0,
    "LIVE_CATTLE_future": 246.5749969482422,
    "GOLD_near_month_future": 5173.7001953125,
    "NATURAL_GAS_future": 3.059000015258789,
    "PLATINUM_future": 2169.89990234375,
    "SILVER_future": 86.63500213623047,
    "Long_Term_Treasury_ETF": 89.41000366210938,
    "CORN_future": 439.0,
    "SOYBEANS_future": 1147.25,
    "WHEAT_future": 577.25,
    "SP500_close": 6909.509765625,
    "NASDAQ_close": 22886.0703125,
    "US_10Y_Treasury_Yield": 4.085999965667725,
    "VIX_close": 20.549999237060547,
    "GOLD_basis_spot_vs_near": 0.19970703125,
    "China_10Y_Treasury_Yield": 1.7899
  }
}