{
  "latest_date": "2026-07-01",
  "latest_values": {
    "Shanghai_Composite_Index": 4094.39697265625,
    "CSI_300_Index": 4868.22021484375,
    "Shenzhen_Component_Index": 16205.5595703125,
    "ALUMINUM_future": 3435.25,
    "BTC_price": 58639.3203125,
    "OIL_price": 69.37999725341797,
    "USD_CNY_exchange_rate": 6.793600082397461,
    "Commodity_Index_ETF": 26.65999984741211,
    "US_Dollar_Index": 101.39199829101562,
    "ETH_price": 1575.97998046875,
    "GOLD_spot_price": 3980.199951171875,
    "LEAN_HOGS_future": 94.32499694824219,
    "COPPER_future": 6.153500080108643,
    "High_Yield_Bond_ETF": 79.97000122070312,
    "LIVE_CATTLE_future": 258.20001220703125,
    "GOLD_near_month_future": 3980.0,
    "NATURAL_GAS_future": 3.23799991607666,
    "PLATINUM_future": 1552.0999755859375,
    "SILVER_future": 57.8650016784668,
    "Long_Term_Treasury_ETF": 86.41999816894531,
    "CORN_future": 438.25,
    "SOYBEANS_future": 1145.25,
    "WHEAT_future": 592.75,
    "SP500_close": 7499.35986328125,
    "NASDAQ_close": 26213.720703125,
    "US_10Y_Treasury_Yield": 4.372000217437744,
    "VIX_close": 17.09000015258789,
    "GOLD_basis_spot_vs_near": 0.199951171875,
    "China_10Y_Treasury_Yield": 1.733
  }
}