{
  "latest_date": "2026-03-03",
  "latest_values": {
    "Shanghai_Composite_Index": 4182.5908203125,
    "CSI_300_Index": 4728.669921875,
    "Shenzhen_Component_Index": 14465.7900390625,
    "ALUMINUM_future": 3112.5,
    "BTC_price": 66517.2578125,
    "OIL_price": 75.33999633789062,
    "USD_CNY_exchange_rate": 6.899099826812744,
    "Commodity_Index_ETF": 25.809999465942383,
    "US_Dollar_Index": 99.1259994506836,
    "ETH_price": 1947.60205078125,
    "GOLD_spot_price": 5295.10009765625,
    "LEAN_HOGS_future": 85.875,
    "COPPER_future": 5.802999973297119,
    "High_Yield_Bond_ETF": 80.27999877929688,
    "LIVE_CATTLE_future": 229.22500610351562,
    "GOLD_near_month_future": 5295.0,
    "NATURAL_GAS_future": 3.1559998989105225,
    "PLATINUM_future": 2143.800048828125,
    "SILVER_future": 84.69999694824219,
    "Long_Term_Treasury_ETF": 89.61000061035156,
    "CORN_future": 449.0,
    "SOYBEANS_future": 1176.5,
    "WHEAT_future": 580.25,
    "SP500_close": 6881.6201171875,
    "NASDAQ_close": 22748.859375,
    "US_10Y_Treasury_Yield": 4.047999858856201,
    "VIX_close": 26.040000915527344,
    "GOLD_basis_spot_vs_near": 0.10009765625,
    "China_10Y_Treasury_Yield": 1.7807
  }
}