{
  "latest_date": "2025-09-15",
  "latest_values": {
    "Shanghai_Composite_Index": 3870.597900390625,
    "CSI_300_Index": 4522.0,
    "Shenzhen_Component_Index": 12924.1298828125,
    "ALUMINUM_future": 2657.0,
    "BTC_price": 114498.03125,
    "OIL_price": 63.29999923706055,
    "USD_CNY_exchange_rate": 7.1184000968933105,
    "Commodity_Index_ETF": 22.520000457763672,
    "US_Dollar_Index": 97.37999725341797,
    "ETH_price": 4503.9091796875,
    "GOLD_spot_price": 3697.0,
    "LEAN_HOGS_future": 97.6500015258789,
    "COPPER_future": 4.684999942779541,
    "High_Yield_Bond_ETF": 81.08499908447266,
    "LIVE_CATTLE_future": 232.85000610351562,
    "GOLD_near_month_future": 3697.10009765625,
    "NATURAL_GAS_future": 2.9769999980926514,
    "PLATINUM_future": 1407.5,
    "SILVER_future": 42.67499923706055,
    "Long_Term_Treasury_ETF": 90.1449966430664,
    "CORN_future": 427.25,
    "SOYBEANS_future": 1048.0,
    "WHEAT_future": 527.75,
    "SP500_close": 6611.7099609375,
    "NASDAQ_close": 22282.244140625,
    "US_10Y_Treasury_Yield": 4.038000106811523,
    "VIX_close": 15.119999885559082,
    "GOLD_basis_spot_vs_near": -0.10009765625,
    "China_10Y_Treasury_Yield": 1.8724
  }
}