{
  "latest_date": "2025-09-24",
  "latest_values": {
    "Shanghai_Composite_Index": 3853.64208984375,
    "CSI_300_Index": 4566.07080078125,
    "Shenzhen_Component_Index": 13356.142578125,
    "ALUMINUM_future": 2590.0,
    "BTC_price": 113832.625,
    "OIL_price": 64.94999694824219,
    "USD_CNY_exchange_rate": 7.131499767303467,
    "Commodity_Index_ETF": 22.635000228881836,
    "US_Dollar_Index": 97.8479995727539,
    "ETH_price": 4183.75390625,
    "GOLD_spot_price": 3767.800048828125,
    "LEAN_HOGS_future": 99.4000015258789,
    "COPPER_future": 4.820000171661377,
    "High_Yield_Bond_ETF": 81.1449966430664,
    "LIVE_CATTLE_future": 239.0,
    "GOLD_near_month_future": 3767.89990234375,
    "NATURAL_GAS_future": 3.128999948501587,
    "PLATINUM_future": 1478.5,
    "SILVER_future": 44.11000061035156,
    "Long_Term_Treasury_ETF": 88.94999694824219,
    "CORN_future": 424.0,
    "SOYBEANS_future": 1009.75,
    "WHEAT_future": 519.5,
    "SP500_close": 6630.75,
    "NASDAQ_close": 22473.349609375,
    "US_10Y_Treasury_Yield": 4.13700008392334,
    "VIX_close": 16.889999389648438,
    "GOLD_basis_spot_vs_near": -0.099853515625,
    "China_10Y_Treasury_Yield": 1.9022
  }
}