{
  "latest_date": "2026-06-03",
  "latest_values": {
    "Shanghai_Composite_Index": 4083.97412109375,
    "CSI_300_Index": 4938.80908203125,
    "Shenzhen_Component_Index": 15704.7109375,
    "ALUMINUM_future": 3762.0,
    "BTC_price": 66978.0390625,
    "OIL_price": 95.7699966430664,
    "USD_CNY_exchange_rate": 6.768700122833252,
    "Commodity_Index_ETF": 30.1200008392334,
    "US_Dollar_Index": 99.30899810791016,
    "ETH_price": 1876.050048828125,
    "GOLD_spot_price": 4491.7998046875,
    "LEAN_HOGS_future": 95.69999694824219,
    "COPPER_future": 6.61299991607666,
    "High_Yield_Bond_ETF": 79.9000015258789,
    "LIVE_CATTLE_future": 247.6750030517578,
    "GOLD_near_month_future": 4490.89990234375,
    "NATURAL_GAS_future": 3.2179999351501465,
    "PLATINUM_future": 1934.300048828125,
    "SILVER_future": 74.75499725341797,
    "Long_Term_Treasury_ETF": 85.6500015258789,
    "CORN_future": 440.5,
    "SOYBEANS_future": 1171.0,
    "WHEAT_future": 603.75,
    "SP500_close": 7609.77978515625,
    "NASDAQ_close": 27093.900390625,
    "US_10Y_Treasury_Yield": 4.454999923706055,
    "VIX_close": 16.030000686645508,
    "GOLD_basis_spot_vs_near": 0.89990234375,
    "China_10Y_Treasury_Yield": 1.7128
  }
}