{
  "latest_date": "2025-10-09",
  "latest_values": {
    "Shanghai_Composite_Index": 3882.777099609375,
    "CSI_300_Index": 4640.68994140625,
    "Shenzhen_Component_Index": 13526.509765625,
    "ALUMINUM_future": 2710.75,
    "BTC_price": 123096.8203125,
    "OIL_price": 61.97999954223633,
    "USD_CNY_exchange_rate": 7.118500232696533,
    "Commodity_Index_ETF": 22.760000228881836,
    "US_Dollar_Index": 98.83999633789062,
    "ETH_price": 4517.0869140625,
    "GOLD_spot_price": 4030.60009765625,
    "LEAN_HOGS_future": 86.125,
    "COPPER_future": 5.060999870300293,
    "High_Yield_Bond_ETF": 80.6500015258789,
    "LIVE_CATTLE_future": 239.0,
    "GOLD_near_month_future": 4030.5,
    "NATURAL_GAS_future": 3.3340001106262207,
    "PLATINUM_future": 1676.800048828125,
    "SILVER_future": 48.13999938964844,
    "Long_Term_Treasury_ETF": 89.25,
    "CORN_future": 423.0,
    "SOYBEANS_future": 1044.25,
    "WHEAT_future": 507.5,
    "SP500_close": 6753.72021484375,
    "NASDAQ_close": 23043.376953125,
    "US_10Y_Treasury_Yield": 4.129000186920166,
    "VIX_close": 16.299999237060547,
    "GOLD_basis_spot_vs_near": 0.10009765625,
    "China_10Y_Treasury_Yield": 1.8605
  }
}