{
  "latest_date": "2026-06-22",
  "latest_values": {
    "Shanghai_Composite_Index": 4090.48095703125,
    "CSI_300_Index": 4941.60009765625,
    "Shenzhen_Component_Index": 16030.7001953125,
    "ALUMINUM_future": 3516.5,
    "BTC_price": 64099.71875,
    "OIL_price": 75.69999694824219,
    "USD_CNY_exchange_rate": 6.768599987030029,
    "Commodity_Index_ETF": 27.6299991607666,
    "US_Dollar_Index": 100.97200012207031,
    "ETH_price": 1743.75,
    "GOLD_spot_price": 4208.7001953125,
    "LEAN_HOGS_future": 95.0250015258789,
    "COPPER_future": 6.350500106811523,
    "High_Yield_Bond_ETF": 80.01000213623047,
    "LIVE_CATTLE_future": 254.8000030517578,
    "GOLD_near_month_future": 4208.5,
    "NATURAL_GAS_future": 3.313999891281128,
    "PLATINUM_future": 1674.5999755859375,
    "SILVER_future": 66.2750015258789,
    "Long_Term_Treasury_ETF": 86.75,
    "CORN_future": 442.5,
    "SOYBEANS_future": 1146.25,
    "WHEAT_future": 609.75,
    "SP500_close": 7500.580078125,
    "NASDAQ_close": 26517.9296875,
    "US_10Y_Treasury_Yield": 4.451000213623047,
    "VIX_close": 17.5,
    "GOLD_basis_spot_vs_near": 0.2001953125,
    "China_10Y_Treasury_Yield": 1.7299
  }
}