{
  "latest_date": "2026-02-09",
  "latest_values": {
    "Shanghai_Composite_Index": 4065.5830078125,
    "CSI_300_Index": 4643.60009765625,
    "Shenzhen_Component_Index": 13906.73046875,
    "ALUMINUM_future": 3029.0,
    "BTC_price": 70964.640625,
    "OIL_price": 62.959999084472656,
    "USD_CNY_exchange_rate": 6.932000160217285,
    "Commodity_Index_ETF": 24.010000228881836,
    "US_Dollar_Index": 97.52999877929688,
    "ETH_price": 2090.93994140625,
    "GOLD_spot_price": 5043.60009765625,
    "LEAN_HOGS_future": 97.94999694824219,
    "COPPER_future": 5.9079999923706055,
    "High_Yield_Bond_ETF": 80.80999755859375,
    "LIVE_CATTLE_future": 237.25,
    "GOLD_near_month_future": 5044.0,
    "NATURAL_GAS_future": 3.2179999351501465,
    "PLATINUM_future": 2106.0,
    "SILVER_future": 81.58999633789062,
    "Long_Term_Treasury_ETF": 87.54000091552734,
    "CORN_future": 429.25,
    "SOYBEANS_future": 1111.75,
    "WHEAT_future": 529.0,
    "SP500_close": 6932.2998046875,
    "NASDAQ_close": 23031.2109375,
    "US_10Y_Treasury_Yield": 4.205999851226807,
    "VIX_close": 20.3700008392334,
    "GOLD_basis_spot_vs_near": -0.39990234375,
    "China_10Y_Treasury_Yield": 1.8102
  }
}