{
  "latest_date": "2026-05-07",
  "latest_values": {
    "Shanghai_Composite_Index": 4180.09228515625,
    "CSI_300_Index": 4900.509765625,
    "Shenzhen_Component_Index": 15641.8857421875,
    "ALUMINUM_future": 3453.5,
    "BTC_price": 80949.9609375,
    "OIL_price": 91.73999786376953,
    "USD_CNY_exchange_rate": 6.801000118255615,
    "Commodity_Index_ETF": 30.209999084472656,
    "US_Dollar_Index": 97.9020004272461,
    "ETH_price": 2329.639892578125,
    "GOLD_spot_price": 4745.2001953125,
    "LEAN_HOGS_future": 91.69999694824219,
    "COPPER_future": 6.216000080108643,
    "High_Yield_Bond_ETF": 80.16000366210938,
    "LIVE_CATTLE_future": 253.47500610351562,
    "GOLD_near_month_future": 4745.2998046875,
    "NATURAL_GAS_future": 2.7139999866485596,
    "PLATINUM_future": 2093.10009765625,
    "SILVER_future": 81.2300033569336,
    "Long_Term_Treasury_ETF": 86.08000183105469,
    "CORN_future": 465.75,
    "SOYBEANS_future": 1190.75,
    "WHEAT_future": 613.75,
    "SP500_close": 7365.1201171875,
    "NASDAQ_close": 25838.939453125,
    "US_10Y_Treasury_Yield": 4.355999946594238,
    "VIX_close": 17.5,
    "GOLD_basis_spot_vs_near": -0.099609375,
    "China_10Y_Treasury_Yield": 1.7631
  }
}