{
  "latest_date": "2025-11-19",
  "latest_values": {
    "Shanghai_Composite_Index": 3972.034912109375,
    "CSI_300_Index": 4598.0498046875,
    "Shenzhen_Component_Index": 13202.0,
    "ALUMINUM_future": 2729.0,
    "BTC_price": 92360.78125,
    "OIL_price": 60.380001068115234,
    "USD_CNY_exchange_rate": 7.1092000007629395,
    "Commodity_Index_ETF": 23.1299991607666,
    "US_Dollar_Index": 99.5999984741211,
    "ETH_price": 3108.505859375,
    "GOLD_spot_price": 4066.199951171875,
    "LEAN_HOGS_future": 77.875,
    "COPPER_future": 4.973999977111816,
    "High_Yield_Bond_ETF": 80.11000061035156,
    "LIVE_CATTLE_future": 220.8249969482422,
    "GOLD_near_month_future": 4066.10009765625,
    "NATURAL_GAS_future": 4.355000019073486,
    "PLATINUM_future": 1546.5,
    "SILVER_future": 50.48500061035156,
    "Long_Term_Treasury_ETF": 89.05999755859375,
    "CORN_future": 434.75,
    "SOYBEANS_future": 1150.5,
    "WHEAT_future": 557.5,
    "SP500_close": 6617.31982421875,
    "NASDAQ_close": 22432.845703125,
    "US_10Y_Treasury_Yield": 4.123000144958496,
    "VIX_close": 24.690000534057617,
    "GOLD_basis_spot_vs_near": 0.099853515625,
    "China_10Y_Treasury_Yield": 1.8121
  }
}