{
  "latest_date": "2025-10-03",
  "latest_values": {
    "Shanghai_Composite_Index": 3882.777099609375,
    "CSI_300_Index": 4640.68994140625,
    "Shenzhen_Component_Index": 13526.509765625,
    "ALUMINUM_future": 2652.0,
    "BTC_price": 122340.625,
    "OIL_price": 60.779998779296875,
    "USD_CNY_exchange_rate": 7.11899995803833,
    "Commodity_Index_ETF": 22.415000915527344,
    "US_Dollar_Index": 97.72699737548828,
    "ETH_price": 4507.5341796875,
    "GOLD_spot_price": 3911.10009765625,
    "LEAN_HOGS_future": 87.30000305175781,
    "COPPER_future": 5.077000141143799,
    "High_Yield_Bond_ETF": 80.83000183105469,
    "LIVE_CATTLE_future": 234.60000610351562,
    "GOLD_near_month_future": 3910.800048828125,
    "NATURAL_GAS_future": 3.3239998817443848,
    "PLATINUM_future": 1643.5999755859375,
    "SILVER_future": 47.93000030517578,
    "Long_Term_Treasury_ETF": 89.37999725341797,
    "CORN_future": 419.5,
    "SOYBEANS_future": 1036.25,
    "WHEAT_future": 514.75,
    "SP500_close": 6715.7900390625,
    "NASDAQ_close": 22780.505859375,
    "US_10Y_Treasury_Yield": 4.11899995803833,
    "VIX_close": 16.420000076293945,
    "GOLD_basis_spot_vs_near": 0.300048828125,
    "China_10Y_Treasury_Yield": 1.8605
  }
}