{
  "latest_date": "2026-03-19",
  "latest_values": {
    "Shanghai_Composite_Index": 4006.55224609375,
    "CSI_300_Index": 4583.2509765625,
    "Shenzhen_Component_Index": 13901.5673828125,
    "ALUMINUM_future": 3144.75,
    "BTC_price": 70254.3828125,
    "OIL_price": 93.98999786376953,
    "USD_CNY_exchange_rate": 6.8993000984191895,
    "Commodity_Index_ETF": 28.84000015258789,
    "US_Dollar_Index": 99.16000366210938,
    "ETH_price": 2146.956298828125,
    "GOLD_spot_price": 4639.0,
    "LEAN_HOGS_future": 104.7249984741211,
    "COPPER_future": 5.513000011444092,
    "High_Yield_Bond_ETF": 79.66000366210938,
    "LIVE_CATTLE_future": 231.75,
    "GOLD_near_month_future": 4639.0,
    "NATURAL_GAS_future": 3.11299991607666,
    "PLATINUM_future": 1956.800048828125,
    "SILVER_future": 72.2750015258789,
    "Long_Term_Treasury_ETF": 87.48999786376953,
    "CORN_future": 470.0,
    "SOYBEANS_future": 1168.5,
    "WHEAT_future": 610.25,
    "SP500_close": 6606.490234375,
    "NASDAQ_close": 22090.69140625,
    "US_10Y_Treasury_Yield": 4.281000137329102,
    "VIX_close": 24.059999465942383,
    "GOLD_basis_spot_vs_near": 0.0,
    "China_10Y_Treasury_Yield": 1.8252
  }
}