{
  "latest_date": "2026-05-07",
  "latest_values": {
    "Shanghai_Composite_Index": 4160.173828125,
    "CSI_300_Index": 4877.08984375,
    "Shenzhen_Component_Index": 15459.6201171875,
    "ALUMINUM_future": 3477.5,
    "BTC_price": 81193.5,
    "OIL_price": 95.66000366210938,
    "USD_CNY_exchange_rate": 6.830100059509277,
    "Commodity_Index_ETF": 30.209999084472656,
    "US_Dollar_Index": 97.95800018310547,
    "ETH_price": 2331.5,
    "GOLD_spot_price": 4714.0,
    "LEAN_HOGS_future": 99.69999694824219,
    "COPPER_future": 6.186500072479248,
    "High_Yield_Bond_ETF": 80.16000366210938,
    "LIVE_CATTLE_future": 253.47500610351562,
    "GOLD_near_month_future": 4713.7998046875,
    "NATURAL_GAS_future": 2.7200000286102295,
    "PLATINUM_future": 2080.300048828125,
    "SILVER_future": 78.23999786376953,
    "Long_Term_Treasury_ETF": 86.08000183105469,
    "CORN_future": 468.0,
    "SOYBEANS_future": 1191.5,
    "WHEAT_future": 615.0,
    "SP500_close": 7365.1201171875,
    "NASDAQ_close": 25838.943359375,
    "US_10Y_Treasury_Yield": 4.355999946594238,
    "VIX_close": 17.389999389648438,
    "GOLD_basis_spot_vs_near": 0.2001953125,
    "China_10Y_Treasury_Yield": 1.7654
  }
}