{
  "latest_date": "2026-03-04",
  "latest_values": {
    "Shanghai_Composite_Index": 4082.47412109375,
    "CSI_300_Index": 4602.62451171875,
    "Shenzhen_Component_Index": 14022.3896484375,
    "ALUMINUM_future": 3295.0,
    "BTC_price": 72151.9765625,
    "OIL_price": 74.41000366210938,
    "USD_CNY_exchange_rate": 6.896399974822998,
    "Commodity_Index_ETF": 25.920000076293945,
    "US_Dollar_Index": 98.96099853515625,
    "ETH_price": 2095.09814453125,
    "GOLD_spot_price": 5171.0,
    "LEAN_HOGS_future": 86.375,
    "COPPER_future": 5.890999794006348,
    "High_Yield_Bond_ETF": 80.29499816894531,
    "LIVE_CATTLE_future": 231.47500610351562,
    "GOLD_near_month_future": 5170.89990234375,
    "NATURAL_GAS_future": 2.9240000247955322,
    "PLATINUM_future": 2149.10009765625,
    "SILVER_future": 84.23999786376953,
    "Long_Term_Treasury_ETF": 89.17500305175781,
    "CORN_future": 442.5,
    "SOYBEANS_future": 1171.5,
    "WHEAT_future": 568.0,
    "SP500_close": 6844.8701171875,
    "NASDAQ_close": 22696.25390625,
    "US_10Y_Treasury_Yield": 4.074999809265137,
    "VIX_close": 22.56999969482422,
    "GOLD_basis_spot_vs_near": 0.10009765625,
    "China_10Y_Treasury_Yield": 1.7768
  }
}