{
  "latest_date": "2025-12-03",
  "latest_values": {
    "Shanghai_Composite_Index": 3897.7119140625,
    "CSI_300_Index": 4554.330078125,
    "Shenzhen_Component_Index": 13056.7001953125,
    "ALUMINUM_future": 2913.25,
    "BTC_price": 92068.3046875,
    "OIL_price": 59.380001068115234,
    "USD_CNY_exchange_rate": 7.063199996948242,
    "Commodity_Index_ETF": 23.020000457763672,
    "US_Dollar_Index": 98.97799682617188,
    "ETH_price": 3045.909423828125,
    "GOLD_spot_price": 4267.7001953125,
    "LEAN_HOGS_future": 80.5,
    "COPPER_future": 5.396999835968018,
    "High_Yield_Bond_ETF": 80.62000274658203,
    "LIVE_CATTLE_future": 218.35000610351562,
    "GOLD_near_month_future": 4267.7001953125,
    "NATURAL_GAS_future": 4.948999881744385,
    "PLATINUM_future": 1661.5999755859375,
    "SILVER_future": 59.494998931884766,
    "Long_Term_Treasury_ETF": 88.80999755859375,
    "CORN_future": 435.25,
    "SOYBEANS_future": 1125.25,
    "WHEAT_future": 538.25,
    "SP500_close": 6829.3701171875,
    "NASDAQ_close": 23413.669921875,
    "US_10Y_Treasury_Yield": 4.065000057220459,
    "VIX_close": 16.309999465942383,
    "GOLD_basis_spot_vs_near": 0.0,
    "China_10Y_Treasury_Yield": 1.8519
  }
}