{
  "latest_date": "2025-11-24",
  "latest_values": {
    "Shanghai_Composite_Index": 3836.765380859375,
    "CSI_300_Index": 4448.0478515625,
    "Shenzhen_Component_Index": 12585.083984375,
    "ALUMINUM_future": 2761.0,
    "BTC_price": 87242.359375,
    "OIL_price": 58.470001220703125,
    "USD_CNY_exchange_rate": 7.101500034332275,
    "Commodity_Index_ETF": 22.549999237060547,
    "US_Dollar_Index": 100.20600128173828,
    "ETH_price": 2863.608642578125,
    "GOLD_spot_price": 4095.300048828125,
    "LEAN_HOGS_future": 78.5999984741211,
    "COPPER_future": 5.059999942779541,
    "High_Yield_Bond_ETF": 80.5,
    "LIVE_CATTLE_future": 207.52499389648438,
    "GOLD_near_month_future": 4095.39990234375,
    "NATURAL_GAS_future": 4.638000011444092,
    "PLATINUM_future": 1552.9000244140625,
    "SILVER_future": 50.22999954223633,
    "Long_Term_Treasury_ETF": 89.90499877929688,
    "CORN_future": 438.0,
    "SOYBEANS_future": 1123.0,
    "WHEAT_future": 534.0,
    "SP500_close": 6686.0400390625,
    "NASDAQ_close": 22771.83984375,
    "US_10Y_Treasury_Yield": 4.053999900817871,
    "VIX_close": 21.149999618530273,
    "GOLD_basis_spot_vs_near": -0.099853515625,
    "China_10Y_Treasury_Yield": 1.821
  }
}