{
  "latest_date": "2025-11-14",
  "latest_values": {
    "Shanghai_Composite_Index": 3990.4921875,
    "CSI_300_Index": 4628.1396484375,
    "Shenzhen_Component_Index": 13216.03125,
    "ALUMINUM_future": 2826.75,
    "BTC_price": 95602.234375,
    "OIL_price": 60.029998779296875,
    "USD_CNY_exchange_rate": 7.0991997718811035,
    "Commodity_Index_ETF": 22.983699798583984,
    "US_Dollar_Index": 99.29199981689453,
    "ETH_price": 3204.15625,
    "GOLD_spot_price": 4093.800048828125,
    "LEAN_HOGS_future": 79.07499694824219,
    "COPPER_future": 5.058499813079834,
    "High_Yield_Bond_ETF": 80.32499694824219,
    "LIVE_CATTLE_future": 218.89999389648438,
    "GOLD_near_month_future": 4093.60009765625,
    "NATURAL_GAS_future": 4.583000183105469,
    "PLATINUM_future": 1563.5,
    "SILVER_future": 50.69499969482422,
    "Long_Term_Treasury_ETF": 88.93499755859375,
    "CORN_future": 430.25,
    "SOYBEANS_future": 1122.5,
    "WHEAT_future": 526.75,
    "SP500_close": 6763.47998046875,
    "NASDAQ_close": 23007.982421875,
    "US_10Y_Treasury_Yield": 4.144000053405762,
    "VIX_close": 19.860000610351562,
    "GOLD_basis_spot_vs_near": 0.199951171875,
    "China_10Y_Treasury_Yield": 1.814
  }
}