{
  "latest_date": "2026-02-25",
  "latest_values": {
    "Shanghai_Composite_Index": 4117.4091796875,
    "CSI_300_Index": 4707.5400390625,
    "Shenzhen_Component_Index": 14291.5703125,
    "ALUMINUM_future": 3092.5,
    "BTC_price": 66548.6640625,
    "OIL_price": 65.86000061035156,
    "USD_CNY_exchange_rate": 6.86870002746582,
    "Commodity_Index_ETF": 24.719999313354492,
    "US_Dollar_Index": 97.94000244140625,
    "ETH_price": 1972.6025390625,
    "GOLD_spot_price": 5207.39990234375,
    "LEAN_HOGS_future": 85.375,
    "COPPER_future": 6.0229997634887695,
    "High_Yield_Bond_ETF": 80.80999755859375,
    "LIVE_CATTLE_future": 245.0,
    "GOLD_near_month_future": 5207.39990234375,
    "NATURAL_GAS_future": 2.884999990463257,
    "PLATINUM_future": 2326.39990234375,
    "SILVER_future": 91.31999969482422,
    "Long_Term_Treasury_ETF": 89.9000015258789,
    "CORN_future": 438.5,
    "SOYBEANS_future": 1156.25,
    "WHEAT_future": 569.0,
    "SP500_close": 6890.06982421875,
    "NASDAQ_close": 22863.6796875,
    "US_10Y_Treasury_Yield": 4.056000232696533,
    "VIX_close": 18.81999969482422,
    "GOLD_basis_spot_vs_near": 0.0,
    "China_10Y_Treasury_Yield": 1.8158
  }
}