{
  "latest_date": "2026-03-09",
  "latest_values": {
    "Shanghai_Composite_Index": 4124.19384765625,
    "CSI_300_Index": 4660.43994140625,
    "Shenzhen_Component_Index": 14172.6298828125,
    "ALUMINUM_future": 3339.0,
    "BTC_price": 67700.09375,
    "OIL_price": 102.33000183105469,
    "USD_CNY_exchange_rate": 6.915500164031982,
    "Commodity_Index_ETF": 27.510000228881836,
    "US_Dollar_Index": 99.2239990234375,
    "ETH_price": 1996.991455078125,
    "GOLD_spot_price": 5102.60009765625,
    "LEAN_HOGS_future": 87.19999694824219,
    "COPPER_future": 5.763000011444092,
    "High_Yield_Bond_ETF": 79.69000244140625,
    "LIVE_CATTLE_future": 228.4499969482422,
    "GOLD_near_month_future": 5103.0,
    "NATURAL_GAS_future": 3.365000009536743,
    "PLATINUM_future": 2100.10009765625,
    "SILVER_future": 83.5999984741211,
    "Long_Term_Treasury_ETF": 88.45999908447266,
    "CORN_future": 468.75,
    "SOYBEANS_future": 1219.75,
    "WHEAT_future": 623.75,
    "SP500_close": 6740.02001953125,
    "NASDAQ_close": 22387.6796875,
    "US_10Y_Treasury_Yield": 4.132999897003174,
    "VIX_close": 31.93000030517578,
    "GOLD_basis_spot_vs_near": -0.39990234375,
    "China_10Y_Treasury_Yield": 1.8054
  }
}