{
  "latest_date": "2025-10-15",
  "latest_values": {
    "Shanghai_Composite_Index": 3865.22900390625,
    "CSI_300_Index": 4539.06005859375,
    "Shenzhen_Component_Index": 12895.1103515625,
    "ALUMINUM_future": 2678.0,
    "BTC_price": 112410.15625,
    "OIL_price": 58.40999984741211,
    "USD_CNY_exchange_rate": 7.099999904632568,
    "Commodity_Index_ETF": 22.100000381469727,
    "US_Dollar_Index": 98.85700225830078,
    "ETH_price": 4100.34130859375,
    "GOLD_spot_price": 4201.39990234375,
    "LEAN_HOGS_future": 85.4000015258789,
    "COPPER_future": 5.019499778747559,
    "High_Yield_Bond_ETF": 80.54000091552734,
    "LIVE_CATTLE_future": 246.60000610351562,
    "GOLD_near_month_future": 4201.10009765625,
    "NATURAL_GAS_future": 3.01200008392334,
    "PLATINUM_future": 1682.9000244140625,
    "SILVER_future": 51.20000076293945,
    "Long_Term_Treasury_ETF": 90.86000061035156,
    "CORN_future": 412.75,
    "SOYBEANS_future": 1024.75,
    "WHEAT_future": 500.0,
    "SP500_close": 6644.31005859375,
    "NASDAQ_close": 22521.69921875,
    "US_10Y_Treasury_Yield": 4.021999835968018,
    "VIX_close": 20.809999465942383,
    "GOLD_basis_spot_vs_near": 0.2998046875,
    "China_10Y_Treasury_Yield": 1.8368
  }
}