{
  "latest_date": "2026-02-10",
  "latest_values": {
    "Shanghai_Composite_Index": 4128.373046875,
    "CSI_300_Index": 4724.29541015625,
    "Shenzhen_Component_Index": 14210.6259765625,
    "ALUMINUM_future": 3025.5,
    "BTC_price": 69663.8125,
    "OIL_price": 63.91999816894531,
    "USD_CNY_exchange_rate": 6.910099983215332,
    "Commodity_Index_ETF": 24.110000610351562,
    "US_Dollar_Index": 96.77999877929688,
    "ETH_price": 2029.9656982421875,
    "GOLD_spot_price": 5047.2998046875,
    "LEAN_HOGS_future": 95.8499984741211,
    "COPPER_future": 5.9054999351501465,
    "High_Yield_Bond_ETF": 80.9749984741211,
    "LIVE_CATTLE_future": 238.625,
    "GOLD_near_month_future": 5047.7001953125,
    "NATURAL_GAS_future": 3.184999942779541,
    "PLATINUM_future": 2085.800048828125,
    "SILVER_future": 80.26000213623047,
    "Long_Term_Treasury_ETF": 88.44000244140625,
    "CORN_future": 429.75,
    "SOYBEANS_future": 1120.5,
    "WHEAT_future": 526.25,
    "SP500_close": 6972.18994140625,
    "NASDAQ_close": 23249.658203125,
    "US_10Y_Treasury_Yield": 4.14900016784668,
    "VIX_close": 17.389999389648438,
    "GOLD_basis_spot_vs_near": -0.400390625,
    "China_10Y_Treasury_Yield": 1.8094
  }
}