{
  "latest_date": "2025-10-03",
  "latest_values": {
    "Shanghai_Composite_Index": 3882.777099609375,
    "CSI_300_Index": 4640.68994140625,
    "Shenzhen_Component_Index": 13526.509765625,
    "ALUMINUM_future": 2596.5,
    "BTC_price": 120892.3671875,
    "OIL_price": 61.09000015258789,
    "USD_CNY_exchange_rate": 7.11899995803833,
    "Commodity_Index_ETF": 22.463499069213867,
    "US_Dollar_Index": 97.71399688720703,
    "ETH_price": 4476.91015625,
    "GOLD_spot_price": 3901.60009765625,
    "LEAN_HOGS_future": 88.94999694824219,
    "COPPER_future": 5.088500022888184,
    "High_Yield_Bond_ETF": 80.84500122070312,
    "LIVE_CATTLE_future": 233.35000610351562,
    "GOLD_near_month_future": 3901.800048828125,
    "NATURAL_GAS_future": 3.3580000400543213,
    "PLATINUM_future": 1641.5,
    "SILVER_future": 47.810001373291016,
    "Long_Term_Treasury_ETF": 89.38999938964844,
    "CORN_future": 419.5,
    "SOYBEANS_future": 1041.75,
    "WHEAT_future": 514.0,
    "SP500_close": 6743.5,
    "NASDAQ_close": 22885.265625,
    "US_10Y_Treasury_Yield": 4.11299991607666,
    "VIX_close": 16.3700008392334,
    "GOLD_basis_spot_vs_near": -0.199951171875,
    "China_10Y_Treasury_Yield": 1.8605
  }
}