{
  "latest_date": "2025-10-10",
  "latest_values": {
    "Shanghai_Composite_Index": 3933.971923828125,
    "CSI_300_Index": 4709.47998046875,
    "Shenzhen_Component_Index": 13725.5595703125,
    "ALUMINUM_future": 2749.75,
    "BTC_price": 121787.3046875,
    "OIL_price": 60.130001068115234,
    "USD_CNY_exchange_rate": 7.118500232696533,
    "Commodity_Index_ETF": 22.549999237060547,
    "US_Dollar_Index": 99.36699676513672,
    "ETH_price": 4354.54736328125,
    "GOLD_spot_price": 3996.300048828125,
    "LEAN_HOGS_future": 84.44999694824219,
    "COPPER_future": 5.1539998054504395,
    "High_Yield_Bond_ETF": 80.41999816894531,
    "LIVE_CATTLE_future": 239.89999389648438,
    "GOLD_near_month_future": 3997.60009765625,
    "NATURAL_GAS_future": 3.1570000648498535,
    "PLATINUM_future": 1664.300048828125,
    "SILVER_future": 48.15999984741211,
    "Long_Term_Treasury_ETF": 89.18000030517578,
    "CORN_future": 416.5,
    "SOYBEANS_future": 1029.25,
    "WHEAT_future": 503.0,
    "SP500_close": 6735.10986328125,
    "NASDAQ_close": 23024.630859375,
    "US_10Y_Treasury_Yield": 4.093999862670898,
    "VIX_close": 16.549999237060547,
    "GOLD_basis_spot_vs_near": -1.300048828125,
    "China_10Y_Treasury_Yield": 1.846
  }
}