{
  "latest_date": "2026-06-24",
  "latest_values": {
    "Shanghai_Composite_Index": 4106.2509765625,
    "CSI_300_Index": 4941.60009765625,
    "Shenzhen_Component_Index": 15854.2001953125,
    "ALUMINUM_future": 3223.25,
    "BTC_price": 60834.921875,
    "OIL_price": 69.83000183105469,
    "USD_CNY_exchange_rate": 6.801400184631348,
    "Commodity_Index_ETF": 26.450000762939453,
    "US_Dollar_Index": 101.58399963378906,
    "ETH_price": 1609.9200439453125,
    "GOLD_spot_price": 4017.699951171875,
    "LEAN_HOGS_future": 96.57499694824219,
    "COPPER_future": 5.985000133514404,
    "High_Yield_Bond_ETF": 79.8499984741211,
    "LIVE_CATTLE_future": 246.64999389648438,
    "GOLD_near_month_future": 4017.199951171875,
    "NATURAL_GAS_future": 3.259000062942505,
    "PLATINUM_future": 1581.300048828125,
    "SILVER_future": 57.650001525878906,
    "Long_Term_Treasury_ETF": 87.37999725341797,
    "CORN_future": 414.5,
    "SOYBEANS_future": 1134.0,
    "WHEAT_future": 595.75,
    "SP500_close": 7358.22021484375,
    "NASDAQ_close": 25476.634765625,
    "US_10Y_Treasury_Yield": 4.4019999504089355,
    "VIX_close": 18.6299991607666,
    "GOLD_basis_spot_vs_near": 0.5,
    "China_10Y_Treasury_Yield": 1.7454
  }
}