{
  "latest_date": "2026-06-05",
  "latest_values": {
    "Shanghai_Composite_Index": 4057.781005859375,
    "CSI_300_Index": 4904.75,
    "Shenzhen_Component_Index": 15661.5703125,
    "ALUMINUM_future": 3667.25,
    "BTC_price": 59732.75,
    "OIL_price": 90.58000183105469,
    "USD_CNY_exchange_rate": 6.764999866485596,
    "Commodity_Index_ETF": 29.28499984741211,
    "US_Dollar_Index": 100.06099700927734,
    "ETH_price": 1560.47998046875,
    "GOLD_spot_price": 4344.39990234375,
    "LEAN_HOGS_future": 98.69999694824219,
    "COPPER_future": 6.267000198364258,
    "High_Yield_Bond_ETF": 79.45999908447266,
    "LIVE_CATTLE_future": 241.625,
    "GOLD_near_month_future": 4344.2998046875,
    "NATURAL_GAS_future": 3.2249999046325684,
    "PLATINUM_future": 1776.199951171875,
    "SILVER_future": 68.23999786376953,
    "Long_Term_Treasury_ETF": 85.17500305175781,
    "CORN_future": 418.0,
    "SOYBEANS_future": 1122.25,
    "WHEAT_future": 580.25,
    "SP500_close": 7409.60009765625,
    "NASDAQ_close": 25809.712890625,
    "US_10Y_Treasury_Yield": 4.539999961853027,
    "VIX_close": 19.149999618530273,
    "GOLD_basis_spot_vs_near": 0.10009765625,
    "China_10Y_Treasury_Yield": 1.7207
  }
}