{
  "latest_date": "2026-07-08",
  "latest_values": {
    "Shanghai_Composite_Index": 3990.235107421875,
    "CSI_300_Index": 4842.169921875,
    "Shenzhen_Component_Index": 15225.1103515625,
    "ALUMINUM_future": 3314.5,
    "BTC_price": 62013.98828125,
    "OIL_price": 74.76000213623047,
    "USD_CNY_exchange_rate": 6.802000045776367,
    "Commodity_Index_ETF": 27.799999237060547,
    "US_Dollar_Index": 101.04399871826172,
    "ETH_price": 1733.72998046875,
    "GOLD_spot_price": 4086.60009765625,
    "LEAN_HOGS_future": 99.69999694824219,
    "COPPER_future": 6.117499828338623,
    "High_Yield_Bond_ETF": 79.66000366210938,
    "LIVE_CATTLE_future": 237.77499389648438,
    "GOLD_near_month_future": 4086.199951171875,
    "NATURAL_GAS_future": 3.2179999351501465,
    "PLATINUM_future": 1590.5,
    "SILVER_future": 58.689998626708984,
    "Long_Term_Treasury_ETF": 84.36000061035156,
    "CORN_future": 454.5,
    "SOYBEANS_future": 1188.25,
    "WHEAT_future": 606.25,
    "SP500_close": 7482.7099609375,
    "NASDAQ_close": 25870.65234375,
    "US_10Y_Treasury_Yield": 4.568999767303467,
    "VIX_close": 16.899999618530273,
    "GOLD_basis_spot_vs_near": 0.400146484375,
    "China_10Y_Treasury_Yield": 1.7385
  }
}