{
  "latest_date": "2025-12-08",
  "latest_values": {
    "Shanghai_Composite_Index": 3924.077880859375,
    "CSI_300_Index": 4621.75439453125,
    "Shenzhen_Component_Index": 13329.990234375,
    "ALUMINUM_future": 2863.0,
    "BTC_price": 89955.8828125,
    "OIL_price": 58.790000915527344,
    "USD_CNY_exchange_rate": 7.070499897003174,
    "Commodity_Index_ETF": 23.045000076293945,
    "US_Dollar_Index": 99.08100128173828,
    "ETH_price": 3095.399658203125,
    "GOLD_spot_price": 4217.89990234375,
    "LEAN_HOGS_future": 82.30000305175781,
    "COPPER_future": 5.440000057220459,
    "High_Yield_Bond_ETF": 80.51499938964844,
    "LIVE_CATTLE_future": 227.10000610351562,
    "GOLD_near_month_future": 4217.60009765625,
    "NATURAL_GAS_future": 4.932000160217285,
    "PLATINUM_future": 1658.0999755859375,
    "SILVER_future": 58.36000061035156,
    "Long_Term_Treasury_ETF": 87.83599853515625,
    "CORN_future": 443.0,
    "SOYBEANS_future": 1093.75,
    "WHEAT_future": 535.25,
    "SP500_close": 6832.47021484375,
    "NASDAQ_close": 23470.736328125,
    "US_10Y_Treasury_Yield": 4.168000221252441,
    "VIX_close": 16.780000686645508,
    "GOLD_basis_spot_vs_near": 0.2998046875,
    "China_10Y_Treasury_Yield": 1.8499
  }
}