{
  "latest_date": "2026-02-18",
  "latest_values": {
    "Shanghai_Composite_Index": 4082.072998046875,
    "CSI_300_Index": 4660.41015625,
    "Shenzhen_Component_Index": 14100.1904296875,
    "ALUMINUM_future": 3020.0,
    "BTC_price": 67735.7890625,
    "OIL_price": 62.439998626708984,
    "USD_CNY_exchange_rate": 6.903200149536133,
    "Commodity_Index_ETF": 23.59000015258789,
    "US_Dollar_Index": 97.24099731445312,
    "ETH_price": 1998.94677734375,
    "GOLD_spot_price": 4958.60009765625,
    "LEAN_HOGS_future": 92.2249984741211,
    "COPPER_future": 5.700500011444092,
    "High_Yield_Bond_ETF": 80.80999755859375,
    "LIVE_CATTLE_future": 242.625,
    "GOLD_near_month_future": 4958.39990234375,
    "NATURAL_GAS_future": 3.0179998874664307,
    "PLATINUM_future": 2062.89990234375,
    "SILVER_future": 75.63999938964844,
    "Long_Term_Treasury_ETF": 89.87000274658203,
    "CORN_future": 427.75,
    "SOYBEANS_future": 1156.0,
    "WHEAT_future": 546.5,
    "SP500_close": 6843.22021484375,
    "NASDAQ_close": 22578.380859375,
    "US_10Y_Treasury_Yield": 4.052000045776367,
    "VIX_close": 20.290000915527344,
    "GOLD_basis_spot_vs_near": 0.2001953125,
    "China_10Y_Treasury_Yield": 1.7899
  }
}