{
  "latest_date": "2026-02-11",
  "latest_values": {
    "Shanghai_Composite_Index": 4131.98486328125,
    "CSI_300_Index": 4713.818359375,
    "Shenzhen_Component_Index": 14160.93359375,
    "ALUMINUM_future": 3054.25,
    "BTC_price": 67480.2890625,
    "OIL_price": 64.86000061035156,
    "USD_CNY_exchange_rate": 6.9120001792907715,
    "Commodity_Index_ETF": 24.360000610351562,
    "US_Dollar_Index": 96.83300018310547,
    "ETH_price": 1948.3006591796875,
    "GOLD_spot_price": 5108.2001953125,
    "LEAN_HOGS_future": 93.9000015258789,
    "COPPER_future": 5.9670000076293945,
    "High_Yield_Bond_ETF": 80.83499908447266,
    "LIVE_CATTLE_future": 240.875,
    "GOLD_near_month_future": 5107.7998046875,
    "NATURAL_GAS_future": 3.181999921798706,
    "PLATINUM_future": 2140.89990234375,
    "SILVER_future": 84.05500030517578,
    "Long_Term_Treasury_ETF": 87.97000122070312,
    "CORN_future": 427.75,
    "SOYBEANS_future": 1123.5,
    "WHEAT_future": 537.0,
    "SP500_close": 6948.669921875,
    "NASDAQ_close": 23095.2734375,
    "US_10Y_Treasury_Yield": 4.171999931335449,
    "VIX_close": 17.420000076293945,
    "GOLD_basis_spot_vs_near": 0.400390625,
    "China_10Y_Treasury_Yield": 1.7994
  }
}