{
  "latest_date": "2026-05-14",
  "latest_values": {
    "Shanghai_Composite_Index": 4242.57177734375,
    "CSI_300_Index": 4998.33984375,
    "Shenzhen_Component_Index": 16089.75,
    "ALUMINUM_future": 3626.75,
    "BTC_price": 81646.6796875,
    "OIL_price": 101.62999725341797,
    "USD_CNY_exchange_rate": 6.791999816894531,
    "Commodity_Index_ETF": 31.075000762939453,
    "US_Dollar_Index": 98.78900146484375,
    "ETH_price": 2306.5,
    "GOLD_spot_price": 4687.2998046875,
    "LEAN_HOGS_future": 99.5250015258789,
    "COPPER_future": 6.598999977111816,
    "High_Yield_Bond_ETF": 79.95999908447266,
    "LIVE_CATTLE_future": 247.39999389648438,
    "GOLD_near_month_future": 4687.39990234375,
    "NATURAL_GAS_future": 2.9059998989105225,
    "PLATINUM_future": 2085.0,
    "SILVER_future": 85.28500366210938,
    "Long_Term_Treasury_ETF": 85.20500183105469,
    "CORN_future": 466.25,
    "SOYBEANS_future": 1185.75,
    "WHEAT_future": 656.75,
    "SP500_close": 7493.91015625,
    "NASDAQ_close": 26604.322265625,
    "US_10Y_Treasury_Yield": 4.450999736785889,
    "VIX_close": 17.6299991607666,
    "GOLD_basis_spot_vs_near": -0.10009765625,
    "China_10Y_Treasury_Yield": 1.7588
  }
}