{
  "latest_date": "2026-03-10",
  "latest_values": {
    "Shanghai_Composite_Index": 4096.60302734375,
    "CSI_300_Index": 4615.4599609375,
    "Shenzhen_Component_Index": 14067.5,
    "ALUMINUM_future": 3252.0,
    "BTC_price": 70355.0625,
    "OIL_price": 87.38999938964844,
    "USD_CNY_exchange_rate": 6.885200023651123,
    "Commodity_Index_ETF": 27.139999389648438,
    "US_Dollar_Index": 98.8489990234375,
    "ETH_price": 2044.1407470703125,
    "GOLD_spot_price": 5189.7998046875,
    "LEAN_HOGS_future": 94.82499694824219,
    "COPPER_future": 5.928999900817871,
    "High_Yield_Bond_ETF": 80.16999816894531,
    "LIVE_CATTLE_future": 230.125,
    "GOLD_near_month_future": 5189.7001953125,
    "NATURAL_GAS_future": 3.115000009536743,
    "PLATINUM_future": 2201.89990234375,
    "SILVER_future": 90.04499816894531,
    "Long_Term_Treasury_ETF": 89.2300033569336,
    "CORN_future": 449.5,
    "SOYBEANS_future": 1192.75,
    "WHEAT_future": 591.0,
    "SP500_close": 6795.990234375,
    "NASDAQ_close": 22695.94921875,
    "US_10Y_Treasury_Yield": 4.136000156402588,
    "VIX_close": 25.5,
    "GOLD_basis_spot_vs_near": 0.099609375,
    "China_10Y_Treasury_Yield": 1.8054
  }
}