{
  "latest_date": "2026-06-10",
  "latest_values": {
    "Shanghai_Composite_Index": 4010.031005859375,
    "CSI_300_Index": 4801.81005859375,
    "Shenzhen_Component_Index": 15268.7099609375,
    "ALUMINUM_future": 3515.0,
    "BTC_price": 62104.05078125,
    "OIL_price": 91.16000366210938,
    "USD_CNY_exchange_rate": 6.765500068664551,
    "Commodity_Index_ETF": 29.32979965209961,
    "US_Dollar_Index": 99.89800262451172,
    "ETH_price": 1640.2099609375,
    "GOLD_spot_price": 4150.0,
    "LEAN_HOGS_future": 97.25,
    "COPPER_future": 6.263000011444092,
    "High_Yield_Bond_ETF": 79.47000122070312,
    "LIVE_CATTLE_future": 242.1750030517578,
    "GOLD_near_month_future": 4148.60009765625,
    "NATURAL_GAS_future": 3.1989998817443848,
    "PLATINUM_future": 1689.800048828125,
    "SILVER_future": 65.19000244140625,
    "Long_Term_Treasury_ETF": 84.94999694824219,
    "CORN_future": 419.5,
    "SOYBEANS_future": 1125.0,
    "WHEAT_future": 589.25,
    "SP500_close": 7301.81982421875,
    "NASDAQ_close": 25288.73828125,
    "US_10Y_Treasury_Yield": 4.538000106811523,
    "VIX_close": 21.690000534057617,
    "GOLD_basis_spot_vs_near": 1.39990234375,
    "China_10Y_Treasury_Yield": 1.7476
  }
}