{
  "latest_date": "2026-04-09",
  "latest_values": {
    "Shanghai_Composite_Index": 3890.1650390625,
    "CSI_300_Index": 4440.6201171875,
    "Shenzhen_Component_Index": 13400.41015625,
    "ALUMINUM_future": 3367.25,
    "BTC_price": 70864.078125,
    "OIL_price": 97.51000213623047,
    "USD_CNY_exchange_rate": 6.8566999435424805,
    "Commodity_Index_ETF": 29.3700008392334,
    "US_Dollar_Index": 99.1050033569336,
    "ETH_price": 2176.365234375,
    "GOLD_spot_price": 4740.89990234375,
    "LEAN_HOGS_future": 90.19999694824219,
    "COPPER_future": 5.723999977111816,
    "High_Yield_Bond_ETF": 79.72000122070312,
    "LIVE_CATTLE_future": 249.0,
    "GOLD_near_month_future": 4741.10009765625,
    "NATURAL_GAS_future": 2.7179999351501465,
    "PLATINUM_future": 2021.0999755859375,
    "SILVER_future": 73.99500274658203,
    "Long_Term_Treasury_ETF": 86.63999938964844,
    "CORN_future": 448.75,
    "SOYBEANS_future": 1163.0,
    "WHEAT_future": 583.75,
    "SP500_close": 6616.85009765625,
    "NASDAQ_close": 22017.849609375,
    "US_10Y_Treasury_Yield": 4.3429999351501465,
    "VIX_close": 25.780000686645508,
    "GOLD_basis_spot_vs_near": -0.2001953125,
    "China_10Y_Treasury_Yield": 1.8136
  }
}