{
  "latest_date": "2026-02-19",
  "latest_values": {
    "Shanghai_Composite_Index": 4082.072998046875,
    "CSI_300_Index": 4660.41015625,
    "Shenzhen_Component_Index": 14100.1904296875,
    "ALUMINUM_future": 3005.0,
    "BTC_price": 65895.578125,
    "OIL_price": 66.12999725341797,
    "USD_CNY_exchange_rate": 6.90749979019165,
    "Commodity_Index_ETF": 24.209999084472656,
    "US_Dollar_Index": 97.98300170898438,
    "ETH_price": 1925.14892578125,
    "GOLD_spot_price": 4994.60009765625,
    "LEAN_HOGS_future": 83.9749984741211,
    "COPPER_future": 5.706500053405762,
    "High_Yield_Bond_ETF": 80.91000366210938,
    "LIVE_CATTLE_future": 246.60000610351562,
    "GOLD_near_month_future": 4994.7001953125,
    "NATURAL_GAS_future": 2.9800000190734863,
    "PLATINUM_future": 2071.60009765625,
    "SILVER_future": 77.6449966430664,
    "Long_Term_Treasury_ETF": 89.52999877929688,
    "CORN_future": 426.5,
    "SOYBEANS_future": 1149.75,
    "WHEAT_future": 558.75,
    "SP500_close": 6881.31005859375,
    "NASDAQ_close": 22753.630859375,
    "US_10Y_Treasury_Yield": 4.1020002365112305,
    "VIX_close": 20.520000457763672,
    "GOLD_basis_spot_vs_near": -0.10009765625,
    "China_10Y_Treasury_Yield": 1.7899
  }
}