{
  "latest_date": "2025-10-24",
  "latest_values": {
    "Shanghai_Composite_Index": 3922.409912109375,
    "CSI_300_Index": 4606.35009765625,
    "Shenzhen_Component_Index": 13025.4501953125,
    "ALUMINUM_future": 2809.0,
    "BTC_price": 110474.5703125,
    "OIL_price": 61.40999984741211,
    "USD_CNY_exchange_rate": 7.125699996948242,
    "Commodity_Index_ETF": 22.84000015258789,
    "US_Dollar_Index": 99.00499725341797,
    "ETH_price": 3876.781005859375,
    "GOLD_spot_price": 4126.7998046875,
    "LEAN_HOGS_future": 81.875,
    "COPPER_future": 5.099999904632568,
    "High_Yield_Bond_ETF": 80.86000061035156,
    "LIVE_CATTLE_future": 241.14999389648438,
    "GOLD_near_month_future": 4127.2998046875,
    "NATURAL_GAS_future": 3.2820000648498535,
    "PLATINUM_future": 1597.699951171875,
    "SILVER_future": 48.1150016784668,
    "Long_Term_Treasury_ETF": 91.43000030517578,
    "CORN_future": 427.0,
    "SOYBEANS_future": 1061.25,
    "WHEAT_future": 513.5,
    "SP500_close": 6738.43994140625,
    "NASDAQ_close": 22941.80078125,
    "US_10Y_Treasury_Yield": 3.990999937057495,
    "VIX_close": 17.299999237060547,
    "GOLD_basis_spot_vs_near": -0.5,
    "China_10Y_Treasury_Yield": 1.8391
  }
}