{
  "latest_date": "2026-03-23",
  "latest_values": {
    "Shanghai_Composite_Index": 3957.052978515625,
    "CSI_300_Index": 4567.02001953125,
    "Shenzhen_Component_Index": 13866.2001953125,
    "ALUMINUM_future": 3075.0,
    "BTC_price": 68531.9921875,
    "OIL_price": 99.77999877929688,
    "USD_CNY_exchange_rate": 6.90939998626709,
    "Commodity_Index_ETF": 28.940000534057617,
    "US_Dollar_Index": 99.82599639892578,
    "ETH_price": 2055.94873046875,
    "GOLD_spot_price": 4294.39990234375,
    "LEAN_HOGS_future": 91.2750015258789,
    "COPPER_future": 5.26800012588501,
    "High_Yield_Bond_ETF": 78.91999816894531,
    "LIVE_CATTLE_future": 234.0500030517578,
    "GOLD_near_month_future": 4294.60009765625,
    "NATURAL_GAS_future": 3.1050000190734863,
    "PLATINUM_future": 1758.0,
    "SILVER_future": 63.665000915527344,
    "Long_Term_Treasury_ETF": 85.83000183105469,
    "CORN_future": 471.0,
    "SOYBEANS_future": 1167.5,
    "WHEAT_future": 602.0,
    "SP500_close": 6506.47998046875,
    "NASDAQ_close": 21647.611328125,
    "US_10Y_Treasury_Yield": 4.390999794006348,
    "VIX_close": 26.780000686645508,
    "GOLD_basis_spot_vs_near": -0.2001953125,
    "China_10Y_Treasury_Yield": 1.8299
  }
}