{
  "latest_date": "2025-10-13",
  "latest_values": {
    "Shanghai_Composite_Index": 3889.502197265625,
    "CSI_300_Index": 4593.978515625,
    "Shenzhen_Component_Index": 13231.4658203125,
    "ALUMINUM_future": 2705.75,
    "BTC_price": 115565.6953125,
    "OIL_price": 59.68000030517578,
    "USD_CNY_exchange_rate": 7.099999904632568,
    "Commodity_Index_ETF": 22.350000381469727,
    "US_Dollar_Index": 99.24700164794922,
    "ETH_price": 4269.5869140625,
    "GOLD_spot_price": 4134.5,
    "LEAN_HOGS_future": 84.82499694824219,
    "COPPER_future": 5.145999908447266,
    "High_Yield_Bond_ETF": 80.44999694824219,
    "LIVE_CATTLE_future": 244.5500030517578,
    "GOLD_near_month_future": 4134.5,
    "NATURAL_GAS_future": 3.0940001010894775,
    "PLATINUM_future": 1691.5,
    "SILVER_future": 50.939998626708984,
    "Long_Term_Treasury_ETF": 90.56999969482422,
    "CORN_future": 410.5,
    "SOYBEANS_future": 1025.75,
    "WHEAT_future": 496.75,
    "SP500_close": 6654.72021484375,
    "NASDAQ_close": 22694.607421875,
    "US_10Y_Treasury_Yield": 4.050999641418457,
    "VIX_close": 19.030000686645508,
    "GOLD_basis_spot_vs_near": 0.0,
    "China_10Y_Treasury_Yield": 1.8383
  }
}