{
  "latest_date": "2026-07-14",
  "latest_values": {
    "Shanghai_Composite_Index": 3967.126220703125,
    "CSI_300_Index": 4796.501953125,
    "Shenzhen_Component_Index": 14924.8681640625,
    "ALUMINUM_future": 3326.0,
    "BTC_price": 62597.94140625,
    "OIL_price": 80.43000030517578,
    "USD_CNY_exchange_rate": 6.776599884033203,
    "Commodity_Index_ETF": 28.329999923706055,
    "US_Dollar_Index": 101.072998046875,
    "ETH_price": 1786.5799560546875,
    "GOLD_spot_price": 4029.0,
    "LEAN_HOGS_future": 94.7750015258789,
    "COPPER_future": 6.386000156402588,
    "High_Yield_Bond_ETF": 79.5199966430664,
    "LIVE_CATTLE_future": 234.72500610351562,
    "GOLD_near_month_future": 4029.0,
    "NATURAL_GAS_future": 2.8889999389648438,
    "PLATINUM_future": 1618.699951171875,
    "SILVER_future": 58.494998931884766,
    "Long_Term_Treasury_ETF": 83.97000122070312,
    "CORN_future": 459.0,
    "SOYBEANS_future": 1190.5,
    "WHEAT_future": 634.5,
    "SP500_close": 7515.33984375,
    "NASDAQ_close": 25873.1796875,
    "US_10Y_Treasury_Yield": 4.609000205993652,
    "VIX_close": 17.299999237060547,
    "GOLD_basis_spot_vs_near": 0.0,
    "China_10Y_Treasury_Yield": 1.7402
  }
}