{
  "latest_date": "2025-11-05",
  "latest_values": {
    "Shanghai_Composite_Index": 3976.52099609375,
    "CSI_300_Index": 4618.7001953125,
    "Shenzhen_Component_Index": 13404.0595703125,
    "ALUMINUM_future": 2855.5,
    "BTC_price": 101429.84375,
    "OIL_price": 60.130001068115234,
    "USD_CNY_exchange_rate": 7.1280999183654785,
    "Commodity_Index_ETF": 22.889999389648438,
    "US_Dollar_Index": 100.15799713134766,
    "ETH_price": 3274.673583984375,
    "GOLD_spot_price": 3946.699951171875,
    "LEAN_HOGS_future": 79.82499694824219,
    "COPPER_future": 4.932000160217285,
    "High_Yield_Bond_ETF": 80.1500015258789,
    "LIVE_CATTLE_future": 224.89999389648438,
    "GOLD_near_month_future": 3946.699951171875,
    "NATURAL_GAS_future": 4.316999912261963,
    "PLATINUM_future": 1528.5999755859375,
    "SILVER_future": 46.755001068115234,
    "Long_Term_Treasury_ETF": 89.94000244140625,
    "CORN_future": 429.25,
    "SOYBEANS_future": 1118.75,
    "WHEAT_future": 546.25,
    "SP500_close": 6771.5498046875,
    "NASDAQ_close": 23348.63671875,
    "US_10Y_Treasury_Yield": 4.0889997482299805,
    "VIX_close": 19.0,
    "GOLD_basis_spot_vs_near": 0.0,
    "China_10Y_Treasury_Yield": 1.7984
  }
}