{
  "latest_date": "2026-03-09",
  "latest_values": {
    "Shanghai_Composite_Index": 4096.6025390625,
    "CSI_300_Index": 4615.455078125,
    "Shenzhen_Component_Index": 14067.5029296875,
    "ALUMINUM_future": 3338.5,
    "BTC_price": 68935.5,
    "OIL_price": 95.43000030517578,
    "USD_CNY_exchange_rate": 6.906099796295166,
    "Commodity_Index_ETF": 27.979999542236328,
    "US_Dollar_Index": 99.052001953125,
    "ETH_price": 2028.674560546875,
    "GOLD_spot_price": 5106.0,
    "LEAN_HOGS_future": 94.7750015258789,
    "COPPER_future": 5.836999893188477,
    "High_Yield_Bond_ETF": 79.87999725341797,
    "LIVE_CATTLE_future": 229.8000030517578,
    "GOLD_near_month_future": 5105.7998046875,
    "NATURAL_GAS_future": 3.125,
    "PLATINUM_future": 2166.5,
    "SILVER_future": 84.76499938964844,
    "Long_Term_Treasury_ETF": 88.86499786376953,
    "CORN_future": 454.5,
    "SOYBEANS_future": 1195.5,
    "WHEAT_future": 608.5,
    "SP500_close": 6720.68017578125,
    "NASDAQ_close": 22407.1953125,
    "US_10Y_Treasury_Yield": 4.131999969482422,
    "GOLD_basis_spot_vs_near": 0.2001953125,
    "China_10Y_Treasury_Yield": 1.8054
  }
}