{
  "latest_date": "2026-02-25",
  "latest_values": {
    "Shanghai_Composite_Index": 4117.4091796875,
    "CSI_300_Index": 4707.5400390625,
    "Shenzhen_Component_Index": 14291.5703125,
    "ALUMINUM_future": 3073.5,
    "BTC_price": 65487.75,
    "OIL_price": 65.87999725341797,
    "USD_CNY_exchange_rate": 6.86870002746582,
    "Commodity_Index_ETF": 24.719999313354492,
    "US_Dollar_Index": 97.94400024414062,
    "ETH_price": 1927.587158203125,
    "GOLD_spot_price": 5196.60009765625,
    "LEAN_HOGS_future": 85.375,
    "COPPER_future": 6.025000095367432,
    "High_Yield_Bond_ETF": 80.80999755859375,
    "LIVE_CATTLE_future": 245.0,
    "GOLD_near_month_future": 5196.7001953125,
    "NATURAL_GAS_future": 2.8369998931884766,
    "PLATINUM_future": 2303.5,
    "SILVER_future": 91.18499755859375,
    "Long_Term_Treasury_ETF": 89.9000015258789,
    "CORN_future": 439.5,
    "SOYBEANS_future": 1157.5,
    "WHEAT_future": 568.25,
    "SP500_close": 6890.06982421875,
    "NASDAQ_close": 22863.6796875,
    "US_10Y_Treasury_Yield": 4.0329999923706055,
    "VIX_close": 19.270000457763672,
    "GOLD_basis_spot_vs_near": -0.10009765625,
    "China_10Y_Treasury_Yield": 1.8158
  }
}