{
  "latest_date": "2026-06-24",
  "latest_values": {
    "Shanghai_Composite_Index": 4106.2509765625,
    "CSI_300_Index": 4941.60009765625,
    "Shenzhen_Component_Index": 15854.2001953125,
    "ALUMINUM_future": 3383.0,
    "BTC_price": 62779.0703125,
    "OIL_price": 72.63999938964844,
    "USD_CNY_exchange_rate": 6.774499893188477,
    "Commodity_Index_ETF": 27.1200008392334,
    "US_Dollar_Index": 101.47200012207031,
    "ETH_price": 1670.5699462890625,
    "GOLD_spot_price": 4084.10009765625,
    "LEAN_HOGS_future": 94.2249984741211,
    "COPPER_future": 6.119500160217285,
    "High_Yield_Bond_ETF": 79.87000274658203,
    "LIVE_CATTLE_future": 255.14999389648438,
    "GOLD_near_month_future": 4084.5,
    "NATURAL_GAS_future": 3.184999942779541,
    "PLATINUM_future": 1635.800048828125,
    "SILVER_future": 61.31999969482422,
    "Long_Term_Treasury_ETF": 86.19999694824219,
    "CORN_future": 437.5,
    "SOYBEANS_future": 1143.0,
    "WHEAT_future": 594.5,
    "SP500_close": 7365.4599609375,
    "NASDAQ_close": 25587.0390625,
    "US_10Y_Treasury_Yield": 4.451000213623047,
    "VIX_close": 19.489999771118164,
    "GOLD_basis_spot_vs_near": -0.39990234375,
    "China_10Y_Treasury_Yield": 1.7437
  }
}