{
  "latest_date": "2026-04-13",
  "latest_values": {
    "Shanghai_Composite_Index": 3988.55810546875,
    "CSI_300_Index": 4646.15478515625,
    "Shenzhen_Component_Index": 14407.8642578125,
    "ALUMINUM_future": 3533.5,
    "BTC_price": 71120.4453125,
    "OIL_price": 103.66999816894531,
    "USD_CNY_exchange_rate": 6.831399917602539,
    "Commodity_Index_ETF": 29.270000457763672,
    "US_Dollar_Index": 98.88800048828125,
    "ETH_price": 2193.760986328125,
    "GOLD_spot_price": 4753.7998046875,
    "LEAN_HOGS_future": 90.7249984741211,
    "COPPER_future": 5.863500118255615,
    "High_Yield_Bond_ETF": 79.93499755859375,
    "LIVE_CATTLE_future": 251.77499389648438,
    "GOLD_near_month_future": 4753.7998046875,
    "NATURAL_GAS_future": 2.703000068664551,
    "PLATINUM_future": 2034.0,
    "SILVER_future": 74.17500305175781,
    "Long_Term_Treasury_ETF": 86.43060302734375,
    "CORN_future": 443.5,
    "SOYBEANS_future": 1174.75,
    "WHEAT_future": 581.5,
    "SP500_close": 6797.77001953125,
    "NASDAQ_close": 22841.568359375,
    "US_10Y_Treasury_Yield": 4.327000141143799,
    "VIX_close": 20.729999542236328,
    "GOLD_basis_spot_vs_near": 0.0,
    "China_10Y_Treasury_Yield": 1.7933
  }
}