{
  "latest_date": "2026-06-29",
  "latest_values": {
    "Shanghai_Composite_Index": 4027.264892578125,
    "CSI_300_Index": 4868.22021484375,
    "Shenzhen_Component_Index": 15782.2197265625,
    "ALUMINUM_future": 3310.5,
    "BTC_price": 59393.0703125,
    "OIL_price": 70.02999877929688,
    "USD_CNY_exchange_rate": 6.789999961853027,
    "Commodity_Index_ETF": 26.56999969482422,
    "US_Dollar_Index": 101.33399963378906,
    "ETH_price": 1567.81005859375,
    "GOLD_spot_price": 4078.10009765625,
    "LEAN_HOGS_future": 96.57499694824219,
    "COPPER_future": 6.171000003814697,
    "High_Yield_Bond_ETF": 79.83000183105469,
    "LIVE_CATTLE_future": 245.8249969482422,
    "GOLD_near_month_future": 4078.10009765625,
    "NATURAL_GAS_future": 3.308000087738037,
    "PLATINUM_future": 1630.9000244140625,
    "SILVER_future": 59.060001373291016,
    "Long_Term_Treasury_ETF": 87.36000061035156,
    "CORN_future": 417.5,
    "SOYBEANS_future": 1150.25,
    "WHEAT_future": 590.25,
    "SP500_close": 7354.02001953125,
    "NASDAQ_close": 25297.619140625,
    "US_10Y_Treasury_Yield": 4.372000217437744,
    "VIX_close": 18.40999984741211,
    "GOLD_basis_spot_vs_near": 0.0,
    "China_10Y_Treasury_Yield": 1.7314
  }
}