{
  "latest_date": "2026-04-08",
  "latest_values": {
    "Shanghai_Composite_Index": 3994.99755859375,
    "CSI_300_Index": 4595.55615234375,
    "Shenzhen_Component_Index": 14042.49609375,
    "ALUMINUM_future": 3377.25,
    "BTC_price": 71823.1875,
    "OIL_price": 92.81999969482422,
    "USD_CNY_exchange_rate": 6.828199863433838,
    "Commodity_Index_ETF": 29.3700008392334,
    "US_Dollar_Index": 98.66200256347656,
    "ETH_price": 2252.132080078125,
    "GOLD_spot_price": 4828.10009765625,
    "LEAN_HOGS_future": 90.7750015258789,
    "COPPER_future": 5.754000186920166,
    "High_Yield_Bond_ETF": 79.72000122070312,
    "LIVE_CATTLE_future": 248.1999969482422,
    "GOLD_near_month_future": 4828.10009765625,
    "NATURAL_GAS_future": 2.7720000743865967,
    "PLATINUM_future": 2092.5,
    "SILVER_future": 77.45500183105469,
    "Long_Term_Treasury_ETF": 86.63999938964844,
    "CORN_future": 443.5,
    "SOYBEANS_future": 1157.0,
    "WHEAT_future": 577.5,
    "SP500_close": 6616.85009765625,
    "NASDAQ_close": 22017.849609375,
    "US_10Y_Treasury_Yield": 4.3429999351501465,
    "VIX_close": 20.260000228881836,
    "GOLD_basis_spot_vs_near": 0.0,
    "China_10Y_Treasury_Yield": 1.8136
  }
}