{
  "latest_date": "2025-10-22",
  "latest_values": {
    "Shanghai_Composite_Index": 3913.757568359375,
    "CSI_300_Index": 4592.56982421875,
    "Shenzhen_Component_Index": 12996.6083984375,
    "ALUMINUM_future": 2781.75,
    "BTC_price": 108003.6796875,
    "OIL_price": 59.40999984741211,
    "USD_CNY_exchange_rate": 7.119500160217285,
    "Commodity_Index_ETF": 22.459999084472656,
    "US_Dollar_Index": 98.92900085449219,
    "ETH_price": 3805.74462890625,
    "GOLD_spot_price": 4123.5,
    "LEAN_HOGS_future": 82.375,
    "COPPER_future": 5.011000156402588,
    "High_Yield_Bond_ETF": 80.70999908447266,
    "LIVE_CATTLE_future": 239.97500610351562,
    "GOLD_near_month_future": 4123.7001953125,
    "NATURAL_GAS_future": 3.4519999027252197,
    "PLATINUM_future": 1576.300048828125,
    "SILVER_future": 48.34000015258789,
    "Long_Term_Treasury_ETF": 92.05999755859375,
    "CORN_future": 423.75,
    "SOYBEANS_future": 1049.75,
    "WHEAT_future": 503.75,
    "SP500_close": 6699.39990234375,
    "NASDAQ_close": 22740.396484375,
    "US_10Y_Treasury_Yield": 3.9529998302459717,
    "VIX_close": 18.610000610351562,
    "GOLD_basis_spot_vs_near": -0.2001953125,
    "China_10Y_Treasury_Yield": 1.8293
  }
}