{
  "latest_date": "2026-01-29",
  "latest_values": {
    "Shanghai_Composite_Index": 4151.23779296875,
    "CSI_300_Index": 4717.990234375,
    "Shenzhen_Component_Index": 14342.8896484375,
    "ALUMINUM_future": 3314.75,
    "BTC_price": 87840.234375,
    "OIL_price": 65.69999694824219,
    "USD_CNY_exchange_rate": 6.946700096130371,
    "Commodity_Index_ETF": 24.940000534057617,
    "US_Dollar_Index": 96.28099822998047,
    "ETH_price": 2927.887451171875,
    "GOLD_spot_price": 5551.7001953125,
    "LEAN_HOGS_future": 88.0,
    "COPPER_future": 6.526000022888184,
    "High_Yield_Bond_ETF": 81.04000091552734,
    "LIVE_CATTLE_future": 236.77499389648438,
    "GOLD_near_month_future": 5551.7001953125,
    "NATURAL_GAS_future": 3.8359999656677246,
    "PLATINUM_future": 2795.39990234375,
    "SILVER_future": 120.15499877929688,
    "Long_Term_Treasury_ETF": 87.5999984741211,
    "CORN_future": 431.75,
    "SOYBEANS_future": 1080.5,
    "WHEAT_future": 541.0,
    "SP500_close": 6978.02978515625,
    "NASDAQ_close": 23857.44921875,
    "US_10Y_Treasury_Yield": 4.255000114440918,
    "VIX_close": 16.84000015258789,
    "GOLD_basis_spot_vs_near": 0.0,
    "China_10Y_Treasury_Yield": 1.8174
  }
}