{
  "latest_date": "2026-01-27",
  "latest_values": {
    "Shanghai_Composite_Index": 4139.904296875,
    "CSI_300_Index": 4705.69189453125,
    "Shenzhen_Component_Index": 14329.90625,
    "ALUMINUM_future": 3169.75,
    "BTC_price": 89069.515625,
    "OIL_price": 62.540000915527344,
    "USD_CNY_exchange_rate": 6.953999996185303,
    "Commodity_Index_ETF": 24.6200008392334,
    "US_Dollar_Index": 95.76000213623047,
    "ETH_price": 3016.869384765625,
    "GOLD_spot_price": 5178.7998046875,
    "LEAN_HOGS_future": 97.0250015258789,
    "COPPER_future": 5.947000026702881,
    "High_Yield_Bond_ETF": 81.16999816894531,
    "LIVE_CATTLE_future": 237.39999389648438,
    "GOLD_near_month_future": 5180.10009765625,
    "NATURAL_GAS_future": 3.7760000228881836,
    "PLATINUM_future": 2635.300048828125,
    "SILVER_future": 112.29000091552734,
    "Long_Term_Treasury_ETF": 87.80000305175781,
    "CORN_future": 426.5,
    "SOYBEANS_future": 1067.5,
    "WHEAT_future": 523.5,
    "SP500_close": 6978.60009765625,
    "NASDAQ_close": 23817.09765625,
    "US_10Y_Treasury_Yield": 4.2230000495910645,
    "VIX_close": 16.350000381469727,
    "GOLD_basis_spot_vs_near": -1.30029296875,
    "China_10Y_Treasury_Yield": 1.8311
  }
}