{
  "latest_date": "2026-03-16",
  "latest_values": {
    "Shanghai_Composite_Index": 4084.785888671875,
    "CSI_300_Index": 4671.55908203125,
    "Shenzhen_Component_Index": 14280.7802734375,
    "ALUMINUM_future": 3345.75,
    "BTC_price": 73431.875,
    "OIL_price": 95.26000213623047,
    "USD_CNY_exchange_rate": 6.894999980926514,
    "Commodity_Index_ETF": 28.559999465942383,
    "ETH_price": 2283.879638671875,
    "GOLD_spot_price": 5002.2998046875,
    "LEAN_HOGS_future": 93.6500015258789,
    "COPPER_future": 5.8420000076293945,
    "High_Yield_Bond_ETF": 79.49500274658203,
    "LIVE_CATTLE_future": 233.5500030517578,
    "GOLD_near_month_future": 5002.0,
    "NATURAL_GAS_future": 3.0260000228881836,
    "PLATINUM_future": 2099.300048828125,
    "SILVER_future": 80.73999786376953,
    "Long_Term_Treasury_ETF": 87.04499816894531,
    "CORN_future": 455.25,
    "SOYBEANS_future": 1165.75,
    "WHEAT_future": 600.75,
    "SP500_close": 6685.56005859375,
    "NASDAQ_close": 22337.609375,
    "US_10Y_Treasury_Yield": 4.236999988555908,
    "VIX_close": 24.270000457763672,
    "GOLD_basis_spot_vs_near": 0.2998046875,
    "China_10Y_Treasury_Yield": 1.8312
  }
}