{
  "latest_date": "2026-06-02",
  "latest_values": {
    "Shanghai_Composite_Index": 4075.1015625,
    "CSI_300_Index": 4914.55908203125,
    "Shenzhen_Component_Index": 15591.1279296875,
    "ALUMINUM_future": 3772.0,
    "BTC_price": 67297.1484375,
    "OIL_price": 91.5999984741211,
    "USD_CNY_exchange_rate": 6.766200065612793,
    "Commodity_Index_ETF": 30.0,
    "US_Dollar_Index": 99.11100006103516,
    "ETH_price": 1904.77001953125,
    "GOLD_spot_price": 4532.89990234375,
    "LEAN_HOGS_future": 100.55000305175781,
    "COPPER_future": 6.679999828338623,
    "High_Yield_Bond_ETF": 79.86499786376953,
    "LIVE_CATTLE_future": 239.3000030517578,
    "GOLD_near_month_future": 4532.89990234375,
    "NATURAL_GAS_future": 3.1410000324249268,
    "PLATINUM_future": 1950.9000244140625,
    "SILVER_future": 76.25,
    "Long_Term_Treasury_ETF": 85.70500183105469,
    "CORN_future": 442.0,
    "SOYBEANS_future": 1171.75,
    "WHEAT_future": 601.5,
    "SP500_close": 7614.77001953125,
    "NASDAQ_close": 27144.734375,
    "US_10Y_Treasury_Yield": 4.450999736785889,
    "VIX_close": 15.989999771118164,
    "GOLD_basis_spot_vs_near": 0.0,
    "China_10Y_Treasury_Yield": 1.7036
  }
}