{
  "latest_date": "2025-09-15",
  "latest_values": {
    "Shanghai_Composite_Index": 3870.597900390625,
    "CSI_300_Index": 4522.0,
    "Shenzhen_Component_Index": 12924.1298828125,
    "ALUMINUM_future": 2657.0,
    "BTC_price": 114721.953125,
    "OIL_price": 63.099998474121094,
    "USD_CNY_exchange_rate": 7.1184000968933105,
    "Commodity_Index_ETF": 22.350000381469727,
    "US_Dollar_Index": 97.32599639892578,
    "ETH_price": 4520.94921875,
    "GOLD_spot_price": 3685.89990234375,
    "LEAN_HOGS_future": 97.07499694824219,
    "COPPER_future": 4.665999889373779,
    "High_Yield_Bond_ETF": 80.95999908447266,
    "LIVE_CATTLE_future": 229.89999389648438,
    "GOLD_near_month_future": 3685.89990234375,
    "NATURAL_GAS_future": 2.940999984741211,
    "PLATINUM_future": 1401.5,
    "SILVER_future": 42.63999938964844,
    "Long_Term_Treasury_ETF": 89.94999694824219,
    "CORN_future": 425.75,
    "SOYBEANS_future": 1046.75,
    "WHEAT_future": 524.75,
    "SP500_close": 6584.2900390625,
    "NASDAQ_close": 22141.099609375,
    "US_10Y_Treasury_Yield": 4.039000034332275,
    "VIX_close": 14.930000305175781,
    "GOLD_basis_spot_vs_near": 0.0,
    "China_10Y_Treasury_Yield": 1.8724
  }
}