{
  "latest_date": "2026-03-31",
  "latest_values": {
    "Shanghai_Composite_Index": 3923.287109375,
    "CSI_300_Index": 4491.9501953125,
    "Shenzhen_Component_Index": 13726.1904296875,
    "ALUMINUM_future": 3359.25,
    "BTC_price": 67890.0625,
    "OIL_price": 103.33000183105469,
    "USD_CNY_exchange_rate": 6.911600112915039,
    "Commodity_Index_ETF": 29.260000228881836,
    "US_Dollar_Index": 100.3479995727539,
    "ETH_price": 2074.044921875,
    "GOLD_spot_price": 4613.10009765625,
    "LEAN_HOGS_future": 105.92500305175781,
    "COPPER_future": 5.526500225067139,
    "High_Yield_Bond_ETF": 78.80999755859375,
    "LIVE_CATTLE_future": 240.39999389648438,
    "GOLD_near_month_future": 4612.60009765625,
    "NATURAL_GAS_future": 2.864000082015991,
    "PLATINUM_future": 1924.0,
    "SILVER_future": 71.7300033569336,
    "Long_Term_Treasury_ETF": 86.77999877929688,
    "CORN_future": 455.75,
    "SOYBEANS_future": 1161.0,
    "WHEAT_future": 608.5,
    "SP500_close": 6343.72021484375,
    "NASDAQ_close": 20794.640625,
    "US_10Y_Treasury_Yield": 4.3420000076293945,
    "VIX_close": 30.610000610351562,
    "GOLD_basis_spot_vs_near": 0.5,
    "China_10Y_Treasury_Yield": 1.8063
  }
}