{
  "latest_date": "2025-12-08",
  "latest_values": {
    "Shanghai_Composite_Index": 3902.80810546875,
    "CSI_300_Index": 4584.5400390625,
    "Shenzhen_Component_Index": 13147.6796875,
    "ALUMINUM_future": 2881.5,
    "BTC_price": 91304.84375,
    "OIL_price": 60.11000061035156,
    "USD_CNY_exchange_rate": 7.0671000480651855,
    "Commodity_Index_ETF": 23.329999923706055,
    "US_Dollar_Index": 98.92400360107422,
    "ETH_price": 3115.807373046875,
    "GOLD_spot_price": 4238.7001953125,
    "LEAN_HOGS_future": 81.6500015258789,
    "COPPER_future": 5.450500011444092,
    "High_Yield_Bond_ETF": 80.75,
    "LIVE_CATTLE_future": 227.14999389648438,
    "GOLD_near_month_future": 4238.60009765625,
    "NATURAL_GAS_future": 5.113999843597412,
    "PLATINUM_future": 1667.5,
    "SILVER_future": 58.86000061035156,
    "Long_Term_Treasury_ETF": 88.16999816894531,
    "CORN_future": 444.75,
    "SOYBEANS_future": 1100.0,
    "WHEAT_future": 535.5,
    "SP500_close": 6870.39990234375,
    "NASDAQ_close": 23578.130859375,
    "US_10Y_Treasury_Yield": 4.138999938964844,
    "VIX_close": 15.40999984741211,
    "GOLD_basis_spot_vs_near": 0.10009765625,
    "China_10Y_Treasury_Yield": 1.848
  }
}