{
  "latest_date": "2025-12-19",
  "latest_values": {
    "Shanghai_Composite_Index": 3870.278076171875,
    "CSI_300_Index": 4579.8798828125,
    "Shenzhen_Component_Index": 13224.509765625,
    "ALUMINUM_future": 2916.0,
    "BTC_price": 85154.8359375,
    "OIL_price": 55.86000061035156,
    "USD_CNY_exchange_rate": 7.041200160980225,
    "Commodity_Index_ETF": 22.690000534057617,
    "US_Dollar_Index": 98.44000244140625,
    "ETH_price": 2817.127197265625,
    "GOLD_spot_price": 4345.7998046875,
    "LEAN_HOGS_future": 84.07499694824219,
    "COPPER_future": 5.4145002365112305,
    "High_Yield_Bond_ETF": 80.77999877929688,
    "LIVE_CATTLE_future": 228.52499389648438,
    "GOLD_near_month_future": 4345.60009765625,
    "NATURAL_GAS_future": 3.934000015258789,
    "PLATINUM_future": 1943.0999755859375,
    "SILVER_future": 65.12000274658203,
    "Long_Term_Treasury_ETF": 88.22000122070312,
    "CORN_future": 444.25,
    "SOYBEANS_future": 1051.75,
    "WHEAT_future": 507.5,
    "SP500_close": 6774.759765625,
    "NASDAQ_close": 23006.361328125,
    "US_10Y_Treasury_Yield": 4.116000175476074,
    "VIX_close": 16.8700008392334,
    "GOLD_basis_spot_vs_near": 0.19970703125,
    "China_10Y_Treasury_Yield": 1.8356
  }
}