{
  "latest_date": "2025-10-31",
  "latest_values": {
    "Shanghai_Composite_Index": 3986.90087890625,
    "CSI_300_Index": 4709.91015625,
    "Shenzhen_Component_Index": 13532.1298828125,
    "ALUMINUM_future": 2849.0,
    "BTC_price": 110227.1015625,
    "OIL_price": 60.25,
    "USD_CNY_exchange_rate": 7.111299991607666,
    "Commodity_Index_ETF": 22.719999313354492,
    "US_Dollar_Index": 99.54299926757812,
    "ETH_price": 3856.886474609375,
    "GOLD_spot_price": 4021.0,
    "LEAN_HOGS_future": 80.875,
    "COPPER_future": 5.071499824523926,
    "High_Yield_Bond_ETF": 80.80000305175781,
    "LIVE_CATTLE_future": 229.5749969482422,
    "GOLD_near_month_future": 4021.300048828125,
    "NATURAL_GAS_future": 3.9560000896453857,
    "PLATINUM_future": 1598.4000244140625,
    "SILVER_future": 48.439998626708984,
    "Long_Term_Treasury_ETF": 90.55999755859375,
    "CORN_future": 429.5,
    "SOYBEANS_future": 1106.25,
    "WHEAT_future": 522.0,
    "SP500_close": 6822.33984375,
    "NASDAQ_close": 23581.140625,
    "US_10Y_Treasury_Yield": 4.0929999351501465,
    "VIX_close": 16.170000076293945,
    "GOLD_basis_spot_vs_near": -0.300048828125,
    "China_10Y_Treasury_Yield": 1.8098
  }
}