{
  "latest_date": "2026-02-10",
  "latest_values": {
    "Shanghai_Composite_Index": 4128.373046875,
    "CSI_300_Index": 4724.29541015625,
    "Shenzhen_Component_Index": 14210.6259765625,
    "ALUMINUM_future": 3021.75,
    "BTC_price": 68753.4296875,
    "OIL_price": 64.12000274658203,
    "USD_CNY_exchange_rate": 6.910099983215332,
    "Commodity_Index_ETF": 24.104999542236328,
    "US_Dollar_Index": 96.81999969482422,
    "ETH_price": 2009.300048828125,
    "GOLD_spot_price": 5046.39990234375,
    "LEAN_HOGS_future": 95.57499694824219,
    "COPPER_future": 5.911499977111816,
    "High_Yield_Bond_ETF": 80.87999725341797,
    "LIVE_CATTLE_future": 237.4499969482422,
    "GOLD_near_month_future": 5046.2998046875,
    "NATURAL_GAS_future": 3.127000093460083,
    "PLATINUM_future": 2096.89990234375,
    "SILVER_future": 80.6050033569336,
    "Long_Term_Treasury_ETF": 88.44499969482422,
    "CORN_future": 428.75,
    "SOYBEANS_future": 1123.25,
    "WHEAT_future": 529.5,
    "SP500_close": 6954.25,
    "NASDAQ_close": 23145.62109375,
    "US_10Y_Treasury_Yield": 4.147000312805176,
    "VIX_close": 17.510000228881836,
    "GOLD_basis_spot_vs_near": 0.10009765625,
    "China_10Y_Treasury_Yield": 1.8094
  }
}