{
  "latest_date": "2026-03-27",
  "latest_values": {
    "Shanghai_Composite_Index": 3889.0830078125,
    "CSI_300_Index": 4477.52978515625,
    "Shenzhen_Component_Index": 13606.4404296875,
    "ALUMINUM_future": 3179.5,
    "BTC_price": 65596.9765625,
    "OIL_price": 99.08999633789062,
    "USD_CNY_exchange_rate": 6.911600112915039,
    "Commodity_Index_ETF": 29.05500030517578,
    "US_Dollar_Index": 100.17900085449219,
    "ETH_price": 1979.431396484375,
    "GOLD_spot_price": 4522.10009765625,
    "LEAN_HOGS_future": 105.9749984741211,
    "COPPER_future": 5.4679999351501465,
    "High_Yield_Bond_ETF": 78.6449966430664,
    "LIVE_CATTLE_future": 238.8249969482422,
    "GOLD_near_month_future": 4522.10009765625,
    "NATURAL_GAS_future": 3.0429999828338623,
    "PLATINUM_future": 1874.699951171875,
    "SILVER_future": 69.80500030517578,
    "Long_Term_Treasury_ETF": 85.75499725341797,
    "CORN_future": 462.0,
    "SOYBEANS_future": 1159.75,
    "WHEAT_future": 604.75,
    "SP500_close": 6384.85986328125,
    "NASDAQ_close": 20997.2734375,
    "US_10Y_Treasury_Yield": 4.425999641418457,
    "VIX_close": 30.829999923706055,
    "GOLD_basis_spot_vs_near": 0.0,
    "China_10Y_Treasury_Yield": 1.8172
  }
}