{
  "latest_date": "2025-10-14",
  "latest_values": {
    "Shanghai_Composite_Index": 3865.22900390625,
    "CSI_300_Index": 4539.064453125,
    "Shenzhen_Component_Index": 12895.107421875,
    "ALUMINUM_future": 2658.75,
    "BTC_price": 112981.078125,
    "OIL_price": 58.58000183105469,
    "USD_CNY_exchange_rate": 7.099999904632568,
    "Commodity_Index_ETF": 22.100000381469727,
    "US_Dollar_Index": 99.05599975585938,
    "ETH_price": 4121.060546875,
    "GOLD_spot_price": 4161.2001953125,
    "LEAN_HOGS_future": 83.125,
    "COPPER_future": 4.999499797821045,
    "High_Yield_Bond_ETF": 80.54000091552734,
    "LIVE_CATTLE_future": 246.60000610351562,
    "GOLD_near_month_future": 4161.39990234375,
    "NATURAL_GAS_future": 3.0260000228881836,
    "PLATINUM_future": 1666.800048828125,
    "SILVER_future": 50.36000061035156,
    "Long_Term_Treasury_ETF": 90.86000061035156,
    "CORN_future": 413.25,
    "SOYBEANS_future": 1024.25,
    "WHEAT_future": 500.25,
    "SP500_close": 6644.31005859375,
    "NASDAQ_close": 22521.701171875,
    "US_10Y_Treasury_Yield": 4.022000312805176,
    "VIX_close": 20.809999465942383,
    "GOLD_basis_spot_vs_near": -0.19970703125,
    "China_10Y_Treasury_Yield": 1.8368
  }
}