{
  "latest_date": "2026-06-03",
  "latest_values": {
    "Shanghai_Composite_Index": 4075.10205078125,
    "CSI_300_Index": 4914.56005859375,
    "Shenzhen_Component_Index": 15591.1298828125,
    "ALUMINUM_future": 3763.0,
    "BTC_price": 67211.8671875,
    "OIL_price": 95.83000183105469,
    "USD_CNY_exchange_rate": 6.764999866485596,
    "Commodity_Index_ETF": 30.1200008392334,
    "US_Dollar_Index": 99.30999755859375,
    "ETH_price": 1876.7099609375,
    "GOLD_spot_price": 4486.0,
    "LEAN_HOGS_future": 95.69999694824219,
    "COPPER_future": 6.579500198364258,
    "High_Yield_Bond_ETF": 79.9000015258789,
    "LIVE_CATTLE_future": 247.6750030517578,
    "GOLD_near_month_future": 4486.2001953125,
    "NATURAL_GAS_future": 3.187999963760376,
    "PLATINUM_future": 1923.800048828125,
    "SILVER_future": 74.42500305175781,
    "Long_Term_Treasury_ETF": 85.6500015258789,
    "CORN_future": 439.25,
    "SOYBEANS_future": 1167.25,
    "WHEAT_future": 598.0,
    "SP500_close": 7609.77978515625,
    "NASDAQ_close": 27093.900390625,
    "US_10Y_Treasury_Yield": 4.454999923706055,
    "VIX_close": 16.020000457763672,
    "GOLD_basis_spot_vs_near": -0.2001953125,
    "China_10Y_Treasury_Yield": 1.7036
  }
}