{
  "latest_date": "2025-11-03",
  "latest_values": {
    "Shanghai_Composite_Index": 3954.7900390625,
    "CSI_300_Index": 4640.669921875,
    "Shenzhen_Component_Index": 13378.2099609375,
    "BTC_price": 109642.8046875,
    "USD_CNY_exchange_rate": 7.109799861907959,
    "ETH_price": 3840.86767578125,
    "China_10Y_Treasury_Yield": 1.7954
  }
}