{
  "latest_date": "2026-04-17",
  "latest_values": {
    "Shanghai_Composite_Index": 4055.547119140625,
    "CSI_300_Index": 4736.60986328125,
    "Shenzhen_Component_Index": 14796.330078125,
    "ALUMINUM_future": 3504.0,
    "BTC_price": 77416.0703125,
    "OIL_price": 83.2699966430664,
    "USD_CNY_exchange_rate": 6.817999839782715,
    "Commodity_Index_ETF": 28.29010009765625,
    "US_Dollar_Index": 98.06800079345703,
    "ETH_price": 2429.31005859375,
    "GOLD_spot_price": 4878.60009765625,
    "LEAN_HOGS_future": 100.9749984741211,
    "COPPER_future": 6.09250020980835,
    "High_Yield_Bond_ETF": 80.57499694824219,
    "LIVE_CATTLE_future": 247.14999389648438,
    "GOLD_near_month_future": 4878.5,
    "NATURAL_GAS_future": 2.677000045776367,
    "PLATINUM_future": 2130.199951171875,
    "SILVER_future": 81.5999984741211,
    "Long_Term_Treasury_ETF": 87.00499725341797,
    "CORN_future": 457.0,
    "SOYBEANS_future": 1181.5,
    "WHEAT_future": 598.0,
    "SP500_close": 7118.2001953125,
    "NASDAQ_close": 24427.9609375,
    "US_10Y_Treasury_Yield": 4.245999813079834,
    "VIX_close": 17.809999465942383,
    "GOLD_basis_spot_vs_near": 0.10009765625,
    "China_10Y_Treasury_Yield": 1.7623
  }
}