{
  "latest_date": "2026-02-23",
  "latest_values": {
    "Shanghai_Composite_Index": 4082.072998046875,
    "CSI_300_Index": 4660.41015625,
    "Shenzhen_Component_Index": 14100.1904296875,
    "ALUMINUM_future": 3055.0,
    "BTC_price": 64729.42578125,
    "OIL_price": 66.2699966430664,
    "USD_CNY_exchange_rate": 6.90749979019165,
    "Commodity_Index_ETF": 24.690000534057617,
    "US_Dollar_Index": 97.61399841308594,
    "ETH_price": 1865.462646484375,
    "GOLD_spot_price": 5229.60009765625,
    "LEAN_HOGS_future": 94.32499694824219,
    "COPPER_future": 5.763000011444092,
    "High_Yield_Bond_ETF": 80.93499755859375,
    "LIVE_CATTLE_future": 239.47500610351562,
    "GOLD_near_month_future": 5229.7998046875,
    "NATURAL_GAS_future": 2.9679999351501465,
    "PLATINUM_future": 2148.800048828125,
    "SILVER_future": 86.62999725341797,
    "Long_Term_Treasury_ETF": 89.90499877929688,
    "CORN_future": 444.0,
    "SOYBEANS_future": 1162.75,
    "WHEAT_future": 582.0,
    "SP500_close": 6836.18994140625,
    "NASDAQ_close": 22623.384765625,
    "US_10Y_Treasury_Yield": 4.025000095367432,
    "VIX_close": 21.209999084472656,
    "GOLD_basis_spot_vs_near": -0.19970703125,
    "China_10Y_Treasury_Yield": 1.7899
  }
}