{
  "latest_date": "2025-12-03",
  "latest_values": {
    "Shanghai_Composite_Index": 3877.99951171875,
    "CSI_300_Index": 4531.048828125,
    "Shenzhen_Component_Index": 12955.2529296875,
    "ALUMINUM_future": 2740.5,
    "BTC_price": 93590.625,
    "OIL_price": 59.099998474121094,
    "USD_CNY_exchange_rate": 7.0630998611450195,
    "Commodity_Index_ETF": 23.1299991607666,
    "US_Dollar_Index": 98.86900329589844,
    "ETH_price": 3158.107421875,
    "GOLD_spot_price": 4235.89990234375,
    "LEAN_HOGS_future": 80.4000015258789,
    "COPPER_future": 5.308000087738037,
    "High_Yield_Bond_ETF": 80.69000244140625,
    "LIVE_CATTLE_future": 218.97500610351562,
    "GOLD_near_month_future": 4236.0,
    "NATURAL_GAS_future": 5.006999969482422,
    "PLATINUM_future": 1684.4000244140625,
    "SILVER_future": 58.96500015258789,
    "Long_Term_Treasury_ETF": 89.05999755859375,
    "CORN_future": 443.25,
    "SOYBEANS_future": 1116.25,
    "WHEAT_future": 537.5,
    "SP500_close": 6849.72021484375,
    "NASDAQ_close": 23454.091796875,
    "US_10Y_Treasury_Yield": 4.057000160217285,
    "VIX_close": 16.079999923706055,
    "GOLD_basis_spot_vs_near": -0.10009765625,
    "China_10Y_Treasury_Yield": 1.8519
  }
}