{
  "latest_date": "2026-02-26",
  "latest_values": {
    "Shanghai_Composite_Index": 4147.22998046875,
    "CSI_300_Index": 4735.89013671875,
    "Shenzhen_Component_Index": 14475.8701171875,
    "ALUMINUM_future": 3111.5,
    "BTC_price": 68296.15625,
    "OIL_price": 65.4800033569336,
    "USD_CNY_exchange_rate": 6.844699859619141,
    "Commodity_Index_ETF": 24.75,
    "US_Dollar_Index": 97.59100341796875,
    "ETH_price": 2055.625244140625,
    "GOLD_spot_price": 5196.39990234375,
    "LEAN_HOGS_future": 96.19999694824219,
    "COPPER_future": 6.011499881744385,
    "High_Yield_Bond_ETF": 80.91999816894531,
    "LIVE_CATTLE_future": 240.3000030517578,
    "GOLD_near_month_future": 5196.60009765625,
    "NATURAL_GAS_future": 2.8610000610351562,
    "PLATINUM_future": 2279.39990234375,
    "SILVER_future": 89.17500305175781,
    "Long_Term_Treasury_ETF": 89.91000366210938,
    "CORN_future": 441.75,
    "SOYBEANS_future": 1168.0,
    "WHEAT_future": 569.25,
    "SP500_close": 6946.1298828125,
    "NASDAQ_close": 23152.080078125,
    "US_10Y_Treasury_Yield": 4.047999858856201,
    "VIX_close": 17.93000030517578,
    "GOLD_basis_spot_vs_near": -0.2001953125,
    "China_10Y_Treasury_Yield": 1.8158
  }
}