{
  "latest_date": "2026-05-08",
  "latest_values": {
    "Shanghai_Composite_Index": 4180.091796875,
    "CSI_300_Index": 4900.509765625,
    "Shenzhen_Component_Index": 15641.8896484375,
    "ALUMINUM_future": 3458.25,
    "BTC_price": 79405.8828125,
    "OIL_price": 95.47000122070312,
    "USD_CNY_exchange_rate": 6.810999870300293,
    "Commodity_Index_ETF": 30.25,
    "US_Dollar_Index": 98.12000274658203,
    "ETH_price": 2272.80712890625,
    "GOLD_spot_price": 4712.7998046875,
    "LEAN_HOGS_future": 91.5,
    "COPPER_future": 6.28849983215332,
    "High_Yield_Bond_ETF": 79.86000061035156,
    "LIVE_CATTLE_future": 250.0500030517578,
    "GOLD_near_month_future": 4712.89990234375,
    "NATURAL_GAS_future": 2.7799999713897705,
    "PLATINUM_future": 2054.5,
    "SILVER_future": 80.11000061035156,
    "Long_Term_Treasury_ETF": 85.6500015258789,
    "CORN_future": 467.0,
    "SOYBEANS_future": 1190.5,
    "WHEAT_future": 611.25,
    "SP500_close": 7337.10986328125,
    "NASDAQ_close": 25806.19921875,
    "US_10Y_Treasury_Yield": 4.392000198364258,
    "VIX_close": 17.350000381469727,
    "GOLD_basis_spot_vs_near": -0.10009765625,
    "China_10Y_Treasury_Yield": 1.7631
  }
}