{
  "latest_date": "2025-11-24",
  "latest_values": {
    "Shanghai_Composite_Index": 3834.89111328125,
    "CSI_300_Index": 4453.60986328125,
    "Shenzhen_Component_Index": 12538.0703125,
    "ALUMINUM_future": 2764.0,
    "BTC_price": 87589.4765625,
    "OIL_price": 57.959999084472656,
    "USD_CNY_exchange_rate": 7.1066999435424805,
    "Commodity_Index_ETF": 22.530000686645508,
    "US_Dollar_Index": 100.21299743652344,
    "ETH_price": 2856.42236328125,
    "GOLD_spot_price": 4043.800048828125,
    "LEAN_HOGS_future": 77.80000305175781,
    "COPPER_future": 5.006499767303467,
    "High_Yield_Bond_ETF": 80.37000274658203,
    "LIVE_CATTLE_future": 214.77499389648438,
    "GOLD_near_month_future": 4043.800048828125,
    "NATURAL_GAS_future": 4.603000164031982,
    "PLATINUM_future": 1536.5999755859375,
    "SILVER_future": 49.564998626708984,
    "Long_Term_Treasury_ETF": 89.5,
    "CORN_future": 424.25,
    "SOYBEANS_future": 1125.25,
    "WHEAT_future": 527.0,
    "SP500_close": 6602.990234375,
    "NASDAQ_close": 22273.080078125,
    "US_10Y_Treasury_Yield": 4.063000202178955,
    "VIX_close": 23.43000030517578,
    "GOLD_basis_spot_vs_near": 0.0,
    "China_10Y_Treasury_Yield": 1.8166
  }
}