{
  "latest_date": "2025-09-25",
  "latest_values": {
    "Shanghai_Composite_Index": 3853.64208984375,
    "CSI_300_Index": 4566.06982421875,
    "Shenzhen_Component_Index": 13356.1396484375,
    "ALUMINUM_future": 2569.75,
    "BTC_price": 111539.734375,
    "OIL_price": 64.83000183105469,
    "USD_CNY_exchange_rate": 7.111599922180176,
    "Commodity_Index_ETF": 22.639999389648438,
    "US_Dollar_Index": 97.79299926757812,
    "ETH_price": 4008.744140625,
    "GOLD_spot_price": 3771.89990234375,
    "LEAN_HOGS_future": 89.6500015258789,
    "COPPER_future": 4.867499828338623,
    "High_Yield_Bond_ETF": 81.1500015258789,
    "LIVE_CATTLE_future": 239.0749969482422,
    "GOLD_near_month_future": 3772.0,
    "NATURAL_GAS_future": 2.88100004196167,
    "PLATINUM_future": 1485.300048828125,
    "SILVER_future": 44.26499938964844,
    "Long_Term_Treasury_ETF": 88.9800033569336,
    "CORN_future": 425.75,
    "SOYBEANS_future": 1012.25,
    "WHEAT_future": 522.75,
    "SP500_close": 6637.97021484375,
    "NASDAQ_close": 22497.859375,
    "US_10Y_Treasury_Yield": 4.146999835968018,
    "VIX_close": 16.18000030517578,
    "GOLD_basis_spot_vs_near": -0.10009765625,
    "China_10Y_Treasury_Yield": 1.9022
  }
}