{
  "latest_date": "2026-06-15",
  "latest_values": {
    "Shanghai_Composite_Index": 4031.512939453125,
    "CSI_300_Index": 4777.31982421875,
    "Shenzhen_Component_Index": 14963.41015625,
    "ALUMINUM_future": 3571.5,
    "BTC_price": 65411.96875,
    "OIL_price": 80.83000183105469,
    "USD_CNY_exchange_rate": 6.7754998207092285,
    "Commodity_Index_ETF": 28.549999237060547,
    "US_Dollar_Index": 99.56500244140625,
    "ETH_price": 1713.3599853515625,
    "GOLD_spot_price": 4338.2001953125,
    "LEAN_HOGS_future": 97.44999694824219,
    "COPPER_future": 6.53849983215332,
    "High_Yield_Bond_ETF": 79.94000244140625,
    "LIVE_CATTLE_future": 241.1750030517578,
    "GOLD_near_month_future": 4338.5,
    "NATURAL_GAS_future": 3.055999994277954,
    "PLATINUM_future": 1779.800048828125,
    "SILVER_future": 70.3550033569336,
    "Long_Term_Treasury_ETF": 85.7699966430664,
    "CORN_future": 410.25,
    "SOYBEANS_future": 1133.75,
    "WHEAT_future": 579.75,
    "SP500_close": 7431.4599609375,
    "NASDAQ_close": 25888.83984375,
    "US_10Y_Treasury_Yield": 4.486999988555908,
    "VIX_close": 17.68000030517578,
    "GOLD_basis_spot_vs_near": -0.2998046875,
    "China_10Y_Treasury_Yield": 1.7427
  }
}