{
  "latest_date": "2026-05-13",
  "latest_values": {
    "Shanghai_Composite_Index": 4214.48876953125,
    "CSI_300_Index": 4948.0498046875,
    "Shenzhen_Component_Index": 15824.919921875,
    "ALUMINUM_future": 3637.5,
    "BTC_price": 78936.0,
    "OIL_price": 102.38999938964844,
    "USD_CNY_exchange_rate": 6.7947998046875,
    "Commodity_Index_ETF": 31.53499984741211,
    "US_Dollar_Index": 98.46900177001953,
    "ETH_price": 2240.10009765625,
    "GOLD_spot_price": 4705.10009765625,
    "LEAN_HOGS_future": 101.32499694824219,
    "COPPER_future": 6.682499885559082,
    "High_Yield_Bond_ETF": 79.8499984741211,
    "LIVE_CATTLE_future": 252.0500030517578,
    "GOLD_near_month_future": 4705.2001953125,
    "NATURAL_GAS_future": 2.878999948501587,
    "PLATINUM_future": 2207.10009765625,
    "SILVER_future": 89.41999816894531,
    "Long_Term_Treasury_ETF": 84.70500183105469,
    "CORN_future": 482.0,
    "SOYBEANS_future": 1229.0,
    "WHEAT_future": 680.25,
    "SP500_close": 7418.22998046875,
    "NASDAQ_close": 26265.115234375,
    "US_10Y_Treasury_Yield": 4.488999843597412,
    "VIX_close": 18.09000015258789,
    "GOLD_basis_spot_vs_near": -0.10009765625,
    "China_10Y_Treasury_Yield": 1.7514
  }
}