{
  "latest_date": "2025-12-03",
  "latest_values": {
    "Shanghai_Composite_Index": 3897.711669921875,
    "CSI_300_Index": 4554.33447265625,
    "Shenzhen_Component_Index": 13056.701171875,
    "ALUMINUM_future": 2740.5,
    "BTC_price": 91442.3671875,
    "OIL_price": 58.65999984741211,
    "USD_CNY_exchange_rate": 7.069499969482422,
    "Commodity_Index_ETF": 23.020000457763672,
    "US_Dollar_Index": 99.31900024414062,
    "ETH_price": 3002.8466796875,
    "GOLD_spot_price": 4242.2998046875,
    "LEAN_HOGS_future": 80.5,
    "COPPER_future": 5.263500213623047,
    "High_Yield_Bond_ETF": 80.62000274658203,
    "LIVE_CATTLE_future": 220.5500030517578,
    "GOLD_near_month_future": 4241.7998046875,
    "NATURAL_GAS_future": 4.839000225067139,
    "PLATINUM_future": 1653.0999755859375,
    "SILVER_future": 59.30500030517578,
    "Long_Term_Treasury_ETF": 88.80999755859375,
    "CORN_future": 437.75,
    "SOYBEANS_future": 1124.0,
    "WHEAT_future": 536.0,
    "SP500_close": 6829.3701171875,
    "NASDAQ_close": 23413.673828125,
    "US_10Y_Treasury_Yield": 4.085999965667725,
    "VIX_close": 16.59000015258789,
    "GOLD_basis_spot_vs_near": 0.5,
    "China_10Y_Treasury_Yield": 1.8442
  }
}