{
  "latest_date": "2026-04-30",
  "latest_values": {
    "Shanghai_Composite_Index": 4078.636962890625,
    "CSI_300_Index": 4758.2099609375,
    "Shenzhen_Component_Index": 14830.4599609375,
    "ALUMINUM_future": 3436.25,
    "BTC_price": 75965.3125,
    "OIL_price": 106.73999786376953,
    "USD_CNY_exchange_rate": 6.837399959564209,
    "Commodity_Index_ETF": 31.079999923706055,
    "US_Dollar_Index": 98.83200073242188,
    "ETH_price": 2261.2900390625,
    "GOLD_spot_price": 4572.2998046875,
    "LEAN_HOGS_future": 103.7249984741211,
    "COPPER_future": 5.948999881744385,
    "High_Yield_Bond_ETF": 80.12999725341797,
    "LIVE_CATTLE_future": 255.10000610351562,
    "GOLD_near_month_future": 4573.10009765625,
    "NATURAL_GAS_future": 2.635999917984009,
    "PLATINUM_future": 1899.300048828125,
    "SILVER_future": 72.50499725341797,
    "Long_Term_Treasury_ETF": 85.69999694824219,
    "CORN_future": 477.0,
    "SOYBEANS_future": 1200.75,
    "WHEAT_future": 653.5,
    "SP500_close": 7135.9501953125,
    "NASDAQ_close": 24673.240234375,
    "US_10Y_Treasury_Yield": 4.418000221252441,
    "VIX_close": 18.809999465942383,
    "GOLD_basis_spot_vs_near": -0.80029296875,
    "China_10Y_Treasury_Yield": 1.7444
  }
}