{
  "latest_date": "2025-10-24",
  "latest_values": {
    "Shanghai_Composite_Index": 3950.3115234375,
    "CSI_300_Index": 4660.68359375,
    "Shenzhen_Component_Index": 13025.4501953125,
    "ALUMINUM_future": 2814.75,
    "BTC_price": 109946.390625,
    "OIL_price": 62.290000915527344,
    "USD_CNY_exchange_rate": 7.125699996948242,
    "Commodity_Index_ETF": 22.950700759887695,
    "US_Dollar_Index": 98.96399688720703,
    "ETH_price": 3878.763427734375,
    "GOLD_spot_price": 4147.5,
    "LEAN_HOGS_future": 82.5250015258789,
    "COPPER_future": 5.145999908447266,
    "High_Yield_Bond_ETF": 81.0250015258789,
    "LIVE_CATTLE_future": 233.9499969482422,
    "GOLD_near_month_future": 4147.10009765625,
    "NATURAL_GAS_future": 3.253000020980835,
    "PLATINUM_future": 1608.800048828125,
    "SILVER_future": 48.665000915527344,
    "Long_Term_Treasury_ETF": 91.44499969482422,
    "CORN_future": 423.5,
    "SOYBEANS_future": 1061.0,
    "WHEAT_future": 514.0,
    "SP500_close": 6802.22998046875,
    "NASDAQ_close": 23231.490234375,
    "US_10Y_Treasury_Yield": 3.999000072479248,
    "VIX_close": 16.59000015258789,
    "GOLD_basis_spot_vs_near": 0.39990234375,
    "China_10Y_Treasury_Yield": 1.8486
  }
}