{
  "latest_date": "2025-10-02",
  "latest_values": {
    "Shanghai_Composite_Index": 3882.777099609375,
    "CSI_300_Index": 4640.68994140625,
    "Shenzhen_Component_Index": 13526.509765625,
    "ALUMINUM_future": 2647.0,
    "BTC_price": 118681.2421875,
    "OIL_price": 61.630001068115234,
    "USD_CNY_exchange_rate": 7.118500232696533,
    "Commodity_Index_ETF": 22.489999771118164,
    "US_Dollar_Index": 97.56800079345703,
    "ETH_price": 4380.4013671875,
    "GOLD_spot_price": 3906.0,
    "LEAN_HOGS_future": 86.80000305175781,
    "COPPER_future": 4.9670000076293945,
    "High_Yield_Bond_ETF": 80.95999908447266,
    "LIVE_CATTLE_future": 231.27499389648438,
    "GOLD_near_month_future": 3906.10009765625,
    "NATURAL_GAS_future": 3.441999912261963,
    "PLATINUM_future": 1584.0,
    "SILVER_future": 47.470001220703125,
    "Long_Term_Treasury_ETF": 89.29000091552734,
    "CORN_future": 416.25,
    "SOYBEANS_future": 1013.5,
    "WHEAT_future": 510.5,
    "SP500_close": 6711.2001953125,
    "NASDAQ_close": 22755.16015625,
    "US_10Y_Treasury_Yield": 4.105999946594238,
    "VIX_close": 16.079999923706055,
    "GOLD_basis_spot_vs_near": -0.10009765625,
    "China_10Y_Treasury_Yield": 1.8605
  }
}