{
  "latest_date": "2025-11-20",
  "latest_values": {
    "Shanghai_Composite_Index": 3946.741943359375,
    "CSI_300_Index": 4588.2900390625,
    "Shenzhen_Component_Index": 13080.08984375,
    "ALUMINUM_future": 2722.5,
    "BTC_price": 92867.15625,
    "OIL_price": 59.459999084472656,
    "USD_CNY_exchange_rate": 7.114999771118164,
    "Commodity_Index_ETF": 22.899999618530273,
    "US_Dollar_Index": 100.24700164794922,
    "ETH_price": 3049.795654296875,
    "GOLD_spot_price": 4078.60009765625,
    "LEAN_HOGS_future": 78.94999694824219,
    "COPPER_future": 5.0370001792907715,
    "High_Yield_Bond_ETF": 80.1500015258789,
    "LIVE_CATTLE_future": 216.1750030517578,
    "GOLD_near_month_future": 4078.699951171875,
    "NATURAL_GAS_future": 4.559000015258789,
    "PLATINUM_future": 1563.4000244140625,
    "SILVER_future": 51.064998626708984,
    "Long_Term_Treasury_ETF": 88.87999725341797,
    "CORN_future": 429.5,
    "SOYBEANS_future": 1132.5,
    "WHEAT_future": 538.0,
    "SP500_close": 6642.16015625,
    "NASDAQ_close": 22564.23046875,
    "US_10Y_Treasury_Yield": 4.132999897003174,
    "VIX_close": 23.65999984741211,
    "GOLD_basis_spot_vs_near": -0.099853515625,
    "China_10Y_Treasury_Yield": 1.8179
  }
}