{
  "latest_date": "2026-06-02",
  "latest_values": {
    "Shanghai_Composite_Index": 4057.739990234375,
    "CSI_300_Index": 4844.259765625,
    "Shenzhen_Component_Index": 15340.3603515625,
    "ALUMINUM_future": 3790.0,
    "BTC_price": 67061.0625,
    "OIL_price": 93.80999755859375,
    "USD_CNY_exchange_rate": 6.766200065612793,
    "Commodity_Index_ETF": 30.100000381469727,
    "US_Dollar_Index": 99.2030029296875,
    "ETH_price": 1908.1199951171875,
    "GOLD_spot_price": 4517.89990234375,
    "LEAN_HOGS_future": 98.75,
    "COPPER_future": 6.665999889373779,
    "High_Yield_Bond_ETF": 79.88500213623047,
    "LIVE_CATTLE_future": 239.8000030517578,
    "GOLD_near_month_future": 4517.7998046875,
    "NATURAL_GAS_future": 3.1600000858306885,
    "PLATINUM_future": 1941.0999755859375,
    "SILVER_future": 75.52999877929688,
    "Long_Term_Treasury_ETF": 85.61499786376953,
    "CORN_future": 440.0,
    "SOYBEANS_future": 1164.5,
    "WHEAT_future": 602.5,
    "SP500_close": 7611.22998046875,
    "NASDAQ_close": 27092.6640625,
    "US_10Y_Treasury_Yield": 4.454999923706055,
    "VIX_close": 15.779999732971191,
    "GOLD_basis_spot_vs_near": 0.10009765625,
    "China_10Y_Treasury_Yield": 1.7036
  }
}