{
  "latest_date": "2026-02-25",
  "latest_values": {
    "Shanghai_Composite_Index": 4117.4091796875,
    "CSI_300_Index": 4707.5400390625,
    "Shenzhen_Component_Index": 14291.5703125,
    "ALUMINUM_future": 3077.25,
    "BTC_price": 65210.0625,
    "OIL_price": 66.06999969482422,
    "USD_CNY_exchange_rate": 6.871600151062012,
    "Commodity_Index_ETF": 24.719999313354492,
    "US_Dollar_Index": 97.71199798583984,
    "ETH_price": 1891.6435546875,
    "GOLD_spot_price": 5208.7001953125,
    "LEAN_HOGS_future": 95.80000305175781,
    "COPPER_future": 6.000999927520752,
    "High_Yield_Bond_ETF": 80.80999755859375,
    "LIVE_CATTLE_future": 239.1750030517578,
    "GOLD_near_month_future": 5208.60009765625,
    "NATURAL_GAS_future": 2.8480000495910645,
    "PLATINUM_future": 2262.10009765625,
    "SILVER_future": 89.6500015258789,
    "Long_Term_Treasury_ETF": 89.9000015258789,
    "CORN_future": 440.25,
    "SOYBEANS_future": 1163.25,
    "WHEAT_future": 574.75,
    "SP500_close": 6890.06982421875,
    "NASDAQ_close": 22863.6796875,
    "US_10Y_Treasury_Yield": 4.0329999923706055,
    "VIX_close": 19.549999237060547,
    "GOLD_basis_spot_vs_near": 0.10009765625,
    "China_10Y_Treasury_Yield": 1.8023
  }
}