{
  "latest_date": "2026-04-29",
  "latest_values": {
    "Shanghai_Composite_Index": 4078.636962890625,
    "CSI_300_Index": 4758.2099609375,
    "Shenzhen_Component_Index": 14830.4599609375,
    "ALUMINUM_future": 3436.25,
    "BTC_price": 75931.5703125,
    "OIL_price": 107.8499984741211,
    "USD_CNY_exchange_rate": 6.837399959564209,
    "Commodity_Index_ETF": 31.079999923706055,
    "US_Dollar_Index": 98.9749984741211,
    "ETH_price": 2255.179931640625,
    "GOLD_spot_price": 4558.2001953125,
    "LEAN_HOGS_future": 103.7249984741211,
    "COPPER_future": 5.929500102996826,
    "High_Yield_Bond_ETF": 80.12999725341797,
    "LIVE_CATTLE_future": 255.10000610351562,
    "GOLD_near_month_future": 4558.2998046875,
    "NATURAL_GAS_future": 2.6419999599456787,
    "PLATINUM_future": 1889.0,
    "SILVER_future": 71.87999725341797,
    "Long_Term_Treasury_ETF": 85.69999694824219,
    "CORN_future": 478.0,
    "SOYBEANS_future": 1197.75,
    "WHEAT_future": 653.0,
    "SP500_close": 7135.9501953125,
    "NASDAQ_close": 24673.240234375,
    "US_10Y_Treasury_Yield": 4.418000221252441,
    "VIX_close": 18.809999465942383,
    "GOLD_basis_spot_vs_near": -0.099609375,
    "China_10Y_Treasury_Yield": 1.7444
  }
}