{
  "latest_date": "2026-04-07",
  "latest_values": {
    "Shanghai_Composite_Index": 3880.096923828125,
    "CSI_300_Index": 4440.7900390625,
    "Shenzhen_Component_Index": 13352.900390625,
    "ALUMINUM_future": 3403.0,
    "BTC_price": 68767.109375,
    "OIL_price": 113.72000122070312,
    "USD_CNY_exchange_rate": 6.882400035858154,
    "Commodity_Index_ETF": 29.479999542236328,
    "US_Dollar_Index": 100.05599975585938,
    "ETH_price": 2113.668212890625,
    "GOLD_spot_price": 4680.60009765625,
    "LEAN_HOGS_future": 107.69999694824219,
    "COPPER_future": 5.629499912261963,
    "High_Yield_Bond_ETF": 79.69999694824219,
    "LIVE_CATTLE_future": 247.02499389648438,
    "GOLD_near_month_future": 4679.5,
    "NATURAL_GAS_future": 2.7939999103546143,
    "PLATINUM_future": 1971.300048828125,
    "SILVER_future": 73.0,
    "Long_Term_Treasury_ETF": 86.6500015258789,
    "CORN_future": 453.0,
    "SOYBEANS_future": 1165.75,
    "WHEAT_future": 593.5,
    "SP500_close": 6611.830078125,
    "NASDAQ_close": 21996.337890625,
    "US_10Y_Treasury_Yield": 4.335000038146973,
    "VIX_close": 24.170000076293945,
    "GOLD_basis_spot_vs_near": 1.10009765625,
    "China_10Y_Treasury_Yield": 1.8199
  }
}