{
  "latest_date": "2026-07-17",
  "latest_values": {
    "Shanghai_Composite_Index": 3882.4130859375,
    "CSI_300_Index": 4780.7900390625,
    "Shenzhen_Component_Index": 14488.650390625,
    "ALUMINUM_future": 3430.0,
    "BTC_price": 64125.9609375,
    "OIL_price": 81.44999694824219,
    "USD_CNY_exchange_rate": 6.768199920654297,
    "Commodity_Index_ETF": 28.950000762939453,
    "US_Dollar_Index": 100.76200103759766,
    "ETH_price": 1842.8399658203125,
    "GOLD_spot_price": 4016.300048828125,
    "LEAN_HOGS_future": 87.8499984741211,
    "COPPER_future": 6.268499851226807,
    "High_Yield_Bond_ETF": 79.7300033569336,
    "LIVE_CATTLE_future": 220.625,
    "GOLD_near_month_future": 4016.39990234375,
    "NATURAL_GAS_future": 2.9110000133514404,
    "PLATINUM_future": 1609.699951171875,
    "SILVER_future": 56.38999938964844,
    "Long_Term_Treasury_ETF": 84.52999877929688,
    "CORN_future": 468.25,
    "SOYBEANS_future": 1202.5,
    "WHEAT_future": 684.75,
    "SP500_close": 7460.0400390625,
    "NASDAQ_close": 25544.291015625,
    "US_10Y_Treasury_Yield": 4.540999889373779,
    "VIX_close": 18.450000762939453,
    "GOLD_basis_spot_vs_near": -0.099853515625,
    "China_10Y_Treasury_Yield": 1.7404
  }
}