{
  "latest_date": "2026-03-16",
  "latest_values": {
    "Shanghai_Composite_Index": 4095.447998046875,
    "CSI_300_Index": 4669.14013671875,
    "Shenzhen_Component_Index": 14280.7802734375,
    "ALUMINUM_future": 3454.5,
    "BTC_price": 72515.9609375,
    "OIL_price": 99.06999969482422,
    "USD_CNY_exchange_rate": 6.901000022888184,
    "Commodity_Index_ETF": 28.709999084472656,
    "ETH_price": 2179.84326171875,
    "GOLD_spot_price": 5005.7001953125,
    "LEAN_HOGS_future": 93.44999694824219,
    "COPPER_future": 5.718500137329102,
    "High_Yield_Bond_ETF": 79.19999694824219,
    "LIVE_CATTLE_future": 228.9499969482422,
    "GOLD_near_month_future": 5005.39990234375,
    "NATURAL_GAS_future": 3.115999937057495,
    "PLATINUM_future": 2031.0999755859375,
    "SILVER_future": 79.33999633789062,
    "Long_Term_Treasury_ETF": 86.54000091552734,
    "CORN_future": 465.5,
    "SOYBEANS_future": 1201.75,
    "WHEAT_future": 607.5,
    "SP500_close": 6632.18994140625,
    "NASDAQ_close": 22105.359375,
    "US_10Y_Treasury_Yield": 4.284999847412109,
    "VIX_close": 27.190000534057617,
    "GOLD_basis_spot_vs_near": 0.30029296875,
    "China_10Y_Treasury_Yield": 1.8143
  }
}