{
  "latest_date": "2026-04-28",
  "latest_values": {
    "Shanghai_Composite_Index": 4086.343994140625,
    "CSI_300_Index": 4770.9501953125,
    "Shenzhen_Component_Index": 14995.75,
    "ALUMINUM_future": 3501.75,
    "BTC_price": 76229.25,
    "OIL_price": 100.44999694824219,
    "USD_CNY_exchange_rate": 6.835899829864502,
    "Commodity_Index_ETF": 30.290000915527344,
    "US_Dollar_Index": 98.65599822998047,
    "ETH_price": 2292.330078125,
    "GOLD_spot_price": 4607.5,
    "LEAN_HOGS_future": 102.19999694824219,
    "COPPER_future": 5.9720001220703125,
    "High_Yield_Bond_ETF": 80.3550033569336,
    "LIVE_CATTLE_future": 253.22500610351562,
    "GOLD_near_month_future": 4607.2001953125,
    "NATURAL_GAS_future": 2.7079999446868896,
    "PLATINUM_future": 1957.0999755859375,
    "SILVER_future": 73.875,
    "Long_Term_Treasury_ETF": 86.18009948730469,
    "CORN_future": 474.25,
    "SOYBEANS_future": 1189.75,
    "WHEAT_future": 657.0,
    "SP500_close": 7129.58984375,
    "NASDAQ_close": 24599.58203125,
    "US_10Y_Treasury_Yield": 4.363999843597412,
    "VIX_close": 18.530000686645508,
    "GOLD_basis_spot_vs_near": 0.2998046875,
    "China_10Y_Treasury_Yield": 1.7654
  }
}