{
  "latest_date": "2026-06-16",
  "latest_values": {
    "Shanghai_Composite_Index": 4096.47216796875,
    "CSI_300_Index": 4777.31982421875,
    "Shenzhen_Component_Index": 15531.1103515625,
    "ALUMINUM_future": 3375.0,
    "BTC_price": 65703.796875,
    "OIL_price": 75.88999938964844,
    "USD_CNY_exchange_rate": 6.756999969482422,
    "Commodity_Index_ETF": 27.899999618530273,
    "US_Dollar_Index": 99.54000091552734,
    "ETH_price": 1792.9100341796875,
    "GOLD_spot_price": 4353.60009765625,
    "LEAN_HOGS_future": 95.07499694824219,
    "COPPER_future": 6.492000102996826,
    "High_Yield_Bond_ETF": 80.02999877929688,
    "LIVE_CATTLE_future": 249.125,
    "GOLD_near_month_future": 4353.5,
    "NATURAL_GAS_future": 3.253999948501587,
    "PLATINUM_future": 1809.0,
    "SILVER_future": 70.13999938964844,
    "Long_Term_Treasury_ETF": 86.19000244140625,
    "CORN_future": 414.25,
    "SOYBEANS_future": 1145.5,
    "WHEAT_future": 604.25,
    "SP500_close": 7511.35009765625,
    "NASDAQ_close": 26376.34375,
    "US_10Y_Treasury_Yield": 4.427999973297119,
    "VIX_close": 16.40999984741211,
    "GOLD_basis_spot_vs_near": 0.10009765625,
    "China_10Y_Treasury_Yield": 1.7324
  }
}