{
  "latest_date": "2026-02-04",
  "latest_values": {
    "Shanghai_Composite_Index": 4067.738037109375,
    "CSI_300_Index": 4660.10986328125,
    "Shenzhen_Component_Index": 14127.1103515625,
    "ALUMINUM_future": 3057.25,
    "BTC_price": 76210.96875,
    "OIL_price": 63.369998931884766,
    "USD_CNY_exchange_rate": 6.936100006103516,
    "Commodity_Index_ETF": 24.149999618530273,
    "US_Dollar_Index": 97.36900329589844,
    "ETH_price": 2273.251953125,
    "GOLD_spot_price": 5106.7998046875,
    "LEAN_HOGS_future": 88.625,
    "COPPER_future": 6.076000213623047,
    "High_Yield_Bond_ETF": 80.72000122070312,
    "LIVE_CATTLE_future": 240.4499969482422,
    "GOLD_near_month_future": 5106.39990234375,
    "NATURAL_GAS_future": 3.2750000953674316,
    "PLATINUM_future": 2311.60009765625,
    "SILVER_future": 89.91999816894531,
    "Long_Term_Treasury_ETF": 86.76000213623047,
    "CORN_future": 427.75,
    "SOYBEANS_future": 1064.0,
    "WHEAT_future": 528.25,
    "SP500_close": 6917.81005859375,
    "NASDAQ_close": 23255.189453125,
    "US_10Y_Treasury_Yield": 4.27400016784668,
    "VIX_close": 18.0,
    "GOLD_basis_spot_vs_near": 0.39990234375,
    "China_10Y_Treasury_Yield": 1.8172
  }
}