{
  "latest_date": "2025-09-17",
  "latest_values": {
    "Shanghai_Composite_Index": 3861.864990234375,
    "CSI_300_Index": 4523.33984375,
    "Shenzhen_Component_Index": 13063.9697265625,
    "ALUMINUM_future": 2644.5,
    "BTC_price": 116783.296875,
    "OIL_price": 64.0999984741211,
    "USD_CNY_exchange_rate": 7.118500232696533,
    "Commodity_Index_ETF": 22.780000686645508,
    "US_Dollar_Index": 96.75900268554688,
    "ETH_price": 4511.58203125,
    "GOLD_spot_price": 3700.89990234375,
    "LEAN_HOGS_future": 97.19999694824219,
    "COPPER_future": 4.599999904632568,
    "High_Yield_Bond_ETF": 81.12999725341797,
    "LIVE_CATTLE_future": 233.5749969482422,
    "GOLD_near_month_future": 3700.89990234375,
    "NATURAL_GAS_future": 3.1029999256134033,
    "PLATINUM_future": 1385.0,
    "SILVER_future": 41.98500061035156,
    "Long_Term_Treasury_ETF": 90.3499984741211,
    "CORN_future": 429.0,
    "SOYBEANS_future": 1045.25,
    "WHEAT_future": 533.25,
    "SP500_close": 6606.759765625,
    "NASDAQ_close": 22333.9609375,
    "US_10Y_Treasury_Yield": 4.026000022888184,
    "VIX_close": 16.600000381469727,
    "GOLD_basis_spot_vs_near": 0.0,
    "China_10Y_Treasury_Yield": 1.8527
  }
}