{
  "latest_date": "2026-04-22",
  "latest_values": {
    "Shanghai_Composite_Index": 4106.25830078125,
    "CSI_300_Index": 4799.626953125,
    "Shenzhen_Component_Index": 15177.2861328125,
    "ALUMINUM_future": 3564.0,
    "BTC_price": 78101.609375,
    "OIL_price": 90.37000274658203,
    "USD_CNY_exchange_rate": 6.817399978637695,
    "Commodity_Index_ETF": 29.209999084472656,
    "US_Dollar_Index": 98.3219985961914,
    "ETH_price": 2391.8798828125,
    "GOLD_spot_price": 4773.60009765625,
    "LEAN_HOGS_future": 95.4000015258789,
    "COPPER_future": 6.066500186920166,
    "High_Yield_Bond_ETF": 80.37000274658203,
    "LIVE_CATTLE_future": 247.4250030517578,
    "GOLD_near_month_future": 4773.60009765625,
    "NATURAL_GAS_future": 2.7300000190734863,
    "PLATINUM_future": 2083.10009765625,
    "SILVER_future": 77.94499969482422,
    "Long_Term_Treasury_ETF": 86.56999969482422,
    "CORN_future": 465.0,
    "SOYBEANS_future": 1199.0,
    "WHEAT_future": 614.75,
    "SP500_close": 7064.009765625,
    "NASDAQ_close": 24259.9609375,
    "US_10Y_Treasury_Yield": 4.291999816894531,
    "VIX_close": 19.229999542236328,
    "GOLD_basis_spot_vs_near": 0.0,
    "China_10Y_Treasury_Yield": 1.7389
  }
}