{
  "latest_date": "2025-11-14",
  "latest_values": {
    "Shanghai_Composite_Index": 4000.139892578125,
    "CSI_300_Index": 4645.91015625,
    "Shenzhen_Component_Index": 13240.6201171875,
    "ALUMINUM_future": 2844.75,
    "BTC_price": 98976.125,
    "OIL_price": 59.599998474121094,
    "USD_CNY_exchange_rate": 7.092899799346924,
    "Commodity_Index_ETF": 22.920000076293945,
    "US_Dollar_Index": 99.1760025024414,
    "ETH_price": 3219.576416015625,
    "GOLD_spot_price": 4208.10009765625,
    "LEAN_HOGS_future": 78.17500305175781,
    "COPPER_future": 5.078000068664551,
    "High_Yield_Bond_ETF": 80.19999694824219,
    "LIVE_CATTLE_future": 218.875,
    "GOLD_near_month_future": 4208.10009765625,
    "NATURAL_GAS_future": 4.616000175476074,
    "PLATINUM_future": 1613.0999755859375,
    "SILVER_future": 53.185001373291016,
    "Long_Term_Treasury_ETF": 89.37999725341797,
    "CORN_future": 441.25,
    "SOYBEANS_future": 1148.75,
    "WHEAT_future": 536.25,
    "SP500_close": 6737.490234375,
    "NASDAQ_close": 22870.35546875,
    "US_10Y_Treasury_Yield": 4.111999988555908,
    "VIX_close": 20.0,
    "GOLD_basis_spot_vs_near": 0.0,
    "China_10Y_Treasury_Yield": 1.8126
  }
}