{
  "latest_date": "2025-12-18",
  "latest_values": {
    "Shanghai_Composite_Index": 3870.278076171875,
    "CSI_300_Index": 4579.8798828125,
    "Shenzhen_Component_Index": 13224.509765625,
    "ALUMINUM_future": 2905.75,
    "BTC_price": 87846.984375,
    "OIL_price": 55.9900016784668,
    "USD_CNY_exchange_rate": 7.0406999588012695,
    "Commodity_Index_ETF": 22.850000381469727,
    "US_Dollar_Index": 98.4990005493164,
    "ETH_price": 2902.58984375,
    "GOLD_spot_price": 4350.0,
    "LEAN_HOGS_future": 83.125,
    "COPPER_future": 5.4039998054504395,
    "High_Yield_Bond_ETF": 80.55999755859375,
    "LIVE_CATTLE_future": 229.52499389648438,
    "GOLD_near_month_future": 4349.89990234375,
    "NATURAL_GAS_future": 4.197000026702881,
    "PLATINUM_future": 1938.300048828125,
    "SILVER_future": 65.94499969482422,
    "Long_Term_Treasury_ETF": 87.80000305175781,
    "CORN_future": 442.25,
    "SOYBEANS_future": 1056.0,
    "WHEAT_future": 506.0,
    "SP500_close": 6721.43017578125,
    "NASDAQ_close": 22693.3203125,
    "US_10Y_Treasury_Yield": 4.151000022888184,
    "VIX_close": 17.31999969482422,
    "GOLD_basis_spot_vs_near": 0.10009765625,
    "China_10Y_Treasury_Yield": 1.8356
  }
}