{
  "latest_date": "2026-05-13",
  "latest_values": {
    "Shanghai_Composite_Index": 4242.57177734375,
    "CSI_300_Index": 4998.341796875,
    "Shenzhen_Component_Index": 16089.7490234375,
    "ALUMINUM_future": 3622.25,
    "BTC_price": 79772.6796875,
    "OIL_price": 102.33999633789062,
    "USD_CNY_exchange_rate": 6.7947998046875,
    "Commodity_Index_ETF": 31.524999618530273,
    "US_Dollar_Index": 98.52799987792969,
    "ETH_price": 2268.300048828125,
    "GOLD_spot_price": 4690.39990234375,
    "LEAN_HOGS_future": 103.32499694824219,
    "COPPER_future": 6.6595001220703125,
    "High_Yield_Bond_ETF": 79.79499816894531,
    "LIVE_CATTLE_future": 241.85000610351562,
    "GOLD_near_month_future": 4690.7998046875,
    "NATURAL_GAS_future": 2.8989999294281006,
    "PLATINUM_future": 2158.0,
    "SILVER_future": 87.6449966430664,
    "Long_Term_Treasury_ETF": 85.00990295410156,
    "CORN_future": 479.75,
    "SOYBEANS_future": 1227.5,
    "WHEAT_future": 672.0,
    "SP500_close": 7387.0400390625,
    "NASDAQ_close": 26091.599609375,
    "US_10Y_Treasury_Yield": 4.474999904632568,
    "VIX_close": 18.040000915527344,
    "GOLD_basis_spot_vs_near": -0.39990234375,
    "China_10Y_Treasury_Yield": 1.7514
  }
}