{
  "latest_date": "2026-04-09",
  "latest_values": {
    "Shanghai_Composite_Index": 3966.171142578125,
    "CSI_300_Index": 4566.2236328125,
    "Shenzhen_Component_Index": 13996.265625,
    "ALUMINUM_future": 3358.5,
    "BTC_price": 71310.140625,
    "OIL_price": 101.2699966430664,
    "USD_CNY_exchange_rate": 6.8566999435424805,
    "Commodity_Index_ETF": 28.7549991607666,
    "US_Dollar_Index": 98.85199737548828,
    "ETH_price": 2182.979248046875,
    "GOLD_spot_price": 4808.7998046875,
    "LEAN_HOGS_future": 103.82499694824219,
    "COPPER_future": 5.75600004196167,
    "High_Yield_Bond_ETF": 80.20500183105469,
    "LIVE_CATTLE_future": 244.97500610351562,
    "GOLD_near_month_future": 4809.0,
    "NATURAL_GAS_future": 2.697000026702881,
    "PLATINUM_future": 2083.699951171875,
    "SILVER_future": 75.63500213623047,
    "Long_Term_Treasury_ETF": 86.68000030517578,
    "CORN_future": 445.5,
    "SOYBEANS_future": 1166.25,
    "WHEAT_future": 578.75,
    "SP500_close": 6799.0498046875,
    "NASDAQ_close": 22705.658203125,
    "US_10Y_Treasury_Yield": 4.300999641418457,
    "VIX_close": 20.479999542236328,
    "GOLD_basis_spot_vs_near": -0.2001953125,
    "China_10Y_Treasury_Yield": 1.8192
  }
}