{
  "latest_date": "2026-03-05",
  "latest_values": {
    "Shanghai_Composite_Index": 4108.56689453125,
    "CSI_300_Index": 4647.69189453125,
    "Shenzhen_Component_Index": 14088.8388671875,
    "ALUMINUM_future": 3190.75,
    "BTC_price": 71299.5234375,
    "OIL_price": 79.7300033569336,
    "USD_CNY_exchange_rate": 6.890699863433838,
    "Commodity_Index_ETF": 26.524999618530273,
    "US_Dollar_Index": 99.0459976196289,
    "ETH_price": 2093.854248046875,
    "GOLD_spot_price": 5089.2998046875,
    "LEAN_HOGS_future": 95.875,
    "COPPER_future": 5.822000026702881,
    "High_Yield_Bond_ETF": 80.05500030517578,
    "LIVE_CATTLE_future": 238.5749969482422,
    "GOLD_near_month_future": 5088.60009765625,
    "NATURAL_GAS_future": 2.993000030517578,
    "PLATINUM_future": 2130.300048828125,
    "SILVER_future": 82.375,
    "Long_Term_Treasury_ETF": 88.79000091552734,
    "CORN_future": 453.5,
    "SOYBEANS_future": 1179.0,
    "WHEAT_future": 585.25,
    "SP500_close": 6830.7099609375,
    "NASDAQ_close": 22748.986328125,
    "US_10Y_Treasury_Yield": 4.145999908447266,
    "VIX_close": 23.229999542236328,
    "GOLD_basis_spot_vs_near": 0.69970703125,
    "China_10Y_Treasury_Yield": 1.7779
  }
}