{
  "latest_date": "2026-07-17",
  "latest_values": {
    "Shanghai_Composite_Index": 3882.4130859375,
    "CSI_300_Index": 4780.7900390625,
    "Shenzhen_Component_Index": 14488.650390625,
    "ALUMINUM_future": 3430.0,
    "BTC_price": 63942.3515625,
    "OIL_price": 81.29000091552734,
    "USD_CNY_exchange_rate": 6.768199920654297,
    "Commodity_Index_ETF": 28.979999542236328,
    "US_Dollar_Index": 100.75900268554688,
    "ETH_price": 1845.77001953125,
    "GOLD_spot_price": 4022.0,
    "LEAN_HOGS_future": 88.0250015258789,
    "COPPER_future": 6.270500183105469,
    "High_Yield_Bond_ETF": 79.74500274658203,
    "LIVE_CATTLE_future": 221.6750030517578,
    "GOLD_near_month_future": 4022.300048828125,
    "NATURAL_GAS_future": 2.9119999408721924,
    "PLATINUM_future": 1613.300048828125,
    "SILVER_future": 56.39500045776367,
    "Long_Term_Treasury_ETF": 84.51750183105469,
    "CORN_future": 466.0,
    "SOYBEANS_future": 1199.75,
    "WHEAT_future": 675.5,
    "SP500_close": 7493.9501953125,
    "NASDAQ_close": 25694.013671875,
    "US_10Y_Treasury_Yield": 4.545000076293945,
    "VIX_close": 17.829999923706055,
    "GOLD_basis_spot_vs_near": -0.300048828125,
    "China_10Y_Treasury_Yield": 1.7404
  }
}