{
  "latest_date": "2026-03-11",
  "latest_values": {
    "Shanghai_Composite_Index": 4123.13818359375,
    "CSI_300_Index": 4674.759765625,
    "Shenzhen_Component_Index": 14354.0703125,
    "ALUMINUM_future": 3393.25,
    "BTC_price": 69575.34375,
    "OIL_price": 83.52999877929688,
    "USD_CNY_exchange_rate": 6.864500045776367,
    "Commodity_Index_ETF": 27.600000381469727,
    "US_Dollar_Index": 98.7760009765625,
    "ETH_price": 2020.88037109375,
    "GOLD_spot_price": 5216.5,
    "LEAN_HOGS_future": 96.2249984741211,
    "COPPER_future": 5.938499927520752,
    "High_Yield_Bond_ETF": 80.04000091552734,
    "LIVE_CATTLE_future": 232.4250030517578,
    "GOLD_near_month_future": 5216.5,
    "NATURAL_GAS_future": 3.0250000953674316,
    "PLATINUM_future": 2198.199951171875,
    "SILVER_future": 88.75499725341797,
    "Long_Term_Treasury_ETF": 88.27999877929688,
    "CORN_future": 452.75,
    "SOYBEANS_future": 1207.25,
    "WHEAT_future": 595.0,
    "SP500_close": 6781.47998046875,
    "NASDAQ_close": 22697.099609375,
    "US_10Y_Treasury_Yield": 4.136000156402588,
    "VIX_close": 24.93000030517578,
    "GOLD_basis_spot_vs_near": 0.0,
    "China_10Y_Treasury_Yield": 1.8055
  }
}