{
  "latest_date": "2025-09-16",
  "latest_values": {
    "Shanghai_Composite_Index": 3860.50390625,
    "CSI_300_Index": 4533.06005859375,
    "Shenzhen_Component_Index": 13005.76953125,
    "ALUMINUM_future": 2591.0,
    "BTC_price": 115533.6640625,
    "OIL_price": 63.150001525878906,
    "USD_CNY_exchange_rate": 7.124199867248535,
    "Commodity_Index_ETF": 22.549999237060547,
    "US_Dollar_Index": 96.98999786376953,
    "ETH_price": 4512.0732421875,
    "GOLD_spot_price": 3735.800048828125,
    "LEAN_HOGS_future": 97.57499694824219,
    "COPPER_future": 4.705999851226807,
    "High_Yield_Bond_ETF": 81.19000244140625,
    "LIVE_CATTLE_future": 234.625,
    "GOLD_near_month_future": 3735.89990234375,
    "NATURAL_GAS_future": 3.0480000972747803,
    "PLATINUM_future": 1417.5,
    "SILVER_future": 43.15999984741211,
    "Long_Term_Treasury_ETF": 90.16000366210938,
    "CORN_future": 425.0,
    "SOYBEANS_future": 1046.25,
    "WHEAT_future": 526.0,
    "SP500_close": 6615.27978515625,
    "NASDAQ_close": 22348.75,
    "US_10Y_Treasury_Yield": 4.033999919891357,
    "VIX_close": 15.479999542236328,
    "GOLD_basis_spot_vs_near": -0.099853515625,
    "China_10Y_Treasury_Yield": 1.8527
  }
}