{
  "latest_date": "2026-03-13",
  "latest_values": {
    "Shanghai_Composite_Index": 4129.10302734375,
    "CSI_300_Index": 4687.56005859375,
    "Shenzhen_Component_Index": 14374.8701171875,
    "ALUMINUM_future": 3457.0,
    "BTC_price": 71473.1953125,
    "OIL_price": 96.58000183105469,
    "USD_CNY_exchange_rate": 6.89169979095459,
    "Commodity_Index_ETF": 28.860000610351562,
    "ETH_price": 2100.47705078125,
    "GOLD_spot_price": 5094.2998046875,
    "LEAN_HOGS_future": 94.3499984741211,
    "COPPER_future": 5.795000076293945,
    "High_Yield_Bond_ETF": 79.3499984741211,
    "LIVE_CATTLE_future": 231.25,
    "GOLD_near_month_future": 5094.10009765625,
    "NATURAL_GAS_future": 3.2909998893737793,
    "PLATINUM_future": 2099.699951171875,
    "SILVER_future": 82.80000305175781,
    "Long_Term_Treasury_ETF": 86.97000122070312,
    "CORN_future": 463.0,
    "SOYBEANS_future": 1219.0,
    "WHEAT_future": 604.5,
    "SP500_close": 6672.6201171875,
    "NASDAQ_close": 22311.98046875,
    "US_10Y_Treasury_Yield": 4.2729997634887695,
    "VIX_close": 27.290000915527344,
    "GOLD_basis_spot_vs_near": 0.19970703125,
    "China_10Y_Treasury_Yield": 1.8052
  }
}