{
  "latest_date": "2026-06-24",
  "latest_values": {
    "Shanghai_Composite_Index": 4106.2509765625,
    "CSI_300_Index": 4941.60009765625,
    "Shenzhen_Component_Index": 15854.2001953125,
    "ALUMINUM_future": 3232.0,
    "BTC_price": 59754.55078125,
    "OIL_price": 70.68000030517578,
    "USD_CNY_exchange_rate": 6.774499893188477,
    "Commodity_Index_ETF": 26.610000610351562,
    "US_Dollar_Index": 101.54900360107422,
    "ETH_price": 1588.030029296875,
    "GOLD_spot_price": 4028.199951171875,
    "LEAN_HOGS_future": 96.7249984741211,
    "COPPER_future": 5.958499908447266,
    "High_Yield_Bond_ETF": 79.90499877929688,
    "LIVE_CATTLE_future": 247.5749969482422,
    "GOLD_near_month_future": 4028.10009765625,
    "NATURAL_GAS_future": 3.240000009536743,
    "PLATINUM_future": 1583.199951171875,
    "SILVER_future": 58.70000076293945,
    "Long_Term_Treasury_ETF": 87.3218002319336,
    "CORN_future": 417.75,
    "SOYBEANS_future": 1138.25,
    "WHEAT_future": 603.75,
    "SP500_close": 7384.43994140625,
    "NASDAQ_close": 25624.5390625,
    "US_10Y_Treasury_Yield": 4.4079999923706055,
    "VIX_close": 18.84000015258789,
    "GOLD_basis_spot_vs_near": 0.099853515625,
    "China_10Y_Treasury_Yield": 1.7454
  }
}