{
  "latest_date": "2025-10-06",
  "latest_values": {
    "Shanghai_Composite_Index": 3882.777099609375,
    "CSI_300_Index": 4640.68994140625,
    "Shenzhen_Component_Index": 13526.509765625,
    "ALUMINUM_future": 2704.75,
    "BTC_price": 125227.4296875,
    "OIL_price": 61.72999954223633,
    "USD_CNY_exchange_rate": 7.11899995803833,
    "Commodity_Index_ETF": 22.624300003051758,
    "US_Dollar_Index": 98.11199951171875,
    "ETH_price": 4698.25244140625,
    "GOLD_spot_price": 3982.0,
    "LEAN_HOGS_future": 87.25,
    "COPPER_future": 5.0329999923706055,
    "High_Yield_Bond_ETF": 80.88500213623047,
    "LIVE_CATTLE_future": 236.60000610351562,
    "GOLD_near_month_future": 3982.10009765625,
    "NATURAL_GAS_future": 3.369999885559082,
    "PLATINUM_future": 1660.5,
    "SILVER_future": 48.44499969482422,
    "Long_Term_Treasury_ETF": 88.7301025390625,
    "CORN_future": 420.75,
    "SOYBEANS_future": 1018.25,
    "WHEAT_future": 513.5,
    "SP500_close": 6746.330078125,
    "NASDAQ_close": 22965.98828125,
    "US_10Y_Treasury_Yield": 4.159999847412109,
    "VIX_close": 16.520000457763672,
    "GOLD_basis_spot_vs_near": -0.10009765625,
    "China_10Y_Treasury_Yield": 1.8605
  }
}