{
  "latest_date": "2026-03-06",
  "latest_values": {
    "Shanghai_Composite_Index": 4108.56689453125,
    "CSI_300_Index": 4647.68994140625,
    "Shenzhen_Component_Index": 14088.83984375,
    "ALUMINUM_future": 3272.75,
    "BTC_price": 70597.734375,
    "OIL_price": 81.43000030517578,
    "USD_CNY_exchange_rate": 6.901800155639648,
    "Commodity_Index_ETF": 26.520000457763672,
    "US_Dollar_Index": 99.09300231933594,
    "ETH_price": 2066.711181640625,
    "GOLD_spot_price": 5111.0,
    "LEAN_HOGS_future": 86.92500305175781,
    "COPPER_future": 5.849999904632568,
    "High_Yield_Bond_ETF": 80.08000183105469,
    "LIVE_CATTLE_future": 232.85000610351562,
    "GOLD_near_month_future": 5110.89990234375,
    "NATURAL_GAS_future": 2.9809999465942383,
    "PLATINUM_future": 2162.89990234375,
    "SILVER_future": 84.31999969482422,
    "Long_Term_Treasury_ETF": 88.79000091552734,
    "CORN_future": 454.75,
    "SOYBEANS_future": 1186.75,
    "WHEAT_future": 593.25,
    "SP500_close": 6830.7099609375,
    "NASDAQ_close": 22748.990234375,
    "US_10Y_Treasury_Yield": 4.145999908447266,
    "VIX_close": 23.219999313354492,
    "GOLD_basis_spot_vs_near": 0.10009765625,
    "China_10Y_Treasury_Yield": 1.7779
  }
}