{
  "latest_date": "2026-04-29",
  "latest_values": {
    "Shanghai_Composite_Index": 4078.636962890625,
    "CSI_300_Index": 4758.2099609375,
    "Shenzhen_Component_Index": 14830.4599609375,
    "ALUMINUM_future": 3426.75,
    "BTC_price": 75839.0625,
    "OIL_price": 108.48999786376953,
    "USD_CNY_exchange_rate": 6.836999893188477,
    "Commodity_Index_ETF": 31.079999923706055,
    "US_Dollar_Index": 98.93699645996094,
    "ETH_price": 2246.860107421875,
    "GOLD_spot_price": 4557.2998046875,
    "LEAN_HOGS_future": 103.7249984741211,
    "COPPER_future": 5.926499843597412,
    "High_Yield_Bond_ETF": 80.12999725341797,
    "LIVE_CATTLE_future": 255.10000610351562,
    "GOLD_near_month_future": 4557.39990234375,
    "NATURAL_GAS_future": 2.6480000019073486,
    "PLATINUM_future": 1884.9000244140625,
    "SILVER_future": 71.78500366210938,
    "Long_Term_Treasury_ETF": 85.69999694824219,
    "CORN_future": 478.0,
    "SOYBEANS_future": 1197.75,
    "WHEAT_future": 653.0,
    "SP500_close": 7135.9501953125,
    "NASDAQ_close": 24673.240234375,
    "US_10Y_Treasury_Yield": 4.418000221252441,
    "VIX_close": 18.809999465942383,
    "GOLD_basis_spot_vs_near": -0.10009765625,
    "China_10Y_Treasury_Yield": 1.7444
  }
}