{
  "latest_date": "2026-03-12",
  "latest_values": {
    "Shanghai_Composite_Index": 4133.43310546875,
    "CSI_300_Index": 4704.5,
    "Shenzhen_Component_Index": 14465.41015625,
    "ALUMINUM_future": 3443.0,
    "BTC_price": 69433.4296875,
    "OIL_price": 93.30000305175781,
    "USD_CNY_exchange_rate": 6.879199981689453,
    "Commodity_Index_ETF": 28.1299991607666,
    "US_Dollar_Index": 99.43099975585938,
    "ETH_price": 2027.9866943359375,
    "GOLD_spot_price": 5158.2001953125,
    "LEAN_HOGS_future": 95.19999694824219,
    "COPPER_future": 5.848999977111816,
    "High_Yield_Bond_ETF": 79.86000061035156,
    "LIVE_CATTLE_future": 230.14999389648438,
    "GOLD_near_month_future": 5158.10009765625,
    "NATURAL_GAS_future": 3.250999927520752,
    "PLATINUM_future": 2161.5,
    "SILVER_future": 85.36499786376953,
    "Long_Term_Treasury_ETF": 87.13999938964844,
    "CORN_future": 463.0,
    "SOYBEANS_future": 1219.25,
    "WHEAT_future": 599.75,
    "SP500_close": 6775.7998046875,
    "NASDAQ_close": 22716.130859375,
    "US_10Y_Treasury_Yield": 4.208000183105469,
    "VIX_close": 24.229999542236328,
    "GOLD_basis_spot_vs_near": 0.10009765625,
    "China_10Y_Treasury_Yield": 1.8075
  }
}