{
  "latest_date": "2025-12-15",
  "latest_values": {
    "Shanghai_Composite_Index": 3867.9208984375,
    "CSI_300_Index": 4552.0595703125,
    "Shenzhen_Component_Index": 13112.0888671875,
    "ALUMINUM_future": 2868.75,
    "BTC_price": 85822.359375,
    "OIL_price": 56.61000061035156,
    "USD_CNY_exchange_rate": 7.0467000007629395,
    "Commodity_Index_ETF": 22.77120018005371,
    "US_Dollar_Index": 98.3489990234375,
    "ETH_price": 2936.070556640625,
    "GOLD_spot_price": 4334.2001953125,
    "LEAN_HOGS_future": 83.7249984741211,
    "COPPER_future": 5.4120001792907715,
    "High_Yield_Bond_ETF": 80.63500213623047,
    "LIVE_CATTLE_future": 230.5,
    "GOLD_near_month_future": 4333.89990234375,
    "NATURAL_GAS_future": 4.065000057220459,
    "PLATINUM_future": 1818.0,
    "SILVER_future": 63.55500030517578,
    "Long_Term_Treasury_ETF": 87.48500061035156,
    "CORN_future": 439.25,
    "SOYBEANS_future": 1072.75,
    "WHEAT_future": 520.25,
    "SP500_close": 6817.2900390625,
    "NASDAQ_close": 23103.158203125,
    "US_10Y_Treasury_Yield": 4.177999973297119,
    "VIX_close": 16.790000915527344,
    "GOLD_basis_spot_vs_near": 0.30029296875,
    "China_10Y_Treasury_Yield": 1.8488
  }
}