{
  "latest_date": "2026-06-11",
  "latest_values": {
    "Shanghai_Composite_Index": 3993.22607421875,
    "CSI_300_Index": 4748.58984375,
    "Shenzhen_Component_Index": 14954.099609375,
    "ALUMINUM_future": 3548.25,
    "BTC_price": 63490.6015625,
    "OIL_price": 86.41999816894531,
    "USD_CNY_exchange_rate": 6.775100231170654,
    "Commodity_Index_ETF": 28.850000381469727,
    "US_Dollar_Index": 99.70800018310547,
    "ETH_price": 1677.5400390625,
    "GOLD_spot_price": 4233.7998046875,
    "LEAN_HOGS_future": 95.80000305175781,
    "COPPER_future": 6.391499996185303,
    "High_Yield_Bond_ETF": 79.94000244140625,
    "LIVE_CATTLE_future": 242.625,
    "GOLD_near_month_future": 4233.7998046875,
    "NATURAL_GAS_future": 3.0850000381469727,
    "PLATINUM_future": 1724.800048828125,
    "SILVER_future": 67.48999786376953,
    "Long_Term_Treasury_ETF": 85.9800033569336,
    "CORN_future": 411.0,
    "SOYBEANS_future": 1115.75,
    "WHEAT_future": 586.25,
    "SP500_close": 7394.2998046875,
    "NASDAQ_close": 25809.66015625,
    "US_10Y_Treasury_Yield": 4.463000297546387,
    "VIX_close": 19.440000534057617,
    "GOLD_basis_spot_vs_near": 0.0,
    "China_10Y_Treasury_Yield": 1.7475
  }
}