{
  "latest_date": "2025-12-17",
  "latest_values": {
    "Shanghai_Composite_Index": 3870.277587890625,
    "CSI_300_Index": 4579.875,
    "Shenzhen_Component_Index": 12914.669921875,
    "ALUMINUM_future": 2876.5,
    "BTC_price": 87693.265625,
    "OIL_price": 55.880001068115234,
    "USD_CNY_exchange_rate": 7.042600154876709,
    "Commodity_Index_ETF": 22.75,
    "US_Dollar_Index": 98.2969970703125,
    "ETH_price": 2923.729248046875,
    "GOLD_spot_price": 4362.5,
    "LEAN_HOGS_future": 83.19999694824219,
    "COPPER_future": 5.418000221252441,
    "High_Yield_Bond_ETF": 80.55500030517578,
    "LIVE_CATTLE_future": 230.75,
    "GOLD_near_month_future": 4362.5,
    "NATURAL_GAS_future": 4.011000156402588,
    "PLATINUM_future": 1912.9000244140625,
    "SILVER_future": 65.66000366210938,
    "Long_Term_Treasury_ETF": 87.7750015258789,
    "CORN_future": 439.25,
    "SOYBEANS_future": 1056.25,
    "WHEAT_future": 506.0,
    "SP500_close": 6764.4501953125,
    "NASDAQ_close": 22909.10546875,
    "US_10Y_Treasury_Yield": 4.147000312805176,
    "VIX_close": 17.079999923706055,
    "GOLD_basis_spot_vs_near": 0.0,
    "China_10Y_Treasury_Yield": 1.834
  }
}