{
  "latest_date": "2025-11-25",
  "latest_values": {
    "Shanghai_Composite_Index": 3870.022705078125,
    "CSI_300_Index": 4490.40478515625,
    "Shenzhen_Component_Index": 12777.3125,
    "ALUMINUM_future": 2771.25,
    "BTC_price": 87547.8359375,
    "OIL_price": 57.720001220703125,
    "USD_CNY_exchange_rate": 7.084000110626221,
    "Commodity_Index_ETF": 22.524999618530273,
    "US_Dollar_Index": 99.68099975585938,
    "ETH_price": 2935.60107421875,
    "GOLD_spot_price": 4182.0,
    "LEAN_HOGS_future": 79.19999694824219,
    "COPPER_future": 5.005499839782715,
    "High_Yield_Bond_ETF": 80.79499816894531,
    "LIVE_CATTLE_future": 207.5500030517578,
    "GOLD_near_month_future": 4181.89990234375,
    "NATURAL_GAS_future": 4.454999923706055,
    "PLATINUM_future": 1565.300048828125,
    "SILVER_future": 50.97999954223633,
    "Long_Term_Treasury_ETF": 90.51000213623047,
    "CORN_future": 424.25,
    "SOYBEANS_future": 1124.5,
    "WHEAT_future": 527.25,
    "SP500_close": 6748.33984375,
    "NASDAQ_close": 22945.0546875,
    "US_10Y_Treasury_Yield": 3.995999813079834,
    "VIX_close": 19.1200008392334,
    "GOLD_basis_spot_vs_near": 0.10009765625,
    "China_10Y_Treasury_Yield": 1.8301
  }
}