{
  "latest_date": "2025-10-27",
  "latest_values": {
    "Shanghai_Composite_Index": 3950.31201171875,
    "CSI_300_Index": 4660.68017578125,
    "Shenzhen_Component_Index": 13289.1796875,
    "ALUMINUM_future": 2851.5,
    "BTC_price": 115043.046875,
    "OIL_price": 61.869998931884766,
    "USD_CNY_exchange_rate": 7.107600212097168,
    "Commodity_Index_ETF": 22.834400177001953,
    "US_Dollar_Index": 98.9000015258789,
    "ETH_price": 4167.08154296875,
    "GOLD_spot_price": 4034.10009765625,
    "LEAN_HOGS_future": 81.80000305175781,
    "COPPER_future": 5.173500061035156,
    "High_Yield_Bond_ETF": 81.16500091552734,
    "LIVE_CATTLE_future": 228.875,
    "GOLD_near_month_future": 4034.10009765625,
    "NATURAL_GAS_future": 3.385999917984009,
    "PLATINUM_future": 1582.5999755859375,
    "SILVER_future": 46.970001220703125,
    "Long_Term_Treasury_ETF": 91.16780090332031,
    "CORN_future": 428.25,
    "SOYBEANS_future": 1082.0,
    "WHEAT_future": 526.75,
    "SP500_close": 6857.31005859375,
    "NASDAQ_close": 23565.494140625,
    "US_10Y_Treasury_Yield": 4.029000282287598,
    "VIX_close": 15.8100004196167,
    "GOLD_basis_spot_vs_near": 0.0,
    "China_10Y_Treasury_Yield": 1.8423
  }
}