{
  "latest_date": "2025-11-20",
  "latest_values": {
    "Shanghai_Composite_Index": 3946.741943359375,
    "CSI_300_Index": 4588.2900390625,
    "Shenzhen_Component_Index": 13080.08984375,
    "ALUMINUM_future": 2722.5,
    "BTC_price": 92419.671875,
    "OIL_price": 59.40999984741211,
    "USD_CNY_exchange_rate": 7.115099906921387,
    "Commodity_Index_ETF": 22.899999618530273,
    "US_Dollar_Index": 100.3010025024414,
    "ETH_price": 3034.106689453125,
    "GOLD_spot_price": 4068.300048828125,
    "LEAN_HOGS_future": 78.67500305175781,
    "COPPER_future": 5.020999908447266,
    "High_Yield_Bond_ETF": 80.1500015258789,
    "LIVE_CATTLE_future": 217.14999389648438,
    "GOLD_near_month_future": 4068.39990234375,
    "NATURAL_GAS_future": 4.552999973297119,
    "PLATINUM_future": 1559.9000244140625,
    "SILVER_future": 50.90999984741211,
    "Long_Term_Treasury_ETF": 88.87999725341797,
    "CORN_future": 429.0,
    "SOYBEANS_future": 1131.25,
    "WHEAT_future": 537.25,
    "SP500_close": 6642.16015625,
    "NASDAQ_close": 22564.23046875,
    "US_10Y_Treasury_Yield": 4.132999897003174,
    "VIX_close": 23.65999984741211,
    "GOLD_basis_spot_vs_near": -0.099853515625,
    "China_10Y_Treasury_Yield": 1.8179
  }
}