{
  "latest_date": "2025-11-05",
  "latest_values": {
    "Shanghai_Composite_Index": 3960.18603515625,
    "CSI_300_Index": 4618.7001953125,
    "Shenzhen_Component_Index": 13175.2197265625,
    "ALUMINUM_future": 2775.25,
    "BTC_price": 101444.90625,
    "OIL_price": 60.91999816894531,
    "USD_CNY_exchange_rate": 7.126299858093262,
    "Commodity_Index_ETF": 22.889999389648438,
    "US_Dollar_Index": 100.21199798583984,
    "ETH_price": 3279.1884765625,
    "GOLD_spot_price": 3971.0,
    "LEAN_HOGS_future": 79.82499694824219,
    "COPPER_future": 4.923999786376953,
    "High_Yield_Bond_ETF": 80.1500015258789,
    "LIVE_CATTLE_future": 227.39999389648438,
    "GOLD_near_month_future": 3970.699951171875,
    "NATURAL_GAS_future": 4.235000133514404,
    "PLATINUM_future": 1528.300048828125,
    "SILVER_future": 47.32500076293945,
    "Long_Term_Treasury_ETF": 89.94000244140625,
    "CORN_future": 432.25,
    "SOYBEANS_future": 1132.25,
    "WHEAT_future": 548.0,
    "SP500_close": 6771.5498046875,
    "NASDAQ_close": 23348.640625,
    "US_10Y_Treasury_Yield": 4.089000225067139,
    "VIX_close": 19.649999618530273,
    "GOLD_basis_spot_vs_near": 0.300048828125,
    "China_10Y_Treasury_Yield": 1.7964
  }
}