{
  "latest_date": "2025-11-06",
  "latest_values": {
    "Shanghai_Composite_Index": 3969.248046875,
    "CSI_300_Index": 4627.259765625,
    "Shenzhen_Component_Index": 13223.5595703125,
    "ALUMINUM_future": 2825.5,
    "BTC_price": 103176.21875,
    "OIL_price": 59.84000015258789,
    "USD_CNY_exchange_rate": 7.121500015258789,
    "Commodity_Index_ETF": 22.81999969482422,
    "US_Dollar_Index": 100.01799774169922,
    "ETH_price": 3381.922119140625,
    "GOLD_spot_price": 4014.39990234375,
    "LEAN_HOGS_future": 80.82499694824219,
    "COPPER_future": 5.012499809265137,
    "High_Yield_Bond_ETF": 80.2300033569336,
    "LIVE_CATTLE_future": 220.52499389648438,
    "GOLD_near_month_future": 4014.300048828125,
    "NATURAL_GAS_future": 4.294000148773193,
    "PLATINUM_future": 1573.9000244140625,
    "SILVER_future": 48.28499984741211,
    "Long_Term_Treasury_ETF": 88.95999908447266,
    "CORN_future": 433.0,
    "SOYBEANS_future": 1121.75,
    "WHEAT_future": 550.5,
    "SP500_close": 6796.2900390625,
    "NASDAQ_close": 23499.80078125,
    "US_10Y_Treasury_Yield": 4.1570000648498535,
    "VIX_close": 18.010000228881836,
    "GOLD_basis_spot_vs_near": 0.099853515625,
    "China_10Y_Treasury_Yield": 1.7964
  }
}