{
  "latest_date": "2025-10-02",
  "latest_values": {
    "Shanghai_Composite_Index": 3882.777099609375,
    "CSI_300_Index": 4640.68994140625,
    "Shenzhen_Component_Index": 13526.509765625,
    "ALUMINUM_future": 2647.75,
    "BTC_price": 118917.265625,
    "OIL_price": 61.529998779296875,
    "USD_CNY_exchange_rate": 7.118500232696533,
    "Commodity_Index_ETF": 22.489999771118164,
    "US_Dollar_Index": 97.60700225830078,
    "ETH_price": 4386.6142578125,
    "GOLD_spot_price": 3910.10009765625,
    "LEAN_HOGS_future": 88.92500305175781,
    "COPPER_future": 4.965000152587891,
    "High_Yield_Bond_ETF": 80.95999908447266,
    "LIVE_CATTLE_future": 234.60000610351562,
    "GOLD_near_month_future": 3910.10009765625,
    "NATURAL_GAS_future": 3.437999963760376,
    "PLATINUM_future": 1584.0,
    "SILVER_future": 47.56999969482422,
    "Long_Term_Treasury_ETF": 89.29000091552734,
    "CORN_future": 415.75,
    "SOYBEANS_future": 1028.75,
    "WHEAT_future": 510.0,
    "SP500_close": 6711.2001953125,
    "NASDAQ_close": 22755.16015625,
    "US_10Y_Treasury_Yield": 4.105999946594238,
    "VIX_close": 15.989999771118164,
    "GOLD_basis_spot_vs_near": 0.0,
    "China_10Y_Treasury_Yield": 1.8605
  }
}