{
  "latest_date": "2025-12-15",
  "latest_values": {
    "Shanghai_Composite_Index": 3867.9208984375,
    "CSI_300_Index": 4552.0595703125,
    "Shenzhen_Component_Index": 13112.0888671875,
    "ALUMINUM_future": 2868.75,
    "BTC_price": 86070.1953125,
    "OIL_price": 56.75,
    "USD_CNY_exchange_rate": 7.0467000007629395,
    "Commodity_Index_ETF": 22.825000762939453,
    "US_Dollar_Index": 98.31199645996094,
    "ETH_price": 2936.603271484375,
    "GOLD_spot_price": 4342.7001953125,
    "LEAN_HOGS_future": 83.82499694824219,
    "COPPER_future": 5.415999889373779,
    "High_Yield_Bond_ETF": 80.65499877929688,
    "LIVE_CATTLE_future": 230.5749969482422,
    "GOLD_near_month_future": 4342.7998046875,
    "NATURAL_GAS_future": 4.0279998779296875,
    "PLATINUM_future": 1817.199951171875,
    "SILVER_future": 64.1500015258789,
    "Long_Term_Treasury_ETF": 87.41500091552734,
    "CORN_future": 439.5,
    "SOYBEANS_future": 1073.0,
    "WHEAT_future": 520.75,
    "SP500_close": 6824.66015625,
    "NASDAQ_close": 23095.7578125,
    "US_10Y_Treasury_Yield": 4.182000160217285,
    "VIX_close": 16.59000015258789,
    "GOLD_basis_spot_vs_near": -0.099609375,
    "China_10Y_Treasury_Yield": 1.8488
  }
}