{
  "latest_date": "2025-10-17",
  "latest_values": {
    "Shanghai_Composite_Index": 3916.22802734375,
    "CSI_300_Index": 4618.419921875,
    "Shenzhen_Component_Index": 13086.41015625,
    "ALUMINUM_future": 2726.25,
    "BTC_price": 109074.1796875,
    "OIL_price": 56.810001373291016,
    "USD_CNY_exchange_rate": 7.126200199127197,
    "Commodity_Index_ETF": 22.139999389648438,
    "US_Dollar_Index": 98.20099639892578,
    "ETH_price": 3929.903564453125,
    "GOLD_spot_price": 4363.2001953125,
    "LEAN_HOGS_future": 82.55000305175781,
    "COPPER_future": 4.96150016784668,
    "High_Yield_Bond_ETF": 80.51000213623047,
    "LIVE_CATTLE_future": 247.75,
    "GOLD_near_month_future": 4363.39990234375,
    "NATURAL_GAS_future": 2.9140000343322754,
    "PLATINUM_future": 1737.800048828125,
    "SILVER_future": 53.20000076293945,
    "Long_Term_Treasury_ETF": 91.33999633789062,
    "CORN_future": 422.75,
    "SOYBEANS_future": 1030.25,
    "WHEAT_future": 502.25,
    "SP500_close": 6629.06982421875,
    "NASDAQ_close": 22562.5390625,
    "US_10Y_Treasury_Yield": 3.9760000705718994,
    "VIX_close": 25.309999465942383,
    "GOLD_basis_spot_vs_near": -0.19970703125,
    "China_10Y_Treasury_Yield": 1.8407
  }
}