{
  "latest_date": "2025-09-23",
  "latest_values": {
    "Shanghai_Composite_Index": 3828.575927734375,
    "CSI_300_Index": 4522.60986328125,
    "Shenzhen_Component_Index": 13157.9697265625,
    "ALUMINUM_future": 2578.75,
    "BTC_price": 113003.421875,
    "OIL_price": 63.2599983215332,
    "USD_CNY_exchange_rate": 7.1128997802734375,
    "Commodity_Index_ETF": 22.40999984741211,
    "US_Dollar_Index": 97.35900115966797,
    "ETH_price": 4190.64013671875,
    "GOLD_spot_price": 3813.800048828125,
    "LEAN_HOGS_future": 91.44999694824219,
    "COPPER_future": 4.636000156402588,
    "High_Yield_Bond_ETF": 81.34500122070312,
    "LIVE_CATTLE_future": 236.0749969482422,
    "GOLD_near_month_future": 3813.89990234375,
    "NATURAL_GAS_future": 3.0999999046325684,
    "PLATINUM_future": 1489.300048828125,
    "SILVER_future": 44.599998474121094,
    "Long_Term_Treasury_ETF": 88.80000305175781,
    "CORN_future": 422.75,
    "SOYBEANS_future": 1010.25,
    "WHEAT_future": 514.75,
    "SP500_close": 6696.0498046875,
    "NASDAQ_close": 22725.537109375,
    "US_10Y_Treasury_Yield": 4.138999938964844,
    "VIX_close": 16.149999618530273,
    "GOLD_basis_spot_vs_near": -0.099853515625,
    "China_10Y_Treasury_Yield": 1.877
  }
}