{
  "latest_date": "2025-12-09",
  "latest_values": {
    "Shanghai_Composite_Index": 3909.521484375,
    "CSI_300_Index": 4598.22314453125,
    "Shenzhen_Component_Index": 13277.3623046875,
    "ALUMINUM_future": 2848.75,
    "BTC_price": 93706.28125,
    "OIL_price": 58.40999984741211,
    "USD_CNY_exchange_rate": 7.063300132751465,
    "Commodity_Index_ETF": 22.9950008392334,
    "US_Dollar_Index": 99.21399688720703,
    "ETH_price": 3353.67578125,
    "GOLD_spot_price": 4242.0,
    "LEAN_HOGS_future": 82.05000305175781,
    "COPPER_future": 5.333499908447266,
    "High_Yield_Bond_ETF": 80.45500183105469,
    "LIVE_CATTLE_future": 226.97500610351562,
    "GOLD_near_month_future": 4242.10009765625,
    "NATURAL_GAS_future": 4.6020002365112305,
    "PLATINUM_future": 1707.300048828125,
    "SILVER_future": 61.189998626708984,
    "Long_Term_Treasury_ETF": 87.92500305175781,
    "CORN_future": 448.0,
    "SOYBEANS_future": 1087.75,
    "WHEAT_future": 534.25,
    "SP500_close": 6847.66015625,
    "NASDAQ_close": 23586.001953125,
    "US_10Y_Treasury_Yield": 4.184000015258789,
    "VIX_close": 16.670000076293945,
    "GOLD_basis_spot_vs_near": -0.10009765625,
    "China_10Y_Treasury_Yield": 1.8425
  }
}