{
  "latest_date": "2025-11-24",
  "latest_values": {
    "Shanghai_Composite_Index": 3836.765380859375,
    "CSI_300_Index": 4448.0478515625,
    "Shenzhen_Component_Index": 12585.083984375,
    "ALUMINUM_future": 2711.25,
    "BTC_price": 88887.1796875,
    "OIL_price": 58.90999984741211,
    "USD_CNY_exchange_rate": 7.101500034332275,
    "Commodity_Index_ETF": 22.639999389648438,
    "US_Dollar_Index": 100.19499969482422,
    "ETH_price": 2962.411376953125,
    "GOLD_spot_price": 4134.7998046875,
    "LEAN_HOGS_future": 78.0250015258789,
    "COPPER_future": 5.002999782562256,
    "High_Yield_Bond_ETF": 80.58999633789062,
    "LIVE_CATTLE_future": 207.1999969482422,
    "GOLD_near_month_future": 4134.7998046875,
    "NATURAL_GAS_future": 4.640999794006348,
    "PLATINUM_future": 1558.4000244140625,
    "SILVER_future": 51.154998779296875,
    "Long_Term_Treasury_ETF": 90.01000213623047,
    "CORN_future": 437.25,
    "SOYBEANS_future": 1121.25,
    "WHEAT_future": 522.75,
    "SP500_close": 6705.1201171875,
    "NASDAQ_close": 22872.005859375,
    "US_10Y_Treasury_Yield": 4.038000106811523,
    "VIX_close": 20.520000457763672,
    "GOLD_basis_spot_vs_near": 0.0,
    "China_10Y_Treasury_Yield": 1.821
  }
}