{
  "latest_date": "2026-03-16",
  "latest_values": {
    "Shanghai_Composite_Index": 4095.447998046875,
    "CSI_300_Index": 4669.14013671875,
    "Shenzhen_Component_Index": 14280.7802734375,
    "ALUMINUM_future": 3361.25,
    "BTC_price": 73308.8515625,
    "OIL_price": 98.38999938964844,
    "USD_CNY_exchange_rate": 6.894999980926514,
    "Commodity_Index_ETF": 28.709999084472656,
    "ETH_price": 2264.7431640625,
    "GOLD_spot_price": 4981.2998046875,
    "LEAN_HOGS_future": 93.44999694824219,
    "COPPER_future": 5.735000133514404,
    "High_Yield_Bond_ETF": 79.19999694824219,
    "LIVE_CATTLE_future": 230.89999389648438,
    "GOLD_near_month_future": 4981.0,
    "NATURAL_GAS_future": 3.0969998836517334,
    "PLATINUM_future": 2035.5999755859375,
    "SILVER_future": 77.2699966430664,
    "Long_Term_Treasury_ETF": 86.54000091552734,
    "CORN_future": 462.75,
    "SOYBEANS_future": 1194.25,
    "WHEAT_future": 607.5,
    "SP500_close": 6632.18994140625,
    "NASDAQ_close": 22105.359375,
    "US_10Y_Treasury_Yield": 4.284999847412109,
    "VIX_close": 26.219999313354492,
    "GOLD_basis_spot_vs_near": 0.2998046875,
    "China_10Y_Treasury_Yield": 1.8312
  }
}