{
  "latest_date": "2026-05-12",
  "latest_values": {
    "Shanghai_Composite_Index": 4214.4892578125,
    "CSI_300_Index": 4948.04638671875,
    "Shenzhen_Component_Index": 15824.9208984375,
    "ALUMINUM_future": 3520.75,
    "BTC_price": 80378.0234375,
    "OIL_price": 101.4000015258789,
    "USD_CNY_exchange_rate": 6.80049991607666,
    "Commodity_Index_ETF": 31.41010093688965,
    "US_Dollar_Index": 98.37799835205078,
    "ETH_price": 2263.679931640625,
    "GOLD_spot_price": 4673.60009765625,
    "LEAN_HOGS_future": 99.4749984741211,
    "COPPER_future": 6.5329999923706055,
    "High_Yield_Bond_ETF": 79.79499816894531,
    "LIVE_CATTLE_future": 249.52499389648438,
    "GOLD_near_month_future": 4673.2001953125,
    "NATURAL_GAS_future": 2.819000005722046,
    "PLATINUM_future": 2108.800048828125,
    "SILVER_future": 84.69000244140625,
    "Long_Term_Treasury_ETF": 85.0999984741211,
    "CORN_future": 477.75,
    "SOYBEANS_future": 1219.75,
    "WHEAT_future": 652.75,
    "SP500_close": 7352.4599609375,
    "NASDAQ_close": 25866.71484375,
    "US_10Y_Treasury_Yield": 4.450999736785889,
    "VIX_close": 18.950000762939453,
    "GOLD_basis_spot_vs_near": 0.39990234375,
    "China_10Y_Treasury_Yield": 1.7592
  }
}