{
  "latest_date": "2025-11-20",
  "latest_values": {
    "Shanghai_Composite_Index": 3939.81298828125,
    "CSI_300_Index": 4568.18994140625,
    "Shenzhen_Component_Index": 13080.490234375,
    "ALUMINUM_future": 2763.5,
    "BTC_price": 92247.3984375,
    "OIL_price": 59.43000030517578,
    "USD_CNY_exchange_rate": 7.11269998550415,
    "Commodity_Index_ETF": 22.899999618530273,
    "US_Dollar_Index": 100.16000366210938,
    "ETH_price": 3028.9921875,
    "GOLD_spot_price": 4093.39990234375,
    "LEAN_HOGS_future": 78.67500305175781,
    "COPPER_future": 5.039000034332275,
    "High_Yield_Bond_ETF": 80.1500015258789,
    "LIVE_CATTLE_future": 217.14999389648438,
    "GOLD_near_month_future": 4093.39990234375,
    "NATURAL_GAS_future": 4.552999973297119,
    "PLATINUM_future": 1569.0,
    "SILVER_future": 51.209999084472656,
    "Long_Term_Treasury_ETF": 88.87999725341797,
    "CORN_future": 430.0,
    "SOYBEANS_future": 1134.5,
    "WHEAT_future": 537.25,
    "SP500_close": 6642.16015625,
    "NASDAQ_close": 22564.228515625,
    "US_10Y_Treasury_Yield": 4.133000373840332,
    "VIX_close": 23.65999984741211,
    "GOLD_basis_spot_vs_near": 0.0,
    "China_10Y_Treasury_Yield": 1.8179
  }
}