{
  "latest_date": "2025-11-30",
  "latest_values": {
    "Shanghai_Composite_Index": 3888.595947265625,
    "CSI_300_Index": 4526.66015625,
    "Shenzhen_Component_Index": 12984.080078125,
    "ALUMINUM_future": 2740.5,
    "BTC_price": 91231.0078125,
    "OIL_price": 58.54999923706055,
    "USD_CNY_exchange_rate": 7.07450008392334,
    "Commodity_Index_ETF": 23.059999465942383,
    "US_Dollar_Index": 99.47899627685547,
    "ETH_price": 3024.42333984375,
    "GOLD_spot_price": 4254.89990234375,
    "LEAN_HOGS_future": 80.5999984741211,
    "COPPER_future": 5.185500144958496,
    "High_Yield_Bond_ETF": 80.98999786376953,
    "LIVE_CATTLE_future": 215.5749969482422,
    "GOLD_near_month_future": 4218.2998046875,
    "NATURAL_GAS_future": 4.849999904632568,
    "PLATINUM_future": 1685.0,
    "SILVER_future": 57.16299819946289,
    "Long_Term_Treasury_ETF": 90.20999908447266,
    "CORN_future": 435.5,
    "SOYBEANS_future": 1137.75,
    "WHEAT_future": 538.5,
    "SP500_close": 6849.08984375,
    "NASDAQ_close": 23365.689453125,
    "US_10Y_Treasury_Yield": 4.017000198364258,
    "VIX_close": 16.350000381469727,
    "GOLD_basis_spot_vs_near": 36.60009765625,
    "China_10Y_Treasury_Yield": 1.8412
  }
}