{
  "latest_date": "2026-03-03",
  "latest_values": {
    "Shanghai_Composite_Index": 4162.880859375,
    "CSI_300_Index": 4710.64990234375,
    "Shenzhen_Component_Index": 14495.08984375,
    "ALUMINUM_future": 3155.5,
    "BTC_price": 68851.78125,
    "OIL_price": 72.02999877929688,
    "USD_CNY_exchange_rate": 6.875100135803223,
    "Commodity_Index_ETF": 25.809999465942383,
    "US_Dollar_Index": 98.44200134277344,
    "ETH_price": 2025.89892578125,
    "GOLD_spot_price": 5393.7001953125,
    "LEAN_HOGS_future": 95.57499694824219,
    "COPPER_future": 5.994999885559082,
    "High_Yield_Bond_ETF": 80.27999877929688,
    "LIVE_CATTLE_future": 233.64999389648438,
    "GOLD_near_month_future": 5393.39990234375,
    "NATURAL_GAS_future": 2.999000072479248,
    "PLATINUM_future": 2326.10009765625,
    "SILVER_future": 91.20999908447266,
    "Long_Term_Treasury_ETF": 89.61000061035156,
    "CORN_future": 446.0,
    "SOYBEANS_future": 1168.5,
    "WHEAT_future": 577.25,
    "SP500_close": 6881.6201171875,
    "NASDAQ_close": 22748.857421875,
    "US_10Y_Treasury_Yield": 4.047999858856201,
    "VIX_close": 21.440000534057617,
    "GOLD_basis_spot_vs_near": 0.30029296875,
    "China_10Y_Treasury_Yield": 1.7761
  }
}