{
  "latest_date": "2025-10-30",
  "latest_values": {
    "Shanghai_Composite_Index": 4016.3310546875,
    "CSI_300_Index": 4747.83984375,
    "Shenzhen_Component_Index": 13691.3798828125,
    "ALUMINUM_future": 2858.0,
    "BTC_price": 109992.9296875,
    "OIL_price": 60.09000015258789,
    "USD_CNY_exchange_rate": 7.109799861907959,
    "Commodity_Index_ETF": 22.709999084472656,
    "US_Dollar_Index": 99.16200256347656,
    "ETH_price": 3896.3642578125,
    "GOLD_spot_price": 4011.699951171875,
    "LEAN_HOGS_future": 80.75,
    "COPPER_future": 5.198500156402588,
    "High_Yield_Bond_ETF": 80.94999694824219,
    "LIVE_CATTLE_future": 231.0749969482422,
    "GOLD_near_month_future": 4011.699951171875,
    "NATURAL_GAS_future": 3.818000078201294,
    "PLATINUM_future": 1610.5,
    "SILVER_future": 48.0099983215332,
    "Long_Term_Treasury_ETF": 91.08999633789062,
    "CORN_future": 429.75,
    "SOYBEANS_future": 1075.0,
    "WHEAT_future": 523.5,
    "SP500_close": 6890.58984375,
    "NASDAQ_close": 23958.470703125,
    "US_10Y_Treasury_Yield": 4.058000087738037,
    "VIX_close": 16.309999465942383,
    "GOLD_basis_spot_vs_near": 0.0,
    "China_10Y_Treasury_Yield": 1.8098
  }
}