{
  "latest_date": "2025-11-11",
  "latest_values": {
    "Shanghai_Composite_Index": 4018.596923828125,
    "CSI_300_Index": 4695.0498046875,
    "Shenzhen_Component_Index": 13427.6103515625,
    "ALUMINUM_future": 2834.25,
    "BTC_price": 104920.78125,
    "OIL_price": 59.72999954223633,
    "USD_CNY_exchange_rate": 7.120699882507324,
    "Commodity_Index_ETF": 23.149999618530273,
    "US_Dollar_Index": 99.66300201416016,
    "ETH_price": 3551.64306640625,
    "GOLD_spot_price": 4138.2998046875,
    "LEAN_HOGS_future": 82.375,
    "COPPER_future": 5.08050012588501,
    "High_Yield_Bond_ETF": 80.5999984741211,
    "LIVE_CATTLE_future": 226.9499969482422,
    "GOLD_near_month_future": 4138.2998046875,
    "NATURAL_GAS_future": 4.298999786376953,
    "PLATINUM_future": 1603.0,
    "SILVER_future": 50.55500030517578,
    "Long_Term_Treasury_ETF": 89.55000305175781,
    "CORN_future": 429.25,
    "SOYBEANS_future": 1128.25,
    "WHEAT_future": 536.5,
    "SP500_close": 6832.43017578125,
    "NASDAQ_close": 23527.169921875,
    "US_10Y_Treasury_Yield": 4.110000133514404,
    "VIX_close": 17.600000381469727,
    "GOLD_basis_spot_vs_near": 0.0,
    "China_10Y_Treasury_Yield": 1.8139
  }
}