{
  "latest_date": "2026-04-14",
  "latest_values": {
    "Shanghai_Composite_Index": 3988.55810546875,
    "CSI_300_Index": 4646.16015625,
    "Shenzhen_Component_Index": 14407.8603515625,
    "ALUMINUM_future": 3565.0,
    "BTC_price": 74409.875,
    "OIL_price": 96.72000122070312,
    "USD_CNY_exchange_rate": 6.8277997970581055,
    "Commodity_Index_ETF": 28.959999084472656,
    "US_Dollar_Index": 98.31099700927734,
    "ETH_price": 2364.110107421875,
    "GOLD_spot_price": 4798.2998046875,
    "LEAN_HOGS_future": 90.5,
    "COPPER_future": 6.006999969482422,
    "High_Yield_Bond_ETF": 80.26000213623047,
    "LIVE_CATTLE_future": 250.64999389648438,
    "GOLD_near_month_future": 4798.2001953125,
    "NATURAL_GAS_future": 2.6040000915527344,
    "PLATINUM_future": 2095.10009765625,
    "SILVER_future": 77.19999694824219,
    "Long_Term_Treasury_ETF": 86.75,
    "CORN_future": 442.5,
    "SOYBEANS_future": 1163.25,
    "WHEAT_future": 584.5,
    "SP500_close": 6886.240234375,
    "NASDAQ_close": 23183.740234375,
    "US_10Y_Treasury_Yield": 4.296999931335449,
    "VIX_close": 19.1200008392334,
    "GOLD_basis_spot_vs_near": 0.099609375,
    "China_10Y_Treasury_Yield": 1.7933
  }
}