{
  "latest_date": "2025-10-06",
  "latest_values": {
    "Shanghai_Composite_Index": 3882.777099609375,
    "CSI_300_Index": 4640.68994140625,
    "Shenzhen_Component_Index": 13526.509765625,
    "ALUMINUM_future": 2612.75,
    "BTC_price": 123924.640625,
    "OIL_price": 61.779998779296875,
    "USD_CNY_exchange_rate": 7.11899995803833,
    "Commodity_Index_ETF": 22.40999984741211,
    "US_Dollar_Index": 98.43399810791016,
    "ETH_price": 4570.306640625,
    "GOLD_spot_price": 3967.89990234375,
    "LEAN_HOGS_future": 87.30000305175781,
    "COPPER_future": 5.046000003814697,
    "High_Yield_Bond_ETF": 80.83999633789062,
    "LIVE_CATTLE_future": 236.9499969482422,
    "GOLD_near_month_future": 3967.60009765625,
    "NATURAL_GAS_future": 3.453000068664551,
    "PLATINUM_future": 1650.699951171875,
    "SILVER_future": 48.435001373291016,
    "Long_Term_Treasury_ETF": 89.37999725341797,
    "CORN_future": 419.5,
    "SOYBEANS_future": 1020.75,
    "WHEAT_future": 516.5,
    "SP500_close": 6715.7900390625,
    "NASDAQ_close": 22780.509765625,
    "US_10Y_Treasury_Yield": 4.11899995803833,
    "VIX_close": 16.729999542236328,
    "GOLD_basis_spot_vs_near": 0.2998046875,
    "China_10Y_Treasury_Yield": 1.8605
  }
}