{
  "latest_date": "2026-06-12",
  "latest_values": {
    "Shanghai_Composite_Index": 3987.014892578125,
    "CSI_300_Index": 4722.41015625,
    "Shenzhen_Component_Index": 14851.98046875,
    "ALUMINUM_future": 3575.25,
    "BTC_price": 63369.8984375,
    "OIL_price": 84.2699966430664,
    "USD_CNY_exchange_rate": 6.7754998207092285,
    "Commodity_Index_ETF": 28.549999237060547,
    "US_Dollar_Index": 99.80799865722656,
    "ETH_price": 1662.5799560546875,
    "GOLD_spot_price": 4233.89990234375,
    "LEAN_HOGS_future": 96.2249984741211,
    "COPPER_future": 6.473999977111816,
    "High_Yield_Bond_ETF": 79.94000244140625,
    "LIVE_CATTLE_future": 240.9499969482422,
    "GOLD_near_month_future": 4233.7998046875,
    "NATURAL_GAS_future": 3.131999969482422,
    "PLATINUM_future": 1718.5,
    "SILVER_future": 68.04499816894531,
    "Long_Term_Treasury_ETF": 85.7699966430664,
    "CORN_future": 413.25,
    "SOYBEANS_future": 1113.25,
    "WHEAT_future": 585.25,
    "SP500_close": 7431.4599609375,
    "NASDAQ_close": 25888.84375,
    "US_10Y_Treasury_Yield": 4.486999988555908,
    "VIX_close": 17.68000030517578,
    "GOLD_basis_spot_vs_near": 0.10009765625,
    "China_10Y_Treasury_Yield": 1.7427
  }
}