{
  "latest_date": "2026-05-08",
  "latest_values": {
    "Shanghai_Composite_Index": 4180.091796875,
    "CSI_300_Index": 4900.509765625,
    "Shenzhen_Component_Index": 15641.8896484375,
    "ALUMINUM_future": 3460.25,
    "BTC_price": 80221.59375,
    "OIL_price": 95.66999816894531,
    "USD_CNY_exchange_rate": 6.810999870300293,
    "Commodity_Index_ETF": 30.31999969482422,
    "US_Dollar_Index": 97.93000030517578,
    "ETH_price": 2311.699951171875,
    "GOLD_spot_price": 4728.60009765625,
    "LEAN_HOGS_future": 98.875,
    "COPPER_future": 6.307499885559082,
    "High_Yield_Bond_ETF": 80.09010314941406,
    "LIVE_CATTLE_future": 249.4499969482422,
    "GOLD_near_month_future": 4728.60009765625,
    "NATURAL_GAS_future": 2.760999917984009,
    "PLATINUM_future": 2062.10009765625,
    "SILVER_future": 80.81500244140625,
    "Long_Term_Treasury_ETF": 86.08999633789062,
    "CORN_future": 471.75,
    "SOYBEANS_future": 1208.0,
    "WHEAT_future": 619.5,
    "SP500_close": 7399.02001953125,
    "NASDAQ_close": 26204.310546875,
    "US_10Y_Treasury_Yield": 4.366000175476074,
    "VIX_close": 17.3700008392334,
    "GOLD_basis_spot_vs_near": 0.0,
    "China_10Y_Treasury_Yield": 1.7648
  }
}