{
  "latest_date": "2026-05-21",
  "latest_values": {
    "Shanghai_Composite_Index": 4162.18505859375,
    "CSI_300_Index": 4850.7001953125,
    "Shenzhen_Component_Index": 15569.98046875,
    "ALUMINUM_future": 3611.0,
    "BTC_price": 77846.0078125,
    "OIL_price": 98.7300033569336,
    "USD_CNY_exchange_rate": 6.814499855041504,
    "Commodity_Index_ETF": 30.579999923706055,
    "US_Dollar_Index": 99.19400024414062,
    "ETH_price": 2145.5,
    "GOLD_spot_price": 4542.7001953125,
    "LEAN_HOGS_future": 99.7750015258789,
    "COPPER_future": 6.336999893188477,
    "High_Yield_Bond_ETF": 79.91999816894531,
    "LIVE_CATTLE_future": 239.72500610351562,
    "GOLD_near_month_future": 4542.89990234375,
    "NATURAL_GAS_future": 3.1510000228881836,
    "PLATINUM_future": 1976.199951171875,
    "SILVER_future": 76.8949966430664,
    "Long_Term_Treasury_ETF": 84.12000274658203,
    "CORN_future": 464.0,
    "SOYBEANS_future": 1195.0,
    "WHEAT_future": 649.25,
    "SP500_close": 7449.18017578125,
    "NASDAQ_close": 26328.802734375,
    "US_10Y_Treasury_Yield": 4.574000358581543,
    "VIX_close": 16.940000534057617,
    "GOLD_basis_spot_vs_near": -0.19970703125,
    "China_10Y_Treasury_Yield": 1.7448
  }
}