{
  "latest_date": "2026-06-30",
  "latest_values": {
    "Shanghai_Composite_Index": 4073.902099609375,
    "CSI_300_Index": 4868.22021484375,
    "Shenzhen_Component_Index": 15812.8701171875,
    "ALUMINUM_future": 3247.0,
    "BTC_price": 59796.6484375,
    "OIL_price": 70.36000061035156,
    "USD_CNY_exchange_rate": 6.797999858856201,
    "Commodity_Index_ETF": 26.559999465942383,
    "US_Dollar_Index": 101.24099731445312,
    "ETH_price": 1590.199951171875,
    "GOLD_spot_price": 3981.800048828125,
    "LEAN_HOGS_future": 97.2750015258789,
    "COPPER_future": 6.158999919891357,
    "High_Yield_Bond_ETF": 80.01000213623047,
    "LIVE_CATTLE_future": 243.5500030517578,
    "GOLD_near_month_future": 3981.60009765625,
    "NATURAL_GAS_future": 3.174999952316284,
    "PLATINUM_future": 1577.5,
    "SILVER_future": 57.834999084472656,
    "Long_Term_Treasury_ETF": 87.44999694824219,
    "CORN_future": 431.25,
    "SOYBEANS_future": 1141.5,
    "WHEAT_future": 580.75,
    "SP500_close": 7440.43017578125,
    "NASDAQ_close": 25820.14453125,
    "US_10Y_Treasury_Yield": 4.374000072479248,
    "VIX_close": 17.649999618530273,
    "GOLD_basis_spot_vs_near": 0.199951171875,
    "China_10Y_Treasury_Yield": 1.717
  }
}