{
  "latest_date": "2025-09-17",
  "latest_values": {
    "Shanghai_Composite_Index": 3861.864990234375,
    "CSI_300_Index": 4523.3369140625,
    "Shenzhen_Component_Index": 13063.9736328125,
    "ALUMINUM_future": 2655.25,
    "BTC_price": 116701.4375,
    "OIL_price": 64.55999755859375,
    "USD_CNY_exchange_rate": 7.114200115203857,
    "Commodity_Index_ETF": 22.780000686645508,
    "US_Dollar_Index": 96.63999938964844,
    "ETH_price": 4497.39990234375,
    "GOLD_spot_price": 3730.699951171875,
    "LEAN_HOGS_future": 97.19999694824219,
    "COPPER_future": 4.69350004196167,
    "High_Yield_Bond_ETF": 81.12999725341797,
    "LIVE_CATTLE_future": 233.5749969482422,
    "GOLD_near_month_future": 3730.5,
    "NATURAL_GAS_future": 3.124000072479248,
    "PLATINUM_future": 1403.5999755859375,
    "SILVER_future": 42.875,
    "Long_Term_Treasury_ETF": 90.3499984741211,
    "CORN_future": 428.75,
    "SOYBEANS_future": 1051.0,
    "WHEAT_future": 532.5,
    "SP500_close": 6606.759765625,
    "NASDAQ_close": 22333.958984375,
    "US_10Y_Treasury_Yield": 4.026000022888184,
    "VIX_close": 16.360000610351562,
    "GOLD_basis_spot_vs_near": 0.199951171875,
    "China_10Y_Treasury_Yield": 1.8527
  }
}