{
  "latest_date": "2025-10-23",
  "latest_values": {
    "Shanghai_Composite_Index": 3922.41015625,
    "CSI_300_Index": 4606.3447265625,
    "Shenzhen_Component_Index": 12996.6103515625,
    "ALUMINUM_future": 2830.75,
    "BTC_price": 109591.5546875,
    "OIL_price": 61.43000030517578,
    "USD_CNY_exchange_rate": 7.121799945831299,
    "Commodity_Index_ETF": 22.834999084472656,
    "US_Dollar_Index": 98.97200012207031,
    "ETH_price": 3845.726318359375,
    "GOLD_spot_price": 4160.0,
    "LEAN_HOGS_future": 82.7249984741211,
    "COPPER_future": 5.102499961853027,
    "High_Yield_Bond_ETF": 80.75499725341797,
    "LIVE_CATTLE_future": 241.97500610351562,
    "GOLD_near_month_future": 4160.10009765625,
    "NATURAL_GAS_future": 3.384000062942505,
    "PLATINUM_future": 1588.0999755859375,
    "SILVER_future": 48.89500045776367,
    "Long_Term_Treasury_ETF": 91.58000183105469,
    "CORN_future": 423.75,
    "SOYBEANS_future": 1055.5,
    "WHEAT_future": 507.5,
    "SP500_close": 6721.2998046875,
    "NASDAQ_close": 22881.1328125,
    "US_10Y_Treasury_Yield": 3.9800000190734863,
    "VIX_close": 18.06999969482422,
    "GOLD_basis_spot_vs_near": -0.10009765625,
    "China_10Y_Treasury_Yield": 1.8391
  }
}