{
  "latest_date": "2025-10-31",
  "latest_values": {
    "Shanghai_Composite_Index": 3954.7900390625,
    "CSI_300_Index": 4640.66748046875,
    "Shenzhen_Component_Index": 13378.2119140625,
    "ALUMINUM_future": 2829.25,
    "BTC_price": 109355.078125,
    "OIL_price": 60.900001525878906,
    "USD_CNY_exchange_rate": 7.1168999671936035,
    "Commodity_Index_ETF": 22.8700008392334,
    "US_Dollar_Index": 99.80500030517578,
    "ETH_price": 3828.525634765625,
    "GOLD_spot_price": 4010.199951171875,
    "LEAN_HOGS_future": 81.2249984741211,
    "COPPER_future": 5.091000080108643,
    "High_Yield_Bond_ETF": 80.80500030517578,
    "LIVE_CATTLE_future": 229.75,
    "GOLD_near_month_future": 4010.199951171875,
    "NATURAL_GAS_future": 3.9560000896453857,
    "PLATINUM_future": 1578.0,
    "SILVER_future": 48.32500076293945,
    "Long_Term_Treasury_ETF": 90.26499938964844,
    "CORN_future": 431.75,
    "SOYBEANS_future": 1112.5,
    "WHEAT_future": 532.0,
    "SP500_close": 6837.3798828125,
    "NASDAQ_close": 23718.255859375,
    "US_10Y_Treasury_Yield": 4.095000267028809,
    "VIX_close": 17.860000610351562,
    "GOLD_basis_spot_vs_near": 0.0,
    "China_10Y_Treasury_Yield": 1.7954
  }
}