{
  "latest_date": "2026-03-03",
  "latest_values": {
    "Shanghai_Composite_Index": 4182.5908203125,
    "CSI_300_Index": 4728.669921875,
    "Shenzhen_Component_Index": 14465.7900390625,
    "ALUMINUM_future": 3196.75,
    "BTC_price": 66996.375,
    "OIL_price": 76.23999786376953,
    "USD_CNY_exchange_rate": 6.899099826812744,
    "Commodity_Index_ETF": 25.809999465942383,
    "US_Dollar_Index": 99.28099822998047,
    "ETH_price": 1960.0035400390625,
    "GOLD_spot_price": 5269.7998046875,
    "LEAN_HOGS_future": 85.875,
    "COPPER_future": 5.805500030517578,
    "High_Yield_Bond_ETF": 80.27999877929688,
    "LIVE_CATTLE_future": 229.22500610351562,
    "GOLD_near_month_future": 5269.5,
    "NATURAL_GAS_future": 3.1449999809265137,
    "PLATINUM_future": 2119.89990234375,
    "SILVER_future": 82.37999725341797,
    "Long_Term_Treasury_ETF": 89.61000061035156,
    "CORN_future": 451.25,
    "SOYBEANS_future": 1182.5,
    "WHEAT_future": 584.5,
    "SP500_close": 6881.6201171875,
    "NASDAQ_close": 22748.859375,
    "US_10Y_Treasury_Yield": 4.047999858856201,
    "VIX_close": 26.770000457763672,
    "GOLD_basis_spot_vs_near": 0.2998046875,
    "China_10Y_Treasury_Yield": 1.7807
  }
}