{
  "latest_date": "2026-02-02",
  "latest_values": {
    "Shanghai_Composite_Index": 4117.9482421875,
    "CSI_300_Index": 4706.33984375,
    "Shenzhen_Component_Index": 14205.8896484375,
    "ALUMINUM_future": 2955.5,
    "BTC_price": 76606.9453125,
    "OIL_price": 61.529998779296875,
    "USD_CNY_exchange_rate": 6.950500011444092,
    "Commodity_Index_ETF": 24.43000030517578,
    "US_Dollar_Index": 97.15699768066406,
    "ETH_price": 2237.371826171875,
    "GOLD_spot_price": 4647.7998046875,
    "LEAN_HOGS_future": 95.1500015258789,
    "COPPER_future": 5.764999866485596,
    "High_Yield_Bond_ETF": 81.12000274658203,
    "LIVE_CATTLE_future": 236.8000030517578,
    "GOLD_near_month_future": 4648.10009765625,
    "NATURAL_GAS_future": 3.6419999599456787,
    "PLATINUM_future": 2012.0,
    "SILVER_future": 77.45999908447266,
    "Long_Term_Treasury_ETF": 87.12999725341797,
    "CORN_future": 424.75,
    "SOYBEANS_future": 1056.5,
    "WHEAT_future": 530.5,
    "SP500_close": 6939.02978515625,
    "NASDAQ_close": 23461.8203125,
    "US_10Y_Treasury_Yield": 4.241000175476074,
    "VIX_close": 19.510000228881836,
    "GOLD_basis_spot_vs_near": -0.30029296875,
    "China_10Y_Treasury_Yield": 1.8112
  }
}