{
  "latest_date": "2025-10-14",
  "latest_values": {
    "Shanghai_Composite_Index": 3889.501953125,
    "CSI_300_Index": 4593.97998046875,
    "Shenzhen_Component_Index": 13231.4697265625,
    "ALUMINUM_future": 2705.75,
    "BTC_price": 112718.8046875,
    "OIL_price": 59.2400016784668,
    "USD_CNY_exchange_rate": 7.099999904632568,
    "Commodity_Index_ETF": 22.350000381469727,
    "US_Dollar_Index": 99.12799835205078,
    "ETH_price": 4085.7158203125,
    "GOLD_spot_price": 4133.2998046875,
    "LEAN_HOGS_future": 84.82499694824219,
    "COPPER_future": 5.0254998207092285,
    "High_Yield_Bond_ETF": 80.44999694824219,
    "LIVE_CATTLE_future": 244.5500030517578,
    "GOLD_near_month_future": 4133.39990234375,
    "NATURAL_GAS_future": 3.069000005722046,
    "PLATINUM_future": 1674.800048828125,
    "SILVER_future": 50.29499816894531,
    "Long_Term_Treasury_ETF": 90.56999969482422,
    "CORN_future": 410.75,
    "SOYBEANS_future": 1021.75,
    "WHEAT_future": 493.75,
    "SP500_close": 6654.72021484375,
    "NASDAQ_close": 22694.609375,
    "US_10Y_Treasury_Yield": 4.051000118255615,
    "VIX_close": 19.030000686645508,
    "GOLD_basis_spot_vs_near": -0.10009765625,
    "China_10Y_Treasury_Yield": 1.8383
  }
}