{
  "latest_date": "2026-06-08",
  "latest_values": {
    "Shanghai_Composite_Index": 4027.736083984375,
    "CSI_300_Index": 4816.919921875,
    "Shenzhen_Component_Index": 15314.7001953125,
    "ALUMINUM_future": 3668.5,
    "BTC_price": 63447.5703125,
    "OIL_price": 91.20999908447266,
    "USD_CNY_exchange_rate": 6.782700061798096,
    "Commodity_Index_ETF": 29.475000381469727,
    "US_Dollar_Index": 99.99600219726562,
    "ETH_price": 1684.300048828125,
    "GOLD_spot_price": 4358.89990234375,
    "LEAN_HOGS_future": 97.30000305175781,
    "COPPER_future": 6.339000225067139,
    "High_Yield_Bond_ETF": 79.52999877929688,
    "LIVE_CATTLE_future": 236.3249969482422,
    "GOLD_near_month_future": 4358.7001953125,
    "NATURAL_GAS_future": 3.13700008392334,
    "PLATINUM_future": 1754.199951171875,
    "SILVER_future": 68.45999908447266,
    "Long_Term_Treasury_ETF": 84.8949966430664,
    "CORN_future": 418.0,
    "SOYBEANS_future": 1116.75,
    "WHEAT_future": 581.75,
    "SP500_close": 7422.830078125,
    "NASDAQ_close": 25998.12890625,
    "US_10Y_Treasury_Yield": 4.543999671936035,
    "VIX_close": 18.6299991607666,
    "GOLD_basis_spot_vs_near": 0.19970703125,
    "China_10Y_Treasury_Yield": 1.7275
  }
}