{
  "latest_date": "2026-01-30",
  "latest_values": {
    "Shanghai_Composite_Index": 4151.23779296875,
    "CSI_300_Index": 4717.990234375,
    "Shenzhen_Component_Index": 14342.8896484375,
    "ALUMINUM_future": 3244.0,
    "BTC_price": 81786.1015625,
    "OIL_price": 65.0999984741211,
    "USD_CNY_exchange_rate": 6.94950008392334,
    "Commodity_Index_ETF": 25.299999237060547,
    "US_Dollar_Index": 96.45800018310547,
    "ETH_price": 2708.357666015625,
    "GOLD_spot_price": 5386.89990234375,
    "LEAN_HOGS_future": 95.32499694824219,
    "COPPER_future": 6.195499897003174,
    "High_Yield_Bond_ETF": 81.02999877929688,
    "LIVE_CATTLE_future": 237.27499389648438,
    "GOLD_near_month_future": 5386.7001953125,
    "NATURAL_GAS_future": 3.861999988555908,
    "PLATINUM_future": 2617.39990234375,
    "SILVER_future": 115.80999755859375,
    "Long_Term_Treasury_ETF": 87.62000274658203,
    "CORN_future": 430.25,
    "SOYBEANS_future": 1070.0,
    "WHEAT_future": 540.25,
    "SP500_close": 6969.009765625,
    "NASDAQ_close": 23685.12109375,
    "US_10Y_Treasury_Yield": 4.2270002365112305,
    "VIX_close": 16.8799991607666,
    "GOLD_basis_spot_vs_near": 0.19970703125,
    "China_10Y_Treasury_Yield": 1.8174
  }
}