{
  "latest_date": "2026-02-04",
  "latest_values": {
    "Shanghai_Composite_Index": 4102.2021484375,
    "CSI_300_Index": 4698.68310546875,
    "Shenzhen_Component_Index": 14156.2734375,
    "ALUMINUM_future": 2990.0,
    "BTC_price": 72806.71875,
    "OIL_price": 65.08999633789062,
    "USD_CNY_exchange_rate": 6.940999984741211,
    "Commodity_Index_ETF": 24.200000762939453,
    "US_Dollar_Index": 97.66600036621094,
    "ETH_price": 2093.749755859375,
    "GOLD_spot_price": 4925.2001953125,
    "LEAN_HOGS_future": 87.7249984741211,
    "COPPER_future": 5.854000091552734,
    "High_Yield_Bond_ETF": 80.61000061035156,
    "LIVE_CATTLE_future": 240.5500030517578,
    "GOLD_near_month_future": 4925.7001953125,
    "NATURAL_GAS_future": 3.4800000190734863,
    "PLATINUM_future": 2184.0,
    "SILVER_future": 84.41500091552734,
    "Long_Term_Treasury_ETF": 86.52999877929688,
    "CORN_future": 429.25,
    "SOYBEANS_future": 1092.25,
    "WHEAT_future": 526.25,
    "SP500_close": 6848.47021484375,
    "NASDAQ_close": 22752.029296875,
    "US_10Y_Treasury_Yield": 4.270999908447266,
    "VIX_close": 20.799999237060547,
    "GOLD_basis_spot_vs_near": -0.5,
    "China_10Y_Treasury_Yield": 1.8193
  }
}