{
  "latest_date": "2026-06-26",
  "latest_values": {
    "Shanghai_Composite_Index": 4120.28076171875,
    "CSI_300_Index": 4941.60009765625,
    "Shenzhen_Component_Index": 16344.080078125,
    "ALUMINUM_future": 3285.0,
    "BTC_price": 58739.76171875,
    "OIL_price": 70.76000213623047,
    "USD_CNY_exchange_rate": 6.789999961853027,
    "Commodity_Index_ETF": 26.93000030517578,
    "US_Dollar_Index": 101.51599884033203,
    "ETH_price": 1528.530029296875,
    "GOLD_spot_price": 4007.800048828125,
    "LEAN_HOGS_future": 96.6500015258789,
    "COPPER_future": 6.051000118255615,
    "High_Yield_Bond_ETF": 79.87999725341797,
    "LIVE_CATTLE_future": 247.22500610351562,
    "GOLD_near_month_future": 4008.39990234375,
    "NATURAL_GAS_future": 3.2769999504089355,
    "PLATINUM_future": 1581.800048828125,
    "SILVER_future": 56.17499923706055,
    "Long_Term_Treasury_ETF": 87.3499984741211,
    "CORN_future": 423.75,
    "SOYBEANS_future": 1151.25,
    "WHEAT_future": 597.0,
    "SP500_close": 7357.490234375,
    "NASDAQ_close": 25358.603515625,
    "US_10Y_Treasury_Yield": 4.3919997215271,
    "VIX_close": 18.889999389648438,
    "GOLD_basis_spot_vs_near": -0.599853515625,
    "China_10Y_Treasury_Yield": 1.7351
  }
}