{
  "latest_date": "2025-12-09",
  "latest_values": {
    "Shanghai_Composite_Index": 3909.521484375,
    "CSI_300_Index": 4598.22314453125,
    "Shenzhen_Component_Index": 13277.3623046875,
    "ALUMINUM_future": 2839.25,
    "BTC_price": 93795.6875,
    "OIL_price": 58.16999816894531,
    "USD_CNY_exchange_rate": 7.063300132751465,
    "Commodity_Index_ETF": 22.952999114990234,
    "US_Dollar_Index": 99.26599884033203,
    "ETH_price": 3372.841796875,
    "GOLD_spot_price": 4232.10009765625,
    "LEAN_HOGS_future": 81.9000015258789,
    "COPPER_future": 5.319499969482422,
    "High_Yield_Bond_ETF": 80.49500274658203,
    "LIVE_CATTLE_future": 227.02499389648438,
    "GOLD_near_month_future": 4232.2001953125,
    "NATURAL_GAS_future": 4.703000068664551,
    "PLATINUM_future": 1699.699951171875,
    "SILVER_future": 60.724998474121094,
    "Long_Term_Treasury_ETF": 88.08999633789062,
    "CORN_future": 440.5,
    "SOYBEANS_future": 1086.25,
    "WHEAT_future": 533.0,
    "SP500_close": 6850.93994140625,
    "NASDAQ_close": 23597.796875,
    "US_10Y_Treasury_Yield": 4.171999931335449,
    "VIX_close": 16.690000534057617,
    "GOLD_basis_spot_vs_near": -0.10009765625,
    "China_10Y_Treasury_Yield": 1.8425
  }
}