{
  "latest_date": "2026-05-21",
  "latest_values": {
    "Shanghai_Composite_Index": 4162.18505859375,
    "CSI_300_Index": 4850.7001953125,
    "Shenzhen_Component_Index": 15569.98046875,
    "ALUMINUM_future": 3611.0,
    "BTC_price": 77682.0,
    "OIL_price": 96.30999755859375,
    "USD_CNY_exchange_rate": 6.802000045776367,
    "Commodity_Index_ETF": 30.545000076293945,
    "US_Dollar_Index": 99.11499786376953,
    "ETH_price": 2137.93994140625,
    "GOLD_spot_price": 4550.60009765625,
    "LEAN_HOGS_future": 100.1500015258789,
    "COPPER_future": 6.355999946594238,
    "High_Yield_Bond_ETF": 79.91500091552734,
    "LIVE_CATTLE_future": 240.14999389648438,
    "GOLD_near_month_future": 4550.5,
    "NATURAL_GAS_future": 3.1549999713897705,
    "PLATINUM_future": 1977.800048828125,
    "SILVER_future": 77.30999755859375,
    "Long_Term_Treasury_ETF": 84.11000061035156,
    "CORN_future": 462.75,
    "SOYBEANS_future": 1193.5,
    "WHEAT_future": 647.75,
    "SP500_close": 7449.3798828125,
    "NASDAQ_close": 26312.861328125,
    "US_10Y_Treasury_Yield": 4.559999942779541,
    "VIX_close": 16.889999389648438,
    "GOLD_basis_spot_vs_near": 0.10009765625,
    "China_10Y_Treasury_Yield": 1.7448
  }
}