{
  "latest_date": "2026-02-27",
  "latest_values": {
    "Shanghai_Composite_Index": 4162.88134765625,
    "CSI_300_Index": 4710.64697265625,
    "Shenzhen_Component_Index": 14503.7900390625,
    "ALUMINUM_future": 3073.5,
    "BTC_price": 66047.046875,
    "OIL_price": 66.88999938964844,
    "USD_CNY_exchange_rate": 6.857399940490723,
    "Commodity_Index_ETF": 25.065000534057617,
    "US_Dollar_Index": 97.74099731445312,
    "ETH_price": 1952.7835693359375,
    "GOLD_spot_price": 5242.89990234375,
    "LEAN_HOGS_future": 85.69999694824219,
    "COPPER_future": 6.083499908447266,
    "High_Yield_Bond_ETF": 80.7249984741211,
    "LIVE_CATTLE_future": 230.1999969482422,
    "GOLD_near_month_future": 5242.89990234375,
    "NATURAL_GAS_future": 2.8450000286102295,
    "PLATINUM_future": 2365.800048828125,
    "SILVER_future": 92.56500244140625,
    "Long_Term_Treasury_ETF": 90.61000061035156,
    "CORN_future": 446.5,
    "SOYBEANS_future": 1163.75,
    "WHEAT_future": 589.5,
    "SP500_close": 6858.85009765625,
    "NASDAQ_close": 22678.109375,
    "US_10Y_Treasury_Yield": 3.9749999046325684,
    "VIX_close": 21.290000915527344,
    "GOLD_basis_spot_vs_near": 0.0,
    "China_10Y_Treasury_Yield": 1.7877
  }
}