{
  "latest_date": "2026-03-23",
  "latest_values": {
    "Shanghai_Composite_Index": 3957.052978515625,
    "CSI_300_Index": 4567.02001953125,
    "Shenzhen_Component_Index": 13866.2001953125,
    "ALUMINUM_future": 3118.25,
    "BTC_price": 71456.8046875,
    "OIL_price": 88.98999786376953,
    "USD_CNY_exchange_rate": 6.879799842834473,
    "Commodity_Index_ETF": 27.920000076293945,
    "US_Dollar_Index": 99.14299774169922,
    "ETH_price": 2180.437255859375,
    "GOLD_spot_price": 4482.7001953125,
    "LEAN_HOGS_future": 85.80000305175781,
    "COPPER_future": 5.486999988555908,
    "High_Yield_Bond_ETF": 79.51000213623047,
    "LIVE_CATTLE_future": 229.0749969482422,
    "GOLD_near_month_future": 4481.60009765625,
    "NATURAL_GAS_future": 2.930999994277954,
    "PLATINUM_future": 1897.800048828125,
    "SILVER_future": 70.13999938964844,
    "Long_Term_Treasury_ETF": 86.53040313720703,
    "CORN_future": 460.0,
    "SOYBEANS_future": 1157.75,
    "WHEAT_future": 585.0,
    "SP500_close": 6639.669921875,
    "NASDAQ_close": 22152.08203125,
    "US_10Y_Treasury_Yield": 4.349999904632568,
    "VIX_close": 24.290000915527344,
    "GOLD_basis_spot_vs_near": 1.10009765625,
    "China_10Y_Treasury_Yield": 1.8316
  }
}