{
  "latest_date": "2026-07-16",
  "latest_values": {
    "Shanghai_Composite_Index": 3955.577880859375,
    "CSI_300_Index": 4780.7900390625,
    "Shenzhen_Component_Index": 14779.400390625,
    "ALUMINUM_future": 3371.0,
    "BTC_price": 64147.94140625,
    "OIL_price": 78.88999938964844,
    "USD_CNY_exchange_rate": 6.768199920654297,
    "Commodity_Index_ETF": 28.459999084472656,
    "US_Dollar_Index": 100.7239990234375,
    "ETH_price": 1879.050048828125,
    "GOLD_spot_price": 3981.800048828125,
    "LEAN_HOGS_future": 86.9749984741211,
    "COPPER_future": 6.28849983215332,
    "High_Yield_Bond_ETF": 79.80000305175781,
    "LIVE_CATTLE_future": 223.0500030517578,
    "GOLD_near_month_future": 3982.0,
    "NATURAL_GAS_future": 2.8940000534057617,
    "PLATINUM_future": 1629.199951171875,
    "SILVER_future": 55.8849983215332,
    "Long_Term_Treasury_ETF": 84.20999908447266,
    "CORN_future": 463.5,
    "SOYBEANS_future": 1193.75,
    "WHEAT_future": 674.25,
    "SP500_close": 7533.77001953125,
    "NASDAQ_close": 25881.947265625,
    "US_10Y_Treasury_Yield": 4.568999767303467,
    "VIX_close": 16.729999542236328,
    "GOLD_basis_spot_vs_near": -0.199951171875,
    "China_10Y_Treasury_Yield": 1.7437
  }
}