{
  "latest_date": "2025-10-16",
  "latest_values": {
    "Shanghai_Composite_Index": 3912.208984375,
    "CSI_300_Index": 4606.2900390625,
    "Shenzhen_Component_Index": 13118.75,
    "ALUMINUM_future": 2696.0,
    "BTC_price": 111038.4140625,
    "OIL_price": 58.79999923706055,
    "USD_CNY_exchange_rate": 7.138400077819824,
    "Commodity_Index_ETF": 22.18000030517578,
    "US_Dollar_Index": 98.58300018310547,
    "ETH_price": 4000.01513671875,
    "GOLD_spot_price": 4222.10009765625,
    "LEAN_HOGS_future": 85.55000305175781,
    "COPPER_future": 4.963500022888184,
    "High_Yield_Bond_ETF": 80.80000305175781,
    "LIVE_CATTLE_future": 248.6999969482422,
    "GOLD_near_month_future": 4222.10009765625,
    "NATURAL_GAS_future": 3.0309998989105225,
    "PLATINUM_future": 1677.9000244140625,
    "SILVER_future": 51.41999816894531,
    "Long_Term_Treasury_ETF": 90.66000366210938,
    "CORN_future": 417.5,
    "SOYBEANS_future": 1009.75,
    "WHEAT_future": 498.0,
    "SP500_close": 6671.06005859375,
    "NASDAQ_close": 22670.080078125,
    "US_10Y_Treasury_Yield": 4.046000003814697,
    "VIX_close": 20.639999389648438,
    "GOLD_basis_spot_vs_near": 0.0,
    "China_10Y_Treasury_Yield": 1.8449
  }
}