{
  "latest_date": "2025-11-11",
  "latest_values": {
    "Shanghai_Composite_Index": 4018.596923828125,
    "CSI_300_Index": 4695.0498046875,
    "Shenzhen_Component_Index": 13427.6103515625,
    "ALUMINUM_future": 2867.0,
    "BTC_price": 106475.109375,
    "OIL_price": 59.970001220703125,
    "USD_CNY_exchange_rate": 7.121500015258789,
    "Commodity_Index_ETF": 23.149999618530273,
    "US_Dollar_Index": 99.65899658203125,
    "ETH_price": 3607.1044921875,
    "GOLD_spot_price": 4152.2998046875,
    "LEAN_HOGS_future": 82.375,
    "COPPER_future": 5.0904998779296875,
    "High_Yield_Bond_ETF": 80.5999984741211,
    "LIVE_CATTLE_future": 226.9499969482422,
    "GOLD_near_month_future": 4152.10009765625,
    "NATURAL_GAS_future": 4.366000175476074,
    "PLATINUM_future": 1606.0999755859375,
    "SILVER_future": 50.849998474121094,
    "Long_Term_Treasury_ETF": 89.55000305175781,
    "CORN_future": 428.75,
    "SOYBEANS_future": 1128.25,
    "WHEAT_future": 534.0,
    "SP500_close": 6832.43017578125,
    "NASDAQ_close": 23527.169921875,
    "US_10Y_Treasury_Yield": 4.110000133514404,
    "VIX_close": 17.600000381469727,
    "GOLD_basis_spot_vs_near": 0.19970703125,
    "China_10Y_Treasury_Yield": 1.8139
  }
}