{
  "latest_date": "2026-06-30",
  "latest_values": {
    "Shanghai_Composite_Index": 4073.902099609375,
    "CSI_300_Index": 4868.22021484375,
    "Shenzhen_Component_Index": 15812.8701171875,
    "ALUMINUM_future": 3247.0,
    "BTC_price": 59863.46875,
    "OIL_price": 70.61000061035156,
    "USD_CNY_exchange_rate": 6.797999858856201,
    "Commodity_Index_ETF": 26.559999465942383,
    "US_Dollar_Index": 101.27799987792969,
    "ETH_price": 1591.510009765625,
    "GOLD_spot_price": 3979.60009765625,
    "LEAN_HOGS_future": 97.2750015258789,
    "COPPER_future": 6.188000202178955,
    "High_Yield_Bond_ETF": 80.01000213623047,
    "LIVE_CATTLE_future": 243.5500030517578,
    "GOLD_near_month_future": 3979.699951171875,
    "NATURAL_GAS_future": 3.1730000972747803,
    "PLATINUM_future": 1574.0,
    "SILVER_future": 57.939998626708984,
    "Long_Term_Treasury_ETF": 87.44999694824219,
    "CORN_future": 431.75,
    "SOYBEANS_future": 1142.0,
    "WHEAT_future": 583.0,
    "SP500_close": 7440.43017578125,
    "NASDAQ_close": 25820.14453125,
    "US_10Y_Treasury_Yield": 4.374000072479248,
    "VIX_close": 17.649999618530273,
    "GOLD_basis_spot_vs_near": -0.099853515625,
    "China_10Y_Treasury_Yield": 1.717
  }
}