{
  "latest_date": "2025-11-04",
  "latest_values": {
    "Shanghai_Composite_Index": 3960.18603515625,
    "CSI_300_Index": 4618.69921875,
    "Shenzhen_Component_Index": 13404.0595703125,
    "ALUMINUM_future": 2818.5,
    "BTC_price": 103224.375,
    "OIL_price": 60.689998626708984,
    "USD_CNY_exchange_rate": 7.129000186920166,
    "Commodity_Index_ETF": 22.885000228881836,
    "US_Dollar_Index": 100.07099914550781,
    "ETH_price": 3508.951904296875,
    "GOLD_spot_price": 3968.10009765625,
    "LEAN_HOGS_future": 82.0250015258789,
    "COPPER_future": 4.963500022888184,
    "High_Yield_Bond_ETF": 80.16500091552734,
    "LIVE_CATTLE_future": 231.6999969482422,
    "GOLD_near_month_future": 3968.10009765625,
    "PLATINUM_future": 1548.5999755859375,
    "SILVER_future": 47.17499923706055,
    "Long_Term_Treasury_ETF": 89.99539947509766,
    "CORN_future": 430.25,
    "SOYBEANS_future": 1115.75,
    "WHEAT_future": 542.25,
    "SP500_close": 6802.3798828125,
    "NASDAQ_close": 23542.896484375,
    "US_10Y_Treasury_Yield": 4.081000328063965,
    "VIX_close": 18.1299991607666,
    "GOLD_basis_spot_vs_near": 0.0,
    "China_10Y_Treasury_Yield": 1.7984
  }
}