{
  "latest_date": "2026-03-10",
  "latest_values": {
    "Shanghai_Composite_Index": 4123.13818359375,
    "CSI_300_Index": 4674.75634765625,
    "Shenzhen_Component_Index": 14354.0732421875,
    "ALUMINUM_future": 3330.5,
    "BTC_price": 70157.875,
    "OIL_price": 86.6500015258789,
    "USD_CNY_exchange_rate": 6.876100063323975,
    "Commodity_Index_ETF": 27.59000015258789,
    "US_Dollar_Index": 98.91300201416016,
    "ETH_price": 2040.2210693359375,
    "GOLD_spot_price": 5206.60009765625,
    "LEAN_HOGS_future": 96.2249984741211,
    "COPPER_future": 5.920499801635742,
    "High_Yield_Bond_ETF": 80.05999755859375,
    "LIVE_CATTLE_future": 232.4250030517578,
    "GOLD_near_month_future": 5205.7998046875,
    "NATURAL_GAS_future": 3.046999931335449,
    "PLATINUM_future": 2206.60009765625,
    "SILVER_future": 88.73500061035156,
    "Long_Term_Treasury_ETF": 88.27999877929688,
    "CORN_future": 453.75,
    "SOYBEANS_future": 1203.25,
    "WHEAT_future": 593.0,
    "SP500_close": 6781.47998046875,
    "NASDAQ_close": 22697.103515625,
    "US_10Y_Treasury_Yield": 4.136000156402588,
    "VIX_close": 25.59000015258789,
    "GOLD_basis_spot_vs_near": 0.80029296875,
    "China_10Y_Treasury_Yield": 1.8055
  }
}