{
  "latest_date": "2026-04-21",
  "latest_values": {
    "Shanghai_Composite_Index": 4082.126953125,
    "CSI_300_Index": 4757.43994140625,
    "Shenzhen_Component_Index": 14966.75,
    "ALUMINUM_future": 3546.0,
    "BTC_price": 75876.5,
    "OIL_price": 86.52999877929688,
    "USD_CNY_exchange_rate": 6.816999912261963,
    "Commodity_Index_ETF": 28.670000076293945,
    "US_Dollar_Index": 98.14800262451172,
    "ETH_price": 2317.64990234375,
    "GOLD_spot_price": 4808.39990234375,
    "LEAN_HOGS_future": 94.2249984741211,
    "COPPER_future": 6.010499954223633,
    "High_Yield_Bond_ETF": 80.58000183105469,
    "LIVE_CATTLE_future": 249.60000610351562,
    "GOLD_near_month_future": 4808.7001953125,
    "NATURAL_GAS_future": 2.6640000343322754,
    "PLATINUM_future": 2081.800048828125,
    "SILVER_future": 78.87999725341797,
    "Long_Term_Treasury_ETF": 87.05000305175781,
    "CORN_future": 459.0,
    "SOYBEANS_future": 1184.5,
    "WHEAT_future": 606.75,
    "SP500_close": 7109.14013671875,
    "NASDAQ_close": 24404.390625,
    "US_10Y_Treasury_Yield": 4.25,
    "VIX_close": 18.8700008392334,
    "GOLD_basis_spot_vs_near": -0.30029296875,
    "China_10Y_Treasury_Yield": 1.7627
  }
}