{
  "latest_date": "2026-02-05",
  "latest_values": {
    "Shanghai_Composite_Index": 4075.916748046875,
    "CSI_300_Index": 4670.4189453125,
    "Shenzhen_Component_Index": 13952.7119140625,
    "ALUMINUM_future": 2942.25,
    "BTC_price": 63108.94921875,
    "OIL_price": 63.13999938964844,
    "USD_CNY_exchange_rate": 6.937300205230713,
    "Commodity_Index_ETF": 23.760000228881836,
    "US_Dollar_Index": 97.95999908447266,
    "ETH_price": 1846.4488525390625,
    "GOLD_spot_price": 4798.7001953125,
    "LEAN_HOGS_future": 87.4000015258789,
    "COPPER_future": 5.7170000076293945,
    "High_Yield_Bond_ETF": 80.52999877929688,
    "LIVE_CATTLE_future": 235.22500610351562,
    "GOLD_near_month_future": 4798.60009765625,
    "NATURAL_GAS_future": 3.515000104904175,
    "PLATINUM_future": 1978.800048828125,
    "SILVER_future": 70.36499786376953,
    "Long_Term_Treasury_ETF": 87.4800033569336,
    "CORN_future": 435.25,
    "SOYBEANS_future": 1110.75,
    "WHEAT_future": 534.75,
    "SP500_close": 6798.39990234375,
    "NASDAQ_close": 22540.5859375,
    "US_10Y_Treasury_Yield": 4.210000038146973,
    "VIX_close": 21.770000457763672,
    "GOLD_basis_spot_vs_near": 0.10009765625,
    "China_10Y_Treasury_Yield": 1.8169
  }
}