{
  "latest_date": "2026-07-03",
  "latest_values": {
    "Shanghai_Composite_Index": 4043.643310546875,
    "CSI_300_Index": 4842.173828125,
    "Shenzhen_Component_Index": 15597.51171875,
    "ALUMINUM_future": 3261.0,
    "BTC_price": 62031.19921875,
    "OIL_price": 68.30999755859375,
    "USD_CNY_exchange_rate": 6.7941999435424805,
    "Commodity_Index_ETF": 26.56999969482422,
    "US_Dollar_Index": 100.76300048828125,
    "ETH_price": 1736.6800537109375,
    "GOLD_spot_price": 4191.0,
    "LEAN_HOGS_future": 93.8499984741211,
    "COPPER_future": 6.2204999923706055,
    "High_Yield_Bond_ETF": 79.70999908447266,
    "LIVE_CATTLE_future": 239.22500610351562,
    "GOLD_near_month_future": 4191.2998046875,
    "NATURAL_GAS_future": 3.24399995803833,
    "PLATINUM_future": 1661.800048828125,
    "SILVER_future": 62.724998474121094,
    "Long_Term_Treasury_ETF": 85.51000213623047,
    "CORN_future": 425.0,
    "SOYBEANS_future": 1131.75,
    "WHEAT_future": 590.5,
    "SP500_close": 7483.240234375,
    "NASDAQ_close": 25832.669921875,
    "US_10Y_Treasury_Yield": 4.372000217437744,
    "VIX_close": 15.920000076293945,
    "GOLD_basis_spot_vs_near": -0.2998046875,
    "China_10Y_Treasury_Yield": 1.7463
  }
}