{
  "latest_date": "2026-07-15",
  "latest_values": {
    "Shanghai_Composite_Index": 3955.578125,
    "CSI_300_Index": 4786.78271484375,
    "Shenzhen_Component_Index": 14779.396484375,
    "ALUMINUM_future": 3350.0,
    "BTC_price": 64645.12109375,
    "OIL_price": 79.80999755859375,
    "USD_CNY_exchange_rate": 6.7795000076293945,
    "Commodity_Index_ETF": 28.329999923706055,
    "US_Dollar_Index": 100.97799682617188,
    "ETH_price": 1880.1300048828125,
    "GOLD_spot_price": 4035.300048828125,
    "LEAN_HOGS_future": 95.0999984741211,
    "COPPER_future": 6.359499931335449,
    "High_Yield_Bond_ETF": 79.5199966430664,
    "LIVE_CATTLE_future": 231.4250030517578,
    "GOLD_near_month_future": 4035.199951171875,
    "NATURAL_GAS_future": 2.8970000743865967,
    "PLATINUM_future": 1629.9000244140625,
    "SILVER_future": 58.26499938964844,
    "Long_Term_Treasury_ETF": 83.97000122070312,
    "CORN_future": 465.0,
    "SOYBEANS_future": 1195.5,
    "WHEAT_future": 665.0,
    "SP500_close": 7515.33984375,
    "NASDAQ_close": 25873.1796875,
    "US_10Y_Treasury_Yield": 4.609000205993652,
    "VIX_close": 16.3700008392334,
    "GOLD_basis_spot_vs_near": 0.10009765625,
    "China_10Y_Treasury_Yield": 1.7406
  }
}