{
  "latest_date": "2025-10-22",
  "latest_values": {
    "Shanghai_Composite_Index": 3916.33203125,
    "CSI_300_Index": 4607.8701171875,
    "Shenzhen_Component_Index": 13077.3203125,
    "ALUMINUM_future": 2740.0,
    "BTC_price": 107450.5859375,
    "OIL_price": 58.310001373291016,
    "USD_CNY_exchange_rate": 7.119500160217285,
    "Commodity_Index_ETF": 22.110000610351562,
    "US_Dollar_Index": 99.09200286865234,
    "ETH_price": 3795.24365234375,
    "GOLD_spot_price": 4042.5,
    "LEAN_HOGS_future": 85.82499694824219,
    "COPPER_future": 4.975500106811523,
    "High_Yield_Bond_ETF": 80.76000213623047,
    "LIVE_CATTLE_future": 245.4250030517578,
    "GOLD_near_month_future": 4043.39990234375,
    "NATURAL_GAS_future": 3.4549999237060547,
    "PLATINUM_future": 1526.199951171875,
    "SILVER_future": 47.4900016784668,
    "Long_Term_Treasury_ETF": 92.0,
    "CORN_future": 420.0,
    "SOYBEANS_future": 1033.25,
    "WHEAT_future": 499.25,
    "SP500_close": 6735.35009765625,
    "NASDAQ_close": 22953.669921875,
    "US_10Y_Treasury_Yield": 3.9630000591278076,
    "VIX_close": 17.809999465942383,
    "GOLD_basis_spot_vs_near": -0.89990234375,
    "China_10Y_Treasury_Yield": 1.8293
  }
}