{
  "latest_date": "2026-07-14",
  "latest_values": {
    "Shanghai_Composite_Index": 3913.7939453125,
    "CSI_300_Index": 4780.7900390625,
    "Shenzhen_Component_Index": 14522.849609375,
    "ALUMINUM_future": 3334.0,
    "BTC_price": 64451.53125,
    "OIL_price": 79.12999725341797,
    "USD_CNY_exchange_rate": 6.776599884033203,
    "Commodity_Index_ETF": 28.540000915527344,
    "US_Dollar_Index": 100.90499877929688,
    "ETH_price": 1864.550048828125,
    "GOLD_spot_price": 4065.39990234375,
    "LEAN_HOGS_future": 98.0,
    "COPPER_future": 6.368000030517578,
    "High_Yield_Bond_ETF": 79.6449966430664,
    "LIVE_CATTLE_future": 231.875,
    "GOLD_near_month_future": 4065.10009765625,
    "NATURAL_GAS_future": 2.8980000019073486,
    "PLATINUM_future": 1640.699951171875,
    "SILVER_future": 58.95500183105469,
    "Long_Term_Treasury_ETF": 84.11990356445312,
    "CORN_future": 460.25,
    "SOYBEANS_future": 1191.5,
    "WHEAT_future": 644.0,
    "SP500_close": 7545.41015625,
    "NASDAQ_close": 26121.123046875,
    "US_10Y_Treasury_Yield": 4.581000328063965,
    "VIX_close": 16.40999984741211,
    "GOLD_basis_spot_vs_near": 0.2998046875,
    "China_10Y_Treasury_Yield": 1.7402
  }
}