{
  "latest_date": "2026-06-17",
  "latest_values": {
    "Shanghai_Composite_Index": 4091.89208984375,
    "CSI_300_Index": 4777.31982421875,
    "Shenzhen_Component_Index": 15675.25,
    "ALUMINUM_future": 3396.25,
    "BTC_price": 65848.0234375,
    "OIL_price": 75.55000305175781,
    "USD_CNY_exchange_rate": 6.756999969482422,
    "Commodity_Index_ETF": 27.899999618530273,
    "US_Dollar_Index": 99.52100372314453,
    "ETH_price": 1794.280029296875,
    "GOLD_spot_price": 4359.7001953125,
    "LEAN_HOGS_future": 95.07499694824219,
    "COPPER_future": 6.509500026702881,
    "High_Yield_Bond_ETF": 80.02999877929688,
    "LIVE_CATTLE_future": 249.125,
    "GOLD_near_month_future": 4359.5,
    "NATURAL_GAS_future": 3.255000114440918,
    "PLATINUM_future": 1816.0,
    "SILVER_future": 70.42500305175781,
    "Long_Term_Treasury_ETF": 86.19000244140625,
    "CORN_future": 413.75,
    "SOYBEANS_future": 1151.0,
    "WHEAT_future": 604.5,
    "SP500_close": 7511.35009765625,
    "NASDAQ_close": 26376.34375,
    "US_10Y_Treasury_Yield": 4.427999973297119,
    "VIX_close": 16.40999984741211,
    "GOLD_basis_spot_vs_near": 0.2001953125,
    "China_10Y_Treasury_Yield": 1.7324
  }
}