{
  "latest_date": "2025-09-15",
  "latest_values": {
    "Shanghai_Composite_Index": 3860.503662109375,
    "CSI_300_Index": 4533.0556640625,
    "Shenzhen_Component_Index": 13005.7744140625,
    "ALUMINUM_future": 2623.75,
    "BTC_price": 115047.015625,
    "OIL_price": 63.31999969482422,
    "USD_CNY_exchange_rate": 7.1184000968933105,
    "Commodity_Index_ETF": 22.53569984436035,
    "US_Dollar_Index": 97.28399658203125,
    "ETH_price": 4502.70068359375,
    "GOLD_spot_price": 3721.60009765625,
    "LEAN_HOGS_future": 97.4749984741211,
    "COPPER_future": 4.7210001945495605,
    "High_Yield_Bond_ETF": 81.16000366210938,
    "LIVE_CATTLE_future": 234.60000610351562,
    "GOLD_near_month_future": 3721.699951171875,
    "NATURAL_GAS_future": 3.0139999389648438,
    "PLATINUM_future": 1419.300048828125,
    "SILVER_future": 43.07500076293945,
    "Long_Term_Treasury_ETF": 90.27010345458984,
    "CORN_future": 423.25,
    "SOYBEANS_future": 1043.25,
    "WHEAT_future": 524.75,
    "SP500_close": 6612.259765625,
    "NASDAQ_close": 22331.982421875,
    "US_10Y_Treasury_Yield": 4.033999919891357,
    "VIX_close": 15.550000190734863,
    "GOLD_basis_spot_vs_near": -0.099853515625,
    "China_10Y_Treasury_Yield": 1.8724
  }
}