{
  "latest_date": "2025-10-10",
  "latest_values": {
    "Shanghai_Composite_Index": 3897.028076171875,
    "CSI_300_Index": 4616.833984375,
    "Shenzhen_Component_Index": 13355.4189453125,
    "ALUMINUM_future": 2650.0,
    "BTC_price": 117321.5546875,
    "OIL_price": 58.79999923706055,
    "USD_CNY_exchange_rate": 7.118500232696533,
    "Commodity_Index_ETF": 22.079999923706055,
    "US_Dollar_Index": 98.9520034790039,
    "ETH_price": 4050.912353515625,
    "GOLD_spot_price": 4015.10009765625,
    "LEAN_HOGS_future": 83.94999694824219,
    "COPPER_future": 4.901000022888184,
    "High_Yield_Bond_ETF": 80.09500122070312,
    "LIVE_CATTLE_future": 242.60000610351562,
    "GOLD_near_month_future": 4015.10009765625,
    "NATURAL_GAS_future": 3.11899995803833,
    "PLATINUM_future": 1627.9000244140625,
    "SILVER_future": 47.38999938964844,
    "Long_Term_Treasury_ETF": 90.5250015258789,
    "CORN_future": 413.5,
    "SOYBEANS_future": 1023.75,
    "WHEAT_future": 498.75,
    "SP500_close": 6599.93017578125,
    "NASDAQ_close": 22414.970703125,
    "US_10Y_Treasury_Yield": 4.046000003814697,
    "VIX_close": 21.459999084472656,
    "GOLD_basis_spot_vs_near": 0.0,
    "China_10Y_Treasury_Yield": 1.846
  }
}