{
  "latest_date": "2026-03-16",
  "latest_values": {
    "Shanghai_Composite_Index": 4095.447998046875,
    "CSI_300_Index": 4669.14013671875,
    "Shenzhen_Component_Index": 14280.7802734375,
    "ALUMINUM_future": 3397.0,
    "BTC_price": 73185.8359375,
    "OIL_price": 99.83999633789062,
    "USD_CNY_exchange_rate": 6.894400119781494,
    "Commodity_Index_ETF": 28.709999084472656,
    "ETH_price": 2247.802001953125,
    "GOLD_spot_price": 4987.89990234375,
    "LEAN_HOGS_future": 93.44999694824219,
    "COPPER_future": 5.743000030517578,
    "High_Yield_Bond_ETF": 79.19999694824219,
    "LIVE_CATTLE_future": 230.89999389648438,
    "GOLD_near_month_future": 4988.2998046875,
    "NATURAL_GAS_future": 3.118000030517578,
    "PLATINUM_future": 2041.9000244140625,
    "SILVER_future": 79.07499694824219,
    "Long_Term_Treasury_ETF": 86.54000091552734,
    "CORN_future": 464.5,
    "SOYBEANS_future": 1196.5,
    "WHEAT_future": 608.5,
    "SP500_close": 6632.18994140625,
    "NASDAQ_close": 22105.359375,
    "US_10Y_Treasury_Yield": 4.284999847412109,
    "VIX_close": 26.25,
    "GOLD_basis_spot_vs_near": -0.39990234375,
    "China_10Y_Treasury_Yield": 1.8143
  }
}