{
  "latest_date": "2025-12-08",
  "latest_values": {
    "Shanghai_Composite_Index": 3902.80810546875,
    "CSI_300_Index": 4584.5400390625,
    "Shenzhen_Component_Index": 13147.6796875,
    "ALUMINUM_future": 2899.25,
    "BTC_price": 91277.34375,
    "OIL_price": 60.18000030517578,
    "USD_CNY_exchange_rate": 7.06790018081665,
    "Commodity_Index_ETF": 23.329999923706055,
    "US_Dollar_Index": 98.88899993896484,
    "ETH_price": 3115.1806640625,
    "GOLD_spot_price": 4239.7998046875,
    "LEAN_HOGS_future": 81.6500015258789,
    "COPPER_future": 5.444499969482422,
    "High_Yield_Bond_ETF": 80.75,
    "LIVE_CATTLE_future": 227.14999389648438,
    "GOLD_near_month_future": 4239.60009765625,
    "NATURAL_GAS_future": 5.13700008392334,
    "PLATINUM_future": 1666.4000244140625,
    "SILVER_future": 58.45000076293945,
    "Long_Term_Treasury_ETF": 88.16999816894531,
    "CORN_future": 444.25,
    "SOYBEANS_future": 1097.75,
    "WHEAT_future": 535.0,
    "SP500_close": 6870.39990234375,
    "NASDAQ_close": 23578.130859375,
    "US_10Y_Treasury_Yield": 4.138999938964844,
    "VIX_close": 15.40999984741211,
    "GOLD_basis_spot_vs_near": 0.19970703125,
    "China_10Y_Treasury_Yield": 1.848
  }
}