{
  "latest_date": "2025-10-08",
  "latest_values": {
    "Shanghai_Composite_Index": 3882.777099609375,
    "CSI_300_Index": 4640.68994140625,
    "Shenzhen_Component_Index": 13526.509765625,
    "ALUMINUM_future": 2702.0,
    "BTC_price": 121512.640625,
    "OIL_price": 62.25,
    "USD_CNY_exchange_rate": 7.11899995803833,
    "Commodity_Index_ETF": 22.729999542236328,
    "US_Dollar_Index": 98.86499786376953,
    "ETH_price": 4445.25341796875,
    "GOLD_spot_price": 4034.10009765625,
    "LEAN_HOGS_future": 86.2750015258789,
    "COPPER_future": 5.085999965667725,
    "High_Yield_Bond_ETF": 80.7699966430664,
    "LIVE_CATTLE_future": 237.8000030517578,
    "GOLD_near_month_future": 4034.300048828125,
    "NATURAL_GAS_future": 3.497999906539917,
    "PLATINUM_future": 1687.9000244140625,
    "SILVER_future": 48.1349983215332,
    "Long_Term_Treasury_ETF": 89.18000030517578,
    "CORN_future": 419.25,
    "SOYBEANS_future": 1037.75,
    "WHEAT_future": 505.75,
    "SP500_close": 6714.58984375,
    "NASDAQ_close": 22788.359375,
    "US_10Y_Treasury_Yield": 4.126999855041504,
    "VIX_close": 17.239999771118164,
    "GOLD_basis_spot_vs_near": -0.199951171875,
    "China_10Y_Treasury_Yield": 1.8605
  }
}