{
  "latest_date": "2025-11-20",
  "latest_values": {
    "Shanghai_Composite_Index": 3946.741943359375,
    "CSI_300_Index": 4588.2900390625,
    "Shenzhen_Component_Index": 13080.08984375,
    "ALUMINUM_future": 2713.5,
    "BTC_price": 92681.3984375,
    "OIL_price": 59.400001525878906,
    "USD_CNY_exchange_rate": 7.114099979400635,
    "Commodity_Index_ETF": 22.899999618530273,
    "US_Dollar_Index": 100.30500030517578,
    "ETH_price": 3036.205322265625,
    "GOLD_spot_price": 4065.300048828125,
    "LEAN_HOGS_future": 78.67500305175781,
    "COPPER_future": 5.01200008392334,
    "High_Yield_Bond_ETF": 80.1500015258789,
    "LIVE_CATTLE_future": 217.14999389648438,
    "GOLD_near_month_future": 4065.5,
    "NATURAL_GAS_future": 4.5269999504089355,
    "PLATINUM_future": 1556.0,
    "SILVER_future": 50.88999938964844,
    "Long_Term_Treasury_ETF": 88.87999725341797,
    "CORN_future": 429.75,
    "SOYBEANS_future": 1131.75,
    "WHEAT_future": 550.75,
    "SP500_close": 6642.16015625,
    "NASDAQ_close": 22564.23046875,
    "US_10Y_Treasury_Yield": 4.132999897003174,
    "VIX_close": 23.65999984741211,
    "GOLD_basis_spot_vs_near": -0.199951171875,
    "China_10Y_Treasury_Yield": 1.8179
  }
}