{
  "latest_date": "2025-09-25",
  "latest_values": {
    "Shanghai_Composite_Index": 3853.64208984375,
    "CSI_300_Index": 4566.06982421875,
    "Shenzhen_Component_Index": 13356.1396484375,
    "ALUMINUM_future": 2615.25,
    "BTC_price": 111734.046875,
    "OIL_price": 64.73999786376953,
    "USD_CNY_exchange_rate": 7.111599922180176,
    "Commodity_Index_ETF": 22.639999389648438,
    "US_Dollar_Index": 97.7969970703125,
    "ETH_price": 4018.82080078125,
    "GOLD_spot_price": 3789.89990234375,
    "LEAN_HOGS_future": 99.32499694824219,
    "COPPER_future": 4.878499984741211,
    "High_Yield_Bond_ETF": 81.1500015258789,
    "LIVE_CATTLE_future": 239.0749969482422,
    "GOLD_near_month_future": 3790.0,
    "NATURAL_GAS_future": 2.885999917984009,
    "PLATINUM_future": 1519.0,
    "SILVER_future": 45.310001373291016,
    "Long_Term_Treasury_ETF": 88.9800033569336,
    "CORN_future": 426.75,
    "SOYBEANS_future": 1015.75,
    "WHEAT_future": 522.5,
    "SP500_close": 6637.97021484375,
    "NASDAQ_close": 22497.859375,
    "US_10Y_Treasury_Yield": 4.146999835968018,
    "VIX_close": 16.68000030517578,
    "GOLD_basis_spot_vs_near": -0.10009765625,
    "China_10Y_Treasury_Yield": 1.884
  }
}