{
  "latest_date": "2026-05-28",
  "latest_values": {
    "Shanghai_Composite_Index": 4098.6357421875,
    "CSI_300_Index": 4914.21337890625,
    "Shenzhen_Component_Index": 15861.890625,
    "ALUMINUM_future": 3635.75,
    "BTC_price": 72731.9296875,
    "OIL_price": 89.31999969482422,
    "USD_CNY_exchange_rate": 6.785999774932861,
    "Commodity_Index_ETF": 29.6299991607666,
    "US_Dollar_Index": 99.02300262451172,
    "ETH_price": 1986.3599853515625,
    "GOLD_spot_price": 4509.5,
    "LEAN_HOGS_future": 101.125,
    "COPPER_future": 6.387499809265137,
    "High_Yield_Bond_ETF": 80.23500061035156,
    "LIVE_CATTLE_future": 242.27499389648438,
    "GOLD_near_month_future": 4509.7001953125,
    "NATURAL_GAS_future": 3.236999988555908,
    "PLATINUM_future": 1907.199951171875,
    "SILVER_future": 75.04499816894531,
    "Long_Term_Treasury_ETF": 85.58999633789062,
    "CORN_future": 454.5,
    "SOYBEANS_future": 1191.5,
    "WHEAT_future": 623.25,
    "SP500_close": 7552.419921875,
    "NASDAQ_close": 26815.568359375,
    "US_10Y_Treasury_Yield": 4.456999778747559,
    "VIX_close": 15.989999771118164,
    "GOLD_basis_spot_vs_near": -0.2001953125,
    "China_10Y_Treasury_Yield": 1.7193
  }
}