{
  "latest_date": "2025-11-20",
  "latest_values": {
    "Shanghai_Composite_Index": 3946.741943359375,
    "CSI_300_Index": 4588.2900390625,
    "Shenzhen_Component_Index": 13080.08984375,
    "ALUMINUM_future": 2713.5,
    "BTC_price": 92578.75,
    "OIL_price": 59.43000030517578,
    "USD_CNY_exchange_rate": 7.1153998374938965,
    "Commodity_Index_ETF": 22.899999618530273,
    "US_Dollar_Index": 100.27300262451172,
    "ETH_price": 3048.447998046875,
    "GOLD_spot_price": 4077.699951171875,
    "LEAN_HOGS_future": 78.67500305175781,
    "COPPER_future": 5.031000137329102,
    "High_Yield_Bond_ETF": 80.1500015258789,
    "LIVE_CATTLE_future": 216.1750030517578,
    "GOLD_near_month_future": 4077.800048828125,
    "NATURAL_GAS_future": 4.557000160217285,
    "PLATINUM_future": 1562.5,
    "SILVER_future": 51.220001220703125,
    "Long_Term_Treasury_ETF": 88.87999725341797,
    "CORN_future": 429.75,
    "SOYBEANS_future": 1134.0,
    "WHEAT_future": 550.25,
    "SP500_close": 6642.16015625,
    "NASDAQ_close": 22564.23046875,
    "US_10Y_Treasury_Yield": 4.132999897003174,
    "VIX_close": 23.65999984741211,
    "GOLD_basis_spot_vs_near": -0.10009765625,
    "China_10Y_Treasury_Yield": 1.8179
  }
}