{
  "latest_date": "2026-05-01",
  "latest_values": {
    "Shanghai_Composite_Index": 4112.1591796875,
    "CSI_300_Index": 4807.31005859375,
    "Shenzhen_Component_Index": 15107.5498046875,
    "ALUMINUM_future": 3476.75,
    "BTC_price": 77309.109375,
    "OIL_price": 105.41999816894531,
    "USD_CNY_exchange_rate": 6.837500095367432,
    "Commodity_Index_ETF": 31.100000381469727,
    "US_Dollar_Index": 98.01499938964844,
    "ETH_price": 2282.659912109375,
    "GOLD_spot_price": 4581.89990234375,
    "LEAN_HOGS_future": 93.44999694824219,
    "COPPER_future": 5.998000144958496,
    "High_Yield_Bond_ETF": 80.37999725341797,
    "LIVE_CATTLE_future": 258.4750061035156,
    "GOLD_near_month_future": 4582.2001953125,
    "NATURAL_GAS_future": 2.803999900817871,
    "PLATINUM_future": 1973.199951171875,
    "SILVER_future": 73.80500030517578,
    "Long_Term_Treasury_ETF": 85.62000274658203,
    "CORN_future": 476.75,
    "SOYBEANS_future": 1201.25,
    "WHEAT_future": 635.75,
    "SP500_close": 7209.009765625,
    "NASDAQ_close": 24892.310546875,
    "US_10Y_Treasury_Yield": 4.389999866485596,
    "VIX_close": 17.059999465942383,
    "GOLD_basis_spot_vs_near": -0.30029296875,
    "China_10Y_Treasury_Yield": 1.7473
  }
}