{
  "latest_date": "2025-09-24",
  "latest_values": {
    "Shanghai_Composite_Index": 3821.8330078125,
    "CSI_300_Index": 4519.77978515625,
    "Shenzhen_Component_Index": 13119.8203125,
    "ALUMINUM_future": 2553.5,
    "BTC_price": 113006.4921875,
    "OIL_price": 64.05000305175781,
    "USD_CNY_exchange_rate": 7.113999843597412,
    "Commodity_Index_ETF": 22.489999771118164,
    "US_Dollar_Index": 97.70899963378906,
    "ETH_price": 4177.88671875,
    "GOLD_spot_price": 3793.5,
    "LEAN_HOGS_future": 100.44999694824219,
    "COPPER_future": 4.611999988555908,
    "High_Yield_Bond_ETF": 81.26000213623047,
    "LIVE_CATTLE_future": 235.6750030517578,
    "GOLD_near_month_future": 3793.300048828125,
    "NATURAL_GAS_future": 3.1080000400543213,
    "PLATINUM_future": 1477.199951171875,
    "SILVER_future": 44.1349983215332,
    "Long_Term_Treasury_ETF": 89.31999969482422,
    "CORN_future": 425.25,
    "SOYBEANS_future": 1008.5,
    "WHEAT_future": 521.0,
    "SP500_close": 6656.919921875,
    "NASDAQ_close": 22573.470703125,
    "US_10Y_Treasury_Yield": 4.119999885559082,
    "VIX_close": 16.3700008392334,
    "GOLD_basis_spot_vs_near": 0.199951171875,
    "China_10Y_Treasury_Yield": 1.9022
  }
}