{
  "latest_date": "2026-02-23",
  "latest_values": {
    "Shanghai_Composite_Index": 4082.072998046875,
    "CSI_300_Index": 4660.41015625,
    "Shenzhen_Component_Index": 14100.1904296875,
    "ALUMINUM_future": 3061.5,
    "BTC_price": 66205.203125,
    "OIL_price": 66.4800033569336,
    "USD_CNY_exchange_rate": 6.903200149536133,
    "Commodity_Index_ETF": 24.600000381469727,
    "US_Dollar_Index": 97.76799774169922,
    "ETH_price": 1914.917236328125,
    "GOLD_spot_price": 5172.2998046875,
    "LEAN_HOGS_future": 84.42500305175781,
    "COPPER_future": 5.822500228881836,
    "High_Yield_Bond_ETF": 81.0,
    "LIVE_CATTLE_future": 246.5749969482422,
    "GOLD_near_month_future": 5172.2998046875,
    "NATURAL_GAS_future": 3.062999963760376,
    "PLATINUM_future": 2183.39990234375,
    "SILVER_future": 86.66000366210938,
    "Long_Term_Treasury_ETF": 89.41000366210938,
    "CORN_future": 438.75,
    "SOYBEANS_future": 1144.75,
    "WHEAT_future": 577.75,
    "SP500_close": 6909.509765625,
    "NASDAQ_close": 22886.0703125,
    "US_10Y_Treasury_Yield": 4.085999965667725,
    "VIX_close": 20.299999237060547,
    "GOLD_basis_spot_vs_near": 0.0,
    "China_10Y_Treasury_Yield": 1.7899
  }
}