{
  "latest_date": "2025-10-06",
  "latest_values": {
    "Shanghai_Composite_Index": 3882.777099609375,
    "CSI_300_Index": 4640.68994140625,
    "Shenzhen_Component_Index": 13526.509765625,
    "ALUMINUM_future": 2653.5,
    "BTC_price": 123960.7578125,
    "OIL_price": 61.77000045776367,
    "USD_CNY_exchange_rate": 7.11899995803833,
    "Commodity_Index_ETF": 22.40999984741211,
    "US_Dollar_Index": 98.0199966430664,
    "ETH_price": 4535.5185546875,
    "GOLD_spot_price": 3949.10009765625,
    "LEAN_HOGS_future": 98.67500305175781,
    "COPPER_future": 5.096499919891357,
    "High_Yield_Bond_ETF": 80.83999633789062,
    "LIVE_CATTLE_future": 231.02499389648438,
    "GOLD_near_month_future": 3949.10009765625,
    "NATURAL_GAS_future": 3.4140000343322754,
    "PLATINUM_future": 1655.9000244140625,
    "SILVER_future": 48.224998474121094,
    "Long_Term_Treasury_ETF": 89.37999725341797,
    "CORN_future": 419.0,
    "SOYBEANS_future": 1018.0,
    "WHEAT_future": 515.25,
    "SP500_close": 6715.7900390625,
    "NASDAQ_close": 22780.509765625,
    "US_10Y_Treasury_Yield": 4.11899995803833,
    "VIX_close": 16.649999618530273,
    "GOLD_basis_spot_vs_near": 0.0,
    "China_10Y_Treasury_Yield": 1.8605
  }
}