{
  "latest_date": "2025-12-15",
  "latest_values": {
    "Shanghai_Composite_Index": 3873.318115234375,
    "CSI_300_Index": 4552.18994140625,
    "Shenzhen_Component_Index": 13147.3896484375,
    "ALUMINUM_future": 2871.0,
    "BTC_price": 89600.203125,
    "OIL_price": 57.72999954223633,
    "USD_CNY_exchange_rate": 7.0493998527526855,
    "Commodity_Index_ETF": 22.920000076293945,
    "US_Dollar_Index": 98.38999938964844,
    "ETH_price": 3121.900146484375,
    "GOLD_spot_price": 4359.10009765625,
    "LEAN_HOGS_future": 84.5250015258789,
    "COPPER_future": 5.394000053405762,
    "High_Yield_Bond_ETF": 80.56999969482422,
    "LIVE_CATTLE_future": 229.5500030517578,
    "GOLD_near_month_future": 4359.2001953125,
    "NATURAL_GAS_future": 4.173999786376953,
    "PLATINUM_future": 1790.0,
    "SILVER_future": 62.8650016784668,
    "Long_Term_Treasury_ETF": 87.33999633789062,
    "CORN_future": 440.75,
    "SOYBEANS_future": 1075.5,
    "WHEAT_future": 527.5,
    "SP500_close": 6827.41015625,
    "NASDAQ_close": 23195.169921875,
    "US_10Y_Treasury_Yield": 4.193999767303467,
    "VIX_close": 15.739999771118164,
    "GOLD_basis_spot_vs_near": -0.10009765625,
    "China_10Y_Treasury_Yield": 1.8396
  }
}