{
  "latest_date": "2026-03-23",
  "latest_values": {
    "Shanghai_Composite_Index": 3957.052978515625,
    "CSI_300_Index": 4567.02001953125,
    "Shenzhen_Component_Index": 13866.2001953125,
    "ALUMINUM_future": 3109.0,
    "BTC_price": 70942.1484375,
    "OIL_price": 84.55000305175781,
    "USD_CNY_exchange_rate": 6.90910005569458,
    "Commodity_Index_ETF": 28.940000534057617,
    "US_Dollar_Index": 99.39399719238281,
    "ETH_price": 2168.78515625,
    "GOLD_spot_price": 4399.39990234375,
    "LEAN_HOGS_future": 91.2750015258789,
    "COPPER_future": 5.504499912261963,
    "High_Yield_Bond_ETF": 78.91999816894531,
    "LIVE_CATTLE_future": 234.0500030517578,
    "GOLD_near_month_future": 4399.7998046875,
    "NATURAL_GAS_future": 2.997999906539917,
    "PLATINUM_future": 1867.0,
    "SILVER_future": 68.57499694824219,
    "Long_Term_Treasury_ETF": 85.83000183105469,
    "CORN_future": 461.0,
    "SOYBEANS_future": 1153.0,
    "WHEAT_future": 587.5,
    "SP500_close": 6506.47998046875,
    "NASDAQ_close": 21647.611328125,
    "US_10Y_Treasury_Yield": 4.390999794006348,
    "VIX_close": 29.90999984741211,
    "GOLD_basis_spot_vs_near": -0.39990234375,
    "China_10Y_Treasury_Yield": 1.8316
  }
}