{
  "latest_date": "2026-03-18",
  "latest_values": {
    "Shanghai_Composite_Index": 4062.984375,
    "CSI_300_Index": 4658.33251953125,
    "Shenzhen_Component_Index": 14187.7958984375,
    "ALUMINUM_future": 3331.5,
    "BTC_price": 71408.578125,
    "OIL_price": 97.3499984741211,
    "USD_CNY_exchange_rate": 6.872600078582764,
    "Commodity_Index_ETF": 29.170000076293945,
    "ETH_price": 2190.428955078125,
    "GOLD_spot_price": 4891.2001953125,
    "LEAN_HOGS_future": 107.2249984741211,
    "COPPER_future": 5.5920000076293945,
    "High_Yield_Bond_ETF": 79.63500213623047,
    "LIVE_CATTLE_future": 233.35000610351562,
    "GOLD_near_month_future": 4891.2001953125,
    "NATURAL_GAS_future": 3.055999994277954,
    "PLATINUM_future": 2055.5,
    "SILVER_future": 77.12999725341797,
    "Long_Term_Treasury_ETF": 87.26000213623047,
    "CORN_future": 463.25,
    "SOYBEANS_future": 1162.75,
    "WHEAT_future": 605.25,
    "SP500_close": 6669.4599609375,
    "NASDAQ_close": 22304.8125,
    "US_10Y_Treasury_Yield": 4.23199987411499,
    "VIX_close": 23.6200008392334,
    "GOLD_basis_spot_vs_near": 0.0,
    "China_10Y_Treasury_Yield": 1.8175
  }
}