{
  "latest_date": "2026-04-29",
  "latest_values": {
    "Shanghai_Composite_Index": 4078.636962890625,
    "CSI_300_Index": 4758.2099609375,
    "Shenzhen_Component_Index": 14830.4599609375,
    "ALUMINUM_future": 3430.25,
    "BTC_price": 75289.0,
    "OIL_price": 107.47000122070312,
    "USD_CNY_exchange_rate": 6.822800159454346,
    "Commodity_Index_ETF": 31.104999542236328,
    "US_Dollar_Index": 98.94999694824219,
    "ETH_price": 2225.85009765625,
    "GOLD_spot_price": 4557.2998046875,
    "LEAN_HOGS_future": 103.7249984741211,
    "COPPER_future": 5.931000232696533,
    "High_Yield_Bond_ETF": 80.1050033569336,
    "LIVE_CATTLE_future": 255.10000610351562,
    "GOLD_near_month_future": 4557.60009765625,
    "NATURAL_GAS_future": 2.6449999809265137,
    "PLATINUM_future": 1887.800048828125,
    "SILVER_future": 72.19499969482422,
    "Long_Term_Treasury_ETF": 85.68000030517578,
    "CORN_future": 478.0,
    "SOYBEANS_future": 1197.75,
    "WHEAT_future": 653.0,
    "SP500_close": 7125.81005859375,
    "NASDAQ_close": 24641.951171875,
    "US_10Y_Treasury_Yield": 4.418000221252441,
    "VIX_close": 18.280000686645508,
    "GOLD_basis_spot_vs_near": -0.30029296875,
    "China_10Y_Treasury_Yield": 1.7444
  }
}