{
  "latest_date": "2025-12-09",
  "latest_values": {
    "Shanghai_Composite_Index": 3909.521484375,
    "CSI_300_Index": 4598.22314453125,
    "Shenzhen_Component_Index": 13329.990234375,
    "ALUMINUM_future": 2842.5,
    "BTC_price": 91045.59375,
    "OIL_price": 58.66999816894531,
    "USD_CNY_exchange_rate": 7.063000202178955,
    "Commodity_Index_ETF": 23.019899368286133,
    "US_Dollar_Index": 99.10600280761719,
    "ETH_price": 3150.95361328125,
    "GOLD_spot_price": 4234.60009765625,
    "LEAN_HOGS_future": 81.8499984741211,
    "COPPER_future": 5.3404998779296875,
    "High_Yield_Bond_ETF": 80.48999786376953,
    "LIVE_CATTLE_future": 227.47500610351562,
    "GOLD_near_month_future": 4234.5,
    "NATURAL_GAS_future": 4.7270002365112305,
    "PLATINUM_future": 1677.5,
    "SILVER_future": 59.724998474121094,
    "Long_Term_Treasury_ETF": 87.86499786376953,
    "CORN_future": 445.25,
    "SOYBEANS_future": 1090.5,
    "WHEAT_future": 535.75,
    "SP500_close": 6854.77001953125,
    "NASDAQ_close": 23514.23046875,
    "US_10Y_Treasury_Yield": 4.151000022888184,
    "VIX_close": 16.889999389648438,
    "GOLD_basis_spot_vs_near": 0.10009765625,
    "China_10Y_Treasury_Yield": 1.8425
  }
}