{
  "latest_date": "2026-01-30",
  "latest_values": {
    "Shanghai_Composite_Index": 4157.98388671875,
    "CSI_300_Index": 4753.8701171875,
    "Shenzhen_Component_Index": 14300.080078125,
    "ALUMINUM_future": 3106.5,
    "BTC_price": 82608.546875,
    "OIL_price": 65.01000213623047,
    "USD_CNY_exchange_rate": 6.948500156402588,
    "Commodity_Index_ETF": 25.299999237060547,
    "US_Dollar_Index": 96.58200073242188,
    "ETH_price": 2732.455322265625,
    "GOLD_spot_price": 5096.2998046875,
    "LEAN_HOGS_future": 95.44999694824219,
    "COPPER_future": 6.013500213623047,
    "High_Yield_Bond_ETF": 81.02999877929688,
    "LIVE_CATTLE_future": 237.27499389648438,
    "GOLD_near_month_future": 5096.7001953125,
    "NATURAL_GAS_future": 3.865999937057495,
    "PLATINUM_future": 2291.300048828125,
    "SILVER_future": 100.69000244140625,
    "Long_Term_Treasury_ETF": 87.62000274658203,
    "CORN_future": 428.0,
    "SOYBEANS_future": 1065.75,
    "WHEAT_future": 542.5,
    "SP500_close": 6969.009765625,
    "NASDAQ_close": 23685.119140625,
    "US_10Y_Treasury_Yield": 4.2270002365112305,
    "VIX_close": 17.829999923706055,
    "GOLD_basis_spot_vs_near": -0.400390625,
    "China_10Y_Treasury_Yield": 1.8112
  }
}