{
  "latest_date": "2026-02-10",
  "latest_values": {
    "Shanghai_Composite_Index": 4128.373046875,
    "CSI_300_Index": 4724.29541015625,
    "Shenzhen_Component_Index": 14208.4404296875,
    "ALUMINUM_future": 3020.25,
    "BTC_price": 69416.765625,
    "OIL_price": 63.97999954223633,
    "USD_CNY_exchange_rate": 6.910099983215332,
    "Commodity_Index_ETF": 24.09000015258789,
    "US_Dollar_Index": 96.73699951171875,
    "ETH_price": 2024.8883056640625,
    "GOLD_spot_price": 5043.60009765625,
    "LEAN_HOGS_future": 95.9749984741211,
    "COPPER_future": 5.9004998207092285,
    "High_Yield_Bond_ETF": 80.9749984741211,
    "LIVE_CATTLE_future": 237.52499389648438,
    "GOLD_near_month_future": 5043.5,
    "NATURAL_GAS_future": 3.187000036239624,
    "PLATINUM_future": 2099.5,
    "SILVER_future": 80.5199966430664,
    "Long_Term_Treasury_ETF": 88.4800033569336,
    "CORN_future": 429.75,
    "SOYBEANS_future": 1122.5,
    "WHEAT_future": 528.0,
    "SP500_close": 6966.56005859375,
    "NASDAQ_close": 23235.609375,
    "US_10Y_Treasury_Yield": 4.13700008392334,
    "VIX_close": 17.459999084472656,
    "GOLD_basis_spot_vs_near": 0.10009765625,
    "China_10Y_Treasury_Yield": 1.8094
  }
}