{
  "latest_date": "2026-03-04",
  "latest_values": {
    "Shanghai_Composite_Index": 4182.5908203125,
    "CSI_300_Index": 4728.669921875,
    "Shenzhen_Component_Index": 14465.7900390625,
    "ALUMINUM_future": 3216.75,
    "BTC_price": 68558.5390625,
    "OIL_price": 75.5,
    "USD_CNY_exchange_rate": 6.9268999099731445,
    "Commodity_Index_ETF": 25.90999984741211,
    "US_Dollar_Index": 99.30500030517578,
    "ETH_price": 1988.7086181640625,
    "GOLD_spot_price": 5162.39990234375,
    "LEAN_HOGS_future": 95.7750015258789,
    "COPPER_future": 5.8445000648498535,
    "High_Yield_Bond_ETF": 80.12000274658203,
    "LIVE_CATTLE_future": 234.3000030517578,
    "GOLD_near_month_future": 5162.2001953125,
    "NATURAL_GAS_future": 3.0420000553131104,
    "PLATINUM_future": 2126.0,
    "SILVER_future": 83.5999984741211,
    "Long_Term_Treasury_ETF": 89.43000030517578,
    "CORN_future": 445.5,
    "SOYBEANS_future": 1167.75,
    "WHEAT_future": 573.25,
    "SP500_close": 6816.6298828125,
    "NASDAQ_close": 22516.69140625,
    "US_10Y_Treasury_Yield": 4.056000232696533,
    "VIX_close": 23.56999969482422,
    "GOLD_basis_spot_vs_near": 0.19970703125,
    "China_10Y_Treasury_Yield": 1.7807
  }
}