{
  "latest_date": "2026-07-08",
  "latest_values": {
    "Shanghai_Composite_Index": 3990.235107421875,
    "CSI_300_Index": 4842.169921875,
    "Shenzhen_Component_Index": 15225.1103515625,
    "ALUMINUM_future": 3326.75,
    "BTC_price": 62826.58984375,
    "OIL_price": 72.12000274658203,
    "USD_CNY_exchange_rate": 6.79580020904541,
    "Commodity_Index_ETF": 27.350000381469727,
    "US_Dollar_Index": 101.15499877929688,
    "ETH_price": 1749.8399658203125,
    "GOLD_spot_price": 4121.2998046875,
    "LEAN_HOGS_future": 96.92500305175781,
    "COPPER_future": 6.188000202178955,
    "High_Yield_Bond_ETF": 79.76000213623047,
    "LIVE_CATTLE_future": 238.35000610351562,
    "GOLD_near_month_future": 4120.39990234375,
    "NATURAL_GAS_future": 3.2780001163482666,
    "PLATINUM_future": 1640.5,
    "SILVER_future": 60.400001525878906,
    "Long_Term_Treasury_ETF": 84.55000305175781,
    "CORN_future": 462.0,
    "SOYBEANS_future": 1195.75,
    "WHEAT_future": 616.75,
    "SP500_close": 7503.85009765625,
    "NASDAQ_close": 25818.689453125,
    "US_10Y_Treasury_Yield": 4.529000282287598,
    "VIX_close": 16.1299991607666,
    "GOLD_basis_spot_vs_near": 0.89990234375,
    "China_10Y_Treasury_Yield": 1.7406
  }
}