{
  "latest_date": "2026-03-11",
  "latest_values": {
    "Shanghai_Composite_Index": 4123.13818359375,
    "CSI_300_Index": 4674.759765625,
    "Shenzhen_Component_Index": 14354.0703125,
    "ALUMINUM_future": 3400.0,
    "BTC_price": 70183.2734375,
    "OIL_price": 86.05999755859375,
    "USD_CNY_exchange_rate": 6.864999771118164,
    "Commodity_Index_ETF": 27.708200454711914,
    "US_Dollar_Index": 99.0989990234375,
    "ETH_price": 2045.6370849609375,
    "GOLD_spot_price": 5189.10009765625,
    "LEAN_HOGS_future": 87.2249984741211,
    "COPPER_future": 5.860499858856201,
    "High_Yield_Bond_ETF": 79.99500274658203,
    "LIVE_CATTLE_future": 227.4250030517578,
    "GOLD_near_month_future": 5189.39990234375,
    "NATURAL_GAS_future": 3.11899995803833,
    "PLATINUM_future": 2192.10009765625,
    "SILVER_future": 86.05000305175781,
    "Long_Term_Treasury_ETF": 87.7249984741211,
    "CORN_future": 459.25,
    "SOYBEANS_future": 1222.5,
    "WHEAT_future": 602.75,
    "SP500_close": 6790.85986328125,
    "NASDAQ_close": 22764.271484375,
    "US_10Y_Treasury_Yield": 4.183000087738037,
    "VIX_close": 25.31999969482422,
    "GOLD_basis_spot_vs_near": -0.2998046875,
    "China_10Y_Treasury_Yield": 1.8075
  }
}