{
  "latest_date": "2026-04-01",
  "latest_values": {
    "Shanghai_Composite_Index": 3891.861083984375,
    "CSI_300_Index": 4450.0498046875,
    "Shenzhen_Component_Index": 13478.0595703125,
    "ALUMINUM_future": 3449.5,
    "BTC_price": 68060.3125,
    "OIL_price": 99.62000274658203,
    "USD_CNY_exchange_rate": 6.911600112915039,
    "Commodity_Index_ETF": 28.670000076293945,
    "US_Dollar_Index": 99.5469970703125,
    "ETH_price": 2131.13525390625,
    "GOLD_spot_price": 4795.7998046875,
    "LEAN_HOGS_future": 105.19999694824219,
    "COPPER_future": 5.631999969482422,
    "High_Yield_Bond_ETF": 79.29499816894531,
    "LIVE_CATTLE_future": 244.22500610351562,
    "GOLD_near_month_future": 4794.89990234375,
    "NATURAL_GAS_future": 2.816999912261963,
    "PLATINUM_future": 1972.5,
    "SILVER_future": 75.71499633789062,
    "Long_Term_Treasury_ETF": 86.41999816894531,
    "CORN_future": 454.5,
    "SOYBEANS_future": 1168.25,
    "WHEAT_future": 597.25,
    "SP500_close": 6574.58984375,
    "NASDAQ_close": 21824.755859375,
    "US_10Y_Treasury_Yield": 4.324000358581543,
    "VIX_close": 24.239999771118164,
    "GOLD_basis_spot_vs_near": 0.89990234375,
    "China_10Y_Treasury_Yield": 1.8244
  }
}