{
  "latest_date": "2025-10-07",
  "latest_values": {
    "Shanghai_Composite_Index": 3882.777099609375,
    "CSI_300_Index": 4640.68994140625,
    "Shenzhen_Component_Index": 13526.509765625,
    "ALUMINUM_future": 2682.0,
    "BTC_price": 122578.4296875,
    "OIL_price": 61.619998931884766,
    "USD_CNY_exchange_rate": 7.11899995803833,
    "Commodity_Index_ETF": 22.6299991607666,
    "US_Dollar_Index": 98.4729995727539,
    "ETH_price": 4586.62255859375,
    "GOLD_spot_price": 4009.10009765625,
    "LEAN_HOGS_future": 85.9749984741211,
    "COPPER_future": 5.118000030517578,
    "High_Yield_Bond_ETF": 80.81500244140625,
    "LIVE_CATTLE_future": 237.35000610351562,
    "GOLD_near_month_future": 4009.10009765625,
    "NATURAL_GAS_future": 3.4670000076293945,
    "PLATINUM_future": 1664.0999755859375,
    "SILVER_future": 48.0,
    "Long_Term_Treasury_ETF": 88.99009704589844,
    "CORN_future": 420.75,
    "SOYBEANS_future": 1038.5,
    "WHEAT_future": 510.5,
    "SP500_close": 6720.2099609375,
    "NASDAQ_close": 22829.080078125,
    "US_10Y_Treasury_Yield": 4.144000053405762,
    "VIX_close": 16.40999984741211,
    "GOLD_basis_spot_vs_near": 0.0,
    "China_10Y_Treasury_Yield": 1.8605
  }
}