{
  "latest_date": "2026-04-16",
  "latest_values": {
    "Shanghai_Composite_Index": 4027.208984375,
    "CSI_300_Index": 4685.25,
    "Shenzhen_Component_Index": 14498.4599609375,
    "ALUMINUM_future": 3577.25,
    "BTC_price": 74655.0078125,
    "OIL_price": 90.9800033569336,
    "USD_CNY_exchange_rate": 6.815700054168701,
    "Commodity_Index_ETF": 28.889999389648438,
    "US_Dollar_Index": 98.00800323486328,
    "ETH_price": 2354.0400390625,
    "GOLD_spot_price": 4847.2001953125,
    "LEAN_HOGS_future": 101.82499694824219,
    "COPPER_future": 6.10699987411499,
    "High_Yield_Bond_ETF": 80.45999908447266,
    "LIVE_CATTLE_future": 251.22500610351562,
    "GOLD_near_month_future": 4846.7001953125,
    "NATURAL_GAS_future": 2.5899999141693115,
    "PLATINUM_future": 2150.39990234375,
    "SILVER_future": 80.6050033569336,
    "Long_Term_Treasury_ETF": 86.83000183105469,
    "CORN_future": 450.75,
    "SOYBEANS_future": 1165.0,
    "WHEAT_future": 599.25,
    "SP500_close": 7022.9501953125,
    "NASDAQ_close": 24016.017578125,
    "US_10Y_Treasury_Yield": 4.2820000648498535,
    "VIX_close": 18.170000076293945,
    "GOLD_basis_spot_vs_near": 0.5,
    "China_10Y_Treasury_Yield": 1.7809
  }
}