{
  "latest_date": "2026-06-01",
  "latest_values": {
    "Shanghai_Composite_Index": 4068.569091796875,
    "CSI_300_Index": 4892.1201171875,
    "Shenzhen_Component_Index": 15575.1298828125,
    "ALUMINUM_future": 3674.0,
    "BTC_price": 73356.3671875,
    "OIL_price": 89.9000015258789,
    "USD_CNY_exchange_rate": 6.7795000076293945,
    "Commodity_Index_ETF": 29.479999542236328,
    "US_Dollar_Index": 99.01100158691406,
    "ETH_price": 1995.0400390625,
    "GOLD_spot_price": 4547.7001953125,
    "LEAN_HOGS_future": 95.8499984741211,
    "COPPER_future": 6.447500228881836,
    "High_Yield_Bond_ETF": 80.30999755859375,
    "LIVE_CATTLE_future": 248.25,
    "GOLD_near_month_future": 4547.5,
    "NATURAL_GAS_future": 3.365000009536743,
    "PLATINUM_future": 1948.199951171875,
    "SILVER_future": 75.94999694824219,
    "Long_Term_Treasury_ETF": 85.76000213623047,
    "CORN_future": 447.75,
    "SOYBEANS_future": 1190.75,
    "WHEAT_future": 614.5,
    "SP500_close": 7580.06005859375,
    "NASDAQ_close": 26972.619140625,
    "US_10Y_Treasury_Yield": 4.453000068664551,
    "VIX_close": 15.319999694824219,
    "GOLD_basis_spot_vs_near": 0.2001953125,
    "China_10Y_Treasury_Yield": 1.709
  }
}