{
  "latest_date": "2025-12-18",
  "latest_values": {
    "Shanghai_Composite_Index": 3870.278076171875,
    "CSI_300_Index": 4579.8798828125,
    "Shenzhen_Component_Index": 13224.509765625,
    "ALUMINUM_future": 2899.5,
    "BTC_price": 86666.6875,
    "OIL_price": 56.400001525878906,
    "USD_CNY_exchange_rate": 7.040299892425537,
    "Commodity_Index_ETF": 22.850000381469727,
    "US_Dollar_Index": 98.3740005493164,
    "ETH_price": 2832.154541015625,
    "GOLD_spot_price": 4363.7001953125,
    "LEAN_HOGS_future": 83.125,
    "COPPER_future": 5.406000137329102,
    "High_Yield_Bond_ETF": 80.55999755859375,
    "LIVE_CATTLE_future": 229.52499389648438,
    "GOLD_near_month_future": 4363.89990234375,
    "NATURAL_GAS_future": 4.054999828338623,
    "PLATINUM_future": 1988.9000244140625,
    "SILVER_future": 66.55000305175781,
    "Long_Term_Treasury_ETF": 87.80000305175781,
    "CORN_future": 441.75,
    "SOYBEANS_future": 1057.5,
    "WHEAT_future": 507.25,
    "SP500_close": 6721.43017578125,
    "NASDAQ_close": 22693.3203125,
    "US_10Y_Treasury_Yield": 4.151000022888184,
    "VIX_close": 17.6200008392334,
    "GOLD_basis_spot_vs_near": -0.19970703125,
    "China_10Y_Treasury_Yield": 1.834
  }
}