{
  "latest_date": "2026-04-10",
  "latest_values": {
    "Shanghai_Composite_Index": 3986.224609375,
    "CSI_300_Index": 4636.5654296875,
    "Shenzhen_Component_Index": 14309.4716796875,
    "ALUMINUM_future": 3411.5,
    "BTC_price": 73059.984375,
    "OIL_price": 97.7300033569336,
    "USD_CNY_exchange_rate": 6.828700065612793,
    "Commodity_Index_ETF": 28.540000915527344,
    "US_Dollar_Index": 98.5780029296875,
    "ETH_price": 2247.032470703125,
    "GOLD_spot_price": 4808.7001953125,
    "LEAN_HOGS_future": 103.92500305175781,
    "COPPER_future": 5.926000118255615,
    "High_Yield_Bond_ETF": 80.21499633789062,
    "LIVE_CATTLE_future": 247.39999389648438,
    "GOLD_near_month_future": 4808.7001953125,
    "NATURAL_GAS_future": 2.6519999504089355,
    "PLATINUM_future": 2075.0,
    "SILVER_future": 76.74500274658203,
    "Long_Term_Treasury_ETF": 86.51499938964844,
    "CORN_future": 439.0,
    "SOYBEANS_future": 1172.75,
    "WHEAT_future": 569.5,
    "SP500_close": 6838.60986328125,
    "NASDAQ_close": 22971.638671875,
    "US_10Y_Treasury_Yield": 4.310999870300293,
    "VIX_close": 19.1299991607666,
    "GOLD_basis_spot_vs_near": 0.0,
    "China_10Y_Treasury_Yield": 1.8128
  }
}