{
  "latest_date": "2026-02-16",
  "latest_values": {
    "Shanghai_Composite_Index": 4082.072998046875,
    "CSI_300_Index": 4660.41015625,
    "Shenzhen_Component_Index": 14100.1904296875,
    "ALUMINUM_future": 3046.5,
    "BTC_price": 68938.0625,
    "OIL_price": 62.86000061035156,
    "USD_CNY_exchange_rate": 6.903200149536133,
    "Commodity_Index_ETF": 23.8799991607666,
    "US_Dollar_Index": 97.00800323486328,
    "ETH_price": 1977.18212890625,
    "GOLD_spot_price": 5023.60009765625,
    "LEAN_HOGS_future": 86.94999694824219,
    "COPPER_future": 5.797999858856201,
    "High_Yield_Bond_ETF": 80.8499984741211,
    "LIVE_CATTLE_future": 243.0749969482422,
    "GOLD_near_month_future": 5023.10009765625,
    "NATURAL_GAS_future": 3.002000093460083,
    "PLATINUM_future": 2043.9000244140625,
    "SILVER_future": 77.0199966430664,
    "Long_Term_Treasury_ETF": 89.72000122070312,
    "CORN_future": 431.75,
    "SOYBEANS_future": 1133.0,
    "WHEAT_future": 548.75,
    "SP500_close": 6836.169921875,
    "NASDAQ_close": 22546.669921875,
    "US_10Y_Treasury_Yield": 4.056000232696533,
    "VIX_close": 20.530000686645508,
    "GOLD_basis_spot_vs_near": 0.5,
    "China_10Y_Treasury_Yield": 1.7899
  }
}