{
  "latest_date": "2026-04-27",
  "latest_values": {
    "Shanghai_Composite_Index": 4086.34423828125,
    "CSI_300_Index": 4770.94677734375,
    "Shenzhen_Component_Index": 14995.748046875,
    "ALUMINUM_future": 3566.75,
    "BTC_price": 77901.1484375,
    "OIL_price": 96.54000091552734,
    "USD_CNY_exchange_rate": 6.826000213623047,
    "Commodity_Index_ETF": 29.860000610351562,
    "US_Dollar_Index": 98.30400085449219,
    "ETH_price": 2322.340087890625,
    "GOLD_spot_price": 4717.89990234375,
    "LEAN_HOGS_future": 94.30000305175781,
    "COPPER_future": 6.107500076293945,
    "High_Yield_Bond_ETF": 80.4800033569336,
    "LIVE_CATTLE_future": 248.3000030517578,
    "GOLD_near_month_future": 4717.89990234375,
    "NATURAL_GAS_future": 2.7139999866485596,
    "PLATINUM_future": 2027.800048828125,
    "SILVER_future": 75.61000061035156,
    "Long_Term_Treasury_ETF": 86.70999908447266,
    "CORN_future": 468.25,
    "SOYBEANS_future": 1182.0,
    "WHEAT_future": 622.25,
    "SP500_close": 7165.080078125,
    "NASDAQ_close": 24836.599609375,
    "US_10Y_Treasury_Yield": 4.309999942779541,
    "VIX_close": 19.030000686645508,
    "GOLD_basis_spot_vs_near": 0.0,
    "China_10Y_Treasury_Yield": 1.7601
  }
}