{
  "latest_date": "2026-03-30",
  "latest_values": {
    "Shanghai_Composite_Index": 3913.72412109375,
    "CSI_300_Index": 4502.56982421875,
    "Shenzhen_Component_Index": 13760.3701171875,
    "ALUMINUM_future": 3353.5,
    "BTC_price": 67707.21875,
    "OIL_price": 102.2300033569336,
    "USD_CNY_exchange_rate": 6.910699844360352,
    "Commodity_Index_ETF": 29.100000381469727,
    "US_Dollar_Index": 100.29399871826172,
    "ETH_price": 2058.773193359375,
    "GOLD_spot_price": 4555.10009765625,
    "LEAN_HOGS_future": 90.7750015258789,
    "COPPER_future": 5.507500171661377,
    "High_Yield_Bond_ETF": 78.72000122070312,
    "LIVE_CATTLE_future": 238.5,
    "GOLD_near_month_future": 4554.89990234375,
    "NATURAL_GAS_future": 2.933000087738037,
    "PLATINUM_future": 1923.0999755859375,
    "SILVER_future": 70.36499786376953,
    "Long_Term_Treasury_ETF": 85.63999938964844,
    "CORN_future": 463.0,
    "SOYBEANS_future": 1167.75,
    "WHEAT_future": 605.5,
    "SP500_close": 6368.85009765625,
    "NASDAQ_close": 20948.359375,
    "US_10Y_Treasury_Yield": 4.440000057220459,
    "VIX_close": 30.59000015258789,
    "GOLD_basis_spot_vs_near": 0.2001953125,
    "China_10Y_Treasury_Yield": 1.8172
  }
}