{
  "latest_date": "2026-06-11",
  "latest_values": {
    "Shanghai_Composite_Index": 4010.031005859375,
    "CSI_300_Index": 4801.81005859375,
    "Shenzhen_Component_Index": 15268.7099609375,
    "ALUMINUM_future": 3506.0,
    "BTC_price": 62625.9609375,
    "OIL_price": 90.80000305175781,
    "USD_CNY_exchange_rate": 6.772500038146973,
    "Commodity_Index_ETF": 29.06999969482422,
    "US_Dollar_Index": 99.93599700927734,
    "ETH_price": 1649.8699951171875,
    "GOLD_spot_price": 4114.2998046875,
    "LEAN_HOGS_future": 93.17500305175781,
    "COPPER_future": 6.234000205993652,
    "High_Yield_Bond_ETF": 79.62000274658203,
    "LIVE_CATTLE_future": 250.10000610351562,
    "GOLD_near_month_future": 4114.2998046875,
    "NATURAL_GAS_future": 3.183000087738037,
    "PLATINUM_future": 1672.4000244140625,
    "SILVER_future": 64.25499725341797,
    "Long_Term_Treasury_ETF": 85.12000274658203,
    "CORN_future": 417.25,
    "SOYBEANS_future": 1122.75,
    "WHEAT_future": 582.5,
    "SP500_close": 7386.64990234375,
    "NASDAQ_close": 25678.8203125,
    "US_10Y_Treasury_Yield": 4.5279998779296875,
    "VIX_close": 19.8700008392334,
    "GOLD_basis_spot_vs_near": 0.0,
    "China_10Y_Treasury_Yield": 1.7476
  }
}