{
  "latest_date": "2026-05-06",
  "latest_values": {
    "Shanghai_Composite_Index": 4160.173828125,
    "CSI_300_Index": 4877.09326171875,
    "Shenzhen_Component_Index": 15459.6162109375,
    "ALUMINUM_future": 3474.5,
    "BTC_price": 80927.0546875,
    "OIL_price": 95.37000274658203,
    "USD_CNY_exchange_rate": 6.810500144958496,
    "Commodity_Index_ETF": 30.270000457763672,
    "US_Dollar_Index": 97.97899627685547,
    "ETH_price": 2361.1826171875,
    "GOLD_spot_price": 4701.2001953125,
    "LEAN_HOGS_future": 99.82499694824219,
    "COPPER_future": 6.184999942779541,
    "High_Yield_Bond_ETF": 80.15499877929688,
    "LIVE_CATTLE_future": 254.1999969482422,
    "GOLD_near_month_future": 4701.2001953125,
    "NATURAL_GAS_future": 2.7039999961853027,
    "PLATINUM_future": 2068.699951171875,
    "SILVER_future": 77.69999694824219,
    "Long_Term_Treasury_ETF": 86.06999969482422,
    "CORN_future": 469.5,
    "SOYBEANS_future": 1192.0,
    "WHEAT_future": 613.5,
    "SP500_close": 7339.4599609375,
    "NASDAQ_close": 25694.41796875,
    "US_10Y_Treasury_Yield": 4.3520002365112305,
    "VIX_close": 17.299999237060547,
    "GOLD_basis_spot_vs_near": 0.0,
    "China_10Y_Treasury_Yield": 1.7654
  }
}