{
  "latest_date": "2026-07-06",
  "latest_values": {
    "Shanghai_Composite_Index": 4043.64306640625,
    "CSI_300_Index": 4842.169921875,
    "Shenzhen_Component_Index": 15597.509765625,
    "ALUMINUM_future": 3301.0,
    "BTC_price": 63430.9296875,
    "OIL_price": 68.66000366210938,
    "USD_CNY_exchange_rate": 6.788599967956543,
    "Commodity_Index_ETF": 26.895000457763672,
    "US_Dollar_Index": 101.00199890136719,
    "ETH_price": 1789.0,
    "GOLD_spot_price": 4153.10009765625,
    "LEAN_HOGS_future": 98.6500015258789,
    "COPPER_future": 6.2220001220703125,
    "High_Yield_Bond_ETF": 79.80989837646484,
    "LIVE_CATTLE_future": 239.64999389648438,
    "GOLD_near_month_future": 4153.2001953125,
    "NATURAL_GAS_future": 3.243000030517578,
    "PLATINUM_future": 1634.300048828125,
    "SILVER_future": 62.04999923706055,
    "Long_Term_Treasury_ETF": 85.32499694824219,
    "CORN_future": 457.25,
    "SOYBEANS_future": 1191.5,
    "WHEAT_future": 612.0,
    "SP500_close": 7535.2001953125,
    "NASDAQ_close": 26169.34375,
    "US_10Y_Treasury_Yield": 4.488999843597412,
    "VIX_close": 15.890000343322754,
    "GOLD_basis_spot_vs_near": -0.10009765625,
    "China_10Y_Treasury_Yield": 1.7379
  }
}