{
  "latest_date": "2026-02-26",
  "latest_values": {
    "Shanghai_Composite_Index": 4147.22998046875,
    "CSI_300_Index": 4735.89013671875,
    "Shenzhen_Component_Index": 14475.8701171875,
    "ALUMINUM_future": 3094.25,
    "BTC_price": 68509.359375,
    "OIL_price": 64.93000030517578,
    "USD_CNY_exchange_rate": 6.840199947357178,
    "Commodity_Index_ETF": 24.75,
    "US_Dollar_Index": 97.74400329589844,
    "ETH_price": 2073.761962890625,
    "GOLD_spot_price": 5205.5,
    "LEAN_HOGS_future": 85.5,
    "COPPER_future": 6.0329999923706055,
    "High_Yield_Bond_ETF": 80.91999816894531,
    "LIVE_CATTLE_future": 246.0500030517578,
    "GOLD_near_month_future": 5205.39990234375,
    "NATURAL_GAS_future": 2.7990000247955322,
    "PLATINUM_future": 2291.0,
    "SILVER_future": 88.16999816894531,
    "Long_Term_Treasury_ETF": 89.91000366210938,
    "CORN_future": 443.0,
    "SOYBEANS_future": 1167.0,
    "WHEAT_future": 570.5,
    "SP500_close": 6946.1298828125,
    "NASDAQ_close": 23152.080078125,
    "US_10Y_Treasury_Yield": 4.047999858856201,
    "VIX_close": 17.979999542236328,
    "GOLD_basis_spot_vs_near": 0.10009765625,
    "China_10Y_Treasury_Yield": 1.8288
  }
}