{
  "latest_date": "2026-04-13",
  "latest_values": {
    "Shanghai_Composite_Index": 3988.55810546875,
    "CSI_300_Index": 4646.15478515625,
    "Shenzhen_Component_Index": 14407.8642578125,
    "ALUMINUM_future": 3516.25,
    "BTC_price": 70870.5546875,
    "OIL_price": 103.79000091552734,
    "USD_CNY_exchange_rate": 6.831399917602539,
    "Commodity_Index_ETF": 28.5,
    "US_Dollar_Index": 98.88999938964844,
    "ETH_price": 2186.337646484375,
    "GOLD_spot_price": 4744.2001953125,
    "LEAN_HOGS_future": 90.7249984741211,
    "COPPER_future": 5.869999885559082,
    "High_Yield_Bond_ETF": 79.95999908447266,
    "LIVE_CATTLE_future": 251.77499389648438,
    "GOLD_near_month_future": 4744.7001953125,
    "NATURAL_GAS_future": 2.7070000171661377,
    "PLATINUM_future": 2040.5999755859375,
    "SILVER_future": 74.30500030517578,
    "Long_Term_Treasury_ETF": 86.48999786376953,
    "CORN_future": 444.75,
    "SOYBEANS_future": 1174.75,
    "WHEAT_future": 583.5,
    "SP500_close": 6816.89013671875,
    "NASDAQ_close": 22902.890625,
    "US_10Y_Treasury_Yield": 4.316999912261963,
    "VIX_close": 21.110000610351562,
    "GOLD_basis_spot_vs_near": -0.5,
    "China_10Y_Treasury_Yield": 1.7933
  }
}