{
  "latest_date": "2025-10-09",
  "latest_values": {
    "Shanghai_Composite_Index": 3882.777099609375,
    "CSI_300_Index": 4640.68994140625,
    "Shenzhen_Component_Index": 13526.509765625,
    "ALUMINUM_future": 2747.5,
    "BTC_price": 123043.578125,
    "OIL_price": 62.25,
    "USD_CNY_exchange_rate": 7.121099948883057,
    "Commodity_Index_ETF": 22.760000228881836,
    "US_Dollar_Index": 98.96800231933594,
    "ETH_price": 4389.666015625,
    "GOLD_spot_price": 4064.300048828125,
    "LEAN_HOGS_future": 86.125,
    "COPPER_future": 5.180500030517578,
    "High_Yield_Bond_ETF": 80.6500015258789,
    "LIVE_CATTLE_future": 239.0,
    "GOLD_near_month_future": 4064.39990234375,
    "NATURAL_GAS_future": 3.365999937057495,
    "PLATINUM_future": 1699.9000244140625,
    "SILVER_future": 48.70500183105469,
    "Long_Term_Treasury_ETF": 89.25,
    "CORN_future": 422.5,
    "SOYBEANS_future": 1039.5,
    "WHEAT_future": 511.5,
    "SP500_close": 6753.72021484375,
    "NASDAQ_close": 23043.380859375,
    "US_10Y_Treasury_Yield": 4.129000186920166,
    "VIX_close": 16.479999542236328,
    "GOLD_basis_spot_vs_near": -0.099853515625,
    "China_10Y_Treasury_Yield": 1.8466
  }
}