{
  "latest_date": "2026-02-03",
  "latest_values": {
    "Shanghai_Composite_Index": 4067.73779296875,
    "CSI_300_Index": 4660.107421875,
    "Shenzhen_Component_Index": 13824.349609375,
    "ALUMINUM_future": 3052.75,
    "BTC_price": 77286.5234375,
    "OIL_price": 62.7400016784668,
    "USD_CNY_exchange_rate": 6.93720006942749,
    "Commodity_Index_ETF": 24.05500030517578,
    "US_Dollar_Index": 97.39299774169922,
    "ETH_price": 2276.079345703125,
    "GOLD_spot_price": 4955.0,
    "LEAN_HOGS_future": 88.3499984741211,
    "COPPER_future": 6.064499855041504,
    "High_Yield_Bond_ETF": 80.63999938964844,
    "LIVE_CATTLE_future": 237.85000610351562,
    "GOLD_near_month_future": 4954.7998046875,
    "NATURAL_GAS_future": 3.368000030517578,
    "PLATINUM_future": 2252.699951171875,
    "SILVER_future": 87.95999908447266,
    "Long_Term_Treasury_ETF": 86.50499725341797,
    "CORN_future": 427.75,
    "SOYBEANS_future": 1068.0,
    "WHEAT_future": 529.25,
    "SP500_close": 6940.93994140625,
    "NASDAQ_close": 23338.455078125,
    "US_10Y_Treasury_Yield": 4.291999816894531,
    "VIX_close": 16.959999084472656,
    "GOLD_basis_spot_vs_near": 0.2001953125,
    "China_10Y_Treasury_Yield": 1.8172
  }
}