{
  "latest_date": "2026-06-18",
  "latest_values": {
    "Shanghai_Composite_Index": 4108.076171875,
    "CSI_300_Index": 4777.31982421875,
    "Shenzhen_Component_Index": 15880.9501953125,
    "ALUMINUM_future": 3719.0,
    "BTC_price": 63851.76953125,
    "OIL_price": 73.9000015258789,
    "USD_CNY_exchange_rate": 6.757199764251709,
    "Commodity_Index_ETF": 27.709999084472656,
    "US_Dollar_Index": 100.28099822998047,
    "ETH_price": 1727.0,
    "GOLD_spot_price": 4341.7998046875,
    "LEAN_HOGS_future": 94.6500015258789,
    "COPPER_future": 6.389999866485596,
    "High_Yield_Bond_ETF": 79.7300033569336,
    "LIVE_CATTLE_future": 255.72500610351562,
    "GOLD_near_month_future": 4342.0,
    "NATURAL_GAS_future": 3.132999897003174,
    "PLATINUM_future": 1759.800048828125,
    "SILVER_future": 69.21499633789062,
    "Long_Term_Treasury_ETF": 86.33000183105469,
    "CORN_future": 420.0,
    "SOYBEANS_future": 1147.25,
    "WHEAT_future": 621.0,
    "SP500_close": 7420.10009765625,
    "NASDAQ_close": 26021.66015625,
    "US_10Y_Treasury_Yield": 4.486999988555908,
    "VIX_close": 18.440000534057617,
    "GOLD_basis_spot_vs_near": -0.2001953125,
    "China_10Y_Treasury_Yield": 1.727
  }
}