{
  "latest_date": "2025-12-09",
  "latest_values": {
    "Shanghai_Composite_Index": 3909.521484375,
    "CSI_300_Index": 4598.22314453125,
    "Shenzhen_Component_Index": 13277.3623046875,
    "ALUMINUM_future": 2839.25,
    "BTC_price": 92782.234375,
    "OIL_price": 58.38999938964844,
    "USD_CNY_exchange_rate": 7.06279993057251,
    "Commodity_Index_ETF": 22.989999771118164,
    "US_Dollar_Index": 99.23200225830078,
    "ETH_price": 3328.4208984375,
    "GOLD_spot_price": 4236.60009765625,
    "LEAN_HOGS_future": 82.5,
    "COPPER_future": 5.329500198364258,
    "High_Yield_Bond_ETF": 80.45999908447266,
    "LIVE_CATTLE_future": 226.97500610351562,
    "GOLD_near_month_future": 4236.2998046875,
    "NATURAL_GAS_future": 4.578999996185303,
    "PLATINUM_future": 1708.0999755859375,
    "SILVER_future": 61.15999984741211,
    "Long_Term_Treasury_ETF": 87.97000122070312,
    "CORN_future": 441.5,
    "SOYBEANS_future": 1087.75,
    "WHEAT_future": 535.0,
    "SP500_close": 6840.509765625,
    "NASDAQ_close": 23576.486328125,
    "US_10Y_Treasury_Yield": 4.185999870300293,
    "VIX_close": 16.93000030517578,
    "GOLD_basis_spot_vs_near": 0.30029296875,
    "China_10Y_Treasury_Yield": 1.8425
  }
}