{
  "latest_date": "2026-04-06",
  "latest_values": {
    "Shanghai_Composite_Index": 3880.096923828125,
    "CSI_300_Index": 4440.7900390625,
    "Shenzhen_Component_Index": 13352.900390625,
    "ALUMINUM_future": 3383.0,
    "BTC_price": 68661.53125,
    "OIL_price": 113.16000366210938,
    "USD_CNY_exchange_rate": 6.882400035858154,
    "Commodity_Index_ETF": 29.479999542236328,
    "US_Dollar_Index": 99.98999786376953,
    "ETH_price": 2099.074951171875,
    "GOLD_spot_price": 4684.5,
    "LEAN_HOGS_future": 107.55000305175781,
    "COPPER_future": 5.610499858856201,
    "High_Yield_Bond_ETF": 79.69999694824219,
    "LIVE_CATTLE_future": 247.3000030517578,
    "GOLD_near_month_future": 4684.89990234375,
    "NATURAL_GAS_future": 2.802999973297119,
    "PLATINUM_future": 1986.199951171875,
    "SILVER_future": 73.08999633789062,
    "Long_Term_Treasury_ETF": 86.6500015258789,
    "CORN_future": 453.75,
    "SOYBEANS_future": 1164.75,
    "WHEAT_future": 595.75,
    "SP500_close": 6611.830078125,
    "NASDAQ_close": 21996.337890625,
    "US_10Y_Treasury_Yield": 4.335000038146973,
    "VIX_close": 24.170000076293945,
    "GOLD_basis_spot_vs_near": -0.39990234375,
    "China_10Y_Treasury_Yield": 1.8199
  }
}