{
  "latest_date": "2026-04-23",
  "latest_values": {
    "Shanghai_Composite_Index": 4093.25,
    "CSI_300_Index": 4786.3271484375,
    "Shenzhen_Component_Index": 15043.44921875,
    "ALUMINUM_future": 3538.75,
    "BTC_price": 77526.15625,
    "OIL_price": 94.08999633789062,
    "USD_CNY_exchange_rate": 6.820799827575684,
    "Commodity_Index_ETF": 29.510000228881836,
    "US_Dollar_Index": 98.8030014038086,
    "ETH_price": 2322.35009765625,
    "GOLD_spot_price": 4713.0,
    "LEAN_HOGS_future": 95.05000305175781,
    "COPPER_future": 6.034999847412109,
    "High_Yield_Bond_ETF": 80.5,
    "LIVE_CATTLE_future": 246.85000610351562,
    "GOLD_near_month_future": 4713.2001953125,
    "NATURAL_GAS_future": 2.865000009536743,
    "PLATINUM_future": 2015.5,
    "SILVER_future": 74.57499694824219,
    "Long_Term_Treasury_ETF": 86.73999786376953,
    "CORN_future": 464.25,
    "SOYBEANS_future": 1180.25,
    "WHEAT_future": 612.5,
    "SP500_close": 7137.89990234375,
    "NASDAQ_close": 24657.5703125,
    "US_10Y_Treasury_Yield": 4.294000148773193,
    "VIX_close": 19.530000686645508,
    "GOLD_basis_spot_vs_near": -0.2001953125,
    "China_10Y_Treasury_Yield": 1.7548
  }
}