{
  "latest_date": "2026-03-09",
  "latest_values": {
    "Shanghai_Composite_Index": 4124.19384765625,
    "CSI_300_Index": 4660.43994140625,
    "Shenzhen_Component_Index": 14172.6298828125,
    "ALUMINUM_future": 3383.0,
    "BTC_price": 67521.1796875,
    "OIL_price": 102.30000305175781,
    "USD_CNY_exchange_rate": 6.914700031280518,
    "Commodity_Index_ETF": 27.510000228881836,
    "US_Dollar_Index": 99.28299713134766,
    "ETH_price": 1983.2972412109375,
    "GOLD_spot_price": 5114.89990234375,
    "LEAN_HOGS_future": 87.19999694824219,
    "COPPER_future": 5.755499839782715,
    "High_Yield_Bond_ETF": 79.69000244140625,
    "LIVE_CATTLE_future": 228.4499969482422,
    "GOLD_near_month_future": 5114.89990234375,
    "NATURAL_GAS_future": 3.3399999141693115,
    "PLATINUM_future": 2118.39990234375,
    "SILVER_future": 83.91999816894531,
    "Long_Term_Treasury_ETF": 88.45999908447266,
    "CORN_future": 468.25,
    "SOYBEANS_future": 1217.0,
    "WHEAT_future": 623.5,
    "SP500_close": 6740.02001953125,
    "NASDAQ_close": 22387.6796875,
    "US_10Y_Treasury_Yield": 4.132999897003174,
    "GOLD_basis_spot_vs_near": 0.0,
    "China_10Y_Treasury_Yield": 1.781
  }
}