{
  "latest_date": "2026-06-04",
  "latest_values": {
    "Shanghai_Composite_Index": 4083.97412109375,
    "CSI_300_Index": 4938.81005859375,
    "Shenzhen_Component_Index": 15704.7099609375,
    "ALUMINUM_future": 3721.0,
    "BTC_price": 63964.41015625,
    "OIL_price": 94.79000091552734,
    "USD_CNY_exchange_rate": 6.762199878692627,
    "Commodity_Index_ETF": 30.290000915527344,
    "US_Dollar_Index": 99.45700073242188,
    "ETH_price": 1795.6300048828125,
    "GOLD_spot_price": 4503.7998046875,
    "LEAN_HOGS_future": 101.92500305175781,
    "COPPER_future": 6.4695000648498535,
    "High_Yield_Bond_ETF": 79.68000030517578,
    "LIVE_CATTLE_future": 237.85000610351562,
    "GOLD_near_month_future": 4503.7001953125,
    "NATURAL_GAS_future": 3.2339999675750732,
    "PLATINUM_future": 1883.0999755859375,
    "SILVER_future": 73.88500213623047,
    "Long_Term_Treasury_ETF": 85.30999755859375,
    "CORN_future": 426.25,
    "SOYBEANS_future": 1149.75,
    "WHEAT_future": 581.75,
    "SP500_close": 7553.68017578125,
    "NASDAQ_close": 26853.9765625,
    "US_10Y_Treasury_Yield": 4.491000175476074,
    "VIX_close": 16.059999465942383,
    "GOLD_basis_spot_vs_near": 0.099609375,
    "China_10Y_Treasury_Yield": 1.7128
  }
}