{
  "latest_date": "2026-04-21",
  "latest_values": {
    "Shanghai_Composite_Index": 4082.126953125,
    "CSI_300_Index": 4757.43994140625,
    "Shenzhen_Component_Index": 14966.75,
    "ALUMINUM_future": 3494.75,
    "BTC_price": 75586.4921875,
    "OIL_price": 90.22000122070312,
    "USD_CNY_exchange_rate": 6.817399978637695,
    "Commodity_Index_ETF": 29.209999084472656,
    "US_Dollar_Index": 98.375,
    "ETH_price": 2313.340087890625,
    "GOLD_spot_price": 4738.5,
    "LEAN_HOGS_future": 103.05000305175781,
    "COPPER_future": 6.017000198364258,
    "High_Yield_Bond_ETF": 80.37000274658203,
    "LIVE_CATTLE_future": 243.5,
    "GOLD_near_month_future": 4738.7001953125,
    "NATURAL_GAS_future": 2.7100000381469727,
    "PLATINUM_future": 2045.5,
    "SILVER_future": 76.66500091552734,
    "Long_Term_Treasury_ETF": 86.56999969482422,
    "CORN_future": 462.0,
    "SOYBEANS_future": 1190.5,
    "WHEAT_future": 613.5,
    "SP500_close": 7064.009765625,
    "NASDAQ_close": 24259.96484375,
    "US_10Y_Treasury_Yield": 4.291999816894531,
    "VIX_close": 19.5,
    "GOLD_basis_spot_vs_near": -0.2001953125,
    "China_10Y_Treasury_Yield": 1.751
  }
}