{
  "latest_date": "2026-06-25",
  "latest_values": {
    "Shanghai_Composite_Index": 4110.81298828125,
    "CSI_300_Index": 4941.60009765625,
    "Shenzhen_Component_Index": 16051.3203125,
    "ALUMINUM_future": 3238.75,
    "BTC_price": 61720.46875,
    "OIL_price": 69.81999969482422,
    "USD_CNY_exchange_rate": 6.789999961853027,
    "Commodity_Index_ETF": 26.450000762939453,
    "US_Dollar_Index": 101.5780029296875,
    "ETH_price": 1651.489990234375,
    "GOLD_spot_price": 3998.699951171875,
    "LEAN_HOGS_future": 93.8499984741211,
    "COPPER_future": 5.9710001945495605,
    "High_Yield_Bond_ETF": 79.8499984741211,
    "LIVE_CATTLE_future": 256.0,
    "GOLD_near_month_future": 3999.199951171875,
    "NATURAL_GAS_future": 3.2920000553131104,
    "PLATINUM_future": 1558.199951171875,
    "SILVER_future": 57.125,
    "Long_Term_Treasury_ETF": 87.37999725341797,
    "CORN_future": 414.75,
    "SOYBEANS_future": 1136.5,
    "WHEAT_future": 596.25,
    "SP500_close": 7358.22021484375,
    "NASDAQ_close": 25476.640625,
    "US_10Y_Treasury_Yield": 4.451000213623047,
    "VIX_close": 18.6299991607666,
    "GOLD_basis_spot_vs_near": -0.5,
    "China_10Y_Treasury_Yield": 1.7454
  }
}