{
  "latest_date": "2026-04-28",
  "latest_values": {
    "Shanghai_Composite_Index": 4086.343994140625,
    "CSI_300_Index": 4770.9501953125,
    "Shenzhen_Component_Index": 14995.75,
    "ALUMINUM_future": 3501.75,
    "BTC_price": 76188.21875,
    "OIL_price": 99.58000183105469,
    "USD_CNY_exchange_rate": 6.835899829864502,
    "Commodity_Index_ETF": 30.34000015258789,
    "US_Dollar_Index": 98.61399841308594,
    "ETH_price": 2293.669921875,
    "GOLD_spot_price": 4612.60009765625,
    "LEAN_HOGS_future": 102.0,
    "COPPER_future": 5.978000164031982,
    "High_Yield_Bond_ETF": 80.3499984741211,
    "LIVE_CATTLE_future": 253.4499969482422,
    "GOLD_near_month_future": 4612.60009765625,
    "NATURAL_GAS_future": 2.690999984741211,
    "PLATINUM_future": 1956.800048828125,
    "SILVER_future": 73.83999633789062,
    "Long_Term_Treasury_ETF": 86.2249984741211,
    "CORN_future": 475.5,
    "SOYBEANS_future": 1190.25,
    "WHEAT_future": 658.25,
    "SP500_close": 7133.25,
    "NASDAQ_close": 24644.79296875,
    "US_10Y_Treasury_Yield": 4.35699987411499,
    "VIX_close": 18.219999313354492,
    "GOLD_basis_spot_vs_near": 0.0,
    "China_10Y_Treasury_Yield": 1.7654
  }
}