{
  "latest_date": "2025-10-20",
  "latest_values": {
    "Shanghai_Composite_Index": 3863.892578125,
    "CSI_300_Index": 4538.22021484375,
    "Shenzhen_Component_Index": 12688.9404296875,
    "ALUMINUM_future": 2711.0,
    "BTC_price": 110882.84375,
    "OIL_price": 56.45000076293945,
    "USD_CNY_exchange_rate": 7.123000144958496,
    "Commodity_Index_ETF": 22.235000610351562,
    "US_Dollar_Index": 98.51300048828125,
    "ETH_price": 3967.52001953125,
    "GOLD_spot_price": 4365.2001953125,
    "LEAN_HOGS_future": 82.3499984741211,
    "COPPER_future": 5.014999866485596,
    "High_Yield_Bond_ETF": 80.83000183105469,
    "LIVE_CATTLE_future": 243.22500610351562,
    "GOLD_near_month_future": 4365.2001953125,
    "NATURAL_GAS_future": 3.303999900817871,
    "PLATINUM_future": 1650.9000244140625,
    "SILVER_future": 51.400001525878906,
    "Long_Term_Treasury_ETF": 91.40070343017578,
    "CORN_future": 420.25,
    "SOYBEANS_future": 1045.75,
    "WHEAT_future": 502.75,
    "SP500_close": 6729.669921875,
    "NASDAQ_close": 22991.49609375,
    "US_10Y_Treasury_Yield": 4.000999927520752,
    "VIX_close": 18.969999313354492,
    "GOLD_basis_spot_vs_near": 0.0,
    "China_10Y_Treasury_Yield": 1.8498
  }
}