{
  "latest_date": "2026-03-17",
  "latest_values": {
    "Shanghai_Composite_Index": 4095.447998046875,
    "CSI_300_Index": 4669.14013671875,
    "Shenzhen_Component_Index": 14280.7802734375,
    "ALUMINUM_future": 3391.5,
    "BTC_price": 75211.6171875,
    "OIL_price": 96.0199966430664,
    "USD_CNY_exchange_rate": 6.884200096130371,
    "Commodity_Index_ETF": 28.309999465942383,
    "US_Dollar_Index": 99.89099884033203,
    "ETH_price": 2352.408447265625,
    "GOLD_spot_price": 5026.5,
    "LEAN_HOGS_future": 93.5,
    "COPPER_future": 5.837500095367432,
    "High_Yield_Bond_ETF": 79.44999694824219,
    "LIVE_CATTLE_future": 233.1999969482422,
    "GOLD_near_month_future": 5026.7001953125,
    "NATURAL_GAS_future": 3.0280001163482666,
    "PLATINUM_future": 2161.0,
    "SILVER_future": 81.45500183105469,
    "Long_Term_Treasury_ETF": 87.20999908447266,
    "CORN_future": 458.5,
    "SOYBEANS_future": 1163.5,
    "WHEAT_future": 606.25,
    "SP500_close": 6699.3798828125,
    "NASDAQ_close": 22374.177734375,
    "US_10Y_Treasury_Yield": 4.220000267028809,
    "VIX_close": 23.510000228881836,
    "GOLD_basis_spot_vs_near": -0.2001953125,
    "China_10Y_Treasury_Yield": 1.8312
  }
}