{
  "latest_date": "2026-03-13",
  "latest_values": {
    "Shanghai_Composite_Index": 4129.10302734375,
    "CSI_300_Index": 4687.56005859375,
    "Shenzhen_Component_Index": 14374.8701171875,
    "ALUMINUM_future": 3499.0,
    "BTC_price": 71113.421875,
    "OIL_price": 96.2699966430664,
    "USD_CNY_exchange_rate": 6.885300159454346,
    "Commodity_Index_ETF": 28.860000610351562,
    "US_Dollar_Index": 99.73899841308594,
    "ETH_price": 2105.21533203125,
    "GOLD_spot_price": 5118.10009765625,
    "LEAN_HOGS_future": 94.4749984741211,
    "COPPER_future": 5.835999965667725,
    "High_Yield_Bond_ETF": 79.3499984741211,
    "LIVE_CATTLE_future": 231.5749969482422,
    "GOLD_near_month_future": 5118.0,
    "NATURAL_GAS_future": 3.250999927520752,
    "PLATINUM_future": 2147.5,
    "SILVER_future": 84.83999633789062,
    "Long_Term_Treasury_ETF": 86.97000122070312,
    "CORN_future": 462.5,
    "SOYBEANS_future": 1226.75,
    "WHEAT_future": 601.25,
    "SP500_close": 6672.6201171875,
    "NASDAQ_close": 22311.98046875,
    "US_10Y_Treasury_Yield": 4.2729997634887695,
    "VIX_close": 27.290000915527344,
    "GOLD_basis_spot_vs_near": 0.10009765625,
    "China_10Y_Treasury_Yield": 1.8052
  }
}