{
  "latest_date": "2025-11-13",
  "latest_values": {
    "Shanghai_Composite_Index": 4000.139892578125,
    "CSI_300_Index": 4645.91015625,
    "Shenzhen_Component_Index": 13240.6201171875,
    "ALUMINUM_future": 2809.5,
    "BTC_price": 101760.8984375,
    "OIL_price": 58.5,
    "USD_CNY_exchange_rate": 7.10260009765625,
    "Commodity_Index_ETF": 23.040000915527344,
    "US_Dollar_Index": 99.49700164794922,
    "ETH_price": 3437.923583984375,
    "GOLD_spot_price": 4215.60009765625,
    "LEAN_HOGS_future": 80.5250015258789,
    "COPPER_future": 5.122499942779541,
    "High_Yield_Bond_ETF": 80.52999877929688,
    "LIVE_CATTLE_future": 225.0749969482422,
    "GOLD_near_month_future": 4216.0,
    "NATURAL_GAS_future": 4.533999919891357,
    "PLATINUM_future": 1644.0999755859375,
    "SILVER_future": 54.04999923706055,
    "Long_Term_Treasury_ETF": 90.12000274658203,
    "CORN_future": 434.5,
    "SOYBEANS_future": 1137.5,
    "WHEAT_future": 535.75,
    "SP500_close": 6850.919921875,
    "NASDAQ_close": 23406.4609375,
    "US_10Y_Treasury_Yield": 4.065000057220459,
    "VIX_close": 17.510000228881836,
    "GOLD_basis_spot_vs_near": -0.39990234375,
    "China_10Y_Treasury_Yield": 1.8071
  }
}