{
  "latest_date": "2026-03-30",
  "latest_values": {
    "Shanghai_Composite_Index": 3913.72412109375,
    "CSI_300_Index": 4502.56982421875,
    "Shenzhen_Component_Index": 13760.3701171875,
    "ALUMINUM_future": 3343.75,
    "BTC_price": 67072.59375,
    "OIL_price": 101.69000244140625,
    "USD_CNY_exchange_rate": 6.910699844360352,
    "Commodity_Index_ETF": 29.100000381469727,
    "US_Dollar_Index": 100.14700317382812,
    "ETH_price": 2028.2135009765625,
    "GOLD_spot_price": 4511.89990234375,
    "LEAN_HOGS_future": 106.125,
    "COPPER_future": 5.47599983215332,
    "High_Yield_Bond_ETF": 78.72000122070312,
    "LIVE_CATTLE_future": 238.77499389648438,
    "GOLD_near_month_future": 4511.89990234375,
    "NATURAL_GAS_future": 2.937999963760376,
    "PLATINUM_future": 1892.300048828125,
    "SILVER_future": 69.13500213623047,
    "Long_Term_Treasury_ETF": 85.63999938964844,
    "CORN_future": 463.25,
    "SOYBEANS_future": 1163.0,
    "WHEAT_future": 605.25,
    "SP500_close": 6368.85009765625,
    "NASDAQ_close": 20948.359375,
    "US_10Y_Treasury_Yield": 4.440000057220459,
    "VIX_close": 31.049999237060547,
    "GOLD_basis_spot_vs_near": 0.0,
    "China_10Y_Treasury_Yield": 1.8172
  }
}