{
  "latest_date": "2026-02-11",
  "latest_values": {
    "Shanghai_Composite_Index": 4128.373046875,
    "CSI_300_Index": 4724.2998046875,
    "Shenzhen_Component_Index": 14210.6298828125,
    "ALUMINUM_future": 3058.5,
    "BTC_price": 66704.5546875,
    "OIL_price": 64.86000061035156,
    "USD_CNY_exchange_rate": 6.909900188446045,
    "Commodity_Index_ETF": 24.139999389648438,
    "US_Dollar_Index": 96.55799865722656,
    "ETH_price": 1938.9598388671875,
    "GOLD_spot_price": 5090.10009765625,
    "LEAN_HOGS_future": 86.92500305175781,
    "COPPER_future": 5.986999988555908,
    "High_Yield_Bond_ETF": 80.83999633789062,
    "LIVE_CATTLE_future": 239.25,
    "GOLD_near_month_future": 5090.10009765625,
    "NATURAL_GAS_future": 3.1080000400543213,
    "PLATINUM_future": 2184.10009765625,
    "SILVER_future": 84.49500274658203,
    "Long_Term_Treasury_ETF": 88.52999877929688,
    "CORN_future": 428.75,
    "SOYBEANS_future": 1118.0,
    "WHEAT_future": 532.5,
    "SP500_close": 6941.81005859375,
    "NASDAQ_close": 23102.470703125,
    "US_10Y_Treasury_Yield": 4.146999835968018,
    "VIX_close": 18.31999969482422,
    "GOLD_basis_spot_vs_near": 0.0,
    "China_10Y_Treasury_Yield": 1.7994
  }
}