{
  "latest_date": "2026-03-02",
  "latest_values": {
    "Shanghai_Composite_Index": 4182.5908203125,
    "CSI_300_Index": 4728.6689453125,
    "Shenzhen_Component_Index": 14495.08984375,
    "ALUMINUM_future": 3143.75,
    "BTC_price": 68321.84375,
    "OIL_price": 71.29000091552734,
    "USD_CNY_exchange_rate": 6.8815999031066895,
    "Commodity_Index_ETF": 25.860000610351562,
    "US_Dollar_Index": 98.45600128173828,
    "ETH_price": 2030.7752685546875,
    "GOLD_spot_price": 5334.10009765625,
    "LEAN_HOGS_future": 86.30000305175781,
    "COPPER_future": 5.954999923706055,
    "High_Yield_Bond_ETF": 80.19499969482422,
    "LIVE_CATTLE_future": 226.875,
    "GOLD_near_month_future": 5336.2001953125,
    "NATURAL_GAS_future": 2.941999912261963,
    "PLATINUM_future": 2292.199951171875,
    "SILVER_future": 90.1050033569336,
    "Long_Term_Treasury_ETF": 89.5999984741211,
    "CORN_future": 443.5,
    "SOYBEANS_future": 1162.5,
    "WHEAT_future": 580.25,
    "SP500_close": 6865.81005859375,
    "NASDAQ_close": 22628.560546875,
    "US_10Y_Treasury_Yield": 4.0360002517700195,
    "VIX_close": 22.1299991607666,
    "GOLD_basis_spot_vs_near": -2.10009765625,
    "China_10Y_Treasury_Yield": 1.7761
  }
}