{
  "latest_date": "2026-05-11",
  "latest_values": {
    "Shanghai_Composite_Index": 4179.953125,
    "CSI_300_Index": 4871.91015625,
    "Shenzhen_Component_Index": 15563.7998046875,
    "ALUMINUM_future": 3522.0,
    "BTC_price": 81661.359375,
    "OIL_price": 98.23999786376953,
    "USD_CNY_exchange_rate": 6.80049991607666,
    "Commodity_Index_ETF": 31.059999465942383,
    "US_Dollar_Index": 97.90499877929688,
    "ETH_price": 2337.25,
    "GOLD_spot_price": 4757.2998046875,
    "LEAN_HOGS_future": 100.125,
    "COPPER_future": 6.492499828338623,
    "High_Yield_Bond_ETF": 79.9800033569336,
    "LIVE_CATTLE_future": 249.64999389648438,
    "GOLD_near_month_future": 4757.10009765625,
    "NATURAL_GAS_future": 2.9240000247955322,
    "PLATINUM_future": 2161.10009765625,
    "SILVER_future": 87.02999877929688,
    "Long_Term_Treasury_ETF": 85.55999755859375,
    "CORN_future": 474.5,
    "SOYBEANS_future": 1211.0,
    "WHEAT_future": 636.0,
    "SP500_close": 7412.83984375,
    "NASDAQ_close": 26274.125,
    "US_10Y_Treasury_Yield": 4.409999847412109,
    "VIX_close": 18.3799991607666,
    "GOLD_basis_spot_vs_near": 0.19970703125,
    "China_10Y_Treasury_Yield": 1.7622
  }
}