{
  "latest_date": "2026-03-17",
  "latest_values": {
    "Shanghai_Composite_Index": 4084.785888671875,
    "CSI_300_Index": 4671.55908203125,
    "Shenzhen_Component_Index": 14307.5771484375,
    "ALUMINUM_future": 3353.75,
    "BTC_price": 75237.375,
    "OIL_price": 95.11000061035156,
    "USD_CNY_exchange_rate": 6.868899822235107,
    "Commodity_Index_ETF": 28.309999465942383,
    "ETH_price": 2362.154052734375,
    "GOLD_spot_price": 5010.2001953125,
    "LEAN_HOGS_future": 93.5,
    "COPPER_future": 5.830999851226807,
    "High_Yield_Bond_ETF": 79.44999694824219,
    "LIVE_CATTLE_future": 233.1999969482422,
    "GOLD_near_month_future": 5010.89990234375,
    "NATURAL_GAS_future": 3.0380001068115234,
    "PLATINUM_future": 2111.0,
    "SILVER_future": 80.80000305175781,
    "Long_Term_Treasury_ETF": 87.20999908447266,
    "CORN_future": 455.25,
    "SOYBEANS_future": 1152.25,
    "WHEAT_future": 600.25,
    "SP500_close": 6699.3798828125,
    "NASDAQ_close": 22374.177734375,
    "US_10Y_Treasury_Yield": 4.220000267028809,
    "VIX_close": 23.510000228881836,
    "GOLD_basis_spot_vs_near": -0.69970703125,
    "China_10Y_Treasury_Yield": 1.8312
  }
}