{
  "latest_date": "2026-03-17",
  "latest_values": {
    "Shanghai_Composite_Index": 4049.9072265625,
    "CSI_300_Index": 4637.43896484375,
    "Shenzhen_Component_Index": 14039.73046875,
    "ALUMINUM_future": 3304.25,
    "BTC_price": 74563.03125,
    "OIL_price": 95.12000274658203,
    "USD_CNY_exchange_rate": 6.885799884796143,
    "Commodity_Index_ETF": 28.71500015258789,
    "ETH_price": 2338.658935546875,
    "GOLD_spot_price": 5011.5,
    "LEAN_HOGS_future": 107.80000305175781,
    "COPPER_future": 5.771999835968018,
    "High_Yield_Bond_ETF": 79.7300033569336,
    "LIVE_CATTLE_future": 233.52499389648438,
    "GOLD_near_month_future": 5011.7998046875,
    "NATURAL_GAS_future": 3.0220000743865967,
    "PLATINUM_future": 2130.0,
    "SILVER_future": 79.83499908447266,
    "Long_Term_Treasury_ETF": 87.44000244140625,
    "CORN_future": 454.25,
    "SOYBEANS_future": 1156.5,
    "WHEAT_future": 589.75,
    "SP500_close": 6721.33984375,
    "NASDAQ_close": 22481.951171875,
    "US_10Y_Treasury_Yield": 4.197999954223633,
    "VIX_close": 22.06999969482422,
    "GOLD_basis_spot_vs_near": -0.2998046875,
    "China_10Y_Treasury_Yield": 1.8314
  }
}