{
  "latest_date": "2026-05-05",
  "latest_values": {
    "Shanghai_Composite_Index": 4112.1591796875,
    "CSI_300_Index": 4807.31005859375,
    "Shenzhen_Component_Index": 15107.5498046875,
    "ALUMINUM_future": 3533.0,
    "BTC_price": 80937.359375,
    "OIL_price": 102.58000183105469,
    "USD_CNY_exchange_rate": 6.827499866485596,
    "Commodity_Index_ETF": 31.200000762939453,
    "US_Dollar_Index": 98.47699737548828,
    "ETH_price": 2383.320068359375,
    "GOLD_spot_price": 4568.2001953125,
    "LEAN_HOGS_future": 101.4000015258789,
    "COPPER_future": 5.980999946594238,
    "High_Yield_Bond_ETF": 79.91999816894531,
    "LIVE_CATTLE_future": 252.9250030517578,
    "GOLD_near_month_future": 4568.2001953125,
    "NATURAL_GAS_future": 2.7660000324249268,
    "PLATINUM_future": 1965.800048828125,
    "SILVER_future": 73.33999633789062,
    "Long_Term_Treasury_ETF": 85.43000030517578,
    "CORN_future": 479.75,
    "SOYBEANS_future": 1210.25,
    "WHEAT_future": 628.5,
    "SP500_close": 7259.22021484375,
    "NASDAQ_close": 25326.125,
    "US_10Y_Treasury_Yield": 4.415999889373779,
    "VIX_close": 17.440000534057617,
    "GOLD_basis_spot_vs_near": 0.0,
    "China_10Y_Treasury_Yield": 1.7473
  }
}