{
  "latest_date": "2026-05-23",
  "latest_values": {
    "Shanghai_Composite_Index": 4112.89892578125,
    "CSI_300_Index": 4845.10009765625,
    "Shenzhen_Component_Index": 15597.2998046875,
    "ALUMINUM_future": 3963.5,
    "BTC_price": 75304.75,
    "OIL_price": 96.5999984741211,
    "USD_CNY_exchange_rate": 6.794000148773193,
    "Commodity_Index_ETF": 30.540000915527344,
    "US_Dollar_Index": 99.31999969482422,
    "ETH_price": 2058.669921875,
    "GOLD_spot_price": 4521.0,
    "LEAN_HOGS_future": 95.75,
    "COPPER_future": 6.3420000076293945,
    "High_Yield_Bond_ETF": 79.91000366210938,
    "LIVE_CATTLE_future": 249.3000030517578,
    "GOLD_near_month_future": 4523.2001953125,
    "NATURAL_GAS_future": 2.9070000648498535,
    "PLATINUM_future": 1931.5999755859375,
    "SILVER_future": 75.89299774169922,
    "Long_Term_Treasury_ETF": 84.68000030517578,
    "CORN_future": 463.25,
    "SOYBEANS_future": 1196.5,
    "WHEAT_future": 646.25,
    "SP500_close": 7473.47021484375,
    "NASDAQ_close": 26343.970703125,
    "US_10Y_Treasury_Yield": 4.558000087738037,
    "VIX_close": 16.700000762939453,
    "GOLD_basis_spot_vs_near": -2.2001953125,
    "China_10Y_Treasury_Yield": 1.7519
  }
}