{
  "latest_date": "2026-03-25",
  "latest_values": {
    "Shanghai_Composite_Index": 3881.280029296875,
    "CSI_300_Index": 4474.72021484375,
    "Shenzhen_Component_Index": 13536.5595703125,
    "ALUMINUM_future": 3135.0,
    "BTC_price": 71763.1328125,
    "OIL_price": 87.76000213623047,
    "USD_CNY_exchange_rate": 6.900300025939941,
    "Commodity_Index_ETF": 27.799999237060547,
    "US_Dollar_Index": 99.38800048828125,
    "ETH_price": 2187.741455078125,
    "GOLD_spot_price": 4551.5,
    "LEAN_HOGS_future": 91.05000305175781,
    "COPPER_future": 5.523499965667725,
    "High_Yield_Bond_ETF": 79.48500061035156,
    "LIVE_CATTLE_future": 235.375,
    "GOLD_near_month_future": 4551.7998046875,
    "NATURAL_GAS_future": 2.86899995803833,
    "PLATINUM_future": 1939.800048828125,
    "SILVER_future": 72.94999694824219,
    "Long_Term_Treasury_ETF": 86.73500061035156,
    "CORN_future": 460.25,
    "SOYBEANS_future": 1158.5,
    "WHEAT_future": 586.0,
    "SP500_close": 6623.9501953125,
    "NASDAQ_close": 22029.365234375,
    "US_10Y_Treasury_Yield": 4.328000068664551,
    "VIX_close": 25.68000030517578,
    "GOLD_basis_spot_vs_near": -0.2998046875,
    "China_10Y_Treasury_Yield": 1.8233
  }
}