{
  "latest_date": "2025-11-13",
  "latest_values": {
    "Shanghai_Composite_Index": 4000.139892578125,
    "CSI_300_Index": 4645.91015625,
    "Shenzhen_Component_Index": 13240.6201171875,
    "ALUMINUM_future": 2786.0,
    "BTC_price": 102002.625,
    "OIL_price": 58.41999816894531,
    "USD_CNY_exchange_rate": 7.101600170135498,
    "Commodity_Index_ETF": 23.040000915527344,
    "US_Dollar_Index": 99.52200317382812,
    "ETH_price": 3478.310791015625,
    "GOLD_spot_price": 4211.89990234375,
    "LEAN_HOGS_future": 80.5250015258789,
    "COPPER_future": 5.125,
    "High_Yield_Bond_ETF": 80.52999877929688,
    "LIVE_CATTLE_future": 224.85000610351562,
    "GOLD_near_month_future": 4211.89990234375,
    "NATURAL_GAS_future": 4.513000011444092,
    "PLATINUM_future": 1642.699951171875,
    "SILVER_future": 53.994998931884766,
    "Long_Term_Treasury_ETF": 90.12000274658203,
    "CORN_future": 435.0,
    "SOYBEANS_future": 1137.5,
    "WHEAT_future": 535.5,
    "SP500_close": 6850.919921875,
    "NASDAQ_close": 23406.4609375,
    "US_10Y_Treasury_Yield": 4.065000057220459,
    "VIX_close": 17.510000228881836,
    "GOLD_basis_spot_vs_near": 0.0,
    "China_10Y_Treasury_Yield": 1.8071
  }
}