{
  "latest_date": "2026-02-24",
  "latest_values": {
    "Shanghai_Composite_Index": 4082.072998046875,
    "CSI_300_Index": 4660.41015625,
    "Shenzhen_Component_Index": 14100.1904296875,
    "ALUMINUM_future": 3068.75,
    "BTC_price": 63214.41015625,
    "OIL_price": 66.5999984741211,
    "USD_CNY_exchange_rate": 6.88700008392334,
    "Commodity_Index_ETF": 24.75,
    "US_Dollar_Index": 97.93399810791016,
    "ETH_price": 1823.88134765625,
    "GOLD_spot_price": 5192.7998046875,
    "LEAN_HOGS_future": 93.75,
    "COPPER_future": 5.846499919891357,
    "High_Yield_Bond_ETF": 80.87000274658203,
    "LIVE_CATTLE_future": 239.1999969482422,
    "GOLD_near_month_future": 5192.7001953125,
    "NATURAL_GAS_future": 2.9159998893737793,
    "PLATINUM_future": 2156.300048828125,
    "SILVER_future": 87.6050033569336,
    "Long_Term_Treasury_ETF": 89.73999786376953,
    "CORN_future": 440.0,
    "SOYBEANS_future": 1144.5,
    "WHEAT_future": 575.75,
    "SP500_close": 6837.75,
    "NASDAQ_close": 22627.26953125,
    "US_10Y_Treasury_Yield": 4.0289998054504395,
    "VIX_close": 21.010000228881836,
    "GOLD_basis_spot_vs_near": 0.099609375,
    "China_10Y_Treasury_Yield": 1.7899
  }
}