{
  "latest_date": "2026-06-25",
  "latest_values": {
    "Shanghai_Composite_Index": 4110.81298828125,
    "CSI_300_Index": 4941.60009765625,
    "Shenzhen_Component_Index": 16051.3203125,
    "ALUMINUM_future": 3285.0,
    "BTC_price": 59817.26171875,
    "OIL_price": 71.47000122070312,
    "USD_CNY_exchange_rate": 6.789999961853027,
    "Commodity_Index_ETF": 26.93000030517578,
    "US_Dollar_Index": 101.45600128173828,
    "ETH_price": 1571.81005859375,
    "GOLD_spot_price": 4041.60009765625,
    "LEAN_HOGS_future": 96.6500015258789,
    "COPPER_future": 6.130499839782715,
    "High_Yield_Bond_ETF": 79.87999725341797,
    "LIVE_CATTLE_future": 247.22500610351562,
    "GOLD_near_month_future": 4042.0,
    "NATURAL_GAS_future": 3.2720000743865967,
    "PLATINUM_future": 1613.199951171875,
    "SILVER_future": 57.88999938964844,
    "Long_Term_Treasury_ETF": 87.3499984741211,
    "CORN_future": 424.25,
    "SOYBEANS_future": 1157.5,
    "WHEAT_future": 601.25,
    "SP500_close": 7357.490234375,
    "NASDAQ_close": 25358.603515625,
    "US_10Y_Treasury_Yield": 4.3919997215271,
    "VIX_close": 18.889999389648438,
    "GOLD_basis_spot_vs_near": -0.39990234375,
    "China_10Y_Treasury_Yield": 1.7351
  }
}