{
  "latest_date": "2026-03-02",
  "latest_values": {
    "Shanghai_Composite_Index": 4182.5908203125,
    "CSI_300_Index": 4728.6689453125,
    "Shenzhen_Component_Index": 14465.7880859375,
    "ALUMINUM_future": 3120.5,
    "BTC_price": 68981.0078125,
    "OIL_price": 70.91000366210938,
    "USD_CNY_exchange_rate": 6.8815999031066895,
    "Commodity_Index_ETF": 25.85930061340332,
    "US_Dollar_Index": 98.38099670410156,
    "ETH_price": 2043.1929931640625,
    "GOLD_spot_price": 5345.10009765625,
    "LEAN_HOGS_future": 95.57499694824219,
    "COPPER_future": 5.9710001945495605,
    "High_Yield_Bond_ETF": 80.34500122070312,
    "LIVE_CATTLE_future": 233.64999389648438,
    "GOLD_near_month_future": 5344.7001953125,
    "NATURAL_GAS_future": 2.9549999237060547,
    "PLATINUM_future": 2323.10009765625,
    "SILVER_future": 89.6500015258789,
    "Long_Term_Treasury_ETF": 89.56999969482422,
    "CORN_future": 445.25,
    "SOYBEANS_future": 1161.75,
    "WHEAT_future": 576.25,
    "SP500_close": 6874.72021484375,
    "NASDAQ_close": 22701.623046875,
    "US_10Y_Treasury_Yield": 4.052000045776367,
    "VIX_close": 20.3799991607666,
    "GOLD_basis_spot_vs_near": 0.39990234375,
    "China_10Y_Treasury_Yield": 1.7761
  }
}