{
  "latest_date": "2026-06-16",
  "latest_values": {
    "Shanghai_Composite_Index": 4091.8916015625,
    "CSI_300_Index": 4884.232421875,
    "Shenzhen_Component_Index": 15675.24609375,
    "ALUMINUM_future": 3395.25,
    "BTC_price": 65865.59375,
    "OIL_price": 75.80999755859375,
    "USD_CNY_exchange_rate": 6.75570011138916,
    "Commodity_Index_ETF": 27.809999465942383,
    "US_Dollar_Index": 99.57099914550781,
    "ETH_price": 1780.4200439453125,
    "GOLD_spot_price": 4345.7998046875,
    "LEAN_HOGS_future": 96.1500015258789,
    "COPPER_future": 6.518499851226807,
    "High_Yield_Bond_ETF": 80.0,
    "LIVE_CATTLE_future": 247.35000610351562,
    "GOLD_near_month_future": 4346.10009765625,
    "NATURAL_GAS_future": 3.2209999561309814,
    "PLATINUM_future": 1803.0999755859375,
    "SILVER_future": 70.0,
    "Long_Term_Treasury_ETF": 86.16999816894531,
    "CORN_future": 415.5,
    "SOYBEANS_future": 1146.5,
    "WHEAT_future": 606.75,
    "SP500_close": 7533.93994140625,
    "NASDAQ_close": 26503.98828125,
    "US_10Y_Treasury_Yield": 4.440999984741211,
    "VIX_close": 15.880000114440918,
    "GOLD_basis_spot_vs_near": -0.30029296875,
    "China_10Y_Treasury_Yield": 1.7324
  }
}