{
  "latest_date": "2026-05-01",
  "latest_values": {
    "Shanghai_Composite_Index": 4112.1591796875,
    "CSI_300_Index": 4807.31005859375,
    "Shenzhen_Component_Index": 15107.5498046875,
    "ALUMINUM_future": 3479.25,
    "BTC_price": 78261.0234375,
    "OIL_price": 99.87000274658203,
    "USD_CNY_exchange_rate": 6.8267998695373535,
    "Commodity_Index_ETF": 30.699899673461914,
    "US_Dollar_Index": 97.74700164794922,
    "ETH_price": 2308.300048828125,
    "GOLD_spot_price": 4665.5,
    "LEAN_HOGS_future": 101.9749984741211,
    "COPPER_future": 6.010000228881836,
    "High_Yield_Bond_ETF": 80.20500183105469,
    "LIVE_CATTLE_future": 255.5,
    "GOLD_near_month_future": 4665.10009765625,
    "NATURAL_GAS_future": 2.755000114440918,
    "PLATINUM_future": 2021.5999755859375,
    "SILVER_future": 77.26499938964844,
    "Long_Term_Treasury_ETF": 85.89600372314453,
    "CORN_future": 477.5,
    "SOYBEANS_future": 1199.75,
    "WHEAT_future": 634.0,
    "SP500_close": 7264.89013671875,
    "NASDAQ_close": 25160.4921875,
    "US_10Y_Treasury_Yield": 4.349999904632568,
    "VIX_close": 16.489999771118164,
    "GOLD_basis_spot_vs_near": 0.39990234375,
    "China_10Y_Treasury_Yield": 1.7473
  }
}