{
  "latest_date": "2026-05-11",
  "latest_values": {
    "Shanghai_Composite_Index": 4179.953125,
    "CSI_300_Index": 4871.91015625,
    "Shenzhen_Component_Index": 15563.7998046875,
    "ALUMINUM_future": 3532.5,
    "BTC_price": 81613.046875,
    "OIL_price": 99.70999908447266,
    "USD_CNY_exchange_rate": 6.801400184631348,
    "Commodity_Index_ETF": 31.150299072265625,
    "US_Dollar_Index": 97.9260025024414,
    "ETH_price": 2330.780029296875,
    "GOLD_spot_price": 4721.0,
    "LEAN_HOGS_future": 99.375,
    "COPPER_future": 6.458499908447266,
    "High_Yield_Bond_ETF": 80.0979995727539,
    "LIVE_CATTLE_future": 248.375,
    "GOLD_near_month_future": 4721.2001953125,
    "NATURAL_GAS_future": 2.9000000953674316,
    "PLATINUM_future": 2127.39990234375,
    "SILVER_future": 85.86000061035156,
    "Long_Term_Treasury_ETF": 85.62000274658203,
    "CORN_future": 475.75,
    "SOYBEANS_future": 1213.75,
    "WHEAT_future": 634.0,
    "SP500_close": 7415.419921875,
    "NASDAQ_close": 26290.875,
    "US_10Y_Treasury_Yield": 4.3979997634887695,
    "VIX_close": 17.969999313354492,
    "GOLD_basis_spot_vs_near": -0.2001953125,
    "China_10Y_Treasury_Yield": 1.7622
  }
}