{
  "latest_date": "2025-10-20",
  "latest_values": {
    "Shanghai_Composite_Index": 3863.892578125,
    "CSI_300_Index": 4538.22021484375,
    "Shenzhen_Component_Index": 12813.2080078125,
    "ALUMINUM_future": 2711.0,
    "BTC_price": 110854.6015625,
    "OIL_price": 57.470001220703125,
    "USD_CNY_exchange_rate": 7.126399993896484,
    "Commodity_Index_ETF": 22.34000015258789,
    "US_Dollar_Index": 98.59300231933594,
    "ETH_price": 3994.066162109375,
    "GOLD_spot_price": 4384.5,
    "LEAN_HOGS_future": 82.25,
    "COPPER_future": 5.059000015258789,
    "High_Yield_Bond_ETF": 80.87999725341797,
    "LIVE_CATTLE_future": 243.6750030517578,
    "GOLD_near_month_future": 4384.7001953125,
    "NATURAL_GAS_future": 3.4159998893737793,
    "PLATINUM_future": 1650.5999755859375,
    "SILVER_future": 51.52000045776367,
    "Long_Term_Treasury_ETF": 91.55000305175781,
    "CORN_future": 424.0,
    "SOYBEANS_future": 1050.75,
    "WHEAT_future": 505.5,
    "SP500_close": 6735.1298828125,
    "NASDAQ_close": 22990.54296875,
    "US_10Y_Treasury_Yield": 3.9860000610351562,
    "VIX_close": 18.229999542236328,
    "GOLD_basis_spot_vs_near": -0.2001953125,
    "China_10Y_Treasury_Yield": 1.8498
  }
}