{
  "latest_date": "2025-10-29",
  "latest_values": {
    "Shanghai_Composite_Index": 4016.3310546875,
    "CSI_300_Index": 4747.837890625,
    "Shenzhen_Component_Index": 13691.3828125,
    "ALUMINUM_future": 2875.0,
    "BTC_price": 111325.59375,
    "OIL_price": 60.65999984741211,
    "USD_CNY_exchange_rate": 7.097499847412109,
    "Commodity_Index_ETF": 22.760000228881836,
    "US_Dollar_Index": 98.73600006103516,
    "ETH_price": 3972.71728515625,
    "GOLD_spot_price": 4008.60009765625,
    "LEAN_HOGS_future": 82.32499694824219,
    "COPPER_future": 5.263000011444092,
    "High_Yield_Bond_ETF": 81.19999694824219,
    "LIVE_CATTLE_future": 231.75,
    "GOLD_near_month_future": 4008.60009765625,
    "NATURAL_GAS_future": 3.303999900817871,
    "PLATINUM_future": 1602.5,
    "SILVER_future": 48.0099983215332,
    "Long_Term_Treasury_ETF": 91.7300033569336,
    "CORN_future": 432.75,
    "SOYBEANS_future": 1094.0,
    "WHEAT_future": 529.75,
    "SP500_close": 6908.16015625,
    "NASDAQ_close": 23969.771484375,
    "US_10Y_Treasury_Yield": 3.997000217437744,
    "VIX_close": 16.690000534057617,
    "GOLD_basis_spot_vs_near": 0.0,
    "China_10Y_Treasury_Yield": 1.8208
  }
}