{
  "latest_date": "2026-04-06",
  "latest_values": {
    "Shanghai_Composite_Index": 3880.096923828125,
    "CSI_300_Index": 4440.7900390625,
    "Shenzhen_Component_Index": 13352.900390625,
    "ALUMINUM_future": 3422.0,
    "BTC_price": 69212.4296875,
    "OIL_price": 111.41999816894531,
    "USD_CNY_exchange_rate": 6.8850998878479,
    "Commodity_Index_ETF": 29.329999923706055,
    "US_Dollar_Index": 100.02799987792969,
    "ETH_price": 2132.929443359375,
    "GOLD_spot_price": 4676.60009765625,
    "LEAN_HOGS_future": 104.44999694824219,
    "COPPER_future": 5.630000114440918,
    "High_Yield_Bond_ETF": 79.55999755859375,
    "LIVE_CATTLE_future": 246.1999969482422,
    "GOLD_near_month_future": 4676.89990234375,
    "NATURAL_GAS_future": 2.8510000705718994,
    "PLATINUM_future": 1976.800048828125,
    "SILVER_future": 72.61499786376953,
    "Long_Term_Treasury_ETF": 86.79000091552734,
    "CORN_future": 449.25,
    "SOYBEANS_future": 1160.0,
    "WHEAT_future": 591.0,
    "SP500_close": 6582.68994140625,
    "NASDAQ_close": 21879.1796875,
    "US_10Y_Treasury_Yield": 4.313000202178955,
    "VIX_close": 23.8700008392334,
    "GOLD_basis_spot_vs_near": -0.2998046875,
    "China_10Y_Treasury_Yield": 1.8199
  }
}