{
  "latest_date": "2026-03-16",
  "latest_values": {
    "Shanghai_Composite_Index": 4084.785888671875,
    "CSI_300_Index": 4671.55908203125,
    "Shenzhen_Component_Index": 14307.5771484375,
    "ALUMINUM_future": 3353.75,
    "BTC_price": 74849.34375,
    "OIL_price": 94.45999908447266,
    "USD_CNY_exchange_rate": 6.894999980926514,
    "Commodity_Index_ETF": 28.309999465942383,
    "ETH_price": 2383.081298828125,
    "GOLD_spot_price": 5017.60009765625,
    "LEAN_HOGS_future": 93.5,
    "COPPER_future": 5.8354997634887695,
    "High_Yield_Bond_ETF": 79.44999694824219,
    "LIVE_CATTLE_future": 233.1999969482422,
    "GOLD_near_month_future": 5017.10009765625,
    "NATURAL_GAS_future": 3.0339999198913574,
    "PLATINUM_future": 2110.800048828125,
    "SILVER_future": 81.07499694824219,
    "Long_Term_Treasury_ETF": 87.20999908447266,
    "CORN_future": 454.75,
    "SOYBEANS_future": 1155.25,
    "WHEAT_future": 597.0,
    "SP500_close": 6699.3798828125,
    "NASDAQ_close": 22374.177734375,
    "US_10Y_Treasury_Yield": 4.220000267028809,
    "VIX_close": 23.510000228881836,
    "GOLD_basis_spot_vs_near": 0.5,
    "China_10Y_Treasury_Yield": 1.8312
  }
}