{
  "latest_date": "2026-02-03",
  "latest_values": {
    "Shanghai_Composite_Index": 4117.9482421875,
    "CSI_300_Index": 4706.33984375,
    "Shenzhen_Component_Index": 14205.8896484375,
    "ALUMINUM_future": 2996.25,
    "BTC_price": 78037.9921875,
    "OIL_price": 61.7599983215332,
    "USD_CNY_exchange_rate": 6.937900066375732,
    "Commodity_Index_ETF": 23.540000915527344,
    "US_Dollar_Index": 97.4520034790039,
    "ETH_price": 2304.69482421875,
    "GOLD_spot_price": 4848.10009765625,
    "LEAN_HOGS_future": 96.625,
    "COPPER_future": 5.946000099182129,
    "High_Yield_Bond_ETF": 80.7699966430664,
    "LIVE_CATTLE_future": 239.4499969482422,
    "GOLD_near_month_future": 4848.7998046875,
    "NATURAL_GAS_future": 3.2360000610351562,
    "PLATINUM_future": 2160.5,
    "SILVER_future": 83.16500091552734,
    "Long_Term_Treasury_ETF": 86.55000305175781,
    "CORN_future": 427.0,
    "SOYBEANS_future": 1062.0,
    "WHEAT_future": 529.5,
    "SP500_close": 6976.43994140625,
    "NASDAQ_close": 23592.107421875,
    "US_10Y_Treasury_Yield": 4.275000095367432,
    "VIX_close": 16.34000015258789,
    "GOLD_basis_spot_vs_near": -0.69970703125,
    "China_10Y_Treasury_Yield": 1.82
  }
}