{
  "latest_date": "2026-07-09",
  "latest_values": {
    "Shanghai_Composite_Index": 3990.235107421875,
    "CSI_300_Index": 4842.169921875,
    "Shenzhen_Component_Index": 15225.1103515625,
    "ALUMINUM_future": 3314.5,
    "BTC_price": 62209.55078125,
    "OIL_price": 74.36000061035156,
    "USD_CNY_exchange_rate": 6.802000045776367,
    "Commodity_Index_ETF": 27.799999237060547,
    "US_Dollar_Index": 101.00199890136719,
    "ETH_price": 1741.93994140625,
    "GOLD_spot_price": 4089.699951171875,
    "LEAN_HOGS_future": 99.69999694824219,
    "COPPER_future": 6.125999927520752,
    "High_Yield_Bond_ETF": 79.66000366210938,
    "LIVE_CATTLE_future": 237.77499389648438,
    "GOLD_near_month_future": 4090.199951171875,
    "NATURAL_GAS_future": 3.2200000286102295,
    "PLATINUM_future": 1600.4000244140625,
    "SILVER_future": 58.82500076293945,
    "Long_Term_Treasury_ETF": 84.36000061035156,
    "CORN_future": 452.5,
    "SOYBEANS_future": 1189.75,
    "WHEAT_future": 604.0,
    "SP500_close": 7482.7099609375,
    "NASDAQ_close": 25870.65234375,
    "US_10Y_Treasury_Yield": 4.568999767303467,
    "VIX_close": 16.899999618530273,
    "GOLD_basis_spot_vs_near": -0.5,
    "China_10Y_Treasury_Yield": 1.7385
  }
}