{
  "latest_date": "2026-05-06",
  "latest_values": {
    "Shanghai_Composite_Index": 4112.1591796875,
    "CSI_300_Index": 4807.31005859375,
    "Shenzhen_Component_Index": 15107.5498046875,
    "ALUMINUM_future": 3539.25,
    "BTC_price": 81276.71875,
    "OIL_price": 101.04000091552734,
    "USD_CNY_exchange_rate": 6.829999923706055,
    "Commodity_Index_ETF": 31.200000762939453,
    "US_Dollar_Index": 98.24199676513672,
    "ETH_price": 2370.10009765625,
    "GOLD_spot_price": 4633.60009765625,
    "LEAN_HOGS_future": 101.4000015258789,
    "COPPER_future": 6.046000003814697,
    "High_Yield_Bond_ETF": 79.91999816894531,
    "LIVE_CATTLE_future": 252.9250030517578,
    "GOLD_near_month_future": 4633.5,
    "NATURAL_GAS_future": 2.7780001163482666,
    "PLATINUM_future": 1997.0,
    "SILVER_future": 75.29000091552734,
    "Long_Term_Treasury_ETF": 85.43000030517578,
    "CORN_future": 478.5,
    "SOYBEANS_future": 1213.75,
    "WHEAT_future": 625.0,
    "SP500_close": 7259.22021484375,
    "NASDAQ_close": 25326.125,
    "US_10Y_Treasury_Yield": 4.415999889373779,
    "VIX_close": 17.3799991607666,
    "GOLD_basis_spot_vs_near": 0.10009765625,
    "China_10Y_Treasury_Yield": 1.7473
  }
}