{
  "latest_date": "2026-02-12",
  "latest_values": {
    "Shanghai_Composite_Index": 4134.017578125,
    "CSI_300_Index": 4719.578125,
    "Shenzhen_Component_Index": 14282.998046875,
    "ALUMINUM_future": 3045.0,
    "BTC_price": 65593.9453125,
    "OIL_price": 62.70000076293945,
    "USD_CNY_exchange_rate": 6.9004998207092285,
    "Commodity_Index_ETF": 23.790000915527344,
    "US_Dollar_Index": 96.96399688720703,
    "ETH_price": 1914.054931640625,
    "GOLD_spot_price": 4947.2001953125,
    "LEAN_HOGS_future": 91.4749984741211,
    "COPPER_future": 5.769999980926514,
    "High_Yield_Bond_ETF": 80.77549743652344,
    "LIVE_CATTLE_future": 240.0500030517578,
    "GOLD_near_month_future": 4946.7998046875,
    "NATURAL_GAS_future": 3.256999969482422,
    "PLATINUM_future": 2013.800048828125,
    "SILVER_future": 74.97000122070312,
    "Long_Term_Treasury_ETF": 89.19000244140625,
    "CORN_future": 431.0,
    "SOYBEANS_future": 1134.25,
    "WHEAT_future": 550.25,
    "SP500_close": 6848.27001953125,
    "NASDAQ_close": 22646.322265625,
    "US_10Y_Treasury_Yield": 4.11299991607666,
    "VIX_close": 20.520000457763672,
    "GOLD_basis_spot_vs_near": 0.400390625,
    "China_10Y_Treasury_Yield": 1.7893
  }
}