{
  "latest_date": "2025-10-29",
  "latest_values": {
    "Shanghai_Composite_Index": 3988.22412109375,
    "CSI_300_Index": 4691.97021484375,
    "Shenzhen_Component_Index": 13430.099609375,
    "ALUMINUM_future": 2847.75,
    "BTC_price": 112949.3359375,
    "OIL_price": 60.06999969482422,
    "USD_CNY_exchange_rate": 7.099999904632568,
    "Commodity_Index_ETF": 22.59000015258789,
    "US_Dollar_Index": 98.8479995727539,
    "ETH_price": 4019.35400390625,
    "GOLD_spot_price": 3967.699951171875,
    "LEAN_HOGS_future": 80.6500015258789,
    "COPPER_future": 5.168499946594238,
    "High_Yield_Bond_ETF": 81.19999694824219,
    "LIVE_CATTLE_future": 226.9250030517578,
    "GOLD_near_month_future": 3967.89990234375,
    "NATURAL_GAS_future": 3.2750000953674316,
    "PLATINUM_future": 1573.5999755859375,
    "SILVER_future": 47.380001068115234,
    "Long_Term_Treasury_ETF": 92.0199966430664,
    "CORN_future": 431.0,
    "SOYBEANS_future": 1089.5,
    "WHEAT_future": 530.5,
    "SP500_close": 6890.89013671875,
    "NASDAQ_close": 23827.490234375,
    "US_10Y_Treasury_Yield": 3.9830000400543213,
    "VIX_close": 16.420000076293945,
    "GOLD_basis_spot_vs_near": -0.199951171875,
    "China_10Y_Treasury_Yield": 1.8179
  }
}