{
  "latest_date": "2026-03-06",
  "latest_values": {
    "Shanghai_Composite_Index": 4124.19384765625,
    "CSI_300_Index": 4660.43896484375,
    "Shenzhen_Component_Index": 14172.626953125,
    "ALUMINUM_future": 3366.0,
    "BTC_price": 68151.0703125,
    "OIL_price": 90.6500015258789,
    "USD_CNY_exchange_rate": 6.895999908447266,
    "Commodity_Index_ETF": 27.510000228881836,
    "US_Dollar_Index": 98.95899963378906,
    "ETH_price": 1980.08203125,
    "GOLD_spot_price": 5160.10009765625,
    "LEAN_HOGS_future": 95.67500305175781,
    "COPPER_future": 5.8429999351501465,
    "High_Yield_Bond_ETF": 79.69999694824219,
    "LIVE_CATTLE_future": 234.3249969482422,
    "GOLD_near_month_future": 5160.10009765625,
    "NATURAL_GAS_future": 3.1700000762939453,
    "PLATINUM_future": 2138.0,
    "SILVER_future": 84.06500244140625,
    "Long_Term_Treasury_ETF": 88.45999908447266,
    "CORN_future": 460.75,
    "SOYBEANS_future": 1201.75,
    "WHEAT_future": 618.25,
    "SP500_close": 6740.02001953125,
    "NASDAQ_close": 22387.6796875,
    "US_10Y_Treasury_Yield": 4.133000373840332,
    "VIX_close": 29.229999542236328,
    "GOLD_basis_spot_vs_near": 0.0,
    "China_10Y_Treasury_Yield": 1.781
  }
}