{
  "latest_date": "2025-10-31",
  "latest_values": {
    "Shanghai_Composite_Index": 3986.90087890625,
    "CSI_300_Index": 4709.91015625,
    "Shenzhen_Component_Index": 13532.1298828125,
    "ALUMINUM_future": 2868.0,
    "BTC_price": 109634.65625,
    "OIL_price": 60.43000030517578,
    "USD_CNY_exchange_rate": 7.113699913024902,
    "Commodity_Index_ETF": 22.719999313354492,
    "US_Dollar_Index": 99.58300018310547,
    "ETH_price": 3835.75244140625,
    "GOLD_spot_price": 4034.300048828125,
    "LEAN_HOGS_future": 82.19999694824219,
    "COPPER_future": 5.086999893188477,
    "High_Yield_Bond_ETF": 80.80000305175781,
    "LIVE_CATTLE_future": 229.5749969482422,
    "GOLD_near_month_future": 4034.39990234375,
    "NATURAL_GAS_future": 4.0929999351501465,
    "PLATINUM_future": 1618.0,
    "SILVER_future": 48.814998626708984,
    "Long_Term_Treasury_ETF": 90.55999755859375,
    "CORN_future": 430.25,
    "SOYBEANS_future": 1109.25,
    "WHEAT_future": 523.5,
    "SP500_close": 6822.33984375,
    "NASDAQ_close": 23581.140625,
    "US_10Y_Treasury_Yield": 4.0929999351501465,
    "VIX_close": 16.209999084472656,
    "GOLD_basis_spot_vs_near": -0.099853515625,
    "China_10Y_Treasury_Yield": 1.8098
  }
}