{
  "latest_date": "2026-05-27",
  "latest_values": {
    "Shanghai_Composite_Index": 4145.373046875,
    "CSI_300_Index": 4947.85009765625,
    "Shenzhen_Component_Index": 15876.16015625,
    "ALUMINUM_future": 3674.5,
    "BTC_price": 75735.0078125,
    "OIL_price": 91.31999969482422,
    "USD_CNY_exchange_rate": 6.79449987411499,
    "Commodity_Index_ETF": 30.030000686645508,
    "US_Dollar_Index": 99.08399963378906,
    "ETH_price": 2075.39990234375,
    "GOLD_spot_price": 4482.39990234375,
    "LEAN_HOGS_future": 96.125,
    "COPPER_future": 6.389999866485596,
    "High_Yield_Bond_ETF": 80.18000030517578,
    "LIVE_CATTLE_future": 248.22500610351562,
    "GOLD_near_month_future": 4483.0,
    "NATURAL_GAS_future": 2.994999885559082,
    "PLATINUM_future": 1931.9000244140625,
    "SILVER_future": 75.34500122070312,
    "Long_Term_Treasury_ETF": 85.0999984741211,
    "CORN_future": 455.25,
    "SOYBEANS_future": 1184.25,
    "WHEAT_future": 627.75,
    "SP500_close": 7519.1201171875,
    "NASDAQ_close": 26656.1796875,
    "US_10Y_Treasury_Yield": 4.493000030517578,
    "VIX_close": 17.010000228881836,
    "GOLD_basis_spot_vs_near": -0.60009765625,
    "China_10Y_Treasury_Yield": 1.7405
  }
}