{
  "latest_date": "2026-05-04",
  "latest_values": {
    "Shanghai_Composite_Index": 4112.1591796875,
    "CSI_300_Index": 4807.31005859375,
    "Shenzhen_Component_Index": 15107.5498046875,
    "ALUMINUM_future": 3455.5,
    "BTC_price": 79901.5,
    "OIL_price": 104.94999694824219,
    "USD_CNY_exchange_rate": 6.827499866485596,
    "Commodity_Index_ETF": 31.329999923706055,
    "US_Dollar_Index": 98.47899627685547,
    "ETH_price": 2349.969970703125,
    "GOLD_spot_price": 4529.7998046875,
    "LEAN_HOGS_future": 99.8499984741211,
    "COPPER_future": 5.859499931335449,
    "High_Yield_Bond_ETF": 79.80000305175781,
    "LIVE_CATTLE_future": 251.9499969482422,
    "GOLD_near_month_future": 4530.0,
    "NATURAL_GAS_future": 2.8489999771118164,
    "PLATINUM_future": 1956.699951171875,
    "SILVER_future": 73.02999877929688,
    "Long_Term_Treasury_ETF": 84.95999908447266,
    "CORN_future": 485.5,
    "SOYBEANS_future": 1222.25,
    "WHEAT_future": 641.25,
    "SP500_close": 7200.75,
    "NASDAQ_close": 25067.80078125,
    "US_10Y_Treasury_Yield": 4.446000099182129,
    "VIX_close": 18.290000915527344,
    "GOLD_basis_spot_vs_near": -0.2001953125,
    "China_10Y_Treasury_Yield": 1.7473
  }
}