{
  "latest_date": "2026-04-14",
  "latest_values": {
    "Shanghai_Composite_Index": 3988.55810546875,
    "CSI_300_Index": 4646.16015625,
    "Shenzhen_Component_Index": 14407.8603515625,
    "ALUMINUM_future": 3561.0,
    "BTC_price": 74186.046875,
    "OIL_price": 92.06999969482422,
    "USD_CNY_exchange_rate": 6.8302998542785645,
    "Commodity_Index_ETF": 28.84000015258789,
    "US_Dollar_Index": 98.10900115966797,
    "ETH_price": 2319.090087890625,
    "GOLD_spot_price": 4864.5,
    "LEAN_HOGS_future": 102.4749984741211,
    "COPPER_future": 6.081500053405762,
    "High_Yield_Bond_ETF": 80.5,
    "LIVE_CATTLE_future": 251.35000610351562,
    "GOLD_near_month_future": 4864.2998046875,
    "NATURAL_GAS_future": 2.5940001010894775,
    "PLATINUM_future": 2117.10009765625,
    "SILVER_future": 79.625,
    "Long_Term_Treasury_ETF": 87.20999908447266,
    "CORN_future": 443.0,
    "SOYBEANS_future": 1156.5,
    "WHEAT_future": 602.25,
    "SP500_close": 6967.3798828125,
    "NASDAQ_close": 23639.083984375,
    "US_10Y_Treasury_Yield": 4.25600004196167,
    "VIX_close": 18.360000610351562,
    "GOLD_basis_spot_vs_near": 0.2001953125,
    "China_10Y_Treasury_Yield": 1.7829
  }
}