{
  "latest_date": "2026-05-15",
  "latest_values": {
    "Shanghai_Composite_Index": 4177.9169921875,
    "CSI_300_Index": 4914.60009765625,
    "Shenzhen_Component_Index": 15745.740234375,
    "ALUMINUM_future": 3578.5,
    "BTC_price": 81418.34375,
    "OIL_price": 102.5199966430664,
    "USD_CNY_exchange_rate": 6.790800094604492,
    "Commodity_Index_ETF": 31.149999618530273,
    "US_Dollar_Index": 99.05899810791016,
    "ETH_price": 2286.949951171875,
    "GOLD_spot_price": 4615.10009765625,
    "LEAN_HOGS_future": 99.6500015258789,
    "COPPER_future": 6.421500205993652,
    "High_Yield_Bond_ETF": 79.8499984741211,
    "LIVE_CATTLE_future": 246.39999389648438,
    "GOLD_near_month_future": 4615.10009765625,
    "NATURAL_GAS_future": 2.927000045776367,
    "PLATINUM_future": 2026.5999755859375,
    "SILVER_future": 81.51000213623047,
    "Long_Term_Treasury_ETF": 84.91999816894531,
    "CORN_future": 472.75,
    "SOYBEANS_future": 1200.25,
    "WHEAT_future": 661.5,
    "SP500_close": 7501.240234375,
    "NASDAQ_close": 26635.22265625,
    "US_10Y_Treasury_Yield": 4.460999965667725,
    "VIX_close": 17.260000228881836,
    "GOLD_basis_spot_vs_near": 0.0,
    "China_10Y_Treasury_Yield": 1.7588
  }
}