{
  "latest_date": "2025-12-16",
  "latest_values": {
    "Shanghai_Composite_Index": 3824.81201171875,
    "CSI_300_Index": 4497.5546875,
    "Shenzhen_Component_Index": 12914.66796875,
    "ALUMINUM_future": 2815.75,
    "BTC_price": 87591.859375,
    "OIL_price": 55.220001220703125,
    "USD_CNY_exchange_rate": 7.041200160980225,
    "Commodity_Index_ETF": 22.56290054321289,
    "US_Dollar_Index": 98.18299865722656,
    "ETH_price": 2945.80615234375,
    "GOLD_spot_price": 4335.7998046875,
    "LEAN_HOGS_future": 83.8499984741211,
    "COPPER_future": 5.367499828338623,
    "High_Yield_Bond_ETF": 80.6449966430664,
    "LIVE_CATTLE_future": 231.10000610351562,
    "GOLD_near_month_future": 4335.7001953125,
    "NATURAL_GAS_future": 3.9070000648498535,
    "PLATINUM_future": 1877.699951171875,
    "SILVER_future": 63.75,
    "Long_Term_Treasury_ETF": 87.87999725341797,
    "CORN_future": 436.0,
    "SOYBEANS_future": 1063.25,
    "WHEAT_future": 509.0,
    "SP500_close": 6800.259765625,
    "NASDAQ_close": 23111.4609375,
    "US_10Y_Treasury_Yield": 4.14900016784668,
    "VIX_close": 16.3799991607666,
    "GOLD_basis_spot_vs_near": 0.099609375,
    "China_10Y_Treasury_Yield": 1.8458
  }
}