{
  "latest_date": "2025-11-25",
  "latest_values": {
    "Shanghai_Composite_Index": 3836.764892578125,
    "CSI_300_Index": 4448.0498046875,
    "Shenzhen_Component_Index": 12585.080078125,
    "ALUMINUM_future": 2740.5,
    "BTC_price": 87459.7421875,
    "OIL_price": 58.720001220703125,
    "USD_CNY_exchange_rate": 7.095900058746338,
    "Commodity_Index_ETF": 22.639999389648438,
    "US_Dollar_Index": 100.13899993896484,
    "ETH_price": 2910.286376953125,
    "GOLD_spot_price": 4138.10009765625,
    "LEAN_HOGS_future": 78.0250015258789,
    "COPPER_future": 5.119999885559082,
    "High_Yield_Bond_ETF": 80.58999633789062,
    "LIVE_CATTLE_future": 207.1999969482422,
    "GOLD_near_month_future": 4137.7001953125,
    "NATURAL_GAS_future": 4.635000228881836,
    "PLATINUM_future": 1566.800048828125,
    "SILVER_future": 51.20500183105469,
    "Long_Term_Treasury_ETF": 90.01000213623047,
    "CORN_future": 424.5,
    "SOYBEANS_future": 1126.25,
    "WHEAT_future": 522.0,
    "SP500_close": 6705.1201171875,
    "NASDAQ_close": 22872.009765625,
    "US_10Y_Treasury_Yield": 4.038000106811523,
    "VIX_close": 20.520000457763672,
    "GOLD_basis_spot_vs_near": 0.39990234375,
    "China_10Y_Treasury_Yield": 1.821
  }
}