{
  "latest_date": "2026-05-15",
  "latest_values": {
    "Shanghai_Composite_Index": 4177.9169921875,
    "CSI_300_Index": 4914.60009765625,
    "Shenzhen_Component_Index": 15745.740234375,
    "ALUMINUM_future": 3526.5,
    "BTC_price": 79074.2109375,
    "OIL_price": 101.11000061035156,
    "USD_CNY_exchange_rate": 6.809199810028076,
    "Commodity_Index_ETF": 31.184999465942383,
    "US_Dollar_Index": 99.28600311279297,
    "ETH_price": 2224.6298828125,
    "GOLD_spot_price": 4555.7998046875,
    "LEAN_HOGS_future": 103.3499984741211,
    "COPPER_future": 6.28849983215332,
    "High_Yield_Bond_ETF": 79.5250015258789,
    "LIVE_CATTLE_future": 248.02499389648438,
    "GOLD_near_month_future": 4555.7001953125,
    "NATURAL_GAS_future": 2.9709999561309814,
    "PLATINUM_future": 1991.5999755859375,
    "SILVER_future": 76.94999694824219,
    "Long_Term_Treasury_ETF": 83.63500213623047,
    "CORN_future": 455.25,
    "SOYBEANS_future": 1177.25,
    "WHEAT_future": 635.5,
    "SP500_close": 7421.8798828125,
    "NASDAQ_close": 26292.0546875,
    "US_10Y_Treasury_Yield": 4.595000267028809,
    "VIX_close": 18.049999237060547,
    "GOLD_basis_spot_vs_near": 0.099609375,
    "China_10Y_Treasury_Yield": 1.7658
  }
}