{
  "latest_date": "2026-04-20",
  "latest_values": {
    "Shanghai_Composite_Index": 4051.425048828125,
    "CSI_300_Index": 4728.669921875,
    "Shenzhen_Component_Index": 14885.419921875,
    "ALUMINUM_future": 3495.75,
    "BTC_price": 75416.0,
    "OIL_price": 87.5,
    "USD_CNY_exchange_rate": 6.821100234985352,
    "Commodity_Index_ETF": 28.769899368286133,
    "US_Dollar_Index": 98.03199768066406,
    "ETH_price": 2305.35009765625,
    "GOLD_spot_price": 4814.2998046875,
    "LEAN_HOGS_future": 101.55000305175781,
    "COPPER_future": 6.047500133514404,
    "High_Yield_Bond_ETF": 80.56999969482422,
    "LIVE_CATTLE_future": 246.85000610351562,
    "GOLD_near_month_future": 4813.7998046875,
    "NATURAL_GAS_future": 2.7100000381469727,
    "PLATINUM_future": 2078.5,
    "SILVER_future": 79.83499908447266,
    "Long_Term_Treasury_ETF": 86.91000366210938,
    "CORN_future": 461.25,
    "SOYBEANS_future": 1183.25,
    "WHEAT_future": 608.75,
    "SP500_close": 7101.52001953125,
    "NASDAQ_close": 24335.212890625,
    "US_10Y_Treasury_Yield": 4.265999794006348,
    "VIX_close": 19.239999771118164,
    "GOLD_basis_spot_vs_near": 0.5,
    "China_10Y_Treasury_Yield": 1.7627
  }
}