{
  "latest_date": "2025-10-08",
  "latest_values": {
    "Shanghai_Composite_Index": 3882.777099609375,
    "CSI_300_Index": 4640.68994140625,
    "Shenzhen_Component_Index": 13526.509765625,
    "ALUMINUM_future": 2723.25,
    "BTC_price": 123920.421875,
    "OIL_price": 62.720001220703125,
    "USD_CNY_exchange_rate": 7.11899995803833,
    "Commodity_Index_ETF": 22.78499984741211,
    "US_Dollar_Index": 99.00499725341797,
    "ETH_price": 4532.73828125,
    "GOLD_spot_price": 4072.300048828125,
    "LEAN_HOGS_future": 86.1500015258789,
    "COPPER_future": 5.0929999351501465,
    "High_Yield_Bond_ETF": 80.76000213623047,
    "LIVE_CATTLE_future": 238.9499969482422,
    "GOLD_near_month_future": 4072.300048828125,
    "NATURAL_GAS_future": 3.3310000896453857,
    "PLATINUM_future": 1702.0,
    "SILVER_future": 49.03499984741211,
    "Long_Term_Treasury_ETF": 89.1697006225586,
    "CORN_future": 422.0,
    "SOYBEANS_future": 1044.0,
    "WHEAT_future": 507.75,
    "SP500_close": 6752.56982421875,
    "NASDAQ_close": 23011.70703125,
    "US_10Y_Treasury_Yield": 4.129000186920166,
    "VIX_close": 16.459999084472656,
    "GOLD_basis_spot_vs_near": 0.0,
    "China_10Y_Treasury_Yield": 1.8605
  }
}