{
  "latest_date": "2025-11-17",
  "latest_values": {
    "Shanghai_Composite_Index": 3972.034912109375,
    "CSI_300_Index": 4598.052734375,
    "Shenzhen_Component_Index": 13202.0048828125,
    "ALUMINUM_future": 2798.75,
    "BTC_price": 91224.0546875,
    "OIL_price": 59.709999084472656,
    "USD_CNY_exchange_rate": 7.106900215148926,
    "Commodity_Index_ETF": 22.937599182128906,
    "US_Dollar_Index": 99.5770034790039,
    "ETH_price": 2958.754638671875,
    "GOLD_spot_price": 4014.699951171875,
    "LEAN_HOGS_future": 78.375,
    "COPPER_future": 4.9745001792907715,
    "High_Yield_Bond_ETF": 80.05500030517578,
    "LIVE_CATTLE_future": 221.9499969482422,
    "GOLD_near_month_future": 4014.5,
    "NATURAL_GAS_future": 4.357999801635742,
    "PLATINUM_future": 1533.800048828125,
    "SILVER_future": 49.54999923706055,
    "Long_Term_Treasury_ETF": 89.05000305175781,
    "CORN_future": 434.75,
    "SOYBEANS_future": 1157.5,
    "WHEAT_future": 545.0,
    "SP500_close": 6646.240234375,
    "NASDAQ_close": 22596.78515625,
    "US_10Y_Treasury_Yield": 4.126999855041504,
    "VIX_close": 22.729999542236328,
    "GOLD_basis_spot_vs_near": 0.199951171875,
    "China_10Y_Treasury_Yield": 1.8109
  }
}