{
  "latest_date": "2025-10-10",
  "latest_values": {
    "Shanghai_Composite_Index": 3897.028076171875,
    "CSI_300_Index": 4616.833984375,
    "Shenzhen_Component_Index": 13355.4189453125,
    "ALUMINUM_future": 2689.25,
    "BTC_price": 115106.875,
    "OIL_price": 58.29999923706055,
    "USD_CNY_exchange_rate": 7.127500057220459,
    "Commodity_Index_ETF": 22.06999969482422,
    "US_Dollar_Index": 98.84500122070312,
    "ETH_price": 3906.438232421875,
    "GOLD_spot_price": 4028.5,
    "LEAN_HOGS_future": 83.94999694824219,
    "COPPER_future": 4.826499938964844,
    "High_Yield_Bond_ETF": 79.94999694824219,
    "LIVE_CATTLE_future": 242.60000610351562,
    "GOLD_near_month_future": 4028.39990234375,
    "NATURAL_GAS_future": 3.131999969482422,
    "PLATINUM_future": 1619.4000244140625,
    "SILVER_future": 47.345001220703125,
    "Long_Term_Treasury_ETF": 90.62000274658203,
    "CORN_future": 413.5,
    "SOYBEANS_future": 1023.75,
    "WHEAT_future": 498.75,
    "SP500_close": 6552.509765625,
    "NASDAQ_close": 22204.4296875,
    "US_10Y_Treasury_Yield": 4.050999641418457,
    "VIX_close": 21.65999984741211,
    "GOLD_basis_spot_vs_near": 0.10009765625,
    "China_10Y_Treasury_Yield": 1.846
  }
}