{
  "latest_date": "2026-07-02",
  "latest_values": {
    "Shanghai_Composite_Index": 4112.44482421875,
    "CSI_300_Index": 4868.22021484375,
    "Shenzhen_Component_Index": 16119.169921875,
    "ALUMINUM_future": 3254.0,
    "BTC_price": 61741.30859375,
    "OIL_price": 68.66999816894531,
    "USD_CNY_exchange_rate": 6.793600082397461,
    "Commodity_Index_ETF": 26.559900283813477,
    "US_Dollar_Index": 100.85800170898438,
    "ETH_price": 1701.25,
    "GOLD_spot_price": 4132.5,
    "LEAN_HOGS_future": 98.5999984741211,
    "COPPER_future": 6.1645002365112305,
    "High_Yield_Bond_ETF": 79.7300033569336,
    "LIVE_CATTLE_future": 239.02499389648438,
    "GOLD_near_month_future": 4132.39990234375,
    "NATURAL_GAS_future": 3.196000099182129,
    "PLATINUM_future": 1628.800048828125,
    "SILVER_future": 61.150001525878906,
    "Long_Term_Treasury_ETF": 85.3949966430664,
    "CORN_future": 440.75,
    "SOYBEANS_future": 1146.75,
    "WHEAT_future": 600.25,
    "SP500_close": 7457.64013671875,
    "NASDAQ_close": 25752.005859375,
    "US_10Y_Treasury_Yield": 4.486999988555908,
    "VIX_close": 16.8700008392334,
    "GOLD_basis_spot_vs_near": 0.10009765625,
    "China_10Y_Treasury_Yield": 1.741
  }
}