{
  "latest_date": "2025-11-10",
  "latest_values": {
    "Shanghai_Composite_Index": 4018.59716796875,
    "CSI_300_Index": 4695.05078125,
    "Shenzhen_Component_Index": 13427.6123046875,
    "ALUMINUM_future": 2834.25,
    "BTC_price": 105444.625,
    "OIL_price": 59.970001220703125,
    "USD_CNY_exchange_rate": 7.118800163269043,
    "Commodity_Index_ETF": 23.100000381469727,
    "US_Dollar_Index": 99.60099792480469,
    "ETH_price": 3532.23828125,
    "GOLD_spot_price": 4116.10009765625,
    "LEAN_HOGS_future": 82.69999694824219,
    "COPPER_future": 5.09499979019165,
    "High_Yield_Bond_ETF": 80.58499908447266,
    "LIVE_CATTLE_future": 228.4499969482422,
    "GOLD_near_month_future": 4116.10009765625,
    "NATURAL_GAS_future": 4.323999881744385,
    "PLATINUM_future": 1601.5999755859375,
    "SILVER_future": 50.314998626708984,
    "Long_Term_Treasury_ETF": 89.49349975585938,
    "CORN_future": 430.0,
    "SOYBEANS_future": 1128.75,
    "WHEAT_future": 535.25,
    "SP500_close": 6822.490234375,
    "NASDAQ_close": 23491.357421875,
    "US_10Y_Treasury_Yield": 4.109999656677246,
    "VIX_close": 17.739999771118164,
    "GOLD_basis_spot_vs_near": 0.0,
    "China_10Y_Treasury_Yield": 1.8139
  }
}