{
  "latest_date": "2026-02-03",
  "latest_values": {
    "Shanghai_Composite_Index": 4117.9482421875,
    "CSI_300_Index": 4706.33984375,
    "Shenzhen_Component_Index": 14205.8896484375,
    "ALUMINUM_future": 2985.25,
    "BTC_price": 77972.125,
    "OIL_price": 61.650001525878906,
    "USD_CNY_exchange_rate": 6.939899921417236,
    "Commodity_Index_ETF": 23.540000915527344,
    "US_Dollar_Index": 97.53500366210938,
    "ETH_price": 2304.167236328125,
    "GOLD_spot_price": 4776.60009765625,
    "LEAN_HOGS_future": 96.625,
    "COPPER_future": 5.8429999351501465,
    "High_Yield_Bond_ETF": 80.7699966430664,
    "LIVE_CATTLE_future": 239.4499969482422,
    "GOLD_near_month_future": 4774.7998046875,
    "NATURAL_GAS_future": 3.2279999256134033,
    "PLATINUM_future": 2122.0,
    "SILVER_future": 81.38500213623047,
    "Long_Term_Treasury_ETF": 86.55000305175781,
    "CORN_future": 426.5,
    "SOYBEANS_future": 1061.0,
    "WHEAT_future": 527.75,
    "SP500_close": 6976.43994140625,
    "NASDAQ_close": 23592.107421875,
    "US_10Y_Treasury_Yield": 4.275000095367432,
    "VIX_close": 16.34000015258789,
    "GOLD_basis_spot_vs_near": 1.80029296875,
    "China_10Y_Treasury_Yield": 1.82
  }
}