{
  "latest_date": "2026-03-05",
  "latest_values": {
    "Shanghai_Composite_Index": 4082.47412109375,
    "CSI_300_Index": 4602.6298828125,
    "Shenzhen_Component_Index": 13917.75,
    "ALUMINUM_future": 3340.0,
    "BTC_price": 71906.328125,
    "OIL_price": 76.93000030517578,
    "USD_CNY_exchange_rate": 6.898399829864502,
    "Commodity_Index_ETF": 26.139999389648438,
    "US_Dollar_Index": 99.06900024414062,
    "ETH_price": 2100.224853515625,
    "GOLD_spot_price": 5167.7998046875,
    "LEAN_HOGS_future": 97.125,
    "COPPER_future": 5.857500076293945,
    "High_Yield_Bond_ETF": 80.4000015258789,
    "LIVE_CATTLE_future": 238.52499389648438,
    "GOLD_near_month_future": 5167.60009765625,
    "NATURAL_GAS_future": 2.9739999771118164,
    "PLATINUM_future": 2162.300048828125,
    "SILVER_future": 83.82499694824219,
    "Long_Term_Treasury_ETF": 89.1500015258789,
    "CORN_future": 445.25,
    "SOYBEANS_future": 1172.75,
    "WHEAT_future": 574.25,
    "SP500_close": 6869.5,
    "NASDAQ_close": 22807.48046875,
    "US_10Y_Treasury_Yield": 4.079999923706055,
    "VIX_close": 21.149999618530273,
    "GOLD_basis_spot_vs_near": 0.19970703125,
    "China_10Y_Treasury_Yield": 1.7768
  }
}