{
  "latest_date": "2026-02-05",
  "latest_values": {
    "Shanghai_Composite_Index": 4102.2021484375,
    "CSI_300_Index": 4698.68017578125,
    "Shenzhen_Component_Index": 14156.26953125,
    "ALUMINUM_future": 2960.25,
    "BTC_price": 70712.03125,
    "OIL_price": 64.12000274658203,
    "USD_CNY_exchange_rate": 6.939799785614014,
    "Commodity_Index_ETF": 24.190000534057617,
    "US_Dollar_Index": 97.7040023803711,
    "ETH_price": 2096.84814453125,
    "GOLD_spot_price": 4947.5,
    "LEAN_HOGS_future": 87.9000015258789,
    "COPPER_future": 5.868000030517578,
    "High_Yield_Bond_ETF": 80.62000274658203,
    "LIVE_CATTLE_future": 240.52499389648438,
    "GOLD_near_month_future": 4947.0,
    "NATURAL_GAS_future": 3.5260000228881836,
    "PLATINUM_future": 2110.0,
    "SILVER_future": 79.87999725341797,
    "Long_Term_Treasury_ETF": 86.54000091552734,
    "CORN_future": 429.25,
    "SOYBEANS_future": 1101.75,
    "WHEAT_future": 527.5,
    "SP500_close": 6882.72021484375,
    "NASDAQ_close": 22904.580078125,
    "US_10Y_Treasury_Yield": 4.275000095367432,
    "VIX_close": 18.639999389648438,
    "GOLD_basis_spot_vs_near": 0.5,
    "China_10Y_Treasury_Yield": 1.8193
  }
}