{
  "latest_date": "2026-03-11",
  "latest_values": {
    "Shanghai_Composite_Index": 4123.13818359375,
    "CSI_300_Index": 4674.759765625,
    "Shenzhen_Component_Index": 14354.0703125,
    "ALUMINUM_future": 3373.0,
    "BTC_price": 69851.2890625,
    "OIL_price": 83.7300033569336,
    "USD_CNY_exchange_rate": 6.862400054931641,
    "Commodity_Index_ETF": 27.600000381469727,
    "US_Dollar_Index": 98.75,
    "ETH_price": 2021.4942626953125,
    "GOLD_spot_price": 5206.7998046875,
    "LEAN_HOGS_future": 96.2249984741211,
    "COPPER_future": 5.896500110626221,
    "High_Yield_Bond_ETF": 80.04000091552734,
    "LIVE_CATTLE_future": 232.4250030517578,
    "GOLD_near_month_future": 5207.0,
    "NATURAL_GAS_future": 3.0460000038146973,
    "PLATINUM_future": 2192.60009765625,
    "SILVER_future": 87.5250015258789,
    "Long_Term_Treasury_ETF": 88.27999877929688,
    "CORN_future": 452.5,
    "SOYBEANS_future": 1209.75,
    "WHEAT_future": 594.5,
    "SP500_close": 6781.47998046875,
    "NASDAQ_close": 22697.099609375,
    "US_10Y_Treasury_Yield": 4.136000156402588,
    "VIX_close": 24.93000030517578,
    "GOLD_basis_spot_vs_near": -0.2001953125,
    "China_10Y_Treasury_Yield": 1.8055
  }
}