{
  "latest_date": "2025-12-06",
  "latest_values": {
    "Shanghai_Composite_Index": 3902.8076171875,
    "CSI_300_Index": 4584.53662109375,
    "Shenzhen_Component_Index": 13147.6767578125,
    "ALUMINUM_future": 2918.0,
    "BTC_price": 89399.015625,
    "OIL_price": 60.13999938964844,
    "USD_CNY_exchange_rate": 7.071400165557861,
    "Commodity_Index_ETF": 23.329999923706055,
    "US_Dollar_Index": 98.98600006103516,
    "ETH_price": 3026.402587890625,
    "GOLD_spot_price": 4227.7001953125,
    "LEAN_HOGS_future": 81.5999984741211,
    "COPPER_future": 5.372499942779541,
    "High_Yield_Bond_ETF": 80.75,
    "LIVE_CATTLE_future": 227.25,
    "GOLD_near_month_future": 4198.0,
    "NATURAL_GAS_future": 5.336999893188477,
    "PLATINUM_future": 1655.0999755859375,
    "SILVER_future": 58.314998626708984,
    "Long_Term_Treasury_ETF": 88.16999816894531,
    "CORN_future": 437.0,
    "SOYBEANS_future": 1105.25,
    "WHEAT_future": 535.75,
    "SP500_close": 6870.39990234375,
    "NASDAQ_close": 23578.12890625,
    "US_10Y_Treasury_Yield": 4.138999938964844,
    "VIX_close": 15.40999984741211,
    "GOLD_basis_spot_vs_near": 29.7001953125,
    "China_10Y_Treasury_Yield": 1.848
  }
}