{
  "latest_date": "2026-04-08",
  "latest_values": {
    "Shanghai_Composite_Index": 3890.1650390625,
    "CSI_300_Index": 4440.6201171875,
    "Shenzhen_Component_Index": 13400.41015625,
    "ALUMINUM_future": 3396.5,
    "BTC_price": 71673.0703125,
    "OIL_price": 96.4000015258789,
    "USD_CNY_exchange_rate": 6.882299900054932,
    "Commodity_Index_ETF": 29.3700008392334,
    "US_Dollar_Index": 98.80899810791016,
    "ETH_price": 2250.336669921875,
    "GOLD_spot_price": 4844.10009765625,
    "LEAN_HOGS_future": 90.7750015258789,
    "COPPER_future": 5.759500026702881,
    "High_Yield_Bond_ETF": 79.72000122070312,
    "LIVE_CATTLE_future": 248.1999969482422,
    "GOLD_near_month_future": 4844.10009765625,
    "NATURAL_GAS_future": 2.7170000076293945,
    "PLATINUM_future": 2049.5,
    "SILVER_future": 77.20999908447266,
    "Long_Term_Treasury_ETF": 86.63999938964844,
    "CORN_future": 444.25,
    "SOYBEANS_future": 1157.25,
    "WHEAT_future": 581.0,
    "SP500_close": 6616.85009765625,
    "NASDAQ_close": 22017.849609375,
    "US_10Y_Treasury_Yield": 4.3429999351501465,
    "VIX_close": 20.889999389648438,
    "GOLD_basis_spot_vs_near": 0.0,
    "China_10Y_Treasury_Yield": 1.8171
  }
}