{
  "latest_date": "2025-09-23",
  "latest_values": {
    "Shanghai_Composite_Index": 3828.575927734375,
    "CSI_300_Index": 4522.60986328125,
    "Shenzhen_Component_Index": 13157.9697265625,
    "ALUMINUM_future": 2580.0,
    "BTC_price": 112959.5859375,
    "OIL_price": 62.630001068115234,
    "USD_CNY_exchange_rate": 7.1128997802734375,
    "Commodity_Index_ETF": 22.260000228881836,
    "US_Dollar_Index": 97.30799865722656,
    "ETH_price": 4191.38916015625,
    "GOLD_spot_price": 3818.5,
    "LEAN_HOGS_future": 98.80000305175781,
    "COPPER_future": 4.630000114440918,
    "High_Yield_Bond_ETF": 81.31999969482422,
    "LIVE_CATTLE_future": 242.25,
    "GOLD_near_month_future": 3818.300048828125,
    "NATURAL_GAS_future": 2.799999952316284,
    "PLATINUM_future": 1447.699951171875,
    "SILVER_future": 44.494998931884766,
    "Long_Term_Treasury_ETF": 88.69999694824219,
    "CORN_future": 420.0,
    "SOYBEANS_future": 1005.25,
    "WHEAT_future": 509.0,
    "SP500_close": 6693.75,
    "NASDAQ_close": 22788.98046875,
    "US_10Y_Treasury_Yield": 4.14300012588501,
    "VIX_close": 16.040000915527344,
    "GOLD_basis_spot_vs_near": 0.199951171875,
    "China_10Y_Treasury_Yield": 1.877
  }
}