{
  "latest_date": "2026-07-06",
  "latest_values": {
    "Shanghai_Composite_Index": 4043.64306640625,
    "CSI_300_Index": 4842.169921875,
    "Shenzhen_Component_Index": 15597.509765625,
    "ALUMINUM_future": 3265.0,
    "BTC_price": 63799.53125,
    "OIL_price": 68.66000366210938,
    "USD_CNY_exchange_rate": 6.788599967956543,
    "Commodity_Index_ETF": 27.0,
    "US_Dollar_Index": 100.87999725341797,
    "ETH_price": 1792.550048828125,
    "GOLD_spot_price": 4175.60009765625,
    "LEAN_HOGS_future": 98.55000305175781,
    "COPPER_future": 6.255499839782715,
    "High_Yield_Bond_ETF": 79.87000274658203,
    "LIVE_CATTLE_future": 239.375,
    "GOLD_near_month_future": 4175.5,
    "NATURAL_GAS_future": 3.25,
    "PLATINUM_future": 1641.199951171875,
    "SILVER_future": 62.45000076293945,
    "Long_Term_Treasury_ETF": 85.44999694824219,
    "CORN_future": 458.25,
    "SOYBEANS_future": 1190.75,
    "WHEAT_future": 613.75,
    "SP500_close": 7537.43017578125,
    "NASDAQ_close": 26121.16015625,
    "US_10Y_Treasury_Yield": 4.479000091552734,
    "VIX_close": 15.569999694824219,
    "GOLD_basis_spot_vs_near": 0.10009765625,
    "China_10Y_Treasury_Yield": 1.7379
  }
}