{
  "latest_date": "2025-11-05",
  "latest_values": {
    "Shanghai_Composite_Index": 3976.52099609375,
    "CSI_300_Index": 4653.39990234375,
    "Shenzhen_Component_Index": 13404.0595703125,
    "ALUMINUM_future": 2800.75,
    "BTC_price": 102191.796875,
    "OIL_price": 60.41999816894531,
    "USD_CNY_exchange_rate": 7.127299785614014,
    "Commodity_Index_ETF": 22.889999389648438,
    "US_Dollar_Index": 100.15799713134766,
    "ETH_price": 3340.6669921875,
    "GOLD_spot_price": 3972.10009765625,
    "LEAN_HOGS_future": 79.82499694824219,
    "COPPER_future": 4.956999778747559,
    "High_Yield_Bond_ETF": 80.1500015258789,
    "LIVE_CATTLE_future": 224.89999389648438,
    "GOLD_near_month_future": 3972.199951171875,
    "PLATINUM_future": 1541.5999755859375,
    "SILVER_future": 47.345001220703125,
    "Long_Term_Treasury_ETF": 89.94000244140625,
    "CORN_future": 430.0,
    "SOYBEANS_future": 1128.0,
    "WHEAT_future": 547.25,
    "SP500_close": 6771.5498046875,
    "NASDAQ_close": 23348.63671875,
    "US_10Y_Treasury_Yield": 4.0889997482299805,
    "VIX_close": 19.0,
    "GOLD_basis_spot_vs_near": -0.099853515625,
    "China_10Y_Treasury_Yield": 1.7984
  }
}