{
  "latest_date": "2026-02-23",
  "latest_values": {
    "Shanghai_Composite_Index": 4082.072998046875,
    "CSI_300_Index": 4660.41015625,
    "Shenzhen_Component_Index": 14100.1904296875,
    "ALUMINUM_future": 3058.75,
    "BTC_price": 64126.79296875,
    "OIL_price": 66.36000061035156,
    "USD_CNY_exchange_rate": 6.90749979019165,
    "Commodity_Index_ETF": 24.714500427246094,
    "US_Dollar_Index": 97.70500183105469,
    "ETH_price": 1853.3790283203125,
    "GOLD_spot_price": 5241.60009765625,
    "LEAN_HOGS_future": 93.75,
    "COPPER_future": 5.787499904632568,
    "High_Yield_Bond_ETF": 80.90499877929688,
    "LIVE_CATTLE_future": 239.1999969482422,
    "GOLD_near_month_future": 5241.5,
    "NATURAL_GAS_future": 2.9240000247955322,
    "PLATINUM_future": 2160.39990234375,
    "SILVER_future": 87.69499969482422,
    "Long_Term_Treasury_ETF": 89.81500244140625,
    "CORN_future": 440.75,
    "SOYBEANS_future": 1150.25,
    "WHEAT_future": 574.0,
    "SP500_close": 6824.31005859375,
    "NASDAQ_close": 22556.099609375,
    "US_10Y_Treasury_Yield": 4.0269999504089355,
    "VIX_close": 21.530000686645508,
    "GOLD_basis_spot_vs_near": 0.10009765625,
    "China_10Y_Treasury_Yield": 1.7899
  }
}