{
  "latest_date": "2026-03-10",
  "latest_values": {
    "Shanghai_Composite_Index": 4123.13818359375,
    "CSI_300_Index": 4674.75634765625,
    "Shenzhen_Component_Index": 14354.0732421875,
    "ALUMINUM_future": 3330.5,
    "BTC_price": 70107.3671875,
    "OIL_price": 84.38999938964844,
    "USD_CNY_exchange_rate": 6.876100063323975,
    "Commodity_Index_ETF": 27.485000610351562,
    "US_Dollar_Index": 98.83399963378906,
    "ETH_price": 2037.007080078125,
    "GOLD_spot_price": 5207.60009765625,
    "LEAN_HOGS_future": 96.2249984741211,
    "COPPER_future": 5.929500102996826,
    "High_Yield_Bond_ETF": 80.20500183105469,
    "LIVE_CATTLE_future": 232.4250030517578,
    "GOLD_near_month_future": 5208.0,
    "NATURAL_GAS_future": 3.0369999408721924,
    "PLATINUM_future": 2209.10009765625,
    "SILVER_future": 88.48500061035156,
    "Long_Term_Treasury_ETF": 88.48500061035156,
    "CORN_future": 453.75,
    "SOYBEANS_future": 1203.25,
    "WHEAT_future": 593.0,
    "SP500_close": 6803.52001953125,
    "NASDAQ_close": 22754.326171875,
    "US_10Y_Treasury_Yield": 4.136000156402588,
    "VIX_close": 24.209999084472656,
    "GOLD_basis_spot_vs_near": -0.39990234375,
    "China_10Y_Treasury_Yield": 1.8055
  }
}