{
  "latest_date": "2025-09-24",
  "latest_values": {
    "Shanghai_Composite_Index": 3821.8330078125,
    "CSI_300_Index": 4519.77978515625,
    "Shenzhen_Component_Index": 13119.8203125,
    "ALUMINUM_future": 2553.5,
    "BTC_price": 113010.515625,
    "OIL_price": 64.1500015258789,
    "USD_CNY_exchange_rate": 7.113999843597412,
    "Commodity_Index_ETF": 22.489999771118164,
    "US_Dollar_Index": 97.7239990234375,
    "ETH_price": 4183.2412109375,
    "GOLD_spot_price": 3801.300048828125,
    "LEAN_HOGS_future": 91.7249984741211,
    "COPPER_future": 4.604000091552734,
    "High_Yield_Bond_ETF": 81.26000213623047,
    "LIVE_CATTLE_future": 235.6750030517578,
    "GOLD_near_month_future": 3801.5,
    "NATURAL_GAS_future": 3.124000072479248,
    "PLATINUM_future": 1472.300048828125,
    "SILVER_future": 44.32500076293945,
    "Long_Term_Treasury_ETF": 89.31999969482422,
    "CORN_future": 426.25,
    "SOYBEANS_future": 1007.0,
    "WHEAT_future": 520.5,
    "SP500_close": 6656.919921875,
    "NASDAQ_close": 22573.470703125,
    "US_10Y_Treasury_Yield": 4.119999885559082,
    "VIX_close": 16.34000015258789,
    "GOLD_basis_spot_vs_near": -0.199951171875,
    "China_10Y_Treasury_Yield": 1.9022
  }
}