{
  "latest_date": "2026-04-02",
  "latest_values": {
    "Shanghai_Composite_Index": 3948.552001953125,
    "CSI_300_Index": 4526.06982421875,
    "Shenzhen_Component_Index": 13706.51953125,
    "ALUMINUM_future": 3428.5,
    "BTC_price": 66680.2890625,
    "OIL_price": 106.68000030517578,
    "USD_CNY_exchange_rate": 6.894199848175049,
    "Commodity_Index_ETF": 28.68000030517578,
    "US_Dollar_Index": 100.06900024414062,
    "ETH_price": 2049.778076171875,
    "GOLD_spot_price": 4665.10009765625,
    "LEAN_HOGS_future": 90.92500305175781,
    "COPPER_future": 5.561500072479248,
    "High_Yield_Bond_ETF": 79.37000274658203,
    "LIVE_CATTLE_future": 244.0500030517578,
    "GOLD_near_month_future": 4664.89990234375,
    "NATURAL_GAS_future": 2.8540000915527344,
    "PLATINUM_future": 1909.0999755859375,
    "SILVER_future": 71.70999908447266,
    "Long_Term_Treasury_ETF": 86.26000213623047,
    "CORN_future": 457.5,
    "SOYBEANS_future": 1172.5,
    "WHEAT_future": 606.0,
    "SP500_close": 6575.31982421875,
    "NASDAQ_close": 21840.94921875,
    "US_10Y_Treasury_Yield": 4.318999767303467,
    "VIX_close": 26.440000534057617,
    "GOLD_basis_spot_vs_near": 0.2001953125,
    "China_10Y_Treasury_Yield": 1.8244
  }
}