{
  "latest_date": "2025-10-31",
  "latest_values": {
    "Shanghai_Composite_Index": 3986.90087890625,
    "CSI_300_Index": 4709.91015625,
    "Shenzhen_Component_Index": 13532.1298828125,
    "ALUMINUM_future": 2857.75,
    "BTC_price": 109966.734375,
    "OIL_price": 61.150001525878906,
    "USD_CNY_exchange_rate": 7.116300106048584,
    "Commodity_Index_ETF": 22.809999465942383,
    "US_Dollar_Index": 99.73500061035156,
    "ETH_price": 3853.876708984375,
    "GOLD_spot_price": 4027.699951171875,
    "LEAN_HOGS_future": 81.125,
    "COPPER_future": 5.084000110626221,
    "High_Yield_Bond_ETF": 80.93000030517578,
    "LIVE_CATTLE_future": 230.8000030517578,
    "GOLD_near_month_future": 4027.800048828125,
    "NATURAL_GAS_future": 4.0329999923706055,
    "PLATINUM_future": 1590.199951171875,
    "SILVER_future": 48.40999984741211,
    "Long_Term_Treasury_ETF": 90.57270050048828,
    "CORN_future": 429.0,
    "SOYBEANS_future": 1108.75,
    "WHEAT_future": 519.75,
    "SP500_close": 6853.8798828125,
    "NASDAQ_close": 23799.37109375,
    "US_10Y_Treasury_Yield": 4.0889997482299805,
    "VIX_close": 16.65999984741211,
    "GOLD_basis_spot_vs_near": -0.10009765625,
    "China_10Y_Treasury_Yield": 1.7954
  }
}