{
  "latest_date": "2026-03-03",
  "latest_values": {
    "Shanghai_Composite_Index": 4122.67578125,
    "CSI_300_Index": 4655.89599609375,
    "Shenzhen_Component_Index": 14022.3916015625,
    "ALUMINUM_future": 3179.75,
    "BTC_price": 67923.359375,
    "OIL_price": 76.0199966430664,
    "USD_CNY_exchange_rate": 6.899700164794922,
    "Commodity_Index_ETF": 26.190000534057617,
    "US_Dollar_Index": 99.18499755859375,
    "ETH_price": 1970.0166015625,
    "GOLD_spot_price": 5095.60009765625,
    "LEAN_HOGS_future": 95.25,
    "COPPER_future": 5.831500053405762,
    "High_Yield_Bond_ETF": 80.06990051269531,
    "LIVE_CATTLE_future": 234.375,
    "GOLD_near_month_future": 5096.10009765625,
    "NATURAL_GAS_future": 3.109999895095825,
    "PLATINUM_future": 2068.10009765625,
    "SILVER_future": 82.15499877929688,
    "Long_Term_Treasury_ETF": 89.41500091552734,
    "CORN_future": 445.25,
    "SOYBEANS_future": 1162.75,
    "WHEAT_future": 570.25,
    "SP500_close": 6785.419921875,
    "NASDAQ_close": 22404.197265625,
    "US_10Y_Treasury_Yield": 4.059000015258789,
    "VIX_close": 24.510000228881836,
    "GOLD_basis_spot_vs_near": -0.5,
    "China_10Y_Treasury_Yield": 1.7807
  }
}