{
  "latest_date": "2025-10-13",
  "latest_values": {
    "Shanghai_Composite_Index": 3897.028076171875,
    "CSI_300_Index": 4616.830078125,
    "Shenzhen_Component_Index": 13355.419921875,
    "ALUMINUM_future": 2687.0,
    "BTC_price": 114774.0390625,
    "OIL_price": 59.83000183105469,
    "USD_CNY_exchange_rate": 7.127500057220459,
    "Commodity_Index_ETF": 22.06999969482422,
    "US_Dollar_Index": 98.9540023803711,
    "ETH_price": 4137.91455078125,
    "GOLD_spot_price": 4083.39990234375,
    "LEAN_HOGS_future": 83.94999694824219,
    "COPPER_future": 4.996500015258789,
    "High_Yield_Bond_ETF": 79.94999694824219,
    "LIVE_CATTLE_future": 242.60000610351562,
    "GOLD_near_month_future": 4083.0,
    "NATURAL_GAS_future": 3.132999897003174,
    "PLATINUM_future": 1669.5999755859375,
    "SILVER_future": 49.44499969482422,
    "Long_Term_Treasury_ETF": 90.62000274658203,
    "CORN_future": 413.0,
    "SOYBEANS_future": 1025.5,
    "WHEAT_future": 499.0,
    "SP500_close": 6552.509765625,
    "NASDAQ_close": 22204.4296875,
    "US_10Y_Treasury_Yield": 4.051000118255615,
    "VIX_close": 21.65999984741211,
    "GOLD_basis_spot_vs_near": 0.39990234375,
    "China_10Y_Treasury_Yield": 1.8206
  }
}