{
  "latest_date": "2025-10-24",
  "latest_values": {
    "Shanghai_Composite_Index": 3922.409912109375,
    "CSI_300_Index": 4606.35009765625,
    "Shenzhen_Component_Index": 13025.4501953125,
    "ALUMINUM_future": 2815.0,
    "BTC_price": 111207.84375,
    "OIL_price": 62.400001525878906,
    "USD_CNY_exchange_rate": 7.125699996948242,
    "Commodity_Index_ETF": 22.84000015258789,
    "US_Dollar_Index": 99.03600311279297,
    "ETH_price": 3954.1318359375,
    "GOLD_spot_price": 4074.60009765625,
    "LEAN_HOGS_future": 81.875,
    "COPPER_future": 5.0970001220703125,
    "High_Yield_Bond_ETF": 80.86000061035156,
    "LIVE_CATTLE_future": 241.14999389648438,
    "GOLD_near_month_future": 4074.60009765625,
    "NATURAL_GAS_future": 3.2909998893737793,
    "PLATINUM_future": 1559.0,
    "SILVER_future": 47.67499923706055,
    "Long_Term_Treasury_ETF": 91.43000030517578,
    "CORN_future": 426.25,
    "SOYBEANS_future": 1060.75,
    "WHEAT_future": 513.25,
    "SP500_close": 6738.43994140625,
    "NASDAQ_close": 22941.80078125,
    "US_10Y_Treasury_Yield": 3.990999937057495,
    "VIX_close": 17.1299991607666,
    "GOLD_basis_spot_vs_near": 0.0,
    "China_10Y_Treasury_Yield": 1.8486
  }
}