{
  "latest_date": "2025-11-24",
  "latest_values": {
    "Shanghai_Composite_Index": 3836.765380859375,
    "CSI_300_Index": 4448.0478515625,
    "Shenzhen_Component_Index": 12585.083984375,
    "ALUMINUM_future": 2711.25,
    "BTC_price": 88961.0,
    "OIL_price": 59.04999923706055,
    "USD_CNY_exchange_rate": 7.101500034332275,
    "Commodity_Index_ETF": 22.6471004486084,
    "US_Dollar_Index": 100.16300201416016,
    "ETH_price": 2968.68505859375,
    "GOLD_spot_price": 4129.2998046875,
    "LEAN_HOGS_future": 79.125,
    "COPPER_future": 5.008999824523926,
    "High_Yield_Bond_ETF": 80.58000183105469,
    "LIVE_CATTLE_future": 207.52499389648438,
    "GOLD_near_month_future": 4129.2001953125,
    "NATURAL_GAS_future": 4.664000034332275,
    "PLATINUM_future": 1562.5999755859375,
    "SILVER_future": 51.185001373291016,
    "Long_Term_Treasury_ETF": 90.01000213623047,
    "CORN_future": 437.25,
    "SOYBEANS_future": 1121.25,
    "WHEAT_future": 522.75,
    "SP500_close": 6705.1201171875,
    "NASDAQ_close": 22872.005859375,
    "US_10Y_Treasury_Yield": 4.038000106811523,
    "VIX_close": 20.690000534057617,
    "GOLD_basis_spot_vs_near": 0.099609375,
    "China_10Y_Treasury_Yield": 1.821
  }
}