{
  "latest_date": "2026-03-19",
  "latest_values": {
    "Shanghai_Composite_Index": 4062.98388671875,
    "CSI_300_Index": 4658.330078125,
    "Shenzhen_Component_Index": 14187.7998046875,
    "ALUMINUM_future": 3324.25,
    "BTC_price": 71083.734375,
    "OIL_price": 97.91000366210938,
    "USD_CNY_exchange_rate": 6.89109992980957,
    "Commodity_Index_ETF": 29.270000457763672,
    "US_Dollar_Index": 100.08899688720703,
    "ETH_price": 2192.690185546875,
    "GOLD_spot_price": 4838.39990234375,
    "LEAN_HOGS_future": 107.42500305175781,
    "COPPER_future": 5.51800012588501,
    "High_Yield_Bond_ETF": 79.4000015258789,
    "LIVE_CATTLE_future": 234.22500610351562,
    "GOLD_near_month_future": 4838.7001953125,
    "NATURAL_GAS_future": 3.236999988555908,
    "PLATINUM_future": 2014.0999755859375,
    "SILVER_future": 75.93499755859375,
    "Long_Term_Treasury_ETF": 86.95500183105469,
    "CORN_future": 466.25,
    "SOYBEANS_future": 1166.75,
    "WHEAT_future": 609.75,
    "SP500_close": 6624.7001953125,
    "NASDAQ_close": 22152.419921875,
    "US_10Y_Treasury_Yield": 4.258999824523926,
    "VIX_close": 25.09000015258789,
    "GOLD_basis_spot_vs_near": -0.30029296875,
    "China_10Y_Treasury_Yield": 1.8175
  }
}