{
  "latest_date": "2025-12-16",
  "latest_values": {
    "Shanghai_Composite_Index": 3867.9208984375,
    "CSI_300_Index": 4552.06005859375,
    "Shenzhen_Component_Index": 13112.08984375,
    "ALUMINUM_future": 2846.25,
    "BTC_price": 86272.8125,
    "OIL_price": 55.61000061035156,
    "USD_CNY_exchange_rate": 7.041200160980225,
    "Commodity_Index_ETF": 22.809999465942383,
    "US_Dollar_Index": 98.09100341796875,
    "ETH_price": 2898.96484375,
    "GOLD_spot_price": 4340.2998046875,
    "LEAN_HOGS_future": 83.82499694824219,
    "COPPER_future": 5.367000102996826,
    "High_Yield_Bond_ETF": 80.61000061035156,
    "LIVE_CATTLE_future": 230.5749969482422,
    "GOLD_near_month_future": 4340.2998046875,
    "NATURAL_GAS_future": 3.9140000343322754,
    "PLATINUM_future": 1858.5,
    "SILVER_future": 63.45500183105469,
    "Long_Term_Treasury_ETF": 87.4000015258789,
    "CORN_future": 438.5,
    "SOYBEANS_future": 1072.5,
    "WHEAT_future": 515.0,
    "SP500_close": 6816.509765625,
    "NASDAQ_close": 23057.41015625,
    "US_10Y_Treasury_Yield": 4.175999641418457,
    "VIX_close": 16.739999771118164,
    "GOLD_basis_spot_vs_near": 0.0,
    "China_10Y_Treasury_Yield": 1.8458
  }
}