{
  "latest_date": "2026-04-10",
  "latest_values": {
    "Shanghai_Composite_Index": 3994.998046875,
    "CSI_300_Index": 4595.56005859375,
    "Shenzhen_Component_Index": 14042.5,
    "ALUMINUM_future": 3369.5,
    "BTC_price": 71639.4921875,
    "OIL_price": 98.41999816894531,
    "USD_CNY_exchange_rate": 6.828700065612793,
    "Commodity_Index_ETF": 28.709999084472656,
    "US_Dollar_Index": 98.91699981689453,
    "ETH_price": 2184.123779296875,
    "GOLD_spot_price": 4776.5,
    "LEAN_HOGS_future": 104.17500305175781,
    "COPPER_future": 5.741000175476074,
    "High_Yield_Bond_ETF": 80.27999877929688,
    "LIVE_CATTLE_future": 247.52499389648438,
    "GOLD_near_month_future": 4776.2998046875,
    "NATURAL_GAS_future": 2.674999952316284,
    "PLATINUM_future": 2096.5,
    "SILVER_future": 75.2750015258789,
    "Long_Term_Treasury_ETF": 86.69999694824219,
    "CORN_future": 444.25,
    "SOYBEANS_future": 1166.25,
    "WHEAT_future": 573.5,
    "SP500_close": 6824.66015625,
    "NASDAQ_close": 22822.41796875,
    "US_10Y_Treasury_Yield": 4.293000221252441,
    "VIX_close": 19.489999771118164,
    "GOLD_basis_spot_vs_near": 0.2001953125,
    "China_10Y_Treasury_Yield": 1.8192
  }
}