{
  "latest_date": "2026-04-22",
  "latest_values": {
    "Shanghai_Composite_Index": 4085.076904296875,
    "CSI_300_Index": 4768.0,
    "Shenzhen_Component_Index": 14982.1396484375,
    "ALUMINUM_future": 3515.75,
    "BTC_price": 77952.0703125,
    "OIL_price": 88.7699966430664,
    "USD_CNY_exchange_rate": 6.817399978637695,
    "Commodity_Index_ETF": 29.209999084472656,
    "US_Dollar_Index": 98.28500366210938,
    "ETH_price": 2391.280029296875,
    "GOLD_spot_price": 4785.0,
    "LEAN_HOGS_future": 95.4000015258789,
    "COPPER_future": 6.063499927520752,
    "High_Yield_Bond_ETF": 80.37000274658203,
    "LIVE_CATTLE_future": 247.4250030517578,
    "GOLD_near_month_future": 4784.89990234375,
    "NATURAL_GAS_future": 2.7149999141693115,
    "PLATINUM_future": 2090.0,
    "SILVER_future": 78.50499725341797,
    "Long_Term_Treasury_ETF": 86.56999969482422,
    "CORN_future": 463.5,
    "SOYBEANS_future": 1197.75,
    "WHEAT_future": 611.5,
    "SP500_close": 7064.009765625,
    "NASDAQ_close": 24259.9609375,
    "US_10Y_Treasury_Yield": 4.291999816894531,
    "VIX_close": 19.5,
    "GOLD_basis_spot_vs_near": 0.10009765625,
    "China_10Y_Treasury_Yield": 1.751
  }
}