{
  "latest_date": "2026-02-02",
  "latest_values": {
    "Shanghai_Composite_Index": 4117.9482421875,
    "CSI_300_Index": 4706.33984375,
    "Shenzhen_Component_Index": 14205.8896484375,
    "ALUMINUM_future": 2980.25,
    "BTC_price": 76240.3984375,
    "OIL_price": 62.13999938964844,
    "USD_CNY_exchange_rate": 6.9517998695373535,
    "Commodity_Index_ETF": 24.43000030517578,
    "US_Dollar_Index": 97.09100341796875,
    "ETH_price": 2255.400146484375,
    "GOLD_spot_price": 4708.0,
    "LEAN_HOGS_future": 95.1500015258789,
    "COPPER_future": 5.712500095367432,
    "High_Yield_Bond_ETF": 81.12000274658203,
    "LIVE_CATTLE_future": 236.8000030517578,
    "GOLD_near_month_future": 4708.5,
    "NATURAL_GAS_future": 3.6760001182556152,
    "PLATINUM_future": 2066.0,
    "SILVER_future": 79.66000366210938,
    "Long_Term_Treasury_ETF": 87.12999725341797,
    "CORN_future": 425.25,
    "SOYBEANS_future": 1055.75,
    "WHEAT_future": 531.5,
    "SP500_close": 6939.02978515625,
    "NASDAQ_close": 23461.8203125,
    "US_10Y_Treasury_Yield": 4.241000175476074,
    "VIX_close": 17.440000534057617,
    "GOLD_basis_spot_vs_near": -0.5,
    "China_10Y_Treasury_Yield": 1.8112
  }
}