{
  "latest_date": "2026-04-15",
  "latest_values": {
    "Shanghai_Composite_Index": 4026.625,
    "CSI_300_Index": 4701.27978515625,
    "Shenzhen_Component_Index": 14639.9501953125,
    "ALUMINUM_future": 3540.0,
    "BTC_price": 74619.65625,
    "OIL_price": 90.19000244140625,
    "USD_CNY_exchange_rate": 6.8302998542785645,
    "Commodity_Index_ETF": 28.84000015258789,
    "US_Dollar_Index": 98.12300109863281,
    "ETH_price": 2333.820068359375,
    "GOLD_spot_price": 4874.0,
    "LEAN_HOGS_future": 102.4749984741211,
    "COPPER_future": 6.114500045776367,
    "High_Yield_Bond_ETF": 80.5,
    "LIVE_CATTLE_future": 251.35000610351562,
    "GOLD_near_month_future": 4873.60009765625,
    "NATURAL_GAS_future": 2.5940001010894775,
    "PLATINUM_future": 2143.699951171875,
    "SILVER_future": 80.51499938964844,
    "Long_Term_Treasury_ETF": 87.20999908447266,
    "CORN_future": 445.25,
    "SOYBEANS_future": 1159.75,
    "WHEAT_future": 601.75,
    "SP500_close": 6967.3798828125,
    "NASDAQ_close": 23639.083984375,
    "US_10Y_Treasury_Yield": 4.25600004196167,
    "VIX_close": 18.360000610351562,
    "GOLD_basis_spot_vs_near": 0.39990234375,
    "China_10Y_Treasury_Yield": 1.7829
  }
}