{
  "latest_date": "2026-06-17",
  "latest_values": {
    "Shanghai_Composite_Index": 4091.89208984375,
    "CSI_300_Index": 4777.31982421875,
    "Shenzhen_Component_Index": 15675.25,
    "ALUMINUM_future": 3390.0,
    "BTC_price": 64253.91015625,
    "OIL_price": 75.0,
    "USD_CNY_exchange_rate": 6.757199764251709,
    "Commodity_Index_ETF": 27.709999084472656,
    "US_Dollar_Index": 100.37799835205078,
    "ETH_price": 1741.4100341796875,
    "GOLD_spot_price": 4281.2001953125,
    "LEAN_HOGS_future": 96.55000305175781,
    "COPPER_future": 6.370999813079834,
    "High_Yield_Bond_ETF": 79.7300033569336,
    "LIVE_CATTLE_future": 249.0500030517578,
    "GOLD_near_month_future": 4281.2998046875,
    "NATURAL_GAS_future": 3.177999973297119,
    "PLATINUM_future": 1740.699951171875,
    "SILVER_future": 68.11499786376953,
    "Long_Term_Treasury_ETF": 86.33000183105469,
    "CORN_future": 421.25,
    "SOYBEANS_future": 1150.5,
    "WHEAT_future": 621.5,
    "SP500_close": 7420.10009765625,
    "NASDAQ_close": 26021.65625,
    "US_10Y_Treasury_Yield": 4.463000297546387,
    "VIX_close": 18.440000534057617,
    "GOLD_basis_spot_vs_near": -0.099609375,
    "China_10Y_Treasury_Yield": 1.727
  }
}