{
  "latest_date": "2026-04-15",
  "latest_values": {
    "Shanghai_Composite_Index": 4026.625,
    "CSI_300_Index": 4701.27978515625,
    "Shenzhen_Component_Index": 14639.9501953125,
    "ALUMINUM_future": 3576.25,
    "BTC_price": 74636.96875,
    "OIL_price": 91.0999984741211,
    "USD_CNY_exchange_rate": 6.8302998542785645,
    "Commodity_Index_ETF": 28.889999389648438,
    "US_Dollar_Index": 98.08100128173828,
    "ETH_price": 2360.7900390625,
    "GOLD_spot_price": 4817.2001953125,
    "LEAN_HOGS_future": 101.82499694824219,
    "COPPER_future": 6.081500053405762,
    "High_Yield_Bond_ETF": 80.45999908447266,
    "LIVE_CATTLE_future": 251.22500610351562,
    "GOLD_near_month_future": 4817.0,
    "NATURAL_GAS_future": 2.6110000610351562,
    "PLATINUM_future": 2132.0,
    "SILVER_future": 79.3550033569336,
    "Long_Term_Treasury_ETF": 86.83000183105469,
    "CORN_future": 451.75,
    "SOYBEANS_future": 1165.25,
    "WHEAT_future": 600.5,
    "SP500_close": 7022.9501953125,
    "NASDAQ_close": 24016.017578125,
    "US_10Y_Treasury_Yield": 4.2820000648498535,
    "VIX_close": 18.149999618530273,
    "GOLD_basis_spot_vs_near": 0.2001953125,
    "China_10Y_Treasury_Yield": 1.7809
  }
}