{
  "latest_date": "2026-02-06",
  "latest_values": {
    "Shanghai_Composite_Index": 4075.9169921875,
    "CSI_300_Index": 4670.419921875,
    "Shenzhen_Component_Index": 13952.7099609375,
    "ALUMINUM_future": 2994.25,
    "BTC_price": 66267.2109375,
    "OIL_price": 63.06999969482422,
    "USD_CNY_exchange_rate": 6.938300132751465,
    "Commodity_Index_ETF": 23.760000228881836,
    "US_Dollar_Index": 97.83300018310547,
    "ETH_price": 1924.023193359375,
    "GOLD_spot_price": 4911.10009765625,
    "LEAN_HOGS_future": 87.4000015258789,
    "COPPER_future": 5.835000038146973,
    "High_Yield_Bond_ETF": 80.52999877929688,
    "LIVE_CATTLE_future": 235.22500610351562,
    "GOLD_near_month_future": 4910.7001953125,
    "NATURAL_GAS_future": 3.5920000076293945,
    "PLATINUM_future": 2011.800048828125,
    "SILVER_future": 74.53500366210938,
    "Long_Term_Treasury_ETF": 87.4800033569336,
    "CORN_future": 433.5,
    "SOYBEANS_future": 1115.25,
    "WHEAT_future": 535.0,
    "SP500_close": 6798.39990234375,
    "NASDAQ_close": 22540.58984375,
    "US_10Y_Treasury_Yield": 4.210000038146973,
    "VIX_close": 20.049999237060547,
    "GOLD_basis_spot_vs_near": 0.39990234375,
    "China_10Y_Treasury_Yield": 1.8102
  }
}