{
  "latest_date": "2026-03-04",
  "latest_values": {
    "Shanghai_Composite_Index": 4122.67578125,
    "CSI_300_Index": 4655.89990234375,
    "Shenzhen_Component_Index": 14022.3896484375,
    "ALUMINUM_future": 3246.75,
    "BTC_price": 67930.2578125,
    "OIL_price": 75.47000122070312,
    "USD_CNY_exchange_rate": 6.881999969482422,
    "Commodity_Index_ETF": 25.90999984741211,
    "US_Dollar_Index": 99.1449966430664,
    "ETH_price": 1964.56640625,
    "GOLD_spot_price": 5174.2001953125,
    "LEAN_HOGS_future": 95.7750015258789,
    "COPPER_future": 5.914000034332275,
    "High_Yield_Bond_ETF": 80.12000274658203,
    "LIVE_CATTLE_future": 234.3000030517578,
    "GOLD_near_month_future": 5174.0,
    "NATURAL_GAS_future": 3.0309998989105225,
    "PLATINUM_future": 2141.89990234375,
    "SILVER_future": 85.0250015258789,
    "Long_Term_Treasury_ETF": 89.43000030517578,
    "CORN_future": 446.25,
    "SOYBEANS_future": 1168.75,
    "WHEAT_future": 574.25,
    "SP500_close": 6816.6298828125,
    "NASDAQ_close": 22516.689453125,
    "US_10Y_Treasury_Yield": 4.056000232696533,
    "VIX_close": 23.56999969482422,
    "GOLD_basis_spot_vs_near": 0.2001953125,
    "China_10Y_Treasury_Yield": 1.7807
  }
}