{
  "latest_date": "2026-04-28",
  "latest_values": {
    "Shanghai_Composite_Index": 4086.343994140625,
    "CSI_300_Index": 4770.9501953125,
    "Shenzhen_Component_Index": 14995.75,
    "ALUMINUM_future": 3501.75,
    "BTC_price": 76129.5625,
    "OIL_price": 99.88999938964844,
    "USD_CNY_exchange_rate": 6.835899829864502,
    "Commodity_Index_ETF": 30.31450080871582,
    "US_Dollar_Index": 98.65399932861328,
    "ETH_price": 2291.60009765625,
    "GOLD_spot_price": 4609.89990234375,
    "LEAN_HOGS_future": 102.0,
    "COPPER_future": 5.978499889373779,
    "High_Yield_Bond_ETF": 80.37000274658203,
    "LIVE_CATTLE_future": 253.4499969482422,
    "GOLD_near_month_future": 4609.89990234375,
    "NATURAL_GAS_future": 2.683000087738037,
    "PLATINUM_future": 1952.5999755859375,
    "SILVER_future": 73.5999984741211,
    "Long_Term_Treasury_ETF": 86.29499816894531,
    "CORN_future": 475.5,
    "SOYBEANS_future": 1190.25,
    "WHEAT_future": 658.25,
    "SP500_close": 7136.4501953125,
    "NASDAQ_close": 24670.060546875,
    "US_10Y_Treasury_Yield": 4.354000091552734,
    "VIX_close": 18.06999969482422,
    "GOLD_basis_spot_vs_near": 0.0,
    "China_10Y_Treasury_Yield": 1.7654
  }
}