{
  "latest_date": "2026-04-13",
  "latest_values": {
    "Shanghai_Composite_Index": 3986.22509765625,
    "CSI_300_Index": 4636.56982421875,
    "Shenzhen_Component_Index": 14309.4697265625,
    "ALUMINUM_future": 3579.25,
    "BTC_price": 72122.6875,
    "OIL_price": 98.62999725341797,
    "USD_CNY_exchange_rate": 6.831399917602539,
    "Commodity_Index_ETF": 29.059999465942383,
    "US_Dollar_Index": 98.53600311279297,
    "ETH_price": 2222.7431640625,
    "GOLD_spot_price": 4749.2001953125,
    "LEAN_HOGS_future": 102.9749984741211,
    "COPPER_future": 6.007500171661377,
    "High_Yield_Bond_ETF": 80.13500213623047,
    "LIVE_CATTLE_future": 248.6999969482422,
    "GOLD_near_month_future": 4749.60009765625,
    "NATURAL_GAS_future": 2.622999906539917,
    "PLATINUM_future": 2074.0,
    "SILVER_future": 75.13999938964844,
    "Long_Term_Treasury_ETF": 86.63990020751953,
    "CORN_future": 440.75,
    "SOYBEANS_future": 1161.25,
    "WHEAT_future": 581.5,
    "SP500_close": 6847.2900390625,
    "NASDAQ_close": 23051.10546875,
    "US_10Y_Treasury_Yield": 4.300999641418457,
    "VIX_close": 19.5,
    "GOLD_basis_spot_vs_near": -0.39990234375,
    "China_10Y_Treasury_Yield": 1.7933
  }
}