{
  "latest_date": "2025-09-26",
  "latest_values": {
    "Shanghai_Composite_Index": 3828.10595703125,
    "CSI_300_Index": 4550.048828125,
    "Shenzhen_Component_Index": 13208.99609375,
    "ALUMINUM_future": 2582.0,
    "BTC_price": 109568.5234375,
    "OIL_price": 65.86000061035156,
    "USD_CNY_exchange_rate": 7.131499767303467,
    "Commodity_Index_ETF": 22.854999542236328,
    "US_Dollar_Index": 98.22899627685547,
    "ETH_price": 3990.832763671875,
    "GOLD_spot_price": 3804.60009765625,
    "LEAN_HOGS_future": 92.5,
    "COPPER_future": 4.76800012588501,
    "High_Yield_Bond_ETF": 81.08999633789062,
    "LIVE_CATTLE_future": 236.6999969482422,
    "GOLD_near_month_future": 3804.5,
    "NATURAL_GAS_future": 3.1730000972747803,
    "PLATINUM_future": 1601.9000244140625,
    "SILVER_future": 46.5,
    "Long_Term_Treasury_ETF": 88.87999725341797,
    "CORN_future": 422.5,
    "SOYBEANS_future": 1013.5,
    "WHEAT_future": 519.5,
    "SP500_close": 6637.35009765625,
    "NASDAQ_close": 22441.888671875,
    "US_10Y_Treasury_Yield": 4.183000087738037,
    "VIX_close": 15.779999732971191,
    "GOLD_basis_spot_vs_near": 0.10009765625,
    "China_10Y_Treasury_Yield": 1.8768
  }
}