{
  "latest_date": "2025-11-28",
  "latest_values": {
    "Shanghai_Composite_Index": 3875.260009765625,
    "CSI_300_Index": 4515.39990234375,
    "Shenzhen_Component_Index": 12875.2001953125,
    "ALUMINUM_future": 2813.25,
    "BTC_price": 92328.6875,
    "OIL_price": 58.86000061035156,
    "USD_CNY_exchange_rate": 7.074399948120117,
    "Commodity_Index_ETF": 22.760000228881836,
    "US_Dollar_Index": 99.61699676513672,
    "ETH_price": 3072.673095703125,
    "GOLD_spot_price": 4221.2998046875,
    "LEAN_HOGS_future": 80.67500305175781,
    "COPPER_future": 5.054999828338623,
    "High_Yield_Bond_ETF": 80.94999694824219,
    "LIVE_CATTLE_future": 211.22500610351562,
    "GOLD_near_month_future": 4185.0,
    "NATURAL_GAS_future": 4.671000003814697,
    "PLATINUM_future": 1647.699951171875,
    "SILVER_future": 53.81999969482422,
    "Long_Term_Treasury_ETF": 90.63999938964844,
    "CORN_future": 446.25,
    "SOYBEANS_future": 1132.25,
    "WHEAT_future": 529.0,
    "SP500_close": 6812.60986328125,
    "NASDAQ_close": 23214.689453125,
    "US_10Y_Treasury_Yield": 3.99399995803833,
    "VIX_close": 17.479999542236328,
    "GOLD_basis_spot_vs_near": 36.2998046875,
    "China_10Y_Treasury_Yield": 1.8412
  }
}