{
  "latest_date": "2025-11-20",
  "latest_values": {
    "Shanghai_Composite_Index": 3931.05126953125,
    "CSI_300_Index": 4564.9482421875,
    "Shenzhen_Component_Index": 12980.818359375,
    "ALUMINUM_future": 2722.5,
    "BTC_price": 86550.9765625,
    "OIL_price": 58.70000076293945,
    "USD_CNY_exchange_rate": 7.115499973297119,
    "Commodity_Index_ETF": 22.680299758911133,
    "US_Dollar_Index": 100.24600219726562,
    "ETH_price": 2843.4755859375,
    "GOLD_spot_price": 4076.10009765625,
    "LEAN_HOGS_future": 79.67500305175781,
    "COPPER_future": 4.955999851226807,
    "High_Yield_Bond_ETF": 80.0999984741211,
    "LIVE_CATTLE_future": 214.4250030517578,
    "GOLD_near_month_future": 4075.199951171875,
    "NATURAL_GAS_future": 4.6620001792907715,
    "PLATINUM_future": 1514.4000244140625,
    "SILVER_future": 50.275001525878906,
    "Long_Term_Treasury_ETF": 89.2300033569336,
    "CORN_future": 426.5,
    "SOYBEANS_future": 1123.0,
    "WHEAT_future": 528.0,
    "SP500_close": 6538.759765625,
    "NASDAQ_close": 22078.048828125,
    "US_10Y_Treasury_Yield": 4.105999946594238,
    "VIX_close": 26.520000457763672,
    "GOLD_basis_spot_vs_near": 0.900146484375,
    "China_10Y_Treasury_Yield": 1.8135
  }
}