{
  "latest_date": "2026-04-09",
  "latest_values": {
    "Shanghai_Composite_Index": 3966.171142578125,
    "CSI_300_Index": 4566.2236328125,
    "Shenzhen_Component_Index": 13996.265625,
    "ALUMINUM_future": 3361.5,
    "BTC_price": 70612.9453125,
    "OIL_price": 101.87999725341797,
    "USD_CNY_exchange_rate": 6.8566999435424805,
    "Commodity_Index_ETF": 28.8799991607666,
    "US_Dollar_Index": 98.90699768066406,
    "ETH_price": 2163.275146484375,
    "GOLD_spot_price": 4791.5,
    "LEAN_HOGS_future": 104.17500305175781,
    "COPPER_future": 5.740499973297119,
    "High_Yield_Bond_ETF": 80.01930236816406,
    "LIVE_CATTLE_future": 245.5,
    "GOLD_near_month_future": 4791.60009765625,
    "NATURAL_GAS_future": 2.7090001106262207,
    "PLATINUM_future": 2055.0,
    "SILVER_future": 74.88500213623047,
    "Long_Term_Treasury_ETF": 86.43499755859375,
    "CORN_future": 447.0,
    "SOYBEANS_future": 1166.5,
    "WHEAT_future": 581.5,
    "SP500_close": 6766.10986328125,
    "NASDAQ_close": 22541.4921875,
    "US_10Y_Treasury_Yield": 4.310999870300293,
    "VIX_close": 20.989999771118164,
    "GOLD_basis_spot_vs_near": -0.10009765625,
    "China_10Y_Treasury_Yield": 1.8192
  }
}