{
  "latest_date": "2025-10-16",
  "latest_values": {
    "Shanghai_Composite_Index": 3916.22802734375,
    "CSI_300_Index": 4618.421875,
    "Shenzhen_Component_Index": 13086.4091796875,
    "ALUMINUM_future": 2732.0,
    "BTC_price": 108625.703125,
    "OIL_price": 57.779998779296875,
    "USD_CNY_exchange_rate": 7.138400077819824,
    "Commodity_Index_ETF": 22.190000534057617,
    "US_Dollar_Index": 98.40499877929688,
    "ETH_price": 3939.71923828125,
    "GOLD_spot_price": 4296.0,
    "LEAN_HOGS_future": 82.6500015258789,
    "COPPER_future": 4.997499942779541,
    "High_Yield_Bond_ETF": 80.6449966430664,
    "LIVE_CATTLE_future": 247.85000610351562,
    "GOLD_near_month_future": 4295.89990234375,
    "NATURAL_GAS_future": 2.9649999141693115,
    "PLATINUM_future": 1755.300048828125,
    "SILVER_future": 53.119998931884766,
    "Long_Term_Treasury_ETF": 91.16500091552734,
    "CORN_future": 423.0,
    "SOYBEANS_future": 1013.5,
    "WHEAT_future": 503.5,
    "SP500_close": 6650.52001953125,
    "NASDAQ_close": 22634.6484375,
    "US_10Y_Treasury_Yield": 3.9839999675750732,
    "VIX_close": 23.479999542236328,
    "GOLD_basis_spot_vs_near": 0.10009765625,
    "China_10Y_Treasury_Yield": 1.8407
  }
}