{
  "latest_date": "2025-12-15",
  "latest_values": {
    "Shanghai_Composite_Index": 3873.318115234375,
    "CSI_300_Index": 4552.18994140625,
    "Shenzhen_Component_Index": 13147.3896484375,
    "ALUMINUM_future": 2877.25,
    "BTC_price": 89448.5390625,
    "OIL_price": 57.130001068115234,
    "USD_CNY_exchange_rate": 7.046500205993652,
    "Commodity_Index_ETF": 22.920000076293945,
    "US_Dollar_Index": 98.26399993896484,
    "ETH_price": 3149.419189453125,
    "GOLD_spot_price": 4378.2998046875,
    "LEAN_HOGS_future": 83.32499694824219,
    "COPPER_future": 5.427999973297119,
    "High_Yield_Bond_ETF": 80.56999969482422,
    "LIVE_CATTLE_future": 229.5500030517578,
    "GOLD_near_month_future": 4378.60009765625,
    "NATURAL_GAS_future": 4.085999965667725,
    "PLATINUM_future": 1801.5,
    "SILVER_future": 63.85499954223633,
    "Long_Term_Treasury_ETF": 87.33999633789062,
    "CORN_future": 440.5,
    "SOYBEANS_future": 1078.75,
    "WHEAT_future": 525.5,
    "SP500_close": 6827.41015625,
    "NASDAQ_close": 23195.169921875,
    "US_10Y_Treasury_Yield": 4.193999767303467,
    "VIX_close": 16.43000030517578,
    "GOLD_basis_spot_vs_near": -0.30029296875,
    "China_10Y_Treasury_Yield": 1.8488
  }
}