{
  "latest_date": "2026-03-04",
  "latest_values": {
    "Shanghai_Composite_Index": 4122.67578125,
    "CSI_300_Index": 4655.89990234375,
    "Shenzhen_Component_Index": 14022.3896484375,
    "ALUMINUM_future": 3325.0,
    "BTC_price": 71254.8828125,
    "OIL_price": 73.68000030517578,
    "USD_CNY_exchange_rate": 6.896399974822998,
    "Commodity_Index_ETF": 25.90999984741211,
    "US_Dollar_Index": 98.79100036621094,
    "ETH_price": 2057.34375,
    "GOLD_spot_price": 5200.7001953125,
    "LEAN_HOGS_future": 86.44999694824219,
    "COPPER_future": 5.916500091552734,
    "High_Yield_Bond_ETF": 80.12000274658203,
    "LIVE_CATTLE_future": 228.89999389648438,
    "GOLD_near_month_future": 5201.0,
    "NATURAL_GAS_future": 2.9839999675750732,
    "PLATINUM_future": 2156.800048828125,
    "SILVER_future": 85.8499984741211,
    "Long_Term_Treasury_ETF": 89.43000030517578,
    "CORN_future": 442.75,
    "SOYBEANS_future": 1168.0,
    "WHEAT_future": 565.0,
    "SP500_close": 6816.6298828125,
    "NASDAQ_close": 22516.689453125,
    "US_10Y_Treasury_Yield": 4.056000232696533,
    "VIX_close": 22.309999465942383,
    "GOLD_basis_spot_vs_near": -0.2998046875,
    "China_10Y_Treasury_Yield": 1.7768
  }
}