{
  "latest_date": "2026-07-14",
  "latest_values": {
    "Shanghai_Composite_Index": 3913.7939453125,
    "CSI_300_Index": 4780.7900390625,
    "Shenzhen_Component_Index": 14522.849609375,
    "ALUMINUM_future": 3380.0,
    "BTC_price": 64550.87890625,
    "OIL_price": 79.83000183105469,
    "USD_CNY_exchange_rate": 6.7795000076293945,
    "Commodity_Index_ETF": 28.6299991607666,
    "US_Dollar_Index": 100.93900299072266,
    "ETH_price": 1873.5400390625,
    "GOLD_spot_price": 4058.300048828125,
    "LEAN_HOGS_future": 98.4000015258789,
    "COPPER_future": 6.367000102996826,
    "High_Yield_Bond_ETF": 79.68000030517578,
    "LIVE_CATTLE_future": 231.5749969482422,
    "GOLD_near_month_future": 4058.5,
    "NATURAL_GAS_future": 2.9230000972747803,
    "PLATINUM_future": 1639.9000244140625,
    "SILVER_future": 59.040000915527344,
    "Long_Term_Treasury_ETF": 84.08000183105469,
    "CORN_future": 459.5,
    "SOYBEANS_future": 1190.5,
    "WHEAT_future": 644.0,
    "SP500_close": 7543.58984375,
    "NASDAQ_close": 26107.0078125,
    "US_10Y_Treasury_Yield": 4.585000038146973,
    "VIX_close": 16.5,
    "GOLD_basis_spot_vs_near": -0.199951171875,
    "China_10Y_Treasury_Yield": 1.7402
  }
}