{
  "latest_date": "2026-01-30",
  "latest_values": {
    "Shanghai_Composite_Index": 4117.94775390625,
    "CSI_300_Index": 4706.34033203125,
    "Shenzhen_Component_Index": 14205.892578125,
    "ALUMINUM_future": 3115.0,
    "BTC_price": 83969.7734375,
    "OIL_price": 65.6500015258789,
    "USD_CNY_exchange_rate": 6.953499794006348,
    "Commodity_Index_ETF": 24.453699111938477,
    "US_Dollar_Index": 96.9990005493164,
    "ETH_price": 2734.912109375,
    "GOLD_spot_price": 5067.5,
    "LEAN_HOGS_future": 95.30000305175781,
    "COPPER_future": 6.014999866485596,
    "High_Yield_Bond_ETF": 81.05999755859375,
    "LIVE_CATTLE_future": 237.10000610351562,
    "GOLD_near_month_future": 5066.39990234375,
    "NATURAL_GAS_future": 4.0920000076293945,
    "PLATINUM_future": 2270.0,
    "SILVER_future": 98.5,
    "Long_Term_Treasury_ETF": 87.44499969482422,
    "CORN_future": 427.25,
    "SOYBEANS_future": 1069.75,
    "WHEAT_future": 539.5,
    "SP500_close": 6923.7900390625,
    "NASDAQ_close": 23414.0390625,
    "US_10Y_Treasury_Yield": 4.249000072479248,
    "VIX_close": 17.010000228881836,
    "GOLD_basis_spot_vs_near": 1.10009765625,
    "China_10Y_Treasury_Yield": 1.8112
  }
}