{
  "latest_date": "2026-02-21",
  "latest_values": {
    "Shanghai_Composite_Index": 4082.072998046875,
    "CSI_300_Index": 4660.41015625,
    "Shenzhen_Component_Index": 14100.1904296875,
    "ALUMINUM_future": 3057.0,
    "BTC_price": 67581.8671875,
    "OIL_price": 66.30999755859375,
    "USD_CNY_exchange_rate": 6.908100128173828,
    "Commodity_Index_ETF": 24.600000381469727,
    "US_Dollar_Index": 97.78900146484375,
    "ETH_price": 1957.259765625,
    "GOLD_spot_price": 5130.0,
    "LEAN_HOGS_future": 93.625,
    "COPPER_future": 5.869999885559082,
    "High_Yield_Bond_ETF": 81.0,
    "LIVE_CATTLE_future": 241.72500610351562,
    "GOLD_near_month_future": 5130.0,
    "NATURAL_GAS_future": 2.99399995803833,
    "PLATINUM_future": 2171.39990234375,
    "SILVER_future": 84.56999969482422,
    "Long_Term_Treasury_ETF": 89.41000366210938,
    "CORN_future": 440.0,
    "SOYBEANS_future": 1153.75,
    "WHEAT_future": 581.75,
    "SP500_close": 6909.509765625,
    "NASDAQ_close": 22886.0703125,
    "US_10Y_Treasury_Yield": 4.085999965667725,
    "VIX_close": 19.09000015258789,
    "GOLD_basis_spot_vs_near": 0.0,
    "China_10Y_Treasury_Yield": 1.7899
  }
}