{
  "latest_date": "2025-12-08",
  "latest_values": {
    "Shanghai_Composite_Index": 3924.077880859375,
    "CSI_300_Index": 4621.75439453125,
    "Shenzhen_Component_Index": 13147.6796875,
    "ALUMINUM_future": 2831.25,
    "BTC_price": 90907.1953125,
    "OIL_price": 59.380001068115234,
    "USD_CNY_exchange_rate": 7.0696001052856445,
    "Commodity_Index_ETF": 23.125,
    "US_Dollar_Index": 99.05899810791016,
    "ETH_price": 3135.922607421875,
    "GOLD_spot_price": 4237.0,
    "LEAN_HOGS_future": 82.1500015258789,
    "COPPER_future": 5.448999881744385,
    "High_Yield_Bond_ETF": 80.61499786376953,
    "LIVE_CATTLE_future": 227.5,
    "GOLD_near_month_future": 4237.2001953125,
    "NATURAL_GAS_future": 4.982999801635742,
    "PLATINUM_future": 1679.199951171875,
    "SILVER_future": 58.83000183105469,
    "Long_Term_Treasury_ETF": 87.8053970336914,
    "CORN_future": 446.25,
    "SOYBEANS_future": 1098.25,
    "WHEAT_future": 536.75,
    "SP500_close": 6865.259765625,
    "NASDAQ_close": 23611.3671875,
    "US_10Y_Treasury_Yield": 4.171999931335449,
    "VIX_close": 16.469999313354492,
    "GOLD_basis_spot_vs_near": -0.2001953125,
    "China_10Y_Treasury_Yield": 1.8499
  }
}