{
  "latest_date": "2026-03-19",
  "latest_values": {
    "Shanghai_Composite_Index": 4062.98388671875,
    "CSI_300_Index": 4658.330078125,
    "Shenzhen_Component_Index": 14187.7998046875,
    "ALUMINUM_future": 3318.5,
    "BTC_price": 70798.96875,
    "OIL_price": 96.44999694824219,
    "USD_CNY_exchange_rate": 6.89769983291626,
    "Commodity_Index_ETF": 29.270000457763672,
    "US_Dollar_Index": 100.13500213623047,
    "ETH_price": 2193.834228515625,
    "GOLD_spot_price": 4853.2001953125,
    "LEAN_HOGS_future": 93.75,
    "COPPER_future": 5.516499996185303,
    "High_Yield_Bond_ETF": 79.4000015258789,
    "LIVE_CATTLE_future": 235.39999389648438,
    "GOLD_near_month_future": 4853.5,
    "NATURAL_GAS_future": 3.181999921798706,
    "PLATINUM_future": 2026.5999755859375,
    "SILVER_future": 75.75499725341797,
    "Long_Term_Treasury_ETF": 86.95500183105469,
    "CORN_future": 464.25,
    "SOYBEANS_future": 1160.0,
    "WHEAT_future": 605.75,
    "SP500_close": 6624.7001953125,
    "NASDAQ_close": 22152.419921875,
    "US_10Y_Treasury_Yield": 4.258999824523926,
    "VIX_close": 25.09000015258789,
    "GOLD_basis_spot_vs_near": -0.2998046875,
    "China_10Y_Treasury_Yield": 1.8175
  }
}