{
  "latest_date": "2025-10-15",
  "latest_values": {
    "Shanghai_Composite_Index": 3912.20947265625,
    "CSI_300_Index": 4606.2880859375,
    "Shenzhen_Component_Index": 13118.75390625,
    "ALUMINUM_future": 2671.75,
    "BTC_price": 111090.875,
    "OIL_price": 58.7599983215332,
    "USD_CNY_exchange_rate": 7.125699996948242,
    "Commodity_Index_ETF": 22.18000030517578,
    "US_Dollar_Index": 98.66999816894531,
    "ETH_price": 3962.348388671875,
    "GOLD_spot_price": 4225.39990234375,
    "LEAN_HOGS_future": 83.4749984741211,
    "COPPER_future": 4.973999977111816,
    "High_Yield_Bond_ETF": 80.80000305175781,
    "LIVE_CATTLE_future": 246.64999389648438,
    "GOLD_near_month_future": 4225.39990234375,
    "NATURAL_GAS_future": 3.0339999198913574,
    "PLATINUM_future": 1696.699951171875,
    "SILVER_future": 52.540000915527344,
    "Long_Term_Treasury_ETF": 90.66000366210938,
    "CORN_future": 417.25,
    "SOYBEANS_future": 1024.5,
    "WHEAT_future": 498.75,
    "SP500_close": 6671.06005859375,
    "NASDAQ_close": 22670.080078125,
    "US_10Y_Treasury_Yield": 4.046000003814697,
    "VIX_close": 20.639999389648438,
    "GOLD_basis_spot_vs_near": 0.0,
    "China_10Y_Treasury_Yield": 1.8449
  }
}