{
  "latest_date": "2025-11-08",
  "latest_values": {
    "Shanghai_Composite_Index": 3997.555908203125,
    "CSI_300_Index": 4678.7900390625,
    "Shenzhen_Component_Index": 13404.0595703125,
    "ALUMINUM_future": 2775.0,
    "BTC_price": 103195.90625,
    "OIL_price": 59.84000015258789,
    "USD_CNY_exchange_rate": 7.118599891662598,
    "Commodity_Index_ETF": 22.899999618530273,
    "US_Dollar_Index": 99.55599975585938,
    "ETH_price": 3449.864990234375,
    "GOLD_spot_price": 4007.800048828125,
    "LEAN_HOGS_future": 79.625,
    "COPPER_future": 4.958000183105469,
    "High_Yield_Bond_ETF": 80.33000183105469,
    "LIVE_CATTLE_future": 219.72500610351562,
    "GOLD_near_month_future": 4007.699951171875,
    "NATURAL_GAS_future": 4.323999881744385,
    "PLATINUM_future": 1554.5999755859375,
    "SILVER_future": 48.224998474121094,
    "Long_Term_Treasury_ETF": 89.56999969482422,
    "CORN_future": 426.75,
    "SOYBEANS_future": 1117.25,
    "WHEAT_future": 527.0,
    "SP500_close": 6728.7998046875,
    "NASDAQ_close": 23004.5390625,
    "US_10Y_Treasury_Yield": 4.0929999351501465,
    "VIX_close": 19.079999923706055,
    "GOLD_basis_spot_vs_near": 0.10009765625,
    "China_10Y_Treasury_Yield": 1.8142
  }
}