{
  "latest_date": "2026-01-26",
  "latest_values": {
    "Shanghai_Composite_Index": 4132.60498046875,
    "CSI_300_Index": 4706.9638671875,
    "Shenzhen_Component_Index": 14316.63671875,
    "ALUMINUM_future": 3138.75,
    "BTC_price": 87515.09375,
    "OIL_price": 60.77000045776367,
    "USD_CNY_exchange_rate": 6.953700065612793,
    "Commodity_Index_ETF": 24.28499984741211,
    "US_Dollar_Index": 97.02400207519531,
    "ETH_price": 2897.723876953125,
    "GOLD_spot_price": 5052.60009765625,
    "LEAN_HOGS_future": 96.67500305175781,
    "COPPER_future": 5.941500186920166,
    "High_Yield_Bond_ETF": 81.18000030517578,
    "LIVE_CATTLE_future": 237.9499969482422,
    "GOLD_near_month_future": 5052.7001953125,
    "NATURAL_GAS_future": 3.8340001106262207,
    "PLATINUM_future": 2703.199951171875,
    "SILVER_future": 108.69999694824219,
    "Long_Term_Treasury_ETF": 88.3499984741211,
    "CORN_future": 428.5,
    "SOYBEANS_future": 1060.0,
    "WHEAT_future": 522.5,
    "SP500_close": 6950.22998046875,
    "NASDAQ_close": 23601.357421875,
    "US_10Y_Treasury_Yield": 4.213000297546387,
    "VIX_close": 16.010000228881836,
    "GOLD_basis_spot_vs_near": -0.10009765625,
    "China_10Y_Treasury_Yield": 1.8242
  }
}