{
  "latest_date": "2025-09-25",
  "latest_values": {
    "Shanghai_Composite_Index": 3853.64208984375,
    "CSI_300_Index": 4566.06982421875,
    "Shenzhen_Component_Index": 13356.1396484375,
    "ALUMINUM_future": 2569.25,
    "BTC_price": 111816.2421875,
    "OIL_price": 64.69000244140625,
    "USD_CNY_exchange_rate": 7.111599922180176,
    "Commodity_Index_ETF": 22.639999389648438,
    "US_Dollar_Index": 97.74500274658203,
    "ETH_price": 4007.593994140625,
    "GOLD_spot_price": 3768.199951171875,
    "LEAN_HOGS_future": 99.32499694824219,
    "COPPER_future": 4.879499912261963,
    "High_Yield_Bond_ETF": 81.1500015258789,
    "LIVE_CATTLE_future": 239.0749969482422,
    "GOLD_near_month_future": 3768.300048828125,
    "NATURAL_GAS_future": 3.1480000019073486,
    "PLATINUM_future": 1482.800048828125,
    "SILVER_future": 44.23500061035156,
    "Long_Term_Treasury_ETF": 88.9800033569336,
    "CORN_future": 425.25,
    "SOYBEANS_future": 1012.0,
    "WHEAT_future": 522.75,
    "SP500_close": 6637.97021484375,
    "NASDAQ_close": 22497.859375,
    "US_10Y_Treasury_Yield": 4.146999835968018,
    "VIX_close": 16.18000030517578,
    "GOLD_basis_spot_vs_near": -0.10009765625,
    "China_10Y_Treasury_Yield": 1.9022
  }
}