{
  "latest_date": "2026-06-09",
  "latest_values": {
    "Shanghai_Composite_Index": 3959.337890625,
    "CSI_300_Index": 4713.64013671875,
    "Shenzhen_Component_Index": 14821.1904296875,
    "ALUMINUM_future": 3592.25,
    "BTC_price": 61962.01953125,
    "OIL_price": 88.20999908447266,
    "USD_CNY_exchange_rate": 6.771699905395508,
    "Commodity_Index_ETF": 29.101999282836914,
    "US_Dollar_Index": 99.96399688720703,
    "ETH_price": 1653.3599853515625,
    "GOLD_spot_price": 4275.7001953125,
    "LEAN_HOGS_future": 94.57499694824219,
    "COPPER_future": 6.337500095367432,
    "High_Yield_Bond_ETF": 79.62979888916016,
    "LIVE_CATTLE_future": 239.6999969482422,
    "GOLD_near_month_future": 4275.7001953125,
    "NATURAL_GAS_future": 3.138000011444092,
    "PLATINUM_future": 1717.699951171875,
    "SILVER_future": 65.20500183105469,
    "Long_Term_Treasury_ETF": 85.12999725341797,
    "CORN_future": 420.0,
    "SOYBEANS_future": 1114.0,
    "WHEAT_future": 585.0,
    "SP500_close": 7370.2900390625,
    "NASDAQ_close": 25610.259765625,
    "US_10Y_Treasury_Yield": 4.5279998779296875,
    "VIX_close": 20.0,
    "GOLD_basis_spot_vs_near": 0.0,
    "China_10Y_Treasury_Yield": 1.7376
  }
}