{
  "latest_date": "2026-06-25",
  "latest_values": {
    "Shanghai_Composite_Index": 4110.81298828125,
    "CSI_300_Index": 4941.60009765625,
    "Shenzhen_Component_Index": 16051.3203125,
    "ALUMINUM_future": 3285.0,
    "BTC_price": 59428.01953125,
    "OIL_price": 72.05999755859375,
    "USD_CNY_exchange_rate": 6.789999961853027,
    "Commodity_Index_ETF": 26.949899673461914,
    "US_Dollar_Index": 101.4280014038086,
    "ETH_price": 1564.8599853515625,
    "GOLD_spot_price": 4046.60009765625,
    "LEAN_HOGS_future": 96.6500015258789,
    "COPPER_future": 6.141499996185303,
    "High_Yield_Bond_ETF": 79.875,
    "LIVE_CATTLE_future": 247.22500610351562,
    "GOLD_near_month_future": 4047.10009765625,
    "NATURAL_GAS_future": 3.257999897003174,
    "PLATINUM_future": 1617.699951171875,
    "SILVER_future": 58.084999084472656,
    "Long_Term_Treasury_ETF": 87.3499984741211,
    "CORN_future": 424.25,
    "SOYBEANS_future": 1157.5,
    "WHEAT_future": 601.25,
    "SP500_close": 7366.89013671875,
    "NASDAQ_close": 25393.681640625,
    "US_10Y_Treasury_Yield": 4.395999908447266,
    "VIX_close": 18.780000686645508,
    "GOLD_basis_spot_vs_near": -0.5,
    "China_10Y_Treasury_Yield": 1.7351
  }
}