{
  "latest_date": "2026-02-03",
  "latest_values": {
    "Shanghai_Composite_Index": 4015.746337890625,
    "CSI_300_Index": 4605.97998046875,
    "Shenzhen_Component_Index": 13824.3515625,
    "ALUMINUM_future": 2979.0,
    "BTC_price": 78504.4296875,
    "OIL_price": 61.95000076293945,
    "USD_CNY_exchange_rate": 6.945799827575684,
    "Commodity_Index_ETF": 23.540000915527344,
    "US_Dollar_Index": 97.60399627685547,
    "ETH_price": 2333.389404296875,
    "GOLD_spot_price": 4798.60009765625,
    "LEAN_HOGS_future": 96.625,
    "COPPER_future": 5.864999771118164,
    "High_Yield_Bond_ETF": 80.7699966430664,
    "LIVE_CATTLE_future": 239.4499969482422,
    "GOLD_near_month_future": 4799.39990234375,
    "NATURAL_GAS_future": 3.252000093460083,
    "PLATINUM_future": 2158.800048828125,
    "SILVER_future": 82.48999786376953,
    "Long_Term_Treasury_ETF": 86.55000305175781,
    "CORN_future": 425.5,
    "SOYBEANS_future": 1060.0,
    "WHEAT_future": 527.5,
    "SP500_close": 6976.43994140625,
    "NASDAQ_close": 23592.107421875,
    "US_10Y_Treasury_Yield": 4.275000095367432,
    "VIX_close": 16.34000015258789,
    "GOLD_basis_spot_vs_near": -0.7998046875,
    "China_10Y_Treasury_Yield": 1.82
  }
}