{
  "latest_date": "2025-11-26",
  "latest_values": {
    "Shanghai_Composite_Index": 3870.02294921875,
    "CSI_300_Index": 4490.41015625,
    "Shenzhen_Component_Index": 12777.3095703125,
    "ALUMINUM_future": 2765.0,
    "BTC_price": 87266.9765625,
    "OIL_price": 58.18000030517578,
    "USD_CNY_exchange_rate": 7.080999851226807,
    "Commodity_Index_ETF": 22.520000457763672,
    "US_Dollar_Index": 99.68800354003906,
    "ETH_price": 2931.242919921875,
    "GOLD_spot_price": 4196.2001953125,
    "LEAN_HOGS_future": 78.44999694824219,
    "COPPER_future": 5.132500171661377,
    "High_Yield_Bond_ETF": 80.87000274658203,
    "LIVE_CATTLE_future": 207.0,
    "GOLD_near_month_future": 4196.2998046875,
    "NATURAL_GAS_future": 4.49399995803833,
    "PLATINUM_future": 1565.9000244140625,
    "SILVER_future": 52.39500045776367,
    "Long_Term_Treasury_ETF": 90.23999786376953,
    "CORN_future": 424.5,
    "SOYBEANS_future": 1125.75,
    "WHEAT_future": 537.75,
    "SP500_close": 6765.8798828125,
    "NASDAQ_close": 23025.58984375,
    "US_10Y_Treasury_Yield": 4.001999855041504,
    "VIX_close": 18.559999465942383,
    "GOLD_basis_spot_vs_near": -0.099609375,
    "China_10Y_Treasury_Yield": 1.8301
  }
}