{
  "latest_date": "2025-11-11",
  "latest_values": {
    "Shanghai_Composite_Index": 4018.596923828125,
    "CSI_300_Index": 4695.0498046875,
    "Shenzhen_Component_Index": 13427.6103515625,
    "ALUMINUM_future": 2837.75,
    "BTC_price": 105269.4375,
    "OIL_price": 60.34000015258789,
    "USD_CNY_exchange_rate": 7.118500232696533,
    "Commodity_Index_ETF": 23.149999618530273,
    "US_Dollar_Index": 99.5770034790039,
    "ETH_price": 3564.435546875,
    "GOLD_spot_price": 4148.39990234375,
    "LEAN_HOGS_future": 82.5999984741211,
    "COPPER_future": 5.06850004196167,
    "High_Yield_Bond_ETF": 80.5999984741211,
    "LIVE_CATTLE_future": 228.375,
    "GOLD_near_month_future": 4148.39990234375,
    "NATURAL_GAS_future": 4.323999881744385,
    "PLATINUM_future": 1612.4000244140625,
    "SILVER_future": 50.790000915527344,
    "Long_Term_Treasury_ETF": 89.55000305175781,
    "CORN_future": 429.25,
    "SOYBEANS_future": 1126.5,
    "WHEAT_future": 535.25,
    "SP500_close": 6832.43017578125,
    "NASDAQ_close": 23527.169921875,
    "US_10Y_Treasury_Yield": 4.110000133514404,
    "VIX_close": 17.950000762939453,
    "GOLD_basis_spot_vs_near": 0.0,
    "China_10Y_Treasury_Yield": 1.8119
  }
}