{
  "latest_date": "2026-06-03",
  "latest_values": {
    "Shanghai_Composite_Index": 4075.10205078125,
    "CSI_300_Index": 4914.56005859375,
    "Shenzhen_Component_Index": 15591.1298828125,
    "ALUMINUM_future": 3733.5,
    "BTC_price": 64218.8515625,
    "OIL_price": 95.31999969482422,
    "USD_CNY_exchange_rate": 6.762199878692627,
    "Commodity_Index_ETF": 30.290000915527344,
    "US_Dollar_Index": 99.55000305175781,
    "ETH_price": 1815.22998046875,
    "GOLD_spot_price": 4476.2001953125,
    "LEAN_HOGS_future": 101.92500305175781,
    "COPPER_future": 6.489500045776367,
    "High_Yield_Bond_ETF": 79.68000030517578,
    "LIVE_CATTLE_future": 237.85000610351562,
    "GOLD_near_month_future": 4476.2001953125,
    "NATURAL_GAS_future": 3.240999937057495,
    "PLATINUM_future": 1864.199951171875,
    "SILVER_future": 73.36000061035156,
    "Long_Term_Treasury_ETF": 85.30999755859375,
    "CORN_future": 430.75,
    "SOYBEANS_future": 1153.5,
    "WHEAT_future": 586.75,
    "SP500_close": 7553.68017578125,
    "NASDAQ_close": 26853.9765625,
    "US_10Y_Treasury_Yield": 4.491000175476074,
    "VIX_close": 16.059999465942383,
    "GOLD_basis_spot_vs_near": 0.0,
    "China_10Y_Treasury_Yield": 1.7128
  }
}