{
  "latest_date": "2026-06-23",
  "latest_values": {
    "Shanghai_Composite_Index": 4163.09716796875,
    "CSI_300_Index": 4941.60009765625,
    "Shenzhen_Component_Index": 16372.5,
    "ALUMINUM_future": 3397.0,
    "BTC_price": 62211.98046875,
    "OIL_price": 73.37999725341797,
    "USD_CNY_exchange_rate": 6.768599987030029,
    "Commodity_Index_ETF": 27.1299991607666,
    "US_Dollar_Index": 101.38400268554688,
    "ETH_price": 1656.050048828125,
    "GOLD_spot_price": 4141.89990234375,
    "LEAN_HOGS_future": 97.2750015258789,
    "COPPER_future": 6.136000156402588,
    "High_Yield_Bond_ETF": 79.87999725341797,
    "LIVE_CATTLE_future": 246.0500030517578,
    "GOLD_near_month_future": 4141.7998046875,
    "NATURAL_GAS_future": 3.194999933242798,
    "PLATINUM_future": 1657.5999755859375,
    "SILVER_future": 61.82500076293945,
    "Long_Term_Treasury_ETF": 86.21499633789062,
    "CORN_future": 437.75,
    "SOYBEANS_future": 1141.5,
    "WHEAT_future": 598.0,
    "SP500_close": 7369.52978515625,
    "NASDAQ_close": 25621.59765625,
    "US_10Y_Treasury_Yield": 4.493000030517578,
    "VIX_close": 19.40999984741211,
    "GOLD_basis_spot_vs_near": 0.10009765625,
    "China_10Y_Treasury_Yield": 1.7437
  }
}