{
  "latest_date": "2026-07-17",
  "latest_values": {
    "Shanghai_Composite_Index": 3882.4130859375,
    "CSI_300_Index": 4780.7900390625,
    "Shenzhen_Component_Index": 14488.650390625,
    "ALUMINUM_future": 3485.5,
    "BTC_price": 63159.98828125,
    "OIL_price": 79.05000305175781,
    "USD_CNY_exchange_rate": 6.768199920654297,
    "Commodity_Index_ETF": 28.459999084472656,
    "US_Dollar_Index": 100.78299713134766,
    "ETH_price": 1837.0999755859375,
    "GOLD_spot_price": 3981.89990234375,
    "LEAN_HOGS_future": 100.2750015258789,
    "COPPER_future": 6.21999979019165,
    "High_Yield_Bond_ETF": 79.80000305175781,
    "LIVE_CATTLE_future": 227.0749969482422,
    "GOLD_near_month_future": 3981.60009765625,
    "NATURAL_GAS_future": 2.867000102996826,
    "PLATINUM_future": 1600.4000244140625,
    "SILVER_future": 55.33000183105469,
    "Long_Term_Treasury_ETF": 84.20999908447266,
    "CORN_future": 460.25,
    "SOYBEANS_future": 1190.75,
    "WHEAT_future": 669.0,
    "SP500_close": 7533.77001953125,
    "NASDAQ_close": 25881.94921875,
    "US_10Y_Treasury_Yield": 4.568999767303467,
    "VIX_close": 16.729999542236328,
    "GOLD_basis_spot_vs_near": 0.2998046875,
    "China_10Y_Treasury_Yield": 1.7437
  }
}