{
  "latest_date": "2025-09-30",
  "latest_values": {
    "Shanghai_Composite_Index": 3862.531982421875,
    "CSI_300_Index": 4620.0498046875,
    "Shenzhen_Component_Index": 13479.4296875,
    "ALUMINUM_future": 2612.5,
    "BTC_price": 113169.1875,
    "OIL_price": 62.540000915527344,
    "USD_CNY_exchange_rate": 7.133800029754639,
    "Commodity_Index_ETF": 22.6200008392334,
    "US_Dollar_Index": 97.9010009765625,
    "ETH_price": 4158.123046875,
    "GOLD_spot_price": 3843.39990234375,
    "LEAN_HOGS_future": 90.32499694824219,
    "COPPER_future": 4.843500137329102,
    "High_Yield_Bond_ETF": 81.22000122070312,
    "LIVE_CATTLE_future": 236.27499389648438,
    "GOLD_near_month_future": 3843.39990234375,
    "NATURAL_GAS_future": 3.3380000591278076,
    "PLATINUM_future": 1596.9000244140625,
    "SILVER_future": 46.28499984741211,
    "Long_Term_Treasury_ETF": 89.62999725341797,
    "CORN_future": 419.25,
    "SOYBEANS_future": 1007.0,
    "WHEAT_future": 517.5,
    "SP500_close": 6661.2099609375,
    "NASDAQ_close": 22591.150390625,
    "US_10Y_Treasury_Yield": 4.133000373840332,
    "VIX_close": 16.520000457763672,
    "GOLD_basis_spot_vs_near": 0.0,
    "China_10Y_Treasury_Yield": 1.8605
  }
}