{
  "latest_date": "2025-11-03",
  "latest_values": {
    "Shanghai_Composite_Index": 3954.7900390625,
    "CSI_300_Index": 4640.669921875,
    "Shenzhen_Component_Index": 13378.2099609375,
    "ALUMINUM_future": 2878.5,
    "BTC_price": 107701.4765625,
    "OIL_price": 60.91999816894531,
    "USD_CNY_exchange_rate": 7.120500087738037,
    "Commodity_Index_ETF": 22.8799991607666,
    "US_Dollar_Index": 99.91100311279297,
    "ETH_price": 3721.99658203125,
    "GOLD_spot_price": 4026.60009765625,
    "LEAN_HOGS_future": 82.5250015258789,
    "COPPER_future": 5.102499961853027,
    "High_Yield_Bond_ETF": 80.80000305175781,
    "LIVE_CATTLE_future": 227.64999389648438,
    "GOLD_near_month_future": 4026.60009765625,
    "NATURAL_GAS_future": 4.290999889373779,
    "PLATINUM_future": 1609.300048828125,
    "SILVER_future": 48.599998474121094,
    "Long_Term_Treasury_ETF": 90.29000091552734,
    "CORN_future": 432.75,
    "SOYBEANS_future": 1122.0,
    "WHEAT_future": 540.25,
    "SP500_close": 6840.2001953125,
    "NASDAQ_close": 23724.9609375,
    "US_10Y_Treasury_Yield": 4.10099983215332,
    "VIX_close": 18.030000686645508,
    "GOLD_basis_spot_vs_near": 0.0,
    "China_10Y_Treasury_Yield": 1.7954
  }
}