{
  "latest_date": "2026-02-17",
  "latest_values": {
    "Shanghai_Composite_Index": 4082.072998046875,
    "CSI_300_Index": 4660.41015625,
    "Shenzhen_Component_Index": 14100.1904296875,
    "ALUMINUM_future": 2991.0,
    "BTC_price": 67877.3125,
    "OIL_price": 62.31999969482422,
    "USD_CNY_exchange_rate": 6.90749979019165,
    "Commodity_Index_ETF": 23.645000457763672,
    "US_Dollar_Index": 97.16500091552734,
    "ETH_price": 2009.4168701171875,
    "GOLD_spot_price": 4915.2001953125,
    "LEAN_HOGS_future": 92.2249984741211,
    "COPPER_future": 5.683499813079834,
    "High_Yield_Bond_ETF": 80.79499816894531,
    "LIVE_CATTLE_future": 242.625,
    "GOLD_near_month_future": 4914.89990234375,
    "NATURAL_GAS_future": 3.0280001163482666,
    "PLATINUM_future": 2039.300048828125,
    "SILVER_future": 73.94499969482422,
    "Long_Term_Treasury_ETF": 89.875,
    "CORN_future": 426.5,
    "SOYBEANS_future": 1149.75,
    "WHEAT_future": 541.75,
    "SP500_close": 6858.89013671875,
    "NASDAQ_close": 22646.33984375,
    "US_10Y_Treasury_Yield": 4.058000087738037,
    "VIX_close": 20.030000686645508,
    "GOLD_basis_spot_vs_near": 0.30029296875,
    "China_10Y_Treasury_Yield": 1.7899
  }
}