{
  "latest_date": "2026-07-12",
  "latest_values": {
    "Shanghai_Composite_Index": 3996.162109375,
    "CSI_300_Index": 4780.7900390625,
    "Shenzhen_Component_Index": 15046.669921875,
    "ALUMINUM_future": 3303.5,
    "BTC_price": 63741.21875,
    "OIL_price": 73.69000244140625,
    "USD_CNY_exchange_rate": 6.792099952697754,
    "Commodity_Index_ETF": 27.520000457763672,
    "US_Dollar_Index": 101.08300018310547,
    "ETH_price": 1805.0699462890625,
    "GOLD_spot_price": 4085.699951171875,
    "LEAN_HOGS_future": 99.0,
    "COPPER_future": 6.254499912261963,
    "High_Yield_Bond_ETF": 79.70999908447266,
    "LIVE_CATTLE_future": 235.1999969482422,
    "GOLD_near_month_future": 4085.5,
    "NATURAL_GAS_future": 2.9089999198913574,
    "PLATINUM_future": 1614.199951171875,
    "SILVER_future": 59.150001525878906,
    "Long_Term_Treasury_ETF": 84.47000122070312,
    "CORN_future": 461.0,
    "SOYBEANS_future": 1190.75,
    "WHEAT_future": 640.25,
    "SP500_close": 7575.39013671875,
    "NASDAQ_close": 26281.609375,
    "US_10Y_Treasury_Yield": 4.568999767303467,
    "VIX_close": 15.029999732971191,
    "GOLD_basis_spot_vs_near": 0.199951171875,
    "China_10Y_Treasury_Yield": 1.7398
  }
}