{
  "latest_date": "2026-07-14",
  "latest_values": {
    "Shanghai_Composite_Index": 3913.7939453125,
    "CSI_300_Index": 4780.7900390625,
    "Shenzhen_Component_Index": 14522.849609375,
    "ALUMINUM_future": 3380.0,
    "BTC_price": 64506.73046875,
    "OIL_price": 79.87999725341797,
    "USD_CNY_exchange_rate": 6.7795000076293945,
    "Commodity_Index_ETF": 28.6299991607666,
    "US_Dollar_Index": 100.927001953125,
    "ETH_price": 1874.469970703125,
    "GOLD_spot_price": 4058.60009765625,
    "LEAN_HOGS_future": 98.4000015258789,
    "COPPER_future": 6.365499973297119,
    "High_Yield_Bond_ETF": 79.68000030517578,
    "LIVE_CATTLE_future": 231.5749969482422,
    "GOLD_near_month_future": 4058.699951171875,
    "NATURAL_GAS_future": 2.9149999618530273,
    "PLATINUM_future": 1640.5999755859375,
    "SILVER_future": 59.005001068115234,
    "Long_Term_Treasury_ETF": 84.08000183105469,
    "CORN_future": 459.5,
    "SOYBEANS_future": 1190.5,
    "WHEAT_future": 644.0,
    "SP500_close": 7543.58984375,
    "NASDAQ_close": 26107.0078125,
    "US_10Y_Treasury_Yield": 4.585000038146973,
    "VIX_close": 16.5,
    "GOLD_basis_spot_vs_near": -0.099853515625,
    "China_10Y_Treasury_Yield": 1.7402
  }
}