{
  "latest_date": "2026-03-26",
  "latest_values": {
    "Shanghai_Composite_Index": 3889.08349609375,
    "CSI_300_Index": 4477.5341796875,
    "Shenzhen_Component_Index": 13606.443359375,
    "ALUMINUM_future": 3151.75,
    "BTC_price": 68436.0078125,
    "OIL_price": 94.22000122070312,
    "USD_CNY_exchange_rate": 6.910200119018555,
    "Commodity_Index_ETF": 28.454999923706055,
    "US_Dollar_Index": 100.00299835205078,
    "ETH_price": 2046.65576171875,
    "GOLD_spot_price": 4358.89990234375,
    "LEAN_HOGS_future": 104.32499694824219,
    "COPPER_future": 5.453000068664551,
    "High_Yield_Bond_ETF": 78.94499969482422,
    "LIVE_CATTLE_future": 234.8249969482422,
    "GOLD_near_month_future": 4360.0,
    "NATURAL_GAS_future": 2.9210000038146973,
    "PLATINUM_future": 1823.800048828125,
    "SILVER_future": 67.28500366210938,
    "Long_Term_Treasury_ETF": 86.11000061035156,
    "CORN_future": 466.25,
    "SOYBEANS_future": 1171.0,
    "WHEAT_future": 605.25,
    "SP500_close": 6477.16015625,
    "NASDAQ_close": 21408.080078125,
    "US_10Y_Treasury_Yield": 4.415999889373779,
    "VIX_close": 28.110000610351562,
    "GOLD_basis_spot_vs_near": -1.10009765625,
    "China_10Y_Treasury_Yield": 1.8194
  }
}