{
  "latest_date": "2025-12-10",
  "latest_values": {
    "Shanghai_Composite_Index": 3909.52099609375,
    "CSI_300_Index": 4598.22021484375,
    "Shenzhen_Component_Index": 13277.3603515625,
    "ALUMINUM_future": 2861.0,
    "BTC_price": 92099.4921875,
    "OIL_price": 58.560001373291016,
    "USD_CNY_exchange_rate": 7.062099933624268,
    "Commodity_Index_ETF": 22.989999771118164,
    "US_Dollar_Index": 99.1520004272461,
    "ETH_price": 3315.9453125,
    "GOLD_spot_price": 4225.7001953125,
    "LEAN_HOGS_future": 82.05000305175781,
    "COPPER_future": 5.393499851226807,
    "High_Yield_Bond_ETF": 80.45999908447266,
    "LIVE_CATTLE_future": 226.97500610351562,
    "GOLD_near_month_future": 4225.60009765625,
    "NATURAL_GAS_future": 4.460000038146973,
    "PLATINUM_future": 1684.5999755859375,
    "SILVER_future": 61.5,
    "Long_Term_Treasury_ETF": 87.97000122070312,
    "CORN_future": 447.25,
    "SOYBEANS_future": 1082.0,
    "WHEAT_future": 531.25,
    "SP500_close": 6840.509765625,
    "NASDAQ_close": 23576.490234375,
    "US_10Y_Treasury_Yield": 4.185999870300293,
    "VIX_close": 17.280000686645508,
    "GOLD_basis_spot_vs_near": 0.10009765625,
    "China_10Y_Treasury_Yield": 1.8447
  }
}