{
  "latest_date": "2026-05-20",
  "latest_values": {
    "Shanghai_Composite_Index": 4169.5380859375,
    "CSI_300_Index": 4852.8798828125,
    "Shenzhen_Component_Index": 15569.91015625,
    "ALUMINUM_future": 3539.5,
    "BTC_price": 77079.2890625,
    "OIL_price": 103.68000030517578,
    "USD_CNY_exchange_rate": 6.800000190734863,
    "Commodity_Index_ETF": 31.610000610351562,
    "US_Dollar_Index": 99.3550033569336,
    "ETH_price": 2120.969970703125,
    "GOLD_spot_price": 4470.60009765625,
    "LEAN_HOGS_future": 97.92500305175781,
    "COPPER_future": 6.181000232696533,
    "High_Yield_Bond_ETF": 79.3499984741211,
    "LIVE_CATTLE_future": 254.5500030517578,
    "GOLD_near_month_future": 4471.0,
    "NATURAL_GAS_future": 3.1070001125335693,
    "PLATINUM_future": 1925.5999755859375,
    "SILVER_future": 74.15499877929688,
    "Long_Term_Treasury_ETF": 83.0199966430664,
    "CORN_future": 474.0,
    "SOYBEANS_future": 1207.75,
    "WHEAT_future": 665.75,
    "SP500_close": 7353.60986328125,
    "NASDAQ_close": 25870.7109375,
    "US_10Y_Treasury_Yield": 4.666999816894531,
    "VIX_close": 18.059999465942383,
    "GOLD_basis_spot_vs_near": -0.39990234375,
    "China_10Y_Treasury_Yield": 1.7345
  }
}