{
  "latest_date": "2025-09-16",
  "latest_values": {
    "Shanghai_Composite_Index": 3860.50390625,
    "CSI_300_Index": 4533.06005859375,
    "Shenzhen_Component_Index": 13005.76953125,
    "ALUMINUM_future": 2591.0,
    "BTC_price": 115406.0,
    "OIL_price": 64.05000305175781,
    "USD_CNY_exchange_rate": 7.124199867248535,
    "Commodity_Index_ETF": 22.549999237060547,
    "US_Dollar_Index": 97.02200317382812,
    "ETH_price": 4501.3544921875,
    "GOLD_spot_price": 3723.800048828125,
    "LEAN_HOGS_future": 97.57499694824219,
    "COPPER_future": 4.697999954223633,
    "High_Yield_Bond_ETF": 81.19000244140625,
    "LIVE_CATTLE_future": 234.625,
    "GOLD_near_month_future": 3723.800048828125,
    "NATURAL_GAS_future": 3.062999963760376,
    "PLATINUM_future": 1417.5999755859375,
    "SILVER_future": 43.220001220703125,
    "Long_Term_Treasury_ETF": 90.16000366210938,
    "CORN_future": 427.0,
    "SOYBEANS_future": 1048.75,
    "WHEAT_future": 529.75,
    "SP500_close": 6615.27978515625,
    "NASDAQ_close": 22348.75,
    "US_10Y_Treasury_Yield": 4.059999942779541,
    "VIX_close": 15.699999809265137,
    "GOLD_basis_spot_vs_near": 0.0,
    "China_10Y_Treasury_Yield": 1.8527
  }
}