{
  "latest_date": "2026-04-16",
  "latest_values": {
    "Shanghai_Composite_Index": 4055.546875,
    "CSI_300_Index": 4736.60791015625,
    "Shenzhen_Component_Index": 14796.3349609375,
    "ALUMINUM_future": 3576.25,
    "BTC_price": 73941.890625,
    "OIL_price": 90.44999694824219,
    "USD_CNY_exchange_rate": 6.815700054168701,
    "Commodity_Index_ETF": 29.209999084472656,
    "US_Dollar_Index": 98.22200012207031,
    "ETH_price": 2302.31005859375,
    "GOLD_spot_price": 4819.60009765625,
    "LEAN_HOGS_future": 101.67500305175781,
    "COPPER_future": 6.061999797821045,
    "High_Yield_Bond_ETF": 80.34500122070312,
    "LIVE_CATTLE_future": 249.5,
    "GOLD_near_month_future": 4819.2998046875,
    "NATURAL_GAS_future": 2.6419999599456787,
    "PLATINUM_future": 2108.60009765625,
    "SILVER_future": 78.72000122070312,
    "Long_Term_Treasury_ETF": 86.6050033569336,
    "CORN_future": 451.25,
    "SOYBEANS_future": 1168.5,
    "WHEAT_future": 613.5,
    "SP500_close": 7017.31005859375,
    "NASDAQ_close": 23982.8359375,
    "US_10Y_Treasury_Yield": 4.286999702453613,
    "VIX_close": 19.040000915527344,
    "GOLD_basis_spot_vs_near": 0.30029296875,
    "China_10Y_Treasury_Yield": 1.7812
  }
}