{
  "latest_date": "2026-05-05",
  "latest_values": {
    "Shanghai_Composite_Index": 4112.1591796875,
    "CSI_300_Index": 4807.31005859375,
    "Shenzhen_Component_Index": 15107.5498046875,
    "ALUMINUM_future": 3533.0,
    "BTC_price": 81443.90625,
    "OIL_price": 102.5,
    "USD_CNY_exchange_rate": 6.830100059509277,
    "Commodity_Index_ETF": 31.1299991607666,
    "US_Dollar_Index": 98.44999694824219,
    "ETH_price": 2370.0,
    "GOLD_spot_price": 4573.5,
    "LEAN_HOGS_future": 101.4000015258789,
    "COPPER_future": 5.991000175476074,
    "High_Yield_Bond_ETF": 79.94499969482422,
    "LIVE_CATTLE_future": 252.9250030517578,
    "GOLD_near_month_future": 4573.60009765625,
    "NATURAL_GAS_future": 2.7869999408721924,
    "PLATINUM_future": 1975.9000244140625,
    "SILVER_future": 73.6449966430664,
    "Long_Term_Treasury_ETF": 85.3949966430664,
    "CORN_future": 479.75,
    "SOYBEANS_future": 1210.25,
    "WHEAT_future": 628.5,
    "SP500_close": 7267.830078125,
    "NASDAQ_close": 25347.51953125,
    "US_10Y_Treasury_Yield": 4.415999889373779,
    "VIX_close": 17.239999771118164,
    "GOLD_basis_spot_vs_near": -0.10009765625,
    "China_10Y_Treasury_Yield": 1.7473
  }
}