{
  "latest_date": "2026-07-15",
  "latest_values": {
    "Shanghai_Composite_Index": 3913.7939453125,
    "CSI_300_Index": 4780.7900390625,
    "Shenzhen_Component_Index": 14522.849609375,
    "ALUMINUM_future": 3448.0,
    "BTC_price": 64750.0,
    "OIL_price": 80.19000244140625,
    "USD_CNY_exchange_rate": 6.7795000076293945,
    "Commodity_Index_ETF": 28.329999923706055,
    "US_Dollar_Index": 100.83799743652344,
    "ETH_price": 1873.0400390625,
    "GOLD_spot_price": 4036.199951171875,
    "LEAN_HOGS_future": 95.0999984741211,
    "COPPER_future": 6.352499961853027,
    "High_Yield_Bond_ETF": 79.5199966430664,
    "LIVE_CATTLE_future": 231.4250030517578,
    "GOLD_near_month_future": 4036.39990234375,
    "NATURAL_GAS_future": 2.9079999923706055,
    "PLATINUM_future": 1650.199951171875,
    "SILVER_future": 58.70000076293945,
    "Long_Term_Treasury_ETF": 83.97000122070312,
    "CORN_future": 460.75,
    "SOYBEANS_future": 1193.0,
    "WHEAT_future": 645.25,
    "SP500_close": 7515.33984375,
    "NASDAQ_close": 25873.1796875,
    "US_10Y_Treasury_Yield": 4.609000205993652,
    "VIX_close": 17.15999984741211,
    "GOLD_basis_spot_vs_near": -0.199951171875,
    "China_10Y_Treasury_Yield": 1.7402
  }
}