{
  "latest_date": "2025-10-16",
  "latest_values": {
    "Shanghai_Composite_Index": 3912.208984375,
    "CSI_300_Index": 4606.2900390625,
    "Shenzhen_Component_Index": 13118.75,
    "ALUMINUM_future": 2671.75,
    "BTC_price": 111564.15625,
    "OIL_price": 58.72999954223633,
    "USD_CNY_exchange_rate": 7.138400077819824,
    "Commodity_Index_ETF": 22.18000030517578,
    "US_Dollar_Index": 98.52100372314453,
    "ETH_price": 4026.972412109375,
    "GOLD_spot_price": 4253.5,
    "LEAN_HOGS_future": 83.4749984741211,
    "COPPER_future": 4.991000175476074,
    "High_Yield_Bond_ETF": 80.80000305175781,
    "LIVE_CATTLE_future": 246.64999389648438,
    "GOLD_near_month_future": 4253.39990234375,
    "NATURAL_GAS_future": 3.0380001068115234,
    "PLATINUM_future": 1705.4000244140625,
    "SILVER_future": 52.79499816894531,
    "Long_Term_Treasury_ETF": 90.66000366210938,
    "CORN_future": 417.75,
    "SOYBEANS_future": 1027.5,
    "WHEAT_future": 499.0,
    "SP500_close": 6671.06005859375,
    "NASDAQ_close": 22670.080078125,
    "US_10Y_Treasury_Yield": 4.046000003814697,
    "VIX_close": 20.639999389648438,
    "GOLD_basis_spot_vs_near": 0.10009765625,
    "China_10Y_Treasury_Yield": 1.8449
  }
}