{
  "latest_date": "2026-04-09",
  "latest_values": {
    "Shanghai_Composite_Index": 3890.1650390625,
    "CSI_300_Index": 4440.6201171875,
    "Shenzhen_Component_Index": 13400.41015625,
    "ALUMINUM_future": 3377.0,
    "BTC_price": 70989.1171875,
    "OIL_price": 97.2699966430664,
    "USD_CNY_exchange_rate": 6.8566999435424805,
    "Commodity_Index_ETF": 28.559999465942383,
    "US_Dollar_Index": 99.1050033569336,
    "ETH_price": 2191.228515625,
    "GOLD_spot_price": 4724.2001953125,
    "LEAN_HOGS_future": 104.6500015258789,
    "COPPER_future": 5.737500190734863,
    "High_Yield_Bond_ETF": 80.19000244140625,
    "LIVE_CATTLE_future": 245.75,
    "GOLD_near_month_future": 4725.2998046875,
    "NATURAL_GAS_future": 2.7330000400543213,
    "PLATINUM_future": 2034.0999755859375,
    "SILVER_future": 73.62000274658203,
    "Long_Term_Treasury_ETF": 86.91999816894531,
    "CORN_future": 447.75,
    "SOYBEANS_future": 1162.5,
    "WHEAT_future": 581.75,
    "SP500_close": 6782.81005859375,
    "NASDAQ_close": 22634.994140625,
    "US_10Y_Treasury_Yield": 4.290999889373779,
    "VIX_close": 21.040000915527344,
    "GOLD_basis_spot_vs_near": -1.099609375,
    "China_10Y_Treasury_Yield": 1.8136
  }
}