{
  "latest_date": "2025-10-31",
  "latest_values": {
    "Shanghai_Composite_Index": 3986.90087890625,
    "CSI_300_Index": 4709.91015625,
    "Shenzhen_Component_Index": 13532.1298828125,
    "ALUMINUM_future": 2829.25,
    "BTC_price": 109910.0703125,
    "OIL_price": 60.150001525878906,
    "USD_CNY_exchange_rate": 7.111800193786621,
    "Commodity_Index_ETF": 22.719999313354492,
    "US_Dollar_Index": 99.53399658203125,
    "ETH_price": 3845.63037109375,
    "GOLD_spot_price": 4020.60009765625,
    "LEAN_HOGS_future": 80.875,
    "COPPER_future": 5.070000171661377,
    "High_Yield_Bond_ETF": 80.80000305175781,
    "LIVE_CATTLE_future": 229.5749969482422,
    "GOLD_near_month_future": 4020.10009765625,
    "NATURAL_GAS_future": 3.9560000896453857,
    "PLATINUM_future": 1596.0,
    "SILVER_future": 48.43000030517578,
    "Long_Term_Treasury_ETF": 90.55999755859375,
    "CORN_future": 429.0,
    "SOYBEANS_future": 1106.75,
    "WHEAT_future": 520.5,
    "SP500_close": 6822.33984375,
    "NASDAQ_close": 23581.140625,
    "US_10Y_Treasury_Yield": 4.0929999351501465,
    "VIX_close": 16.1200008392334,
    "GOLD_basis_spot_vs_near": 0.5,
    "China_10Y_Treasury_Yield": 1.7954
  }
}