{
  "latest_date": "2026-05-12",
  "latest_values": {
    "Shanghai_Composite_Index": 4225.02099609375,
    "CSI_300_Index": 4951.83984375,
    "Shenzhen_Component_Index": 15899.2998046875,
    "ALUMINUM_future": 3530.5,
    "BTC_price": 79996.9765625,
    "OIL_price": 101.87000274658203,
    "USD_CNY_exchange_rate": 6.80049991607666,
    "Commodity_Index_ETF": 31.4950008392334,
    "US_Dollar_Index": 98.36299896240234,
    "ETH_price": 2259.1201171875,
    "GOLD_spot_price": 4676.10009765625,
    "LEAN_HOGS_future": 98.82499694824219,
    "COPPER_future": 6.537499904632568,
    "High_Yield_Bond_ETF": 79.7750015258789,
    "LIVE_CATTLE_future": 249.39999389648438,
    "GOLD_near_month_future": 4676.2001953125,
    "NATURAL_GAS_future": 2.806999921798706,
    "PLATINUM_future": 2116.89990234375,
    "SILVER_future": 85.12999725341797,
    "Long_Term_Treasury_ETF": 85.09500122070312,
    "CORN_future": 479.25,
    "SOYBEANS_future": 1227.5,
    "WHEAT_future": 677.25,
    "SP500_close": 7342.25,
    "NASDAQ_close": 25783.8671875,
    "US_10Y_Treasury_Yield": 4.454999923706055,
    "VIX_close": 18.719999313354492,
    "GOLD_basis_spot_vs_near": -0.10009765625,
    "China_10Y_Treasury_Yield": 1.7592
  }
}