{
  "latest_date": "2026-02-17",
  "latest_values": {
    "Shanghai_Composite_Index": 4082.072998046875,
    "CSI_300_Index": 4660.41015625,
    "Shenzhen_Component_Index": 14100.1904296875,
    "ALUMINUM_future": 2991.0,
    "BTC_price": 67661.953125,
    "OIL_price": 62.16999816894531,
    "USD_CNY_exchange_rate": 6.90749979019165,
    "Commodity_Index_ETF": 23.59000015258789,
    "US_Dollar_Index": 97.13999938964844,
    "ETH_price": 1993.510986328125,
    "GOLD_spot_price": 4902.0,
    "LEAN_HOGS_future": 92.2249984741211,
    "COPPER_future": 5.673999786376953,
    "High_Yield_Bond_ETF": 80.80000305175781,
    "LIVE_CATTLE_future": 242.625,
    "GOLD_near_month_future": 4901.5,
    "NATURAL_GAS_future": 3.055000066757202,
    "PLATINUM_future": 2026.9000244140625,
    "SILVER_future": 73.38999938964844,
    "Long_Term_Treasury_ETF": 89.87000274658203,
    "CORN_future": 426.5,
    "SOYBEANS_future": 1150.0,
    "WHEAT_future": 543.25,
    "SP500_close": 6843.22021484375,
    "NASDAQ_close": 22578.384765625,
    "US_10Y_Treasury_Yield": 4.052000045776367,
    "VIX_close": 20.3799991607666,
    "GOLD_basis_spot_vs_near": 0.5,
    "China_10Y_Treasury_Yield": 1.7899
  }
}