{
  "latest_date": "2026-04-06",
  "latest_values": {
    "Shanghai_Composite_Index": 3880.096923828125,
    "CSI_300_Index": 4440.7900390625,
    "Shenzhen_Component_Index": 13352.900390625,
    "ALUMINUM_future": 3409.75,
    "BTC_price": 69483.375,
    "OIL_price": 110.44000244140625,
    "USD_CNY_exchange_rate": 6.8815999031066895,
    "Commodity_Index_ETF": 29.329999923706055,
    "US_Dollar_Index": 99.94599914550781,
    "ETH_price": 2148.744873046875,
    "GOLD_spot_price": 4706.7998046875,
    "LEAN_HOGS_future": 90.3499984741211,
    "COPPER_future": 5.676499843597412,
    "High_Yield_Bond_ETF": 79.55999755859375,
    "LIVE_CATTLE_future": 246.1999969482422,
    "GOLD_near_month_future": 4706.60009765625,
    "NATURAL_GAS_future": 2.8340001106262207,
    "PLATINUM_future": 2015.0999755859375,
    "SILVER_future": 73.54499816894531,
    "Long_Term_Treasury_ETF": 86.79000091552734,
    "CORN_future": 451.5,
    "SOYBEANS_future": 1169.0,
    "WHEAT_future": 594.75,
    "SP500_close": 6582.68994140625,
    "NASDAQ_close": 21879.1796875,
    "US_10Y_Treasury_Yield": 4.313000202178955,
    "VIX_close": 25.06999969482422,
    "GOLD_basis_spot_vs_near": 0.19970703125,
    "China_10Y_Treasury_Yield": 1.8199
  }
}