{
  "latest_date": "2026-04-15",
  "latest_values": {
    "Shanghai_Composite_Index": 4026.625,
    "CSI_300_Index": 4701.27978515625,
    "Shenzhen_Component_Index": 14639.9501953125,
    "ALUMINUM_future": 3539.0,
    "BTC_price": 73981.4765625,
    "OIL_price": 90.55999755859375,
    "USD_CNY_exchange_rate": 6.8302998542785645,
    "Commodity_Index_ETF": 28.84000015258789,
    "US_Dollar_Index": 98.13200378417969,
    "ETH_price": 2317.6298828125,
    "GOLD_spot_price": 4838.2001953125,
    "LEAN_HOGS_future": 90.5,
    "COPPER_future": 6.09250020980835,
    "High_Yield_Bond_ETF": 80.5,
    "LIVE_CATTLE_future": 252.5500030517578,
    "GOLD_near_month_future": 4837.89990234375,
    "NATURAL_GAS_future": 2.5950000286102295,
    "PLATINUM_future": 2118.0,
    "SILVER_future": 79.31500244140625,
    "Long_Term_Treasury_ETF": 87.20999908447266,
    "CORN_future": 446.0,
    "SOYBEANS_future": 1162.25,
    "WHEAT_future": 602.75,
    "SP500_close": 6967.3798828125,
    "NASDAQ_close": 23639.080078125,
    "US_10Y_Treasury_Yield": 4.25600004196167,
    "VIX_close": 18.360000610351562,
    "GOLD_basis_spot_vs_near": 0.30029296875,
    "China_10Y_Treasury_Yield": 1.7829
  }
}