{
  "latest_date": "2026-01-27",
  "latest_values": {
    "Shanghai_Composite_Index": 4132.60498046875,
    "CSI_300_Index": 4706.9599609375,
    "Shenzhen_Component_Index": 14316.6396484375,
    "ALUMINUM_future": 3151.25,
    "BTC_price": 88726.015625,
    "OIL_price": 60.27000045776367,
    "USD_CNY_exchange_rate": 6.956900119781494,
    "Commodity_Index_ETF": 24.290000915527344,
    "US_Dollar_Index": 97.09400177001953,
    "ETH_price": 2946.84521484375,
    "GOLD_spot_price": 5066.39990234375,
    "LEAN_HOGS_future": 96.67500305175781,
    "COPPER_future": 5.889999866485596,
    "High_Yield_Bond_ETF": 81.18000030517578,
    "LIVE_CATTLE_future": 237.9499969482422,
    "GOLD_near_month_future": 5066.2001953125,
    "NATURAL_GAS_future": 3.75600004196167,
    "PLATINUM_future": 2665.0,
    "SILVER_future": 109.375,
    "Long_Term_Treasury_ETF": 88.3499984741211,
    "CORN_future": 428.25,
    "SOYBEANS_future": 1061.0,
    "WHEAT_future": 521.0,
    "SP500_close": 6950.22998046875,
    "NASDAQ_close": 23601.359375,
    "US_10Y_Treasury_Yield": 4.2129998207092285,
    "VIX_close": 16.149999618530273,
    "GOLD_basis_spot_vs_near": 0.19970703125,
    "China_10Y_Treasury_Yield": 1.8242
  }
}