{
  "latest_date": "2026-03-30",
  "latest_values": {
    "Shanghai_Composite_Index": 3913.72412109375,
    "CSI_300_Index": 4502.56982421875,
    "Shenzhen_Component_Index": 13760.3701171875,
    "ALUMINUM_future": 3354.75,
    "BTC_price": 67484.34375,
    "OIL_price": 100.83999633789062,
    "USD_CNY_exchange_rate": 6.910699844360352,
    "Commodity_Index_ETF": 29.100000381469727,
    "US_Dollar_Index": 100.10900115966797,
    "ETH_price": 2049.7724609375,
    "GOLD_spot_price": 4541.60009765625,
    "LEAN_HOGS_future": 90.7750015258789,
    "COPPER_future": 5.505499839782715,
    "High_Yield_Bond_ETF": 78.72000122070312,
    "LIVE_CATTLE_future": 238.5,
    "GOLD_near_month_future": 4541.7001953125,
    "NATURAL_GAS_future": 2.927999973297119,
    "PLATINUM_future": 1924.9000244140625,
    "SILVER_future": 70.44499969482422,
    "Long_Term_Treasury_ETF": 85.63999938964844,
    "CORN_future": 462.75,
    "SOYBEANS_future": 1162.75,
    "WHEAT_future": 605.0,
    "SP500_close": 6368.85009765625,
    "NASDAQ_close": 20948.359375,
    "US_10Y_Treasury_Yield": 4.440000057220459,
    "VIX_close": 31.049999237060547,
    "GOLD_basis_spot_vs_near": -0.10009765625,
    "China_10Y_Treasury_Yield": 1.8172
  }
}