{
  "latest_date": "2025-09-22",
  "latest_values": {
    "Shanghai_Composite_Index": 3828.576416015625,
    "CSI_300_Index": 4522.60791015625,
    "Shenzhen_Component_Index": 13070.8603515625,
    "ALUMINUM_future": 2559.75,
    "BTC_price": 112912.0625,
    "OIL_price": 62.25,
    "USD_CNY_exchange_rate": 7.1128997802734375,
    "Commodity_Index_ETF": 22.225000381469727,
    "US_Dollar_Index": 97.49099731445312,
    "ETH_price": 4175.58447265625,
    "GOLD_spot_price": 3769.300048828125,
    "LEAN_HOGS_future": 98.6500015258789,
    "COPPER_future": 4.620999813079834,
    "High_Yield_Bond_ETF": 81.24500274658203,
    "LIVE_CATTLE_future": 237.375,
    "GOLD_near_month_future": 3769.300048828125,
    "NATURAL_GAS_future": 2.8259999752044678,
    "PLATINUM_future": 1415.0999755859375,
    "SILVER_future": 44.13999938964844,
    "Long_Term_Treasury_ETF": 88.55439758300781,
    "CORN_future": 419.0,
    "SOYBEANS_future": 1010.5,
    "WHEAT_future": 512.0,
    "SP500_close": 6676.8798828125,
    "NASDAQ_close": 22691.97265625,
    "US_10Y_Treasury_Yield": 4.147000312805176,
    "VIX_close": 15.869999885559082,
    "GOLD_basis_spot_vs_near": 0.0,
    "China_10Y_Treasury_Yield": 1.8647
  }
}