{
  "latest_date": "2026-01-30",
  "latest_values": {
    "Shanghai_Composite_Index": 4157.98388671875,
    "CSI_300_Index": 4753.8701171875,
    "Shenzhen_Component_Index": 14300.080078125,
    "ALUMINUM_future": 3094.25,
    "BTC_price": 82647.21875,
    "OIL_price": 64.75,
    "USD_CNY_exchange_rate": 6.950799942016602,
    "Commodity_Index_ETF": 25.299999237060547,
    "US_Dollar_Index": 96.60199737548828,
    "ETH_price": 2731.654052734375,
    "GOLD_spot_price": 5137.7001953125,
    "LEAN_HOGS_future": 87.7249984741211,
    "COPPER_future": 5.993000030517578,
    "High_Yield_Bond_ETF": 81.02999877929688,
    "LIVE_CATTLE_future": 235.4499969482422,
    "GOLD_near_month_future": 5137.5,
    "NATURAL_GAS_future": 3.9030001163482666,
    "PLATINUM_future": 2305.10009765625,
    "SILVER_future": 100.55999755859375,
    "Long_Term_Treasury_ETF": 87.62000274658203,
    "CORN_future": 428.25,
    "SOYBEANS_future": 1065.5,
    "WHEAT_future": 543.25,
    "SP500_close": 6969.009765625,
    "NASDAQ_close": 23685.119140625,
    "US_10Y_Treasury_Yield": 4.2270002365112305,
    "VIX_close": 18.889999389648438,
    "GOLD_basis_spot_vs_near": 0.2001953125,
    "China_10Y_Treasury_Yield": 1.8112
  }
}