{
  "latest_date": "2025-12-22",
  "latest_values": {
    "Shanghai_Composite_Index": 3890.447998046875,
    "CSI_300_Index": 4568.18017578125,
    "Shenzhen_Component_Index": 13140.2099609375,
    "ALUMINUM_future": 2969.5,
    "BTC_price": 89059.3828125,
    "OIL_price": 56.900001525878906,
    "USD_CNY_exchange_rate": 7.0406999588012695,
    "Commodity_Index_ETF": 22.850000381469727,
    "US_Dollar_Index": 98.63300323486328,
    "ETH_price": 3038.1806640625,
    "GOLD_spot_price": 4398.0,
    "LEAN_HOGS_future": 84.5,
    "COPPER_future": 5.510000228881836,
    "High_Yield_Bond_ETF": 80.36000061035156,
    "LIVE_CATTLE_future": 230.8000030517578,
    "GOLD_near_month_future": 4397.89990234375,
    "NATURAL_GAS_future": 4.059999942779541,
    "PLATINUM_future": 2060.800048828125,
    "SILVER_future": 68.25,
    "Long_Term_Treasury_ETF": 87.55000305175781,
    "CORN_future": 444.5,
    "SOYBEANS_future": 1061.0,
    "WHEAT_future": 511.0,
    "SP500_close": 6834.5,
    "NASDAQ_close": 23307.619140625,
    "US_10Y_Treasury_Yield": 4.151000022888184,
    "VIX_close": 14.90999984741211,
    "GOLD_basis_spot_vs_near": 0.10009765625,
    "China_10Y_Treasury_Yield": 1.8308
  }
}