{
  "latest_date": "2025-11-25",
  "latest_values": {
    "Shanghai_Composite_Index": 3836.764892578125,
    "CSI_300_Index": 4448.0498046875,
    "Shenzhen_Component_Index": 12585.080078125,
    "ALUMINUM_future": 2740.5,
    "BTC_price": 86881.8984375,
    "OIL_price": 58.34000015258789,
    "USD_CNY_exchange_rate": 7.0920000076293945,
    "Commodity_Index_ETF": 22.639999389648438,
    "US_Dollar_Index": 100.12799835205078,
    "ETH_price": 2873.2587890625,
    "GOLD_spot_price": 4149.7001953125,
    "LEAN_HOGS_future": 79.125,
    "COPPER_future": 5.119999885559082,
    "High_Yield_Bond_ETF": 80.58999633789062,
    "LIVE_CATTLE_future": 207.1999969482422,
    "GOLD_near_month_future": 4112.5,
    "NATURAL_GAS_future": 4.5329999923706055,
    "PLATINUM_future": 1549.699951171875,
    "SILVER_future": 51.279998779296875,
    "Long_Term_Treasury_ETF": 90.01000213623047,
    "CORN_future": 438.5,
    "SOYBEANS_future": 1124.25,
    "WHEAT_future": 535.5,
    "SP500_close": 6705.1201171875,
    "NASDAQ_close": 22872.009765625,
    "US_10Y_Treasury_Yield": 4.038000106811523,
    "VIX_close": 20.59000015258789,
    "GOLD_basis_spot_vs_near": 37.2001953125,
    "China_10Y_Treasury_Yield": 1.821
  }
}