{
  "latest_date": "2026-06-15",
  "latest_values": {
    "Shanghai_Composite_Index": 4031.512939453125,
    "CSI_300_Index": 4777.31982421875,
    "Shenzhen_Component_Index": 14963.41015625,
    "ALUMINUM_future": 3382.5,
    "BTC_price": 66214.0078125,
    "OIL_price": 81.41000366210938,
    "USD_CNY_exchange_rate": 6.765999794006348,
    "Commodity_Index_ETF": 28.219999313354492,
    "US_Dollar_Index": 99.66200256347656,
    "ETH_price": 1790.449951171875,
    "GOLD_spot_price": 4332.7998046875,
    "LEAN_HOGS_future": 95.7249984741211,
    "COPPER_future": 6.48199987411499,
    "High_Yield_Bond_ETF": 80.04000091552734,
    "LIVE_CATTLE_future": 243.375,
    "GOLD_near_month_future": 4332.7998046875,
    "NATURAL_GAS_future": 3.1500000953674316,
    "PLATINUM_future": 1769.0,
    "SILVER_future": 70.00499725341797,
    "Long_Term_Treasury_ETF": 85.72000122070312,
    "CORN_future": 415.5,
    "SOYBEANS_future": 1134.5,
    "WHEAT_future": 590.0,
    "SP500_close": 7554.2900390625,
    "NASDAQ_close": 26683.94140625,
    "US_10Y_Treasury_Yield": 4.468999862670898,
    "VIX_close": 16.200000762939453,
    "GOLD_basis_spot_vs_near": 0.0,
    "China_10Y_Treasury_Yield": 1.7446
  }
}