{
  "latest_date": "2025-09-18",
  "latest_values": {
    "Shanghai_Composite_Index": 3876.341064453125,
    "CSI_300_Index": 4551.02001953125,
    "Shenzhen_Component_Index": 13215.4599609375,
    "ALUMINUM_future": 2583.75,
    "BTC_price": 117212.3671875,
    "OIL_price": 64.22000122070312,
    "USD_CNY_exchange_rate": 7.114200115203857,
    "Commodity_Index_ETF": 22.540000915527344,
    "US_Dollar_Index": 96.99099731445312,
    "ETH_price": 4599.20849609375,
    "GOLD_spot_price": 3699.60009765625,
    "LEAN_HOGS_future": 97.3499984741211,
    "COPPER_future": 4.618500232696533,
    "High_Yield_Bond_ETF": 81.05000305175781,
    "LIVE_CATTLE_future": 231.47500610351562,
    "GOLD_near_month_future": 3699.699951171875,
    "NATURAL_GAS_future": 3.078000068664551,
    "PLATINUM_future": 1398.800048828125,
    "SILVER_future": 42.17499923706055,
    "Long_Term_Treasury_ETF": 90.12000274658203,
    "CORN_future": 427.0,
    "SOYBEANS_future": 1040.75,
    "WHEAT_future": 530.75,
    "SP500_close": 6600.35009765625,
    "NASDAQ_close": 22261.330078125,
    "US_10Y_Treasury_Yield": 4.076000213623047,
    "VIX_close": 14.789999961853027,
    "GOLD_basis_spot_vs_near": -0.099853515625,
    "China_10Y_Treasury_Yield": 1.8349
  }
}