{
  "latest_date": "2025-12-08",
  "latest_values": {
    "Shanghai_Composite_Index": 3902.80810546875,
    "CSI_300_Index": 4584.5400390625,
    "Shenzhen_Component_Index": 13147.6796875,
    "ALUMINUM_future": 2880.25,
    "BTC_price": 91880.6875,
    "OIL_price": 59.43000030517578,
    "USD_CNY_exchange_rate": 7.067299842834473,
    "Commodity_Index_ETF": 23.329999923706055,
    "US_Dollar_Index": 98.97599792480469,
    "ETH_price": 3138.57568359375,
    "GOLD_spot_price": 4238.60009765625,
    "LEAN_HOGS_future": 81.6500015258789,
    "COPPER_future": 5.443999767303467,
    "High_Yield_Bond_ETF": 80.75,
    "LIVE_CATTLE_future": 227.14999389648438,
    "GOLD_near_month_future": 4238.7001953125,
    "NATURAL_GAS_future": 5.079999923706055,
    "PLATINUM_future": 1672.800048828125,
    "SILVER_future": 58.75,
    "Long_Term_Treasury_ETF": 88.16999816894531,
    "CORN_future": 445.25,
    "SOYBEANS_future": 1098.75,
    "WHEAT_future": 537.25,
    "SP500_close": 6870.39990234375,
    "NASDAQ_close": 23578.130859375,
    "US_10Y_Treasury_Yield": 4.138999938964844,
    "VIX_close": 16.3700008392334,
    "GOLD_basis_spot_vs_near": -0.10009765625,
    "China_10Y_Treasury_Yield": 1.8499
  }
}