{
  "latest_date": "2026-06-23",
  "latest_values": {
    "Shanghai_Composite_Index": 4163.09716796875,
    "CSI_300_Index": 4941.60009765625,
    "Shenzhen_Component_Index": 16372.5,
    "ALUMINUM_future": 3503.0,
    "BTC_price": 63947.8515625,
    "OIL_price": 73.87000274658203,
    "USD_CNY_exchange_rate": 6.768599987030029,
    "Commodity_Index_ETF": 27.40999984741211,
    "US_Dollar_Index": 101.03399658203125,
    "ETH_price": 1726.3800048828125,
    "GOLD_spot_price": 4159.5,
    "LEAN_HOGS_future": 96.69999694824219,
    "COPPER_future": 6.302499771118164,
    "High_Yield_Bond_ETF": 79.94000244140625,
    "LIVE_CATTLE_future": 247.6750030517578,
    "GOLD_near_month_future": 4159.2001953125,
    "NATURAL_GAS_future": 3.265000104904175,
    "PLATINUM_future": 1633.800048828125,
    "SILVER_future": 63.349998474121094,
    "Long_Term_Treasury_ETF": 86.08999633789062,
    "CORN_future": 412.75,
    "SOYBEANS_future": 1145.25,
    "WHEAT_future": 609.5,
    "SP500_close": 7472.7900390625,
    "NASDAQ_close": 26166.6015625,
    "US_10Y_Treasury_Yield": 4.508999824523926,
    "VIX_close": 17.280000686645508,
    "GOLD_basis_spot_vs_near": 0.2998046875,
    "China_10Y_Treasury_Yield": 1.7375
  }
}