{
  "latest_date": "2026-06-27",
  "latest_values": {
    "Shanghai_Composite_Index": 4027.264892578125,
    "CSI_300_Index": 4941.60009765625,
    "Shenzhen_Component_Index": 15782.2197265625,
    "ALUMINUM_future": 3697.5,
    "BTC_price": 60463.171875,
    "OIL_price": 69.2300033569336,
    "USD_CNY_exchange_rate": 6.789700031280518,
    "Commodity_Index_ETF": 26.56999969482422,
    "US_Dollar_Index": 101.36000061035156,
    "ETH_price": 1591.550048828125,
    "GOLD_spot_price": 4078.699951171875,
    "LEAN_HOGS_future": 92.92500305175781,
    "COPPER_future": 6.141499996185303,
    "High_Yield_Bond_ETF": 79.83000183105469,
    "LIVE_CATTLE_future": 257.45001220703125,
    "GOLD_near_month_future": 4078.699951171875,
    "NATURAL_GAS_future": 3.2309999465942383,
    "PLATINUM_future": 1630.9000244140625,
    "SILVER_future": 59.21699905395508,
    "Long_Term_Treasury_ETF": 87.36000061035156,
    "CORN_future": 412.75,
    "SOYBEANS_future": 1126.25,
    "WHEAT_future": 578.25,
    "SP500_close": 7354.02001953125,
    "NASDAQ_close": 25297.619140625,
    "US_10Y_Treasury_Yield": 4.451000213623047,
    "VIX_close": 18.40999984741211,
    "GOLD_basis_spot_vs_near": 0.0,
    "China_10Y_Treasury_Yield": 1.7314
  }
}