{
  "latest_date": "2025-11-18",
  "latest_values": {
    "Shanghai_Composite_Index": 3939.81298828125,
    "CSI_300_Index": 4568.19287109375,
    "Shenzhen_Component_Index": 13202.0,
    "ALUMINUM_future": 2731.0,
    "BTC_price": 92686.328125,
    "OIL_price": 59.709999084472656,
    "USD_CNY_exchange_rate": 7.106599807739258,
    "Commodity_Index_ETF": 22.94499969482422,
    "US_Dollar_Index": 99.55000305175781,
    "ETH_price": 3101.214599609375,
    "GOLD_spot_price": 4054.300048828125,
    "LEAN_HOGS_future": 78.69999694824219,
    "COPPER_future": 4.973999977111816,
    "High_Yield_Bond_ETF": 80.00499725341797,
    "LIVE_CATTLE_future": 219.72500610351562,
    "GOLD_near_month_future": 4054.300048828125,
    "NATURAL_GAS_future": 4.248000144958496,
    "PLATINUM_future": 1533.199951171875,
    "SILVER_future": 50.220001220703125,
    "Long_Term_Treasury_ETF": 89.25,
    "CORN_future": 436.5,
    "SOYBEANS_future": 1155.25,
    "WHEAT_future": 558.5,
    "SP500_close": 6582.64990234375,
    "NASDAQ_close": 22262.875,
    "US_10Y_Treasury_Yield": 4.0980000495910645,
    "VIX_close": 25.270000457763672,
    "GOLD_basis_spot_vs_near": 0.0,
    "China_10Y_Treasury_Yield": 1.8121
  }
}