{
  "latest_date": "2025-10-20",
  "latest_values": {
    "Shanghai_Composite_Index": 3839.7548828125,
    "CSI_300_Index": 4514.22998046875,
    "Shenzhen_Component_Index": 12688.9404296875,
    "ALUMINUM_future": 2734.25,
    "BTC_price": 110340.34375,
    "OIL_price": 56.9900016784668,
    "USD_CNY_exchange_rate": 7.123000144958496,
    "Commodity_Index_ETF": 22.1200008392334,
    "US_Dollar_Index": 98.40799713134766,
    "ETH_price": 4047.46044921875,
    "GOLD_spot_price": 4278.2998046875,
    "LEAN_HOGS_future": 82.3499984741211,
    "COPPER_future": 5.053500175476074,
    "High_Yield_Bond_ETF": 80.72000122070312,
    "LIVE_CATTLE_future": 242.0,
    "GOLD_near_month_future": 4278.39990234375,
    "NATURAL_GAS_future": 3.1480000019073486,
    "PLATINUM_future": 1624.300048828125,
    "SILVER_future": 50.91999816894531,
    "Long_Term_Treasury_ETF": 91.19999694824219,
    "CORN_future": 422.5,
    "SOYBEANS_future": 1044.25,
    "WHEAT_future": 506.0,
    "SP500_close": 6664.009765625,
    "NASDAQ_close": 22679.970703125,
    "US_10Y_Treasury_Yield": 4.006999969482422,
    "VIX_close": 20.780000686645508,
    "GOLD_basis_spot_vs_near": -0.10009765625,
    "China_10Y_Treasury_Yield": 1.8246
  }
}