{
  "latest_date": "2026-02-09",
  "latest_values": {
    "Shanghai_Composite_Index": 4065.5830078125,
    "CSI_300_Index": 4643.60009765625,
    "Shenzhen_Component_Index": 13906.73046875,
    "ALUMINUM_future": 3023.25,
    "BTC_price": 70455.84375,
    "OIL_price": 62.900001525878906,
    "USD_CNY_exchange_rate": 6.929699897766113,
    "Commodity_Index_ETF": 24.010000228881836,
    "US_Dollar_Index": 97.46499633789062,
    "ETH_price": 2075.634765625,
    "GOLD_spot_price": 5057.2001953125,
    "LEAN_HOGS_future": 97.94999694824219,
    "COPPER_future": 5.893499851226807,
    "High_Yield_Bond_ETF": 80.80999755859375,
    "LIVE_CATTLE_future": 237.25,
    "GOLD_near_month_future": 5057.2001953125,
    "NATURAL_GAS_future": 3.2009999752044678,
    "PLATINUM_future": 2103.10009765625,
    "SILVER_future": 81.7249984741211,
    "Long_Term_Treasury_ETF": 87.54000091552734,
    "CORN_future": 429.25,
    "SOYBEANS_future": 1110.0,
    "WHEAT_future": 528.0,
    "SP500_close": 6932.2998046875,
    "NASDAQ_close": 23031.2109375,
    "US_10Y_Treasury_Yield": 4.205999851226807,
    "VIX_close": 20.3700008392334,
    "GOLD_basis_spot_vs_near": 0.0,
    "China_10Y_Treasury_Yield": 1.8102
  }
}