{
  "latest_date": "2026-04-21",
  "latest_values": {
    "Shanghai_Composite_Index": 4085.07666015625,
    "CSI_300_Index": 4767.9970703125,
    "Shenzhen_Component_Index": 14982.1396484375,
    "ALUMINUM_future": 3524.75,
    "BTC_price": 76263.65625,
    "OIL_price": 87.98999786376953,
    "USD_CNY_exchange_rate": 6.816999912261963,
    "Commodity_Index_ETF": 28.860000610351562,
    "US_Dollar_Index": 98.20600128173828,
    "ETH_price": 2318.10009765625,
    "GOLD_spot_price": 4790.2001953125,
    "LEAN_HOGS_future": 103.375,
    "COPPER_future": 6.06850004196167,
    "High_Yield_Bond_ETF": 80.50990295410156,
    "LIVE_CATTLE_future": 246.3000030517578,
    "GOLD_near_month_future": 4790.2998046875,
    "NATURAL_GAS_future": 2.684000015258789,
    "PLATINUM_future": 2091.5,
    "SILVER_future": 78.4749984741211,
    "Long_Term_Treasury_ETF": 86.87999725341797,
    "CORN_future": 462.75,
    "SOYBEANS_future": 1191.75,
    "WHEAT_future": 605.25,
    "SP500_close": 7124.60986328125,
    "NASDAQ_close": 24501.287109375,
    "US_10Y_Treasury_Yield": 4.27400016784668,
    "VIX_close": 19.079999923706055,
    "GOLD_basis_spot_vs_near": -0.099609375,
    "China_10Y_Treasury_Yield": 1.751
  }
}