{
  "latest_date": "2026-04-24",
  "latest_values": {
    "Shanghai_Composite_Index": 4079.900390625,
    "CSI_300_Index": 4769.36865234375,
    "Shenzhen_Component_Index": 14940.30078125,
    "ALUMINUM_future": 3583.5,
    "BTC_price": 78289.0703125,
    "OIL_price": 94.58000183105469,
    "USD_CNY_exchange_rate": 6.835899829864502,
    "Commodity_Index_ETF": 29.889999389648438,
    "US_Dollar_Index": 98.60099792480469,
    "ETH_price": 2328.780029296875,
    "GOLD_spot_price": 4723.2001953125,
    "LEAN_HOGS_future": 95.6500015258789,
    "COPPER_future": 6.0279998779296875,
    "High_Yield_Bond_ETF": 80.37000274658203,
    "LIVE_CATTLE_future": 247.0749969482422,
    "GOLD_near_month_future": 4723.2998046875,
    "NATURAL_GAS_future": 2.697000026702881,
    "PLATINUM_future": 2004.0999755859375,
    "SILVER_future": 76.04000091552734,
    "Long_Term_Treasury_ETF": 86.55000305175781,
    "CORN_future": 465.25,
    "SOYBEANS_future": 1175.75,
    "WHEAT_future": 619.25,
    "SP500_close": 7108.39990234375,
    "NASDAQ_close": 24438.5,
    "US_10Y_Treasury_Yield": 4.322999954223633,
    "VIX_close": 18.760000228881836,
    "GOLD_basis_spot_vs_near": -0.099609375,
    "China_10Y_Treasury_Yield": 1.7601
  }
}