{
  "latest_date": "2026-01-28",
  "latest_values": {
    "Shanghai_Composite_Index": 4151.23779296875,
    "CSI_300_Index": 4717.9912109375,
    "Shenzhen_Component_Index": 14329.91015625,
    "ALUMINUM_future": 3238.25,
    "BTC_price": 89379.1328125,
    "OIL_price": 63.209999084472656,
    "USD_CNY_exchange_rate": 6.945700168609619,
    "Commodity_Index_ETF": 24.709999084472656,
    "US_Dollar_Index": 96.25399780273438,
    "ETH_price": 3004.171630859375,
    "GOLD_spot_price": 5328.2998046875,
    "LEAN_HOGS_future": 87.875,
    "COPPER_future": 5.951499938964844,
    "High_Yield_Bond_ETF": 81.125,
    "LIVE_CATTLE_future": 234.77499389648438,
    "GOLD_near_month_future": 5328.39990234375,
    "NATURAL_GAS_future": 3.73799991607666,
    "PLATINUM_future": 2663.800048828125,
    "SILVER_future": 115.43499755859375,
    "Long_Term_Treasury_ETF": 87.69499969482422,
    "CORN_future": 432.25,
    "SOYBEANS_future": 1081.5,
    "WHEAT_future": 538.75,
    "SP500_close": 6987.759765625,
    "NASDAQ_close": 23919.1875,
    "US_10Y_Treasury_Yield": 4.256999969482422,
    "VIX_close": 16.559999465942383,
    "GOLD_basis_spot_vs_near": -0.10009765625,
    "China_10Y_Treasury_Yield": 1.8164
  }
}