{
  "latest_date": "2025-10-22",
  "latest_values": {
    "Shanghai_Composite_Index": 3913.757568359375,
    "CSI_300_Index": 4592.56982421875,
    "Shenzhen_Component_Index": 12996.6083984375,
    "ALUMINUM_future": 2733.75,
    "BTC_price": 107418.5,
    "OIL_price": 59.7599983215332,
    "USD_CNY_exchange_rate": 7.121799945831299,
    "Commodity_Index_ETF": 22.459999084472656,
    "US_Dollar_Index": 98.88099670410156,
    "ETH_price": 3766.31103515625,
    "GOLD_spot_price": 4118.2998046875,
    "LEAN_HOGS_future": 82.375,
    "COPPER_future": 5.0,
    "High_Yield_Bond_ETF": 80.68000030517578,
    "LIVE_CATTLE_future": 239.97500610351562,
    "GOLD_near_month_future": 4118.60009765625,
    "NATURAL_GAS_future": 3.440000057220459,
    "PLATINUM_future": 1580.199951171875,
    "SILVER_future": 48.224998474121094,
    "Long_Term_Treasury_ETF": 92.05999755859375,
    "CORN_future": 423.75,
    "SOYBEANS_future": 1049.75,
    "WHEAT_future": 503.75,
    "SP500_close": 6699.39990234375,
    "NASDAQ_close": 22740.396484375,
    "US_10Y_Treasury_Yield": 3.9529998302459717,
    "VIX_close": 18.600000381469727,
    "GOLD_basis_spot_vs_near": -0.30029296875,
    "China_10Y_Treasury_Yield": 1.8293
  }
}