{
  "latest_date": "2026-01-30",
  "latest_values": {
    "Shanghai_Composite_Index": 4157.98388671875,
    "CSI_300_Index": 4753.8701171875,
    "Shenzhen_Component_Index": 14300.080078125,
    "ALUMINUM_future": 3081.25,
    "BTC_price": 82087.484375,
    "OIL_price": 64.62999725341797,
    "USD_CNY_exchange_rate": 6.952600002288818,
    "Commodity_Index_ETF": 25.299999237060547,
    "US_Dollar_Index": 96.70700073242188,
    "ETH_price": 2709.401611328125,
    "GOLD_spot_price": 5059.0,
    "LEAN_HOGS_future": 95.32499694824219,
    "COPPER_future": 5.96750020980835,
    "High_Yield_Bond_ETF": 81.02999877929688,
    "LIVE_CATTLE_future": 237.27499389648438,
    "GOLD_near_month_future": 5058.2998046875,
    "NATURAL_GAS_future": 3.875999927520752,
    "PLATINUM_future": 2245.0,
    "SILVER_future": 98.625,
    "Long_Term_Treasury_ETF": 87.62000274658203,
    "CORN_future": 428.75,
    "SOYBEANS_future": 1064.0,
    "WHEAT_future": 542.25,
    "SP500_close": 6969.009765625,
    "NASDAQ_close": 23685.119140625,
    "US_10Y_Treasury_Yield": 4.2270002365112305,
    "VIX_close": 19.1299991607666,
    "GOLD_basis_spot_vs_near": 0.7001953125,
    "China_10Y_Treasury_Yield": 1.8112
  }
}