{
  "latest_date": "2025-11-05",
  "latest_values": {
    "Shanghai_Composite_Index": 3960.18603515625,
    "CSI_300_Index": 4618.7001953125,
    "Shenzhen_Component_Index": 13175.2197265625,
    "ALUMINUM_future": 2775.25,
    "BTC_price": 101956.9140625,
    "OIL_price": 60.56999969482422,
    "USD_CNY_exchange_rate": 7.126500129699707,
    "Commodity_Index_ETF": 22.889999389648438,
    "US_Dollar_Index": 100.17900085449219,
    "ETH_price": 3319.308837890625,
    "GOLD_spot_price": 3975.5,
    "LEAN_HOGS_future": 80.8499984741211,
    "COPPER_future": 4.926000118255615,
    "High_Yield_Bond_ETF": 80.1500015258789,
    "LIVE_CATTLE_future": 227.39999389648438,
    "GOLD_near_month_future": 3975.5,
    "NATURAL_GAS_future": 4.26200008392334,
    "PLATINUM_future": 1531.9000244140625,
    "SILVER_future": 47.40999984741211,
    "Long_Term_Treasury_ETF": 89.94000244140625,
    "CORN_future": 431.75,
    "SOYBEANS_future": 1128.25,
    "WHEAT_future": 549.75,
    "SP500_close": 6771.5498046875,
    "NASDAQ_close": 23348.640625,
    "US_10Y_Treasury_Yield": 4.089000225067139,
    "VIX_close": 19.510000228881836,
    "GOLD_basis_spot_vs_near": 0.0,
    "China_10Y_Treasury_Yield": 1.7964
  }
}