{
  "latest_date": "2025-12-03",
  "latest_values": {
    "Shanghai_Composite_Index": 3897.7119140625,
    "CSI_300_Index": 4554.330078125,
    "Shenzhen_Component_Index": 13056.7001953125,
    "ALUMINUM_future": 2897.75,
    "BTC_price": 92717.734375,
    "OIL_price": 58.52000045776367,
    "USD_CNY_exchange_rate": 7.064300060272217,
    "Commodity_Index_ETF": 23.020000457763672,
    "US_Dollar_Index": 99.23699951171875,
    "ETH_price": 3038.94287109375,
    "GOLD_spot_price": 4253.39990234375,
    "LEAN_HOGS_future": 80.125,
    "COPPER_future": 5.270500183105469,
    "High_Yield_Bond_ETF": 80.62000274658203,
    "LIVE_CATTLE_future": 218.35000610351562,
    "GOLD_near_month_future": 4253.39990234375,
    "NATURAL_GAS_future": 4.861000061035156,
    "PLATINUM_future": 1659.0999755859375,
    "SILVER_future": 59.15999984741211,
    "Long_Term_Treasury_ETF": 88.80999755859375,
    "CORN_future": 449.25,
    "SOYBEANS_future": 1126.75,
    "WHEAT_future": 541.5,
    "SP500_close": 6829.3701171875,
    "NASDAQ_close": 23413.669921875,
    "US_10Y_Treasury_Yield": 4.085999965667725,
    "VIX_close": 16.59000015258789,
    "GOLD_basis_spot_vs_near": 0.0,
    "China_10Y_Treasury_Yield": 1.8442
  }
}