{
  "latest_date": "2026-04-14",
  "latest_values": {
    "Shanghai_Composite_Index": 3988.55810546875,
    "CSI_300_Index": 4646.16015625,
    "Shenzhen_Component_Index": 14407.8603515625,
    "ALUMINUM_future": 3564.25,
    "BTC_price": 74500.1953125,
    "OIL_price": 91.44999694824219,
    "USD_CNY_exchange_rate": 6.8277997970581055,
    "Commodity_Index_ETF": 28.77239990234375,
    "US_Dollar_Index": 98.09200286865234,
    "ETH_price": 2336.85009765625,
    "GOLD_spot_price": 4863.0,
    "LEAN_HOGS_future": 102.4749984741211,
    "COPPER_future": 6.085999965667725,
    "High_Yield_Bond_ETF": 80.4749984741211,
    "LIVE_CATTLE_future": 251.35000610351562,
    "GOLD_near_month_future": 4863.0,
    "NATURAL_GAS_future": 2.5969998836517334,
    "PLATINUM_future": 2113.199951171875,
    "SILVER_future": 79.34500122070312,
    "Long_Term_Treasury_ETF": 87.17500305175781,
    "CORN_future": 442.75,
    "SOYBEANS_future": 1157.0,
    "WHEAT_future": 601.0,
    "SP500_close": 6950.35986328125,
    "NASDAQ_close": 23552.9765625,
    "US_10Y_Treasury_Yield": 4.254000186920166,
    "VIX_close": 18.399999618530273,
    "GOLD_basis_spot_vs_near": 0.0,
    "China_10Y_Treasury_Yield": 1.7829
  }
}