{
  "latest_date": "2025-11-06",
  "latest_values": {
    "Shanghai_Composite_Index": 4007.760009765625,
    "CSI_300_Index": 4693.4033203125,
    "Shenzhen_Component_Index": 13452.4169921875,
    "ALUMINUM_future": 2790.5,
    "BTC_price": 101455.2109375,
    "OIL_price": 59.40999984741211,
    "USD_CNY_exchange_rate": 7.118199825286865,
    "Commodity_Index_ETF": 22.844499588012695,
    "US_Dollar_Index": 99.72200012207031,
    "ETH_price": 3330.9375,
    "GOLD_spot_price": 3993.800048828125,
    "LEAN_HOGS_future": 79.80000305175781,
    "COPPER_future": 4.9770002365112305,
    "High_Yield_Bond_ETF": 80.2699966430664,
    "LIVE_CATTLE_future": 218.8000030517578,
    "GOLD_near_month_future": 3993.800048828125,
    "NATURAL_GAS_future": 4.3480000495910645,
    "PLATINUM_future": 1542.800048828125,
    "SILVER_future": 48.0099983215332,
    "Long_Term_Treasury_ETF": 89.69930267333984,
    "CORN_future": 428.75,
    "SOYBEANS_future": 1108.0,
    "WHEAT_future": 536.0,
    "SP500_close": 6748.5498046875,
    "NASDAQ_close": 23193.041015625,
    "US_10Y_Treasury_Yield": 4.0889997482299805,
    "VIX_close": 19.059999465942383,
    "GOLD_basis_spot_vs_near": 0.0,
    "China_10Y_Treasury_Yield": 1.81
  }
}