{
  "latest_date": "2026-03-18",
  "latest_values": {
    "Shanghai_Composite_Index": 4049.906982421875,
    "CSI_300_Index": 4637.43994140625,
    "Shenzhen_Component_Index": 14039.73046875,
    "ALUMINUM_future": 3293.0,
    "BTC_price": 73869.453125,
    "OIL_price": 92.73999786376953,
    "USD_CNY_exchange_rate": 6.875,
    "Commodity_Index_ETF": 28.760000228881836,
    "ETH_price": 2318.2392578125,
    "GOLD_spot_price": 5014.10009765625,
    "LEAN_HOGS_future": 93.7249984741211,
    "COPPER_future": 5.73799991607666,
    "High_Yield_Bond_ETF": 79.80999755859375,
    "LIVE_CATTLE_future": 235.22500610351562,
    "GOLD_near_month_future": 5014.2001953125,
    "NATURAL_GAS_future": 2.927999973297119,
    "PLATINUM_future": 2110.39990234375,
    "SILVER_future": 80.0250015258789,
    "Long_Term_Treasury_ETF": 87.44999694824219,
    "CORN_future": 453.0,
    "SOYBEANS_future": 1153.75,
    "WHEAT_future": 590.0,
    "SP500_close": 6716.08984375,
    "NASDAQ_close": 22479.52734375,
    "US_10Y_Treasury_Yield": 4.202000141143799,
    "VIX_close": 22.3700008392334,
    "GOLD_basis_spot_vs_near": -0.10009765625,
    "China_10Y_Treasury_Yield": 1.8314
  }
}