{
  "latest_date": "2025-09-23",
  "latest_values": {
    "Shanghai_Composite_Index": 3828.575927734375,
    "CSI_300_Index": 4522.60986328125,
    "Shenzhen_Component_Index": 13157.9697265625,
    "ALUMINUM_future": 2563.5,
    "BTC_price": 112972.609375,
    "OIL_price": 63.06999969482422,
    "USD_CNY_exchange_rate": 7.1128997802734375,
    "Commodity_Index_ETF": 22.260000228881836,
    "US_Dollar_Index": 97.26699829101562,
    "ETH_price": 4198.43115234375,
    "GOLD_spot_price": 3819.800048828125,
    "LEAN_HOGS_future": 98.80000305175781,
    "COPPER_future": 4.640999794006348,
    "High_Yield_Bond_ETF": 81.31999969482422,
    "LIVE_CATTLE_future": 237.22500610351562,
    "GOLD_near_month_future": 3819.89990234375,
    "NATURAL_GAS_future": 3.065999984741211,
    "PLATINUM_future": 1490.4000244140625,
    "SILVER_future": 44.7599983215332,
    "Long_Term_Treasury_ETF": 88.69999694824219,
    "CORN_future": 422.5,
    "SOYBEANS_future": 1007.0,
    "WHEAT_future": 511.75,
    "SP500_close": 6693.75,
    "NASDAQ_close": 22788.98046875,
    "US_10Y_Treasury_Yield": 4.13700008392334,
    "VIX_close": 15.960000038146973,
    "GOLD_basis_spot_vs_near": -0.099853515625,
    "China_10Y_Treasury_Yield": 1.877
  }
}