{
  "latest_date": "2026-02-05",
  "latest_values": {
    "Shanghai_Composite_Index": 4102.2021484375,
    "CSI_300_Index": 4698.68017578125,
    "Shenzhen_Component_Index": 14156.26953125,
    "ALUMINUM_future": 2954.75,
    "BTC_price": 71158.8671875,
    "OIL_price": 63.91999816894531,
    "USD_CNY_exchange_rate": 6.939199924468994,
    "Commodity_Index_ETF": 24.190000534057617,
    "US_Dollar_Index": 97.73200225830078,
    "ETH_price": 2110.406494140625,
    "GOLD_spot_price": 4944.0,
    "LEAN_HOGS_future": 87.9000015258789,
    "COPPER_future": 5.843999862670898,
    "High_Yield_Bond_ETF": 80.62000274658203,
    "LIVE_CATTLE_future": 240.52499389648438,
    "GOLD_near_month_future": 4944.7001953125,
    "NATURAL_GAS_future": 3.5369999408721924,
    "PLATINUM_future": 2087.10009765625,
    "SILVER_future": 79.06999969482422,
    "Long_Term_Treasury_ETF": 86.54000091552734,
    "CORN_future": 428.75,
    "SOYBEANS_future": 1099.25,
    "WHEAT_future": 525.75,
    "SP500_close": 6882.72021484375,
    "NASDAQ_close": 22904.580078125,
    "US_10Y_Treasury_Yield": 4.275000095367432,
    "VIX_close": 18.639999389648438,
    "GOLD_basis_spot_vs_near": -0.7001953125,
    "China_10Y_Treasury_Yield": 1.8193
  }
}