{
  "latest_date": "2026-04-28",
  "latest_values": {
    "Shanghai_Composite_Index": 4078.637451171875,
    "CSI_300_Index": 4758.20849609375,
    "Shenzhen_Component_Index": 14830.455078125,
    "ALUMINUM_future": 3487.5,
    "BTC_price": 76225.6875,
    "OIL_price": 100.44000244140625,
    "USD_CNY_exchange_rate": 6.835899829864502,
    "Commodity_Index_ETF": 30.09000015258789,
    "US_Dollar_Index": 98.8010025024414,
    "ETH_price": 2274.360107421875,
    "GOLD_spot_price": 4592.7998046875,
    "LEAN_HOGS_future": 94.375,
    "COPPER_future": 5.959499835968018,
    "High_Yield_Bond_ETF": 80.51000213623047,
    "LIVE_CATTLE_future": 250.4250030517578,
    "GOLD_near_month_future": 4592.5,
    "NATURAL_GAS_future": 2.7320001125335693,
    "PLATINUM_future": 1931.0,
    "SILVER_future": 73.5250015258789,
    "Long_Term_Treasury_ETF": 86.27999877929688,
    "CORN_future": 472.25,
    "SOYBEANS_future": 1190.5,
    "WHEAT_future": 639.5,
    "SP500_close": 7173.91015625,
    "NASDAQ_close": 24887.099609375,
    "US_10Y_Treasury_Yield": 4.369999885559082,
    "VIX_close": 19.360000610351562,
    "GOLD_basis_spot_vs_near": 0.2998046875,
    "China_10Y_Treasury_Yield": 1.7654
  }
}