{
  "latest_date": "2026-05-21",
  "latest_values": {
    "Shanghai_Composite_Index": 4162.18505859375,
    "CSI_300_Index": 4850.7001953125,
    "Shenzhen_Component_Index": 15569.98046875,
    "ALUMINUM_future": 3611.0,
    "BTC_price": 77049.9921875,
    "OIL_price": 100.25,
    "USD_CNY_exchange_rate": 6.814499855041504,
    "Commodity_Index_ETF": 31.010000228881836,
    "US_Dollar_Index": 99.37699890136719,
    "ETH_price": 2125.43994140625,
    "GOLD_spot_price": 4520.2998046875,
    "LEAN_HOGS_future": 100.125,
    "COPPER_future": 6.301499843597412,
    "High_Yield_Bond_ETF": 79.69000244140625,
    "LIVE_CATTLE_future": 240.85000610351562,
    "GOLD_near_month_future": 4520.2001953125,
    "NATURAL_GAS_future": 3.1679999828338623,
    "PLATINUM_future": 1965.5999755859375,
    "SILVER_future": 76.34500122070312,
    "Long_Term_Treasury_ETF": 83.7750015258789,
    "CORN_future": 466.25,
    "SOYBEANS_future": 1196.75,
    "WHEAT_future": 651.75,
    "SP500_close": 7404.419921875,
    "NASDAQ_close": 26137.703125,
    "US_10Y_Treasury_Yield": 4.598999977111816,
    "VIX_close": 17.25,
    "GOLD_basis_spot_vs_near": 0.099609375,
    "China_10Y_Treasury_Yield": 1.7448
  }
}