{
  "latest_date": "2026-02-21",
  "latest_values": {
    "Shanghai_Composite_Index": 4082.072998046875,
    "CSI_300_Index": 4660.41015625,
    "Shenzhen_Component_Index": 14100.1904296875,
    "ALUMINUM_future": 3021.75,
    "BTC_price": 68107.9453125,
    "OIL_price": 66.38999938964844,
    "USD_CNY_exchange_rate": 6.908100128173828,
    "Commodity_Index_ETF": 24.600000381469727,
    "US_Dollar_Index": 97.80000305175781,
    "ETH_price": 1973.96240234375,
    "GOLD_spot_price": 5059.2998046875,
    "LEAN_HOGS_future": 93.67500305175781,
    "COPPER_future": 5.830999851226807,
    "High_Yield_Bond_ETF": 81.0,
    "LIVE_CATTLE_future": 246.5749969482422,
    "GOLD_near_month_future": 5059.2998046875,
    "NATURAL_GAS_future": 3.046999931335449,
    "PLATINUM_future": 2169.699951171875,
    "SILVER_future": 82.28299713134766,
    "Long_Term_Treasury_ETF": 89.41000366210938,
    "CORN_future": 427.5,
    "SOYBEANS_future": 1137.5,
    "WHEAT_future": 573.5,
    "SP500_close": 6909.509765625,
    "NASDAQ_close": 22886.0703125,
    "US_10Y_Treasury_Yield": 4.085999965667725,
    "VIX_close": 19.09000015258789,
    "GOLD_basis_spot_vs_near": 0.0,
    "China_10Y_Treasury_Yield": 1.7899
  }
}