{
  "latest_date": "2025-10-31",
  "latest_values": {
    "Shanghai_Composite_Index": 3986.90087890625,
    "CSI_300_Index": 4709.91015625,
    "Shenzhen_Component_Index": 13532.1298828125,
    "ALUMINUM_future": 2869.0,
    "BTC_price": 109913.9765625,
    "OIL_price": 61.13999938964844,
    "USD_CNY_exchange_rate": 7.115300178527832,
    "Commodity_Index_ETF": 22.719999313354492,
    "US_Dollar_Index": 99.69100189208984,
    "ETH_price": 3847.282470703125,
    "GOLD_spot_price": 4039.300048828125,
    "LEAN_HOGS_future": 80.875,
    "COPPER_future": 5.099999904632568,
    "High_Yield_Bond_ETF": 80.80000305175781,
    "LIVE_CATTLE_future": 231.1750030517578,
    "GOLD_near_month_future": 4039.39990234375,
    "NATURAL_GAS_future": 3.9560000896453857,
    "PLATINUM_future": 1598.4000244140625,
    "SILVER_future": 48.66999816894531,
    "Long_Term_Treasury_ETF": 90.55999755859375,
    "CORN_future": 427.75,
    "SOYBEANS_future": 1087.0,
    "WHEAT_future": 518.25,
    "SP500_close": 6822.33984375,
    "NASDAQ_close": 23581.140625,
    "US_10Y_Treasury_Yield": 4.0889997482299805,
    "VIX_close": 16.219999313354492,
    "GOLD_basis_spot_vs_near": -0.099853515625,
    "China_10Y_Treasury_Yield": 1.7954
  }
}