{
  "latest_date": "2025-11-19",
  "latest_values": {
    "Shanghai_Composite_Index": 3939.81298828125,
    "CSI_300_Index": 4568.18994140625,
    "Shenzhen_Component_Index": 13080.490234375,
    "ALUMINUM_future": 2756.5,
    "BTC_price": 92948.875,
    "OIL_price": 60.38999938964844,
    "USD_CNY_exchange_rate": 7.110300064086914,
    "Commodity_Index_ETF": 23.1299991607666,
    "US_Dollar_Index": 99.69599914550781,
    "ETH_price": 3122.97900390625,
    "GOLD_spot_price": 4109.2998046875,
    "LEAN_HOGS_future": 77.875,
    "COPPER_future": 5.013999938964844,
    "High_Yield_Bond_ETF": 80.11000061035156,
    "LIVE_CATTLE_future": 220.02499389648438,
    "GOLD_near_month_future": 4109.2998046875,
    "NATURAL_GAS_future": 4.400000095367432,
    "PLATINUM_future": 1576.5,
    "SILVER_future": 51.875,
    "Long_Term_Treasury_ETF": 89.05999755859375,
    "CORN_future": 435.25,
    "SOYBEANS_future": 1146.5,
    "WHEAT_future": 547.5,
    "SP500_close": 6617.31982421875,
    "NASDAQ_close": 22432.849609375,
    "US_10Y_Treasury_Yield": 4.123000144958496,
    "VIX_close": 24.139999389648438,
    "GOLD_basis_spot_vs_near": 0.0,
    "China_10Y_Treasury_Yield": 1.8179
  }
}