{
  "latest_date": "2025-10-20",
  "latest_values": {
    "Shanghai_Composite_Index": 3863.892578125,
    "CSI_300_Index": 4538.22021484375,
    "Shenzhen_Component_Index": 12813.2080078125,
    "ALUMINUM_future": 2757.75,
    "BTC_price": 110920.6875,
    "OIL_price": 56.63999938964844,
    "USD_CNY_exchange_rate": 7.123000144958496,
    "Commodity_Index_ETF": 22.270000457763672,
    "US_Dollar_Index": 98.55599975585938,
    "ETH_price": 3964.07275390625,
    "GOLD_spot_price": 4364.2001953125,
    "LEAN_HOGS_future": 82.32499694824219,
    "COPPER_future": 5.040500164031982,
    "High_Yield_Bond_ETF": 80.83999633789062,
    "LIVE_CATTLE_future": 244.02499389648438,
    "GOLD_near_month_future": 4364.10009765625,
    "NATURAL_GAS_future": 3.3399999141693115,
    "PLATINUM_future": 1652.199951171875,
    "SILVER_future": 51.334999084472656,
    "Long_Term_Treasury_ETF": 91.37000274658203,
    "CORN_future": 423.0,
    "SOYBEANS_future": 1049.5,
    "WHEAT_future": 503.5,
    "SP500_close": 6737.43994140625,
    "NASDAQ_close": 23012.2890625,
    "US_10Y_Treasury_Yield": 3.995000123977661,
    "VIX_close": 18.799999237060547,
    "GOLD_basis_spot_vs_near": 0.10009765625,
    "China_10Y_Treasury_Yield": 1.8498
  }
}