{
  "latest_date": "2026-06-10",
  "latest_values": {
    "Shanghai_Composite_Index": 3993.225830078125,
    "CSI_300_Index": 4748.59326171875,
    "Shenzhen_Component_Index": 14954.1005859375,
    "ALUMINUM_future": 3523.5,
    "BTC_price": 60921.73046875,
    "OIL_price": 89.33999633789062,
    "USD_CNY_exchange_rate": 6.765500068664551,
    "Commodity_Index_ETF": 29.469999313354492,
    "US_Dollar_Index": 99.93099975585938,
    "ETH_price": 1614.8800048828125,
    "GOLD_spot_price": 4190.7998046875,
    "LEAN_HOGS_future": 93.57499694824219,
    "COPPER_future": 6.237500190734863,
    "High_Yield_Bond_ETF": 79.54000091552734,
    "LIVE_CATTLE_future": 248.02499389648438,
    "GOLD_near_month_future": 4190.2998046875,
    "NATURAL_GAS_future": 3.2209999561309814,
    "PLATINUM_future": 1673.0999755859375,
    "SILVER_future": 64.30999755859375,
    "Long_Term_Treasury_ETF": 84.62000274658203,
    "CORN_future": 423.25,
    "SOYBEANS_future": 1120.5,
    "WHEAT_future": 597.0,
    "SP500_close": 7405.72998046875,
    "NASDAQ_close": 25929.66015625,
    "US_10Y_Treasury_Yield": 4.552000045776367,
    "VIX_close": 21.540000915527344,
    "GOLD_basis_spot_vs_near": 0.5,
    "China_10Y_Treasury_Yield": 1.7476
  }
}