{
  "latest_date": "2025-12-15",
  "latest_values": {
    "Shanghai_Composite_Index": 3867.9208984375,
    "CSI_300_Index": 4552.0595703125,
    "Shenzhen_Component_Index": 13147.3896484375,
    "ALUMINUM_future": 2870.0,
    "BTC_price": 86984.3671875,
    "OIL_price": 56.790000915527344,
    "USD_CNY_exchange_rate": 7.046500205993652,
    "Commodity_Index_ETF": 22.803499221801758,
    "US_Dollar_Index": 98.1989974975586,
    "ETH_price": 3010.574462890625,
    "GOLD_spot_price": 4350.5,
    "LEAN_HOGS_future": 83.3499984741211,
    "COPPER_future": 5.432499885559082,
    "High_Yield_Bond_ETF": 80.61499786376953,
    "LIVE_CATTLE_future": 230.0500030517578,
    "GOLD_near_month_future": 4350.60009765625,
    "NATURAL_GAS_future": 4.078000068664551,
    "PLATINUM_future": 1833.5999755859375,
    "SILVER_future": 63.834999084472656,
    "Long_Term_Treasury_ETF": 87.70030212402344,
    "CORN_future": 438.75,
    "SOYBEANS_future": 1071.5,
    "WHEAT_future": 523.0,
    "SP500_close": 6823.75,
    "NASDAQ_close": 23132.005859375,
    "US_10Y_Treasury_Yield": 4.158999919891357,
    "VIX_close": 16.90999984741211,
    "GOLD_basis_spot_vs_near": -0.10009765625,
    "China_10Y_Treasury_Yield": 1.8488
  }
}