{
  "latest_date": "2026-04-21",
  "latest_values": {
    "Shanghai_Composite_Index": 4082.126953125,
    "CSI_300_Index": 4757.43994140625,
    "Shenzhen_Component_Index": 14966.75,
    "ALUMINUM_future": 3478.0,
    "BTC_price": 76168.0703125,
    "OIL_price": 86.9800033569336,
    "USD_CNY_exchange_rate": 6.816999912261963,
    "Commodity_Index_ETF": 28.670000076293945,
    "US_Dollar_Index": 98.14099884033203,
    "ETH_price": 2319.31005859375,
    "GOLD_spot_price": 4802.7001953125,
    "LEAN_HOGS_future": 94.2249984741211,
    "COPPER_future": 6.03000020980835,
    "High_Yield_Bond_ETF": 80.58000183105469,
    "LIVE_CATTLE_future": 249.60000610351562,
    "GOLD_near_month_future": 4802.89990234375,
    "NATURAL_GAS_future": 2.6559998989105225,
    "PLATINUM_future": 2080.5,
    "SILVER_future": 79.05000305175781,
    "Long_Term_Treasury_ETF": 87.05000305175781,
    "CORN_future": 460.0,
    "SOYBEANS_future": 1188.5,
    "WHEAT_future": 610.25,
    "SP500_close": 7109.14013671875,
    "NASDAQ_close": 24404.390625,
    "US_10Y_Treasury_Yield": 4.25,
    "VIX_close": 19.170000076293945,
    "GOLD_basis_spot_vs_near": -0.19970703125,
    "China_10Y_Treasury_Yield": 1.7627
  }
}