{
  "latest_date": "2025-10-13",
  "latest_values": {
    "Shanghai_Composite_Index": 3897.028076171875,
    "CSI_300_Index": 4616.830078125,
    "Shenzhen_Component_Index": 13355.419921875,
    "ALUMINUM_future": 2678.25,
    "BTC_price": 114183.234375,
    "OIL_price": 59.779998779296875,
    "USD_CNY_exchange_rate": 7.131499767303467,
    "Commodity_Index_ETF": 22.06999969482422,
    "US_Dollar_Index": 99.2490005493164,
    "ETH_price": 4079.9228515625,
    "GOLD_spot_price": 4093.199951171875,
    "LEAN_HOGS_future": 83.94999694824219,
    "COPPER_future": 5.014999866485596,
    "High_Yield_Bond_ETF": 79.94999694824219,
    "LIVE_CATTLE_future": 242.60000610351562,
    "GOLD_near_month_future": 4093.10009765625,
    "NATURAL_GAS_future": 3.075000047683716,
    "PLATINUM_future": 1680.5,
    "SILVER_future": 49.64500045776367,
    "Long_Term_Treasury_ETF": 90.62000274658203,
    "CORN_future": 413.5,
    "SOYBEANS_future": 1026.0,
    "WHEAT_future": 496.25,
    "SP500_close": 6552.509765625,
    "NASDAQ_close": 22204.4296875,
    "US_10Y_Treasury_Yield": 4.051000118255615,
    "VIX_close": 20.559999465942383,
    "GOLD_basis_spot_vs_near": 0.099853515625,
    "China_10Y_Treasury_Yield": 1.8383
  }
}