{
  "latest_date": "2026-05-22",
  "latest_values": {
    "Shanghai_Composite_Index": 4077.277099609375,
    "CSI_300_Index": 4783.10009765625,
    "Shenzhen_Component_Index": 15247.26953125,
    "ALUMINUM_future": 3616.75,
    "BTC_price": 77130.0,
    "OIL_price": 98.45999908447266,
    "USD_CNY_exchange_rate": 6.80049991607666,
    "Commodity_Index_ETF": 30.700000762939453,
    "US_Dollar_Index": 99.2770004272461,
    "ETH_price": 2118.47998046875,
    "GOLD_spot_price": 4522.89990234375,
    "LEAN_HOGS_future": 95.125,
    "COPPER_future": 6.376500129699707,
    "High_Yield_Bond_ETF": 79.9000015258789,
    "LIVE_CATTLE_future": 249.14999389648438,
    "GOLD_near_month_future": 4522.7998046875,
    "NATURAL_GAS_future": 3.13700008392334,
    "PLATINUM_future": 1949.0,
    "SILVER_future": 76.28500366210938,
    "Long_Term_Treasury_ETF": 84.22000122070312,
    "CORN_future": 464.5,
    "SOYBEANS_future": 1198.75,
    "WHEAT_future": 648.0,
    "SP500_close": 7445.72021484375,
    "NASDAQ_close": 26293.099609375,
    "US_10Y_Treasury_Yield": 4.585999965667725,
    "VIX_close": 16.790000915527344,
    "GOLD_basis_spot_vs_near": 0.10009765625,
    "China_10Y_Treasury_Yield": 1.7448
  }
}