{
  "latest_date": "2026-05-20",
  "latest_values": {
    "Shanghai_Composite_Index": 4169.5380859375,
    "CSI_300_Index": 4852.8798828125,
    "Shenzhen_Component_Index": 15569.91015625,
    "ALUMINUM_future": 3579.5,
    "BTC_price": 77319.8125,
    "OIL_price": 99.12999725341797,
    "USD_CNY_exchange_rate": 6.814499855041504,
    "Commodity_Index_ETF": 30.8799991607666,
    "US_Dollar_Index": 99.1259994506836,
    "ETH_price": 2123.27001953125,
    "GOLD_spot_price": 4540.2001953125,
    "LEAN_HOGS_future": 102.0,
    "COPPER_future": 6.327000141143799,
    "High_Yield_Bond_ETF": 79.86000061035156,
    "LIVE_CATTLE_future": 245.1750030517578,
    "GOLD_near_month_future": 4540.10009765625,
    "NATURAL_GAS_future": 3.0369999408721924,
    "PLATINUM_future": 1957.0999755859375,
    "SILVER_future": 75.93499755859375,
    "Long_Term_Treasury_ETF": 83.91000366210938,
    "CORN_future": 465.75,
    "SOYBEANS_future": 1199.25,
    "WHEAT_future": 661.0,
    "SP500_close": 7432.97021484375,
    "NASDAQ_close": 26270.359375,
    "US_10Y_Treasury_Yield": 4.572000026702881,
    "VIX_close": 17.440000534057617,
    "GOLD_basis_spot_vs_near": 0.10009765625,
    "China_10Y_Treasury_Yield": 1.7382
  }
}