{
  "latest_date": "2025-12-16",
  "latest_values": {
    "Shanghai_Composite_Index": 3824.81201171875,
    "CSI_300_Index": 4497.5546875,
    "Shenzhen_Component_Index": 13112.08984375,
    "ALUMINUM_future": 2870.0,
    "BTC_price": 87026.5390625,
    "OIL_price": 55.2599983215332,
    "USD_CNY_exchange_rate": 7.041100025177002,
    "Commodity_Index_ETF": 22.614999771118164,
    "US_Dollar_Index": 97.93299865722656,
    "ETH_price": 2927.22509765625,
    "GOLD_spot_price": 4361.2998046875,
    "LEAN_HOGS_future": 84.4749984741211,
    "COPPER_future": 5.367499828338623,
    "High_Yield_Bond_ETF": 80.6500015258789,
    "LIVE_CATTLE_future": 230.6999969482422,
    "GOLD_near_month_future": 4362.0,
    "NATURAL_GAS_future": 3.875,
    "PLATINUM_future": 1872.5999755859375,
    "SILVER_future": 63.67499923706055,
    "Long_Term_Treasury_ETF": 87.5801010131836,
    "CORN_future": 437.0,
    "SOYBEANS_future": 1067.25,
    "WHEAT_future": 512.5,
    "SP500_close": 6811.990234375,
    "NASDAQ_close": 23098.998046875,
    "US_10Y_Treasury_Yield": 4.179999828338623,
    "VIX_close": 16.719999313354492,
    "GOLD_basis_spot_vs_near": -0.7001953125,
    "China_10Y_Treasury_Yield": 1.8458
  }
}