{
  "latest_date": "2025-09-18",
  "latest_values": {
    "Shanghai_Composite_Index": 3831.65625,
    "CSI_300_Index": 4498.10888671875,
    "Shenzhen_Component_Index": 13215.4599609375,
    "ALUMINUM_future": 2583.75,
    "BTC_price": 117711.5859375,
    "OIL_price": 63.41999816894531,
    "USD_CNY_exchange_rate": 7.114200115203857,
    "Commodity_Index_ETF": 22.40999984741211,
    "US_Dollar_Index": 97.4520034790039,
    "ETH_price": 4606.31103515625,
    "GOLD_spot_price": 3673.0,
    "LEAN_HOGS_future": 97.4749984741211,
    "COPPER_future": 4.5970001220703125,
    "High_Yield_Bond_ETF": 81.21499633789062,
    "LIVE_CATTLE_future": 231.9250030517578,
    "GOLD_near_month_future": 3673.10009765625,
    "NATURAL_GAS_future": 2.947999954223633,
    "PLATINUM_future": 1395.9000244140625,
    "SILVER_future": 41.970001220703125,
    "Long_Term_Treasury_ETF": 89.16500091552734,
    "CORN_future": 424.75,
    "SOYBEANS_future": 1037.5,
    "WHEAT_future": 525.5,
    "SP500_close": 6633.240234375,
    "NASDAQ_close": 22474.53125,
    "US_10Y_Treasury_Yield": 4.125999927520752,
    "VIX_close": 15.760000228881836,
    "GOLD_basis_spot_vs_near": -0.10009765625,
    "China_10Y_Treasury_Yield": 1.8546
  }
}