{
  "latest_date": "2025-10-08",
  "latest_values": {
    "Shanghai_Composite_Index": 3882.777099609375,
    "CSI_300_Index": 4640.68994140625,
    "Shenzhen_Component_Index": 13526.509765625,
    "ALUMINUM_future": 2716.75,
    "BTC_price": 122824.3515625,
    "OIL_price": 62.66999816894531,
    "USD_CNY_exchange_rate": 7.119999885559082,
    "Commodity_Index_ETF": 22.729999542236328,
    "US_Dollar_Index": 98.8489990234375,
    "ETH_price": 4483.85888671875,
    "GOLD_spot_price": 4059.699951171875,
    "LEAN_HOGS_future": 86.2750015258789,
    "COPPER_future": 5.136499881744385,
    "High_Yield_Bond_ETF": 80.7699966430664,
    "LIVE_CATTLE_future": 237.8000030517578,
    "GOLD_near_month_future": 4059.699951171875,
    "NATURAL_GAS_future": 3.5299999713897705,
    "PLATINUM_future": 1686.4000244140625,
    "SILVER_future": 48.68000030517578,
    "Long_Term_Treasury_ETF": 89.18000030517578,
    "CORN_future": 420.75,
    "SOYBEANS_future": 1041.75,
    "WHEAT_future": 506.75,
    "SP500_close": 6714.58984375,
    "NASDAQ_close": 22788.359375,
    "US_10Y_Treasury_Yield": 4.126999855041504,
    "VIX_close": 16.989999771118164,
    "GOLD_basis_spot_vs_near": 0.0,
    "China_10Y_Treasury_Yield": 1.8605
  }
}