{
  "latest_date": "2025-12-16",
  "latest_values": {
    "Shanghai_Composite_Index": 3867.9208984375,
    "CSI_300_Index": 4552.06005859375,
    "Shenzhen_Component_Index": 13112.08984375,
    "ALUMINUM_future": 2853.75,
    "BTC_price": 85843.59375,
    "OIL_price": 56.5,
    "USD_CNY_exchange_rate": 7.042200088500977,
    "Commodity_Index_ETF": 22.809999465942383,
    "US_Dollar_Index": 98.26200103759766,
    "ETH_price": 2918.5205078125,
    "GOLD_spot_price": 4315.7998046875,
    "LEAN_HOGS_future": 83.82499694824219,
    "COPPER_future": 5.3414998054504395,
    "High_Yield_Bond_ETF": 80.61000061035156,
    "LIVE_CATTLE_future": 230.5749969482422,
    "GOLD_near_month_future": 4315.7998046875,
    "NATURAL_GAS_future": 3.990000009536743,
    "PLATINUM_future": 1836.800048828125,
    "SILVER_future": 62.845001220703125,
    "Long_Term_Treasury_ETF": 87.4000015258789,
    "CORN_future": 438.75,
    "SOYBEANS_future": 1072.25,
    "WHEAT_future": 516.5,
    "SP500_close": 6816.509765625,
    "NASDAQ_close": 23057.41015625,
    "US_10Y_Treasury_Yield": 4.182000160217285,
    "VIX_close": 16.5,
    "GOLD_basis_spot_vs_near": 0.0,
    "China_10Y_Treasury_Yield": 1.8488
  }
}