{
  "latest_date": "2026-04-22",
  "latest_values": {
    "Shanghai_Composite_Index": 4085.076904296875,
    "CSI_300_Index": 4768.0,
    "Shenzhen_Component_Index": 14982.1396484375,
    "ALUMINUM_future": 3578.75,
    "BTC_price": 78768.1015625,
    "OIL_price": 92.54000091552734,
    "USD_CNY_exchange_rate": 6.820799827575684,
    "Commodity_Index_ETF": 29.510000228881836,
    "US_Dollar_Index": 98.6050033569336,
    "ETH_price": 2402.639892578125,
    "GOLD_spot_price": 4754.2001953125,
    "LEAN_HOGS_future": 102.5,
    "COPPER_future": 6.132500171661377,
    "High_Yield_Bond_ETF": 80.5,
    "LIVE_CATTLE_future": 243.22500610351562,
    "GOLD_near_month_future": 4754.10009765625,
    "NATURAL_GAS_future": 2.7130000591278076,
    "PLATINUM_future": 2083.39990234375,
    "SILVER_future": 77.58499908447266,
    "Long_Term_Treasury_ETF": 86.73999786376953,
    "CORN_future": 462.5,
    "SOYBEANS_future": 1179.0,
    "WHEAT_future": 607.25,
    "SP500_close": 7137.89990234375,
    "NASDAQ_close": 24657.56640625,
    "US_10Y_Treasury_Yield": 4.293999671936035,
    "VIX_close": 18.920000076293945,
    "GOLD_basis_spot_vs_near": 0.10009765625,
    "China_10Y_Treasury_Yield": 1.7389
  }
}