{
  "latest_date": "2026-06-05",
  "latest_values": {
    "Shanghai_Composite_Index": 4057.781005859375,
    "CSI_300_Index": 4816.919921875,
    "Shenzhen_Component_Index": 15661.5703125,
    "ALUMINUM_future": 3719.5,
    "BTC_price": 62284.30859375,
    "OIL_price": 93.05999755859375,
    "USD_CNY_exchange_rate": 6.769199848175049,
    "Commodity_Index_ETF": 29.8799991607666,
    "US_Dollar_Index": 99.2300033569336,
    "ETH_price": 1671.469970703125,
    "GOLD_spot_price": 4490.89990234375,
    "LEAN_HOGS_future": 95.30000305175781,
    "COPPER_future": 6.439000129699707,
    "High_Yield_Bond_ETF": 79.83000183105469,
    "LIVE_CATTLE_future": 249.1750030517578,
    "GOLD_near_month_future": 4490.89990234375,
    "NATURAL_GAS_future": 3.305000066757202,
    "PLATINUM_future": 1888.199951171875,
    "SILVER_future": 72.80500030517578,
    "Long_Term_Treasury_ETF": 85.5,
    "CORN_future": 421.0,
    "SOYBEANS_future": 1127.5,
    "WHEAT_future": 583.0,
    "SP500_close": 7584.31005859375,
    "NASDAQ_close": 26830.9609375,
    "US_10Y_Treasury_Yield": 4.4770002365112305,
    "VIX_close": 15.640000343322754,
    "GOLD_basis_spot_vs_near": 0.0,
    "China_10Y_Treasury_Yield": 1.7207
  }
}