{
  "latest_date": "2025-12-04",
  "latest_values": {
    "Shanghai_Composite_Index": 3875.793212890625,
    "CSI_300_Index": 4546.56640625,
    "Shenzhen_Component_Index": 12955.25,
    "ALUMINUM_future": 2895.25,
    "BTC_price": 92303.2890625,
    "OIL_price": 58.880001068115234,
    "USD_CNY_exchange_rate": 7.070899963378906,
    "Commodity_Index_ETF": 23.06220054626465,
    "US_Dollar_Index": 98.84100341796875,
    "ETH_price": 3163.91748046875,
    "GOLD_spot_price": 4231.2998046875,
    "LEAN_HOGS_future": 80.9749984741211,
    "COPPER_future": 5.353000164031982,
    "High_Yield_Bond_ETF": 80.63500213623047,
    "LIVE_CATTLE_future": 223.625,
    "GOLD_near_month_future": 4231.2998046875,
    "NATURAL_GAS_future": 4.928999900817871,
    "PLATINUM_future": 1651.4000244140625,
    "SILVER_future": 57.244998931884766,
    "Long_Term_Treasury_ETF": 88.71499633789062,
    "CORN_future": 444.25,
    "SOYBEANS_future": 1116.75,
    "WHEAT_future": 534.25,
    "SP500_close": 6844.8798828125,
    "NASDAQ_close": 23412.142578125,
    "US_10Y_Treasury_Yield": 4.090000152587891,
    "VIX_close": 16.440000534057617,
    "GOLD_basis_spot_vs_near": 0.0,
    "China_10Y_Treasury_Yield": 1.8718
  }
}