{
  "latest_date": "2025-12-19",
  "latest_values": {
    "Shanghai_Composite_Index": 3876.37060546875,
    "CSI_300_Index": 4552.79248046875,
    "Shenzhen_Component_Index": 13053.974609375,
    "ALUMINUM_future": 2919.0,
    "BTC_price": 85482.8515625,
    "OIL_price": 55.849998474121094,
    "USD_CNY_exchange_rate": 7.040599822998047,
    "Commodity_Index_ETF": 22.690000534057617,
    "US_Dollar_Index": 98.41799926757812,
    "ETH_price": 2829.97314453125,
    "GOLD_spot_price": 4365.7001953125,
    "LEAN_HOGS_future": 84.07499694824219,
    "COPPER_future": 5.42549991607666,
    "High_Yield_Bond_ETF": 80.77999877929688,
    "LIVE_CATTLE_future": 228.52499389648438,
    "GOLD_near_month_future": 4365.39990234375,
    "NATURAL_GAS_future": 3.944999933242798,
    "PLATINUM_future": 1965.300048828125,
    "SILVER_future": 65.625,
    "Long_Term_Treasury_ETF": 88.22000122070312,
    "CORN_future": 444.0,
    "SOYBEANS_future": 1051.5,
    "WHEAT_future": 508.0,
    "SP500_close": 6774.759765625,
    "NASDAQ_close": 23006.361328125,
    "US_10Y_Treasury_Yield": 4.116000175476074,
    "VIX_close": 16.8700008392334,
    "GOLD_basis_spot_vs_near": 0.30029296875,
    "China_10Y_Treasury_Yield": 1.8356
  }
}