{
  "latest_date": "2025-09-29",
  "latest_values": {
    "Shanghai_Composite_Index": 3862.53173828125,
    "CSI_300_Index": 4620.052734375,
    "Shenzhen_Component_Index": 13479.427734375,
    "ALUMINUM_future": 2613.25,
    "BTC_price": 113694.9375,
    "OIL_price": 63.31999969482422,
    "USD_CNY_exchange_rate": 7.133800029754639,
    "Commodity_Index_ETF": 22.635000228881836,
    "US_Dollar_Index": 97.9229965209961,
    "ETH_price": 4140.373046875,
    "GOLD_spot_price": 3858.5,
    "LEAN_HOGS_future": 92.19999694824219,
    "COPPER_future": 4.889999866485596,
    "High_Yield_Bond_ETF": 81.18000030517578,
    "LIVE_CATTLE_future": 233.8000030517578,
    "GOLD_near_month_future": 3858.699951171875,
    "NATURAL_GAS_future": 3.2709999084472656,
    "PLATINUM_future": 1629.199951171875,
    "SILVER_future": 47.16999816894531,
    "Long_Term_Treasury_ETF": 89.62349700927734,
    "CORN_future": 421.75,
    "SOYBEANS_future": 1010.5,
    "WHEAT_future": 521.25,
    "SP500_close": 6652.33984375,
    "NASDAQ_close": 22581.501953125,
    "US_10Y_Treasury_Yield": 4.138999938964844,
    "VIX_close": 16.040000915527344,
    "GOLD_basis_spot_vs_near": -0.199951171875,
    "China_10Y_Treasury_Yield": 1.887
  }
}