{
  "latest_date": "2025-11-24",
  "latest_values": {
    "Shanghai_Composite_Index": 3836.765380859375,
    "CSI_300_Index": 4448.0478515625,
    "Shenzhen_Component_Index": 12585.083984375,
    "ALUMINUM_future": 2753.0,
    "BTC_price": 88652.84375,
    "OIL_price": 58.81999969482422,
    "USD_CNY_exchange_rate": 7.101500034332275,
    "Commodity_Index_ETF": 22.614999771118164,
    "US_Dollar_Index": 100.16999816894531,
    "ETH_price": 2957.732666015625,
    "GOLD_spot_price": 4120.0,
    "LEAN_HOGS_future": 79.30000305175781,
    "COPPER_future": 4.986000061035156,
    "High_Yield_Bond_ETF": 80.49579620361328,
    "LIVE_CATTLE_future": 207.52499389648438,
    "GOLD_near_month_future": 4119.60009765625,
    "NATURAL_GAS_future": 4.681000232696533,
    "PLATINUM_future": 1561.699951171875,
    "SILVER_future": 50.70000076293945,
    "Long_Term_Treasury_ETF": 90.0250015258789,
    "CORN_future": 424.0,
    "SOYBEANS_future": 1125.5,
    "WHEAT_future": 535.25,
    "SP500_close": 6710.5400390625,
    "NASDAQ_close": 22865.107421875,
    "US_10Y_Treasury_Yield": 4.038000106811523,
    "VIX_close": 20.770000457763672,
    "GOLD_basis_spot_vs_near": 0.39990234375,
    "China_10Y_Treasury_Yield": 1.821
  }
}