{
  "latest_date": "2025-11-07",
  "latest_values": {
    "Shanghai_Composite_Index": 3997.5556640625,
    "CSI_300_Index": 4678.79443359375,
    "Shenzhen_Component_Index": 13404.0556640625,
    "ALUMINUM_future": 2833.25,
    "BTC_price": 101110.3828125,
    "OIL_price": 59.7599983215332,
    "USD_CNY_exchange_rate": 7.121399879455566,
    "Commodity_Index_ETF": 22.905000686645508,
    "US_Dollar_Index": 99.45500183105469,
    "ETH_price": 3306.13818359375,
    "GOLD_spot_price": 4019.699951171875,
    "LEAN_HOGS_future": 79.30000305175781,
    "COPPER_future": 4.9704999923706055,
    "High_Yield_Bond_ETF": 80.12149810791016,
    "LIVE_CATTLE_future": 220.60000610351562,
    "GOLD_near_month_future": 4019.89990234375,
    "NATURAL_GAS_future": 4.331999778747559,
    "PLATINUM_future": 1558.5999755859375,
    "SILVER_future": 48.334999084472656,
    "Long_Term_Treasury_ETF": 89.84120178222656,
    "CORN_future": 428.5,
    "SOYBEANS_future": 1116.75,
    "WHEAT_future": 530.25,
    "SP500_close": 6635.66015625,
    "NASDAQ_close": 22579.314453125,
    "US_10Y_Treasury_Yield": 4.068999767303467,
    "VIX_close": 22.049999237060547,
    "GOLD_basis_spot_vs_near": -0.199951171875,
    "China_10Y_Treasury_Yield": 1.8142
  }
}