{
  "latest_date": "2025-09-25",
  "latest_values": {
    "Shanghai_Composite_Index": 3853.64208984375,
    "CSI_300_Index": 4566.06982421875,
    "Shenzhen_Component_Index": 13356.1396484375,
    "ALUMINUM_future": 2597.75,
    "BTC_price": 111647.9453125,
    "OIL_price": 64.58000183105469,
    "USD_CNY_exchange_rate": 7.111599922180176,
    "Commodity_Index_ETF": 22.639999389648438,
    "US_Dollar_Index": 97.81199645996094,
    "ETH_price": 4026.284423828125,
    "GOLD_spot_price": 3787.39990234375,
    "LEAN_HOGS_future": 89.6500015258789,
    "COPPER_future": 4.888000011444092,
    "High_Yield_Bond_ETF": 81.1500015258789,
    "LIVE_CATTLE_future": 234.25,
    "GOLD_near_month_future": 3787.300048828125,
    "NATURAL_GAS_future": 3.1519999504089355,
    "PLATINUM_future": 1529.9000244140625,
    "SILVER_future": 45.275001525878906,
    "Long_Term_Treasury_ETF": 88.9800033569336,
    "CORN_future": 426.25,
    "SOYBEANS_future": 1015.5,
    "WHEAT_future": 522.0,
    "SP500_close": 6637.97021484375,
    "NASDAQ_close": 22497.859375,
    "US_10Y_Treasury_Yield": 4.146999835968018,
    "VIX_close": 16.510000228881836,
    "GOLD_basis_spot_vs_near": 0.099853515625,
    "China_10Y_Treasury_Yield": 1.884
  }
}