{
  "latest_date": "2026-03-30",
  "latest_values": {
    "Shanghai_Composite_Index": 3923.286865234375,
    "CSI_300_Index": 4491.9501953125,
    "Shenzhen_Component_Index": 13726.1904296875,
    "ALUMINUM_future": 3355.25,
    "BTC_price": 67377.7109375,
    "OIL_price": 101.55000305175781,
    "USD_CNY_exchange_rate": 6.910699844360352,
    "Commodity_Index_ETF": 29.100000381469727,
    "US_Dollar_Index": 100.23100280761719,
    "ETH_price": 2052.976318359375,
    "GOLD_spot_price": 4563.89990234375,
    "LEAN_HOGS_future": 90.7750015258789,
    "COPPER_future": 5.521500110626221,
    "High_Yield_Bond_ETF": 78.72000122070312,
    "LIVE_CATTLE_future": 238.5,
    "GOLD_near_month_future": 4564.0,
    "NATURAL_GAS_future": 2.933000087738037,
    "PLATINUM_future": 1921.9000244140625,
    "SILVER_future": 71.08499908447266,
    "Long_Term_Treasury_ETF": 85.63999938964844,
    "CORN_future": 462.75,
    "SOYBEANS_future": 1166.5,
    "WHEAT_future": 605.0,
    "SP500_close": 6368.85009765625,
    "NASDAQ_close": 20948.359375,
    "US_10Y_Treasury_Yield": 4.440000057220459,
    "VIX_close": 31.1299991607666,
    "GOLD_basis_spot_vs_near": -0.10009765625,
    "China_10Y_Treasury_Yield": 1.8063
  }
}