{
  "latest_date": "2025-10-07",
  "latest_values": {
    "Shanghai_Composite_Index": 3882.777099609375,
    "CSI_300_Index": 4640.68994140625,
    "Shenzhen_Component_Index": 13526.509765625,
    "ALUMINUM_future": 2667.25,
    "BTC_price": 124492.015625,
    "OIL_price": 61.790000915527344,
    "USD_CNY_exchange_rate": 7.119999885559082,
    "Commodity_Index_ETF": 22.639999389648438,
    "US_Dollar_Index": 98.50499725341797,
    "ETH_price": 4706.88232421875,
    "GOLD_spot_price": 3991.10009765625,
    "LEAN_HOGS_future": 87.25,
    "COPPER_future": 5.076499938964844,
    "High_Yield_Bond_ETF": 80.86000061035156,
    "LIVE_CATTLE_future": 236.625,
    "GOLD_near_month_future": 3990.89990234375,
    "NATURAL_GAS_future": 3.4200000762939453,
    "PLATINUM_future": 1659.300048828125,
    "SILVER_future": 48.470001220703125,
    "Long_Term_Treasury_ETF": 88.66999816894531,
    "CORN_future": 422.25,
    "SOYBEANS_future": 1038.75,
    "WHEAT_future": 514.25,
    "SP500_close": 6740.27978515625,
    "NASDAQ_close": 22941.669921875,
    "US_10Y_Treasury_Yield": 4.1620001792907715,
    "VIX_close": 16.459999084472656,
    "GOLD_basis_spot_vs_near": 0.2001953125,
    "China_10Y_Treasury_Yield": 1.8605
  }
}