{
  "latest_date": "2026-02-19",
  "latest_values": {
    "Shanghai_Composite_Index": 4082.072998046875,
    "CSI_300_Index": 4660.41015625,
    "Shenzhen_Component_Index": 14100.1904296875,
    "ALUMINUM_future": 3044.75,
    "BTC_price": 67186.1328125,
    "OIL_price": 65.23999786376953,
    "USD_CNY_exchange_rate": 6.903200149536133,
    "Commodity_Index_ETF": 24.209999084472656,
    "US_Dollar_Index": 97.68699645996094,
    "ETH_price": 1984.8841552734375,
    "GOLD_spot_price": 5038.0,
    "LEAN_HOGS_future": 92.55000305175781,
    "COPPER_future": 5.803500175476074,
    "High_Yield_Bond_ETF": 80.91000366210938,
    "LIVE_CATTLE_future": 242.52499389648438,
    "GOLD_near_month_future": 5037.89990234375,
    "NATURAL_GAS_future": 3.0160000324249268,
    "PLATINUM_future": 2109.60009765625,
    "SILVER_future": 78.95999908447266,
    "Long_Term_Treasury_ETF": 89.52999877929688,
    "CORN_future": 427.25,
    "SOYBEANS_future": 1150.5,
    "WHEAT_future": 555.75,
    "SP500_close": 6881.31005859375,
    "NASDAQ_close": 22753.630859375,
    "US_10Y_Treasury_Yield": 4.078999996185303,
    "VIX_close": 19.6200008392334,
    "GOLD_basis_spot_vs_near": 0.10009765625,
    "China_10Y_Treasury_Yield": 1.7899
  }
}