{
  "latest_date": "2025-11-20",
  "latest_values": {
    "Shanghai_Composite_Index": 3946.741943359375,
    "CSI_300_Index": 4588.2900390625,
    "Shenzhen_Component_Index": 13080.08984375,
    "ALUMINUM_future": 2796.0,
    "BTC_price": 91701.1328125,
    "OIL_price": 59.900001525878906,
    "USD_CNY_exchange_rate": 7.112599849700928,
    "Commodity_Index_ETF": 22.899999618530273,
    "US_Dollar_Index": 100.30400085449219,
    "ETH_price": 3026.21337890625,
    "GOLD_spot_price": 4088.0,
    "LEAN_HOGS_future": 78.67500305175781,
    "COPPER_future": 5.03849983215332,
    "High_Yield_Bond_ETF": 80.1500015258789,
    "LIVE_CATTLE_future": 217.14999389648438,
    "GOLD_near_month_future": 4088.0,
    "NATURAL_GAS_future": 4.745999813079834,
    "PLATINUM_future": 1564.300048828125,
    "SILVER_future": 51.040000915527344,
    "Long_Term_Treasury_ETF": 88.87999725341797,
    "CORN_future": 430.25,
    "SOYBEANS_future": 1137.25,
    "WHEAT_future": 541.5,
    "SP500_close": 6642.16015625,
    "NASDAQ_close": 22564.23046875,
    "US_10Y_Treasury_Yield": 4.132999897003174,
    "VIX_close": 20.59000015258789,
    "GOLD_basis_spot_vs_near": 0.0,
    "China_10Y_Treasury_Yield": 1.8135
  }
}