{
  "latest_date": "2026-03-23",
  "latest_values": {
    "Shanghai_Composite_Index": 3813.282958984375,
    "CSI_300_Index": 4417.9970703125,
    "Shenzhen_Component_Index": 13345.513671875,
    "ALUMINUM_future": 3122.25,
    "BTC_price": 70705.9609375,
    "OIL_price": 88.83999633789062,
    "USD_CNY_exchange_rate": 6.880199909210205,
    "Commodity_Index_ETF": 27.729999542236328,
    "US_Dollar_Index": 99.14099884033203,
    "ETH_price": 2156.272705078125,
    "GOLD_spot_price": 4397.10009765625,
    "LEAN_HOGS_future": 104.375,
    "COPPER_future": 5.480000019073486,
    "High_Yield_Bond_ETF": 79.44499969482422,
    "LIVE_CATTLE_future": 234.6999969482422,
    "GOLD_near_month_future": 4397.2998046875,
    "NATURAL_GAS_future": 2.8959999084472656,
    "PLATINUM_future": 1867.300048828125,
    "SILVER_future": 69.01499938964844,
    "Long_Term_Treasury_ETF": 86.38500213623047,
    "CORN_future": 460.5,
    "SOYBEANS_future": 1164.5,
    "WHEAT_future": 589.25,
    "SP500_close": 6581.0,
    "NASDAQ_close": 21946.759765625,
    "US_10Y_Treasury_Yield": 4.334000110626221,
    "VIX_close": 26.18000030517578,
    "GOLD_basis_spot_vs_near": -0.19970703125,
    "China_10Y_Treasury_Yield": 1.8316
  }
}