{
  "latest_date": "2025-10-09",
  "latest_values": {
    "Shanghai_Composite_Index": 3882.777099609375,
    "CSI_300_Index": 4640.68994140625,
    "Shenzhen_Component_Index": 13526.509765625,
    "ALUMINUM_future": 2764.25,
    "BTC_price": 122324.6015625,
    "OIL_price": 62.15999984741211,
    "USD_CNY_exchange_rate": 7.11899995803833,
    "Commodity_Index_ETF": 22.760000228881836,
    "US_Dollar_Index": 98.95500183105469,
    "ETH_price": 4361.6435546875,
    "GOLD_spot_price": 4061.60009765625,
    "LEAN_HOGS_future": 86.125,
    "COPPER_future": 5.178999900817871,
    "High_Yield_Bond_ETF": 80.6500015258789,
    "LIVE_CATTLE_future": 239.0,
    "GOLD_near_month_future": 4061.5,
    "NATURAL_GAS_future": 3.3359999656677246,
    "PLATINUM_future": 1702.199951171875,
    "SILVER_future": 48.68000030517578,
    "Long_Term_Treasury_ETF": 89.25,
    "CORN_future": 420.75,
    "SOYBEANS_future": 1039.25,
    "WHEAT_future": 509.5,
    "SP500_close": 6753.72021484375,
    "NASDAQ_close": 23043.380859375,
    "US_10Y_Treasury_Yield": 4.129000186920166,
    "VIX_close": 16.510000228881836,
    "GOLD_basis_spot_vs_near": 0.10009765625,
    "China_10Y_Treasury_Yield": 1.8466
  }
}