{
  "latest_date": "2025-12-22",
  "latest_values": {
    "Shanghai_Composite_Index": 3890.447998046875,
    "CSI_300_Index": 4568.18017578125,
    "Shenzhen_Component_Index": 13140.2099609375,
    "ALUMINUM_future": 2962.5,
    "BTC_price": 89693.6953125,
    "OIL_price": 57.06999969482422,
    "USD_CNY_exchange_rate": 7.036799907684326,
    "Commodity_Index_ETF": 22.850000381469727,
    "US_Dollar_Index": 98.51399993896484,
    "ETH_price": 3034.515625,
    "GOLD_spot_price": 4447.7998046875,
    "LEAN_HOGS_future": 84.5,
    "COPPER_future": 5.510000228881836,
    "High_Yield_Bond_ETF": 80.36000061035156,
    "LIVE_CATTLE_future": 230.8000030517578,
    "GOLD_near_month_future": 4447.7998046875,
    "NATURAL_GAS_future": 4.093999862670898,
    "PLATINUM_future": 2103.699951171875,
    "SILVER_future": 68.97000122070312,
    "Long_Term_Treasury_ETF": 87.55000305175781,
    "CORN_future": 446.25,
    "SOYBEANS_future": 1064.0,
    "WHEAT_future": 513.5,
    "SP500_close": 6834.5,
    "NASDAQ_close": 23307.619140625,
    "US_10Y_Treasury_Yield": 4.151000022888184,
    "VIX_close": 15.029999732971191,
    "GOLD_basis_spot_vs_near": 0.0,
    "China_10Y_Treasury_Yield": 1.8415
  }
}