{
  "latest_date": "2026-04-21",
  "latest_values": {
    "Shanghai_Composite_Index": 4082.126953125,
    "CSI_300_Index": 4757.43994140625,
    "Shenzhen_Component_Index": 14966.75,
    "ALUMINUM_future": 3546.0,
    "BTC_price": 75850.9375,
    "OIL_price": 85.93000030517578,
    "USD_CNY_exchange_rate": 6.816999912261963,
    "Commodity_Index_ETF": 28.670000076293945,
    "US_Dollar_Index": 98.10099792480469,
    "ETH_price": 2314.800048828125,
    "GOLD_spot_price": 4814.7998046875,
    "LEAN_HOGS_future": 94.2249984741211,
    "COPPER_future": 6.035999774932861,
    "High_Yield_Bond_ETF": 80.58000183105469,
    "LIVE_CATTLE_future": 249.60000610351562,
    "GOLD_near_month_future": 4814.7998046875,
    "NATURAL_GAS_future": 2.6559998989105225,
    "PLATINUM_future": 2093.699951171875,
    "SILVER_future": 79.3550033569336,
    "Long_Term_Treasury_ETF": 87.05000305175781,
    "CORN_future": 459.25,
    "SOYBEANS_future": 1185.25,
    "WHEAT_future": 606.25,
    "SP500_close": 7109.14013671875,
    "NASDAQ_close": 24404.390625,
    "US_10Y_Treasury_Yield": 4.25,
    "VIX_close": 18.8700008392334,
    "GOLD_basis_spot_vs_near": 0.0,
    "China_10Y_Treasury_Yield": 1.7627
  }
}