{
  "latest_date": "2026-04-24",
  "latest_values": {
    "Shanghai_Composite_Index": 4093.25,
    "CSI_300_Index": 4786.330078125,
    "Shenzhen_Component_Index": 15043.4501953125,
    "ALUMINUM_future": 3565.75,
    "BTC_price": 77806.1796875,
    "OIL_price": 97.16999816894531,
    "USD_CNY_exchange_rate": 6.82420015335083,
    "Commodity_Index_ETF": 29.889999389648438,
    "US_Dollar_Index": 98.7750015258789,
    "ETH_price": 2315.8798828125,
    "GOLD_spot_price": 4701.5,
    "LEAN_HOGS_future": 95.6500015258789,
    "COPPER_future": 6.010499954223633,
    "High_Yield_Bond_ETF": 80.37000274658203,
    "LIVE_CATTLE_future": 247.0749969482422,
    "GOLD_near_month_future": 4701.5,
    "NATURAL_GAS_future": 2.7330000400543213,
    "PLATINUM_future": 1985.0,
    "SILVER_future": 74.6050033569336,
    "Long_Term_Treasury_ETF": 86.55000305175781,
    "CORN_future": 465.25,
    "SOYBEANS_future": 1177.5,
    "WHEAT_future": 619.75,
    "SP500_close": 7108.39990234375,
    "NASDAQ_close": 24438.5,
    "US_10Y_Treasury_Yield": 4.322999954223633,
    "VIX_close": 18.969999313354492,
    "GOLD_basis_spot_vs_near": 0.0,
    "China_10Y_Treasury_Yield": 1.7548
  }
}