{
  "latest_date": "2026-02-09",
  "latest_values": {
    "Shanghai_Composite_Index": 4065.5830078125,
    "CSI_300_Index": 4643.60009765625,
    "Shenzhen_Component_Index": 13906.73046875,
    "ALUMINUM_future": 3023.75,
    "BTC_price": 68605.5390625,
    "OIL_price": 63.709999084472656,
    "USD_CNY_exchange_rate": 6.922500133514404,
    "Commodity_Index_ETF": 24.010000228881836,
    "US_Dollar_Index": 97.36000061035156,
    "ETH_price": 2022.52392578125,
    "GOLD_spot_price": 5012.7998046875,
    "LEAN_HOGS_future": 87.375,
    "COPPER_future": 5.86899995803833,
    "High_Yield_Bond_ETF": 80.80999755859375,
    "LIVE_CATTLE_future": 237.75,
    "GOLD_near_month_future": 5013.39990234375,
    "NATURAL_GAS_future": 3.1700000762939453,
    "PLATINUM_future": 2055.699951171875,
    "SILVER_future": 79.12999725341797,
    "Long_Term_Treasury_ETF": 87.54000091552734,
    "CORN_future": 428.25,
    "SOYBEANS_future": 1110.0,
    "WHEAT_future": 527.5,
    "SP500_close": 6932.2998046875,
    "NASDAQ_close": 23031.2109375,
    "US_10Y_Treasury_Yield": 4.205999851226807,
    "VIX_close": 18.860000610351562,
    "GOLD_basis_spot_vs_near": -0.60009765625,
    "China_10Y_Treasury_Yield": 1.8114
  }
}