{
  "latest_date": "2026-06-05",
  "latest_values": {
    "Shanghai_Composite_Index": 4057.781005859375,
    "CSI_300_Index": 4904.75,
    "Shenzhen_Component_Index": 15661.5703125,
    "ALUMINUM_future": 3644.0,
    "BTC_price": 61367.94921875,
    "OIL_price": 90.31999969482422,
    "USD_CNY_exchange_rate": 6.773499965667725,
    "Commodity_Index_ETF": 29.229999542236328,
    "US_Dollar_Index": 100.05799865722656,
    "ETH_price": 1602.0699462890625,
    "GOLD_spot_price": 4349.39990234375,
    "LEAN_HOGS_future": 98.69999694824219,
    "COPPER_future": 6.260499954223633,
    "High_Yield_Bond_ETF": 79.43000030517578,
    "LIVE_CATTLE_future": 241.625,
    "GOLD_near_month_future": 4349.2998046875,
    "NATURAL_GAS_future": 3.2160000801086426,
    "PLATINUM_future": 1775.9000244140625,
    "SILVER_future": 67.98500061035156,
    "Long_Term_Treasury_ETF": 85.05999755859375,
    "CORN_future": 418.0,
    "SOYBEANS_future": 1122.25,
    "WHEAT_future": 580.25,
    "SP500_close": 7383.740234375,
    "NASDAQ_close": 25709.431640625,
    "US_10Y_Treasury_Yield": 4.5360002517700195,
    "VIX_close": 21.510000228881836,
    "GOLD_basis_spot_vs_near": 0.10009765625,
    "China_10Y_Treasury_Yield": 1.7207
  }
}