{
  "latest_date": "2026-03-13",
  "latest_values": {
    "Shanghai_Composite_Index": 4129.10302734375,
    "CSI_300_Index": 4687.56005859375,
    "Shenzhen_Component_Index": 14374.8701171875,
    "ALUMINUM_future": 3460.5,
    "BTC_price": 73546.640625,
    "OIL_price": 94.5,
    "USD_CNY_exchange_rate": 6.895599842071533,
    "Commodity_Index_ETF": 28.520000457763672,
    "ETH_price": 2192.8818359375,
    "GOLD_spot_price": 5102.10009765625,
    "LEAN_HOGS_future": 85.82499694824219,
    "COPPER_future": 5.811999797821045,
    "High_Yield_Bond_ETF": 79.51000213623047,
    "LIVE_CATTLE_future": 226.14999389648438,
    "GOLD_near_month_future": 5101.5,
    "NATURAL_GAS_future": 3.1540000438690186,
    "PLATINUM_future": 2056.10009765625,
    "SILVER_future": 82.99500274658203,
    "Long_Term_Treasury_ETF": 87.08000183105469,
    "CORN_future": 460.25,
    "SOYBEANS_future": 1213.75,
    "WHEAT_future": 599.75,
    "SP500_close": 6696.33984375,
    "NASDAQ_close": 22396.126953125,
    "US_10Y_Treasury_Yield": 4.243000030517578,
    "VIX_close": 25.43000030517578,
    "GOLD_basis_spot_vs_near": 0.60009765625,
    "China_10Y_Treasury_Yield": 1.8143
  }
}