{
  "latest_date": "2025-11-26",
  "latest_values": {
    "Shanghai_Composite_Index": 3870.02294921875,
    "CSI_300_Index": 4490.41015625,
    "Shenzhen_Component_Index": 12777.3095703125,
    "ALUMINUM_future": 2740.5,
    "BTC_price": 86774.4921875,
    "OIL_price": 57.90999984741211,
    "USD_CNY_exchange_rate": 7.078999996185303,
    "Commodity_Index_ETF": 22.520000457763672,
    "US_Dollar_Index": 99.77100372314453,
    "ETH_price": 2898.4111328125,
    "GOLD_spot_price": 4205.89990234375,
    "LEAN_HOGS_future": 79.0,
    "COPPER_future": 5.203999996185303,
    "High_Yield_Bond_ETF": 80.87000274658203,
    "LIVE_CATTLE_future": 207.0,
    "GOLD_near_month_future": 4206.0,
    "NATURAL_GAS_future": 4.539999961853027,
    "PLATINUM_future": 1580.5,
    "SILVER_future": 52.78499984741211,
    "Long_Term_Treasury_ETF": 90.23999786376953,
    "CORN_future": 423.75,
    "SOYBEANS_future": 1125.25,
    "WHEAT_future": 526.25,
    "SP500_close": 6765.8798828125,
    "NASDAQ_close": 23025.58984375,
    "US_10Y_Treasury_Yield": 4.001999855041504,
    "VIX_close": 18.440000534057617,
    "GOLD_basis_spot_vs_near": -0.10009765625,
    "China_10Y_Treasury_Yield": 1.8462
  }
}