{
  "latest_date": "2025-10-08",
  "latest_values": {
    "Shanghai_Composite_Index": 3882.777099609375,
    "CSI_300_Index": 4640.68994140625,
    "Shenzhen_Component_Index": 13526.509765625,
    "ALUMINUM_future": 2708.75,
    "BTC_price": 122545.84375,
    "OIL_price": 62.619998931884766,
    "USD_CNY_exchange_rate": 7.11899995803833,
    "Commodity_Index_ETF": 22.729999542236328,
    "US_Dollar_Index": 98.77999877929688,
    "ETH_price": 4477.80126953125,
    "GOLD_spot_price": 4065.800048828125,
    "LEAN_HOGS_future": 86.2750015258789,
    "COPPER_future": 5.113500118255615,
    "High_Yield_Bond_ETF": 80.7699966430664,
    "LIVE_CATTLE_future": 237.8000030517578,
    "GOLD_near_month_future": 4065.60009765625,
    "NATURAL_GAS_future": 3.450000047683716,
    "PLATINUM_future": 1697.800048828125,
    "SILVER_future": 48.685001373291016,
    "Long_Term_Treasury_ETF": 89.18000030517578,
    "CORN_future": 420.5,
    "SOYBEANS_future": 1040.75,
    "WHEAT_future": 507.0,
    "SP500_close": 6714.58984375,
    "NASDAQ_close": 22788.359375,
    "US_10Y_Treasury_Yield": 4.104000091552734,
    "VIX_close": 17.110000610351562,
    "GOLD_basis_spot_vs_near": 0.199951171875,
    "China_10Y_Treasury_Yield": 1.8605
  }
}