{
  "latest_date": "2025-10-10",
  "latest_values": {
    "Shanghai_Composite_Index": 3933.971923828125,
    "CSI_300_Index": 4709.47998046875,
    "Shenzhen_Component_Index": 13725.5595703125,
    "ALUMINUM_future": 2764.25,
    "BTC_price": 121158.59375,
    "OIL_price": 61.470001220703125,
    "USD_CNY_exchange_rate": 7.118500232696533,
    "Commodity_Index_ETF": 22.549999237060547,
    "US_Dollar_Index": 99.33300018310547,
    "ETH_price": 4355.66162109375,
    "GOLD_spot_price": 3990.10009765625,
    "LEAN_HOGS_future": 84.44999694824219,
    "COPPER_future": 5.112500190734863,
    "High_Yield_Bond_ETF": 80.41999816894531,
    "LIVE_CATTLE_future": 239.89999389648438,
    "GOLD_near_month_future": 3990.300048828125,
    "NATURAL_GAS_future": 3.240000009536743,
    "PLATINUM_future": 1639.300048828125,
    "SILVER_future": 47.32500076293945,
    "Long_Term_Treasury_ETF": 89.18000030517578,
    "CORN_future": 419.25,
    "SOYBEANS_future": 1039.0,
    "WHEAT_future": 508.25,
    "SP500_close": 6735.10986328125,
    "NASDAQ_close": 23024.630859375,
    "US_10Y_Treasury_Yield": 4.1479997634887695,
    "VIX_close": 16.43000030517578,
    "GOLD_basis_spot_vs_near": -0.199951171875,
    "China_10Y_Treasury_Yield": 1.8466
  }
}