{
  "latest_date": "2026-04-10",
  "latest_values": {
    "Shanghai_Composite_Index": 3966.1708984375,
    "CSI_300_Index": 4566.22021484375,
    "Shenzhen_Component_Index": 13996.26953125,
    "ALUMINUM_future": 3417.25,
    "BTC_price": 72838.140625,
    "OIL_price": 98.20999908447266,
    "USD_CNY_exchange_rate": 6.828700065612793,
    "Commodity_Index_ETF": 28.735000610351562,
    "US_Dollar_Index": 98.72200012207031,
    "ETH_price": 2241.615234375,
    "GOLD_spot_price": 4785.89990234375,
    "LEAN_HOGS_future": 103.57499694824219,
    "COPPER_future": 5.877999782562256,
    "High_Yield_Bond_ETF": 80.05500030517578,
    "LIVE_CATTLE_future": 249.64999389648438,
    "GOLD_near_month_future": 4785.7998046875,
    "NATURAL_GAS_future": 2.6549999713897705,
    "PLATINUM_future": 2063.199951171875,
    "SILVER_future": 76.30000305175781,
    "Long_Term_Treasury_ETF": 86.37650299072266,
    "CORN_future": 443.0,
    "SOYBEANS_future": 1177.75,
    "WHEAT_future": 572.5,
    "SP500_close": 6814.240234375,
    "NASDAQ_close": 22874.623046875,
    "US_10Y_Treasury_Yield": 4.318999767303467,
    "VIX_close": 20.079999923706055,
    "GOLD_basis_spot_vs_near": 0.10009765625,
    "China_10Y_Treasury_Yield": 1.8128
  }
}