{
  "latest_date": "2026-03-23",
  "latest_values": {
    "Shanghai_Composite_Index": 3813.282958984375,
    "CSI_300_Index": 4417.9970703125,
    "Shenzhen_Component_Index": 13345.513671875,
    "ALUMINUM_future": 3122.25,
    "BTC_price": 70674.515625,
    "OIL_price": 89.08000183105469,
    "USD_CNY_exchange_rate": 6.880199909210205,
    "Commodity_Index_ETF": 27.75,
    "US_Dollar_Index": 99.14700317382812,
    "ETH_price": 2148.359619140625,
    "GOLD_spot_price": 4429.5,
    "LEAN_HOGS_future": 104.375,
    "COPPER_future": 5.498499870300293,
    "High_Yield_Bond_ETF": 79.44000244140625,
    "LIVE_CATTLE_future": 234.6999969482422,
    "GOLD_near_month_future": 4430.0,
    "NATURAL_GAS_future": 2.8940000534057617,
    "PLATINUM_future": 1881.4000244140625,
    "SILVER_future": 69.87000274658203,
    "Long_Term_Treasury_ETF": 86.38500213623047,
    "CORN_future": 460.5,
    "SOYBEANS_future": 1164.5,
    "WHEAT_future": 589.25,
    "SP500_close": 6581.0,
    "NASDAQ_close": 21946.759765625,
    "US_10Y_Treasury_Yield": 4.334000110626221,
    "VIX_close": 26.149999618530273,
    "GOLD_basis_spot_vs_near": -0.5,
    "China_10Y_Treasury_Yield": 1.8316
  }
}