{
  "latest_date": "2026-02-26",
  "latest_values": {
    "Shanghai_Composite_Index": 4147.22998046875,
    "CSI_300_Index": 4735.89013671875,
    "Shenzhen_Component_Index": 14475.8701171875,
    "ALUMINUM_future": 3089.0,
    "BTC_price": 67877.703125,
    "OIL_price": 64.30999755859375,
    "USD_CNY_exchange_rate": 6.840400218963623,
    "Commodity_Index_ETF": 24.75,
    "US_Dollar_Index": 97.71399688720703,
    "ETH_price": 2064.183837890625,
    "GOLD_spot_price": 5181.5,
    "LEAN_HOGS_future": 85.5,
    "COPPER_future": 6.015500068664551,
    "High_Yield_Bond_ETF": 80.91999816894531,
    "LIVE_CATTLE_future": 246.0500030517578,
    "GOLD_near_month_future": 5181.2998046875,
    "NATURAL_GAS_future": 2.7960000038146973,
    "PLATINUM_future": 2263.10009765625,
    "SILVER_future": 87.36499786376953,
    "Long_Term_Treasury_ETF": 89.91000366210938,
    "CORN_future": 444.0,
    "SOYBEANS_future": 1170.75,
    "WHEAT_future": 570.75,
    "SP500_close": 6946.1298828125,
    "NASDAQ_close": 23152.080078125,
    "US_10Y_Treasury_Yield": 4.043999671936035,
    "VIX_close": 17.540000915527344,
    "GOLD_basis_spot_vs_near": 0.2001953125,
    "China_10Y_Treasury_Yield": 1.8288
  }
}