{
  "latest_date": "2025-12-02",
  "latest_values": {
    "Shanghai_Composite_Index": 3914.006103515625,
    "CSI_300_Index": 4576.490234375,
    "Shenzhen_Component_Index": 13146.7197265625,
    "ALUMINUM_future": 2858.0,
    "BTC_price": 86738.6875,
    "OIL_price": 59.38999938964844,
    "USD_CNY_exchange_rate": 7.075399875640869,
    "Commodity_Index_ETF": 23.1200008392334,
    "US_Dollar_Index": 99.41300201416016,
    "ETH_price": 2808.91552734375,
    "GOLD_spot_price": 4248.7001953125,
    "LEAN_HOGS_future": 80.19999694824219,
    "COPPER_future": 5.248499870300293,
    "High_Yield_Bond_ETF": 80.47000122070312,
    "LIVE_CATTLE_future": 214.3249969482422,
    "GOLD_near_month_future": 4248.7001953125,
    "NATURAL_GAS_future": 4.896999835968018,
    "PLATINUM_future": 1665.300048828125,
    "SILVER_future": 57.619998931884766,
    "Long_Term_Treasury_ETF": 88.7699966430664,
    "CORN_future": 445.0,
    "SOYBEANS_future": 1127.25,
    "WHEAT_future": 534.0,
    "SP500_close": 6812.6298828125,
    "NASDAQ_close": 23275.919921875,
    "US_10Y_Treasury_Yield": 4.0960001945495605,
    "VIX_close": 17.239999771118164,
    "GOLD_basis_spot_vs_near": 0.0,
    "China_10Y_Treasury_Yield": 1.8366
  }
}