{
  "latest_date": "2025-10-21",
  "latest_values": {
    "Shanghai_Composite_Index": 3863.89306640625,
    "CSI_300_Index": 4538.22021484375,
    "Shenzhen_Component_Index": 12813.2099609375,
    "ALUMINUM_future": 2700.0,
    "BTC_price": 108605.46875,
    "OIL_price": 57.38999938964844,
    "USD_CNY_exchange_rate": 7.126399993896484,
    "Commodity_Index_ETF": 22.34000015258789,
    "US_Dollar_Index": 98.91600036621094,
    "ETH_price": 3889.61767578125,
    "GOLD_spot_price": 4263.0,
    "LEAN_HOGS_future": 82.25,
    "COPPER_future": 4.985000133514404,
    "High_Yield_Bond_ETF": 80.87999725341797,
    "LIVE_CATTLE_future": 243.6750030517578,
    "GOLD_near_month_future": 4262.7001953125,
    "NATURAL_GAS_future": 3.4700000286102295,
    "PLATINUM_future": 1585.9000244140625,
    "SILVER_future": 48.974998474121094,
    "Long_Term_Treasury_ETF": 91.55000305175781,
    "CORN_future": 422.75,
    "SOYBEANS_future": 1055.0,
    "WHEAT_future": 502.25,
    "SP500_close": 6735.1298828125,
    "NASDAQ_close": 22990.5390625,
    "US_10Y_Treasury_Yield": 3.9860000610351562,
    "VIX_close": 18.549999237060547,
    "GOLD_basis_spot_vs_near": 0.2998046875,
    "China_10Y_Treasury_Yield": 1.8357
  }
}