{
  "latest_date": "2025-11-03",
  "latest_values": {
    "Shanghai_Composite_Index": 3976.520751953125,
    "CSI_300_Index": 4653.40283203125,
    "Shenzhen_Component_Index": 13404.0634765625,
    "ALUMINUM_future": 2876.75,
    "BTC_price": 106950.40625,
    "OIL_price": 61.040000915527344,
    "USD_CNY_exchange_rate": 7.11959981918335,
    "Commodity_Index_ETF": 23.045000076293945,
    "US_Dollar_Index": 99.8759994506836,
    "ETH_price": 3610.96630859375,
    "GOLD_spot_price": 4023.800048828125,
    "LEAN_HOGS_future": 82.05000305175781,
    "COPPER_future": 5.054999828338623,
    "High_Yield_Bond_ETF": 80.16000366210938,
    "LIVE_CATTLE_future": 230.3000030517578,
    "GOLD_near_month_future": 4023.699951171875,
    "NATURAL_GAS_future": 4.270999908447266,
    "PLATINUM_future": 1577.9000244140625,
    "SILVER_future": 48.04999923706055,
    "Long_Term_Treasury_ETF": 89.73999786376953,
    "CORN_future": 434.75,
    "SOYBEANS_future": 1134.5,
    "WHEAT_future": 544.75,
    "SP500_close": 6851.97021484375,
    "NASDAQ_close": 23834.72265625,
    "US_10Y_Treasury_Yield": 4.105999946594238,
    "VIX_close": 17.360000610351562,
    "GOLD_basis_spot_vs_near": 0.10009765625,
    "China_10Y_Treasury_Yield": 1.7944
  }
}