{
  "latest_date": "2025-10-09",
  "latest_values": {
    "Shanghai_Composite_Index": 3882.777099609375,
    "CSI_300_Index": 4640.68994140625,
    "Shenzhen_Component_Index": 13526.509765625,
    "ALUMINUM_future": 2764.25,
    "BTC_price": 122128.21875,
    "OIL_price": 62.2599983215332,
    "USD_CNY_exchange_rate": 7.11899995803833,
    "Commodity_Index_ETF": 22.770299911499023,
    "US_Dollar_Index": 99.11299896240234,
    "ETH_price": 4350.13916015625,
    "GOLD_spot_price": 4029.0,
    "LEAN_HOGS_future": 85.3499984741211,
    "COPPER_future": 5.178999900817871,
    "High_Yield_Bond_ETF": 80.44499969482422,
    "LIVE_CATTLE_future": 238.8000030517578,
    "GOLD_near_month_future": 4029.699951171875,
    "NATURAL_GAS_future": 3.3450000286102295,
    "PLATINUM_future": 1695.0999755859375,
    "SILVER_future": 48.32500076293945,
    "Long_Term_Treasury_ETF": 89.0999984741211,
    "CORN_future": 420.25,
    "SOYBEANS_future": 1039.25,
    "WHEAT_future": 512.25,
    "SP500_close": 6743.259765625,
    "NASDAQ_close": 23014.05078125,
    "US_10Y_Treasury_Yield": 4.140000343322754,
    "VIX_close": 16.700000762939453,
    "GOLD_basis_spot_vs_near": -0.699951171875,
    "China_10Y_Treasury_Yield": 1.8466
  }
}