{
  "latest_date": "2025-11-28",
  "latest_values": {
    "Shanghai_Composite_Index": 3888.59619140625,
    "CSI_300_Index": 4526.66162109375,
    "Shenzhen_Component_Index": 12875.2001953125,
    "ALUMINUM_future": 2825.0,
    "BTC_price": 92344.6328125,
    "OIL_price": 59.20000076293945,
    "USD_CNY_exchange_rate": 7.074100017547607,
    "Commodity_Index_ETF": 23.0,
    "US_Dollar_Index": 99.61299896240234,
    "ETH_price": 3068.234130859375,
    "GOLD_spot_price": 4233.89990234375,
    "LEAN_HOGS_future": 81.9749984741211,
    "COPPER_future": 5.265500068664551,
    "High_Yield_Bond_ETF": 81.01000213623047,
    "LIVE_CATTLE_future": 213.85000610351562,
    "GOLD_near_month_future": 4233.89990234375,
    "NATURAL_GAS_future": 4.730000019073486,
    "PLATINUM_future": 1659.9000244140625,
    "SILVER_future": 55.72999954223633,
    "Long_Term_Treasury_ETF": 90.38500213623047,
    "CORN_future": 445.75,
    "SOYBEANS_future": 1135.75,
    "WHEAT_future": 537.25,
    "SP500_close": 6825.9501953125,
    "NASDAQ_close": 23257.396484375,
    "US_10Y_Treasury_Yield": 4.008999824523926,
    "VIX_close": 16.329999923706055,
    "GOLD_basis_spot_vs_near": 0.0,
    "China_10Y_Treasury_Yield": 1.8412
  }
}