{
  "latest_date": "2025-11-05",
  "latest_values": {
    "Shanghai_Composite_Index": 3969.248291015625,
    "CSI_300_Index": 4627.2568359375,
    "Shenzhen_Component_Index": 13223.5595703125,
    "ALUMINUM_future": 2788.75,
    "BTC_price": 103563.2265625,
    "OIL_price": 59.619998931884766,
    "USD_CNY_exchange_rate": 7.125500202178955,
    "Commodity_Index_ETF": 22.81999969482422,
    "US_Dollar_Index": 100.16400146484375,
    "ETH_price": 3431.4052734375,
    "GOLD_spot_price": 3989.0,
    "LEAN_HOGS_future": 80.5,
    "COPPER_future": 4.986999988555908,
    "High_Yield_Bond_ETF": 80.2300033569336,
    "LIVE_CATTLE_future": 220.52499389648438,
    "GOLD_near_month_future": 3989.199951171875,
    "NATURAL_GAS_future": 4.239999771118164,
    "PLATINUM_future": 1562.4000244140625,
    "SILVER_future": 47.845001220703125,
    "Long_Term_Treasury_ETF": 88.95999908447266,
    "CORN_future": 435.0,
    "SOYBEANS_future": 1134.5,
    "WHEAT_future": 554.0,
    "SP500_close": 6796.2900390625,
    "NASDAQ_close": 23499.796875,
    "US_10Y_Treasury_Yield": 4.1570000648498535,
    "VIX_close": 18.010000228881836,
    "GOLD_basis_spot_vs_near": -0.199951171875,
    "China_10Y_Treasury_Yield": 1.7964
  }
}