{
  "latest_date": "2026-02-23",
  "latest_values": {
    "Shanghai_Composite_Index": 4082.072998046875,
    "CSI_300_Index": 4660.41015625,
    "Shenzhen_Component_Index": 14100.1904296875,
    "ALUMINUM_future": 3074.5,
    "BTC_price": 65945.0234375,
    "OIL_price": 67.18000030517578,
    "USD_CNY_exchange_rate": 6.90749979019165,
    "Commodity_Index_ETF": 24.825000762939453,
    "US_Dollar_Index": 97.5510025024414,
    "ETH_price": 1904.322021484375,
    "GOLD_spot_price": 5216.2998046875,
    "LEAN_HOGS_future": 84.67500305175781,
    "COPPER_future": 5.8125,
    "High_Yield_Bond_ETF": 80.92500305175781,
    "LIVE_CATTLE_future": 246.77499389648438,
    "GOLD_near_month_future": 5216.5,
    "NATURAL_GAS_future": 3.0179998874664307,
    "PLATINUM_future": 2172.800048828125,
    "SILVER_future": 87.15499877929688,
    "Long_Term_Treasury_ETF": 89.6050033569336,
    "CORN_future": 441.75,
    "SOYBEANS_future": 1158.25,
    "WHEAT_future": 578.0,
    "SP500_close": 6864.72021484375,
    "NASDAQ_close": 22739.955078125,
    "US_10Y_Treasury_Yield": 4.058000087738037,
    "VIX_close": 20.40999984741211,
    "GOLD_basis_spot_vs_near": -0.2001953125,
    "China_10Y_Treasury_Yield": 1.7899
  }
}