{
  "latest_date": "2026-04-13",
  "latest_values": {
    "Shanghai_Composite_Index": 3986.22509765625,
    "CSI_300_Index": 4636.56982421875,
    "Shenzhen_Component_Index": 14309.4697265625,
    "ALUMINUM_future": 3450.0,
    "BTC_price": 70863.5234375,
    "OIL_price": 104.37000274658203,
    "USD_CNY_exchange_rate": 6.827300071716309,
    "Commodity_Index_ETF": 28.5,
    "US_Dollar_Index": 99.08300018310547,
    "ETH_price": 2195.75048828125,
    "GOLD_spot_price": 4697.7001953125,
    "LEAN_HOGS_future": 103.7249984741211,
    "COPPER_future": 5.807000160217285,
    "High_Yield_Bond_ETF": 79.95999908447266,
    "LIVE_CATTLE_future": 249.1999969482422,
    "GOLD_near_month_future": 4697.7998046875,
    "NATURAL_GAS_future": 2.694999933242798,
    "PLATINUM_future": 2022.0,
    "SILVER_future": 73.9800033569336,
    "Long_Term_Treasury_ETF": 86.48999786376953,
    "CORN_future": 444.75,
    "SOYBEANS_future": 1179.75,
    "WHEAT_future": 581.25,
    "SP500_close": 6816.89013671875,
    "NASDAQ_close": 22902.890625,
    "US_10Y_Treasury_Yield": 4.316999912261963,
    "VIX_close": 19.229999542236328,
    "GOLD_basis_spot_vs_near": -0.099609375,
    "China_10Y_Treasury_Yield": 1.8128
  }
}