{
  "latest_date": "2026-06-30",
  "latest_values": {
    "Shanghai_Composite_Index": 4073.902099609375,
    "CSI_300_Index": 4868.22021484375,
    "Shenzhen_Component_Index": 15812.8701171875,
    "ALUMINUM_future": 3243.0,
    "BTC_price": 59762.48828125,
    "OIL_price": 70.2300033569336,
    "USD_CNY_exchange_rate": 6.786799907684326,
    "Commodity_Index_ETF": 26.559999465942383,
    "US_Dollar_Index": 101.1780014038086,
    "ETH_price": 1593.969970703125,
    "GOLD_spot_price": 4009.5,
    "LEAN_HOGS_future": 97.2750015258789,
    "COPPER_future": 6.167500019073486,
    "High_Yield_Bond_ETF": 80.01000213623047,
    "LIVE_CATTLE_future": 243.5500030517578,
    "GOLD_near_month_future": 4009.5,
    "NATURAL_GAS_future": 3.1730000972747803,
    "PLATINUM_future": 1589.199951171875,
    "SILVER_future": 58.2599983215332,
    "Long_Term_Treasury_ETF": 87.44999694824219,
    "CORN_future": 431.25,
    "SOYBEANS_future": 1139.0,
    "WHEAT_future": 579.75,
    "SP500_close": 7440.43017578125,
    "NASDAQ_close": 25820.14453125,
    "US_10Y_Treasury_Yield": 4.374000072479248,
    "VIX_close": 17.649999618530273,
    "GOLD_basis_spot_vs_near": 0.0,
    "China_10Y_Treasury_Yield": 1.717
  }
}