{
  "latest_date": "2026-04-29",
  "latest_values": {
    "Shanghai_Composite_Index": 4107.51416015625,
    "CSI_300_Index": 4810.3466796875,
    "Shenzhen_Component_Index": 15120.9228515625,
    "ALUMINUM_future": 3472.25,
    "BTC_price": 76472.1328125,
    "OIL_price": 104.62000274658203,
    "USD_CNY_exchange_rate": 6.822800159454346,
    "Commodity_Index_ETF": 30.899999618530273,
    "US_Dollar_Index": 98.80699920654297,
    "ETH_price": 2297.909912109375,
    "GOLD_spot_price": 4553.7001953125,
    "LEAN_HOGS_future": 103.42500305175781,
    "COPPER_future": 5.9679999351501465,
    "High_Yield_Bond_ETF": 80.23999786376953,
    "LIVE_CATTLE_future": 254.1750030517578,
    "GOLD_near_month_future": 4553.2998046875,
    "NATURAL_GAS_future": 2.6470000743865967,
    "PLATINUM_future": 1903.0,
    "SILVER_future": 72.52999877929688,
    "Long_Term_Treasury_ETF": 85.81510162353516,
    "CORN_future": 474.75,
    "SOYBEANS_future": 1192.75,
    "WHEAT_future": 662.0,
    "SP500_close": 7138.72998046875,
    "NASDAQ_close": 24696.185546875,
    "US_10Y_Treasury_Yield": 4.394000053405762,
    "VIX_close": 17.959999084472656,
    "GOLD_basis_spot_vs_near": 0.400390625,
    "China_10Y_Treasury_Yield": 1.7444
  }
}