{
  "latest_date": "2025-10-06",
  "latest_values": {
    "Shanghai_Composite_Index": 3882.777099609375,
    "CSI_300_Index": 4640.68994140625,
    "Shenzhen_Component_Index": 13526.509765625,
    "ALUMINUM_future": 2612.75,
    "BTC_price": 125057.2109375,
    "OIL_price": 61.7400016784668,
    "USD_CNY_exchange_rate": 7.11899995803833,
    "Commodity_Index_ETF": 22.645000457763672,
    "US_Dollar_Index": 98.16100311279297,
    "ETH_price": 4646.2216796875,
    "GOLD_spot_price": 3968.199951171875,
    "LEAN_HOGS_future": 86.125,
    "COPPER_future": 5.059500217437744,
    "High_Yield_Bond_ETF": 80.86000061035156,
    "LIVE_CATTLE_future": 231.0,
    "GOLD_near_month_future": 3967.89990234375,
    "NATURAL_GAS_future": 3.372999906539917,
    "PLATINUM_future": 1676.4000244140625,
    "SILVER_future": 48.51499938964844,
    "Long_Term_Treasury_ETF": 89.05500030517578,
    "CORN_future": 419.0,
    "SOYBEANS_future": 1021.75,
    "WHEAT_future": 516.5,
    "SP500_close": 6721.14013671875,
    "NASDAQ_close": 22872.841796875,
    "US_10Y_Treasury_Yield": 4.1519999504089355,
    "VIX_close": 16.920000076293945,
    "GOLD_basis_spot_vs_near": 0.300048828125,
    "China_10Y_Treasury_Yield": 1.8605
  }
}