{
  "latest_date": "2026-04-01",
  "latest_values": {
    "Shanghai_Composite_Index": 3948.552001953125,
    "CSI_300_Index": 4526.06689453125,
    "Shenzhen_Component_Index": 13706.51953125,
    "ALUMINUM_future": 3417.75,
    "BTC_price": 68404.4140625,
    "OIL_price": 100.11000061035156,
    "USD_CNY_exchange_rate": 6.911600112915039,
    "Commodity_Index_ETF": 28.570100784301758,
    "US_Dollar_Index": 99.38899993896484,
    "ETH_price": 2127.002197265625,
    "GOLD_spot_price": 4764.10009765625,
    "LEAN_HOGS_future": 90.42500305175781,
    "COPPER_future": 5.611999988555908,
    "High_Yield_Bond_ETF": 79.31999969482422,
    "LIVE_CATTLE_future": 243.02499389648438,
    "GOLD_near_month_future": 4764.10009765625,
    "NATURAL_GAS_future": 2.8410000801086426,
    "PLATINUM_future": 1960.699951171875,
    "SILVER_future": 75.125,
    "Long_Term_Treasury_ETF": 86.33999633789062,
    "CORN_future": 452.75,
    "SOYBEANS_future": 1163.0,
    "WHEAT_future": 604.5,
    "SP500_close": 6575.22021484375,
    "NASDAQ_close": 21821.662109375,
    "US_10Y_Treasury_Yield": 4.328999996185303,
    "VIX_close": 24.969999313354492,
    "GOLD_basis_spot_vs_near": 0.0,
    "China_10Y_Treasury_Yield": 1.8244
  }
}