{
  "latest_date": "2026-02-10",
  "latest_values": {
    "Shanghai_Composite_Index": 4123.08984375,
    "CSI_300_Index": 4719.06005859375,
    "Shenzhen_Component_Index": 14208.4404296875,
    "ALUMINUM_future": 3035.0,
    "BTC_price": 69607.4375,
    "OIL_price": 64.18000030517578,
    "USD_CNY_exchange_rate": 6.910200119018555,
    "Commodity_Index_ETF": 24.25,
    "US_Dollar_Index": 96.85900115966797,
    "ETH_price": 2062.51025390625,
    "GOLD_spot_price": 5048.60009765625,
    "LEAN_HOGS_future": 96.94999694824219,
    "COPPER_future": 5.909999847412109,
    "High_Yield_Bond_ETF": 80.91999816894531,
    "LIVE_CATTLE_future": 238.22500610351562,
    "GOLD_near_month_future": 5048.2001953125,
    "NATURAL_GAS_future": 3.1080000400543213,
    "PLATINUM_future": 2083.10009765625,
    "SILVER_future": 81.11499786376953,
    "Long_Term_Treasury_ETF": 87.5199966430664,
    "CORN_future": 428.5,
    "SOYBEANS_future": 1111.75,
    "WHEAT_future": 527.25,
    "SP500_close": 6964.81982421875,
    "NASDAQ_close": 23238.669921875,
    "US_10Y_Treasury_Yield": 4.197999954223633,
    "VIX_close": 17.360000610351562,
    "GOLD_basis_spot_vs_near": 0.39990234375,
    "China_10Y_Treasury_Yield": 1.8114
  }
}