{
  "latest_date": "2026-05-29",
  "latest_values": {
    "Shanghai_Composite_Index": 4098.63623046875,
    "CSI_300_Index": 4914.2099609375,
    "Shenzhen_Component_Index": 15861.8896484375,
    "ALUMINUM_future": 3668.75,
    "BTC_price": 73393.9921875,
    "OIL_price": 88.3499984741211,
    "USD_CNY_exchange_rate": 6.778800010681152,
    "Commodity_Index_ETF": 29.719999313354492,
    "US_Dollar_Index": 98.99600219726562,
    "ETH_price": 2003.4300537109375,
    "GOLD_spot_price": 4537.2001953125,
    "LEAN_HOGS_future": 102.0,
    "COPPER_future": 6.430500030517578,
    "High_Yield_Bond_ETF": 80.2300033569336,
    "LIVE_CATTLE_future": 241.14999389648438,
    "GOLD_near_month_future": 4537.2998046875,
    "NATURAL_GAS_future": 3.296999931335449,
    "PLATINUM_future": 1929.9000244140625,
    "SILVER_future": 76.36499786376953,
    "Long_Term_Treasury_ETF": 85.73999786376953,
    "CORN_future": 455.25,
    "SOYBEANS_future": 1197.75,
    "WHEAT_future": 621.0,
    "SP500_close": 7563.6298828125,
    "NASDAQ_close": 26917.470703125,
    "US_10Y_Treasury_Yield": 4.454999923706055,
    "VIX_close": 15.739999771118164,
    "GOLD_basis_spot_vs_near": -0.099609375,
    "China_10Y_Treasury_Yield": 1.7193
  }
}