{
  "latest_date": "2025-10-15",
  "latest_values": {
    "Shanghai_Composite_Index": 3865.22900390625,
    "CSI_300_Index": 4539.06005859375,
    "Shenzhen_Component_Index": 12895.1103515625,
    "ALUMINUM_future": 2682.5,
    "BTC_price": 111573.8984375,
    "OIL_price": 59.209999084472656,
    "USD_CNY_exchange_rate": 7.099999904632568,
    "Commodity_Index_ETF": 22.100000381469727,
    "US_Dollar_Index": 98.96299743652344,
    "ETH_price": 4081.26904296875,
    "GOLD_spot_price": 4202.39990234375,
    "LEAN_HOGS_future": 83.125,
    "COPPER_future": 5.020999908447266,
    "High_Yield_Bond_ETF": 80.54000091552734,
    "LIVE_CATTLE_future": 246.60000610351562,
    "GOLD_near_month_future": 4202.2001953125,
    "NATURAL_GAS_future": 3.005000114440918,
    "PLATINUM_future": 1683.800048828125,
    "SILVER_future": 51.19499969482422,
    "Long_Term_Treasury_ETF": 90.86000061035156,
    "CORN_future": 412.25,
    "SOYBEANS_future": 1023.0,
    "WHEAT_future": 495.75,
    "SP500_close": 6644.31005859375,
    "NASDAQ_close": 22521.69921875,
    "US_10Y_Treasury_Yield": 4.020999908447266,
    "VIX_close": 19.440000534057617,
    "GOLD_basis_spot_vs_near": 0.19970703125,
    "China_10Y_Treasury_Yield": 1.8449
  }
}