{
  "latest_date": "2026-06-05",
  "latest_values": {
    "Shanghai_Composite_Index": 4057.781005859375,
    "CSI_300_Index": 4904.75,
    "Shenzhen_Component_Index": 15661.5703125,
    "ALUMINUM_future": 3700.0,
    "BTC_price": 62734.26171875,
    "OIL_price": 92.16000366210938,
    "USD_CNY_exchange_rate": 6.769199848175049,
    "Commodity_Index_ETF": 29.8799991607666,
    "US_Dollar_Index": 99.2979965209961,
    "ETH_price": 1667.68994140625,
    "GOLD_spot_price": 4492.2001953125,
    "LEAN_HOGS_future": 95.30000305175781,
    "COPPER_future": 6.40500020980835,
    "High_Yield_Bond_ETF": 79.83000183105469,
    "LIVE_CATTLE_future": 249.1750030517578,
    "GOLD_near_month_future": 4492.2998046875,
    "NATURAL_GAS_future": 3.3320000171661377,
    "PLATINUM_future": 1888.199951171875,
    "SILVER_future": 72.8550033569336,
    "Long_Term_Treasury_ETF": 85.5,
    "CORN_future": 421.75,
    "SOYBEANS_future": 1126.0,
    "WHEAT_future": 580.75,
    "SP500_close": 7584.31005859375,
    "NASDAQ_close": 26830.9609375,
    "US_10Y_Treasury_Yield": 4.4770002365112305,
    "VIX_close": 15.84000015258789,
    "GOLD_basis_spot_vs_near": -0.099609375,
    "China_10Y_Treasury_Yield": 1.7081
  }
}