{
  "latest_date": "2026-05-18",
  "latest_values": {
    "Shanghai_Composite_Index": 4135.38916015625,
    "CSI_300_Index": 4859.58984375,
    "Shenzhen_Component_Index": 15561.3701171875,
    "ALUMINUM_future": 3514.0,
    "BTC_price": 76648.6484375,
    "OIL_price": 103.0199966430664,
    "USD_CNY_exchange_rate": 6.799499988555908,
    "Commodity_Index_ETF": 31.559999465942383,
    "US_Dollar_Index": 99.01799774169922,
    "ETH_price": 2106.64990234375,
    "GOLD_spot_price": 4553.39990234375,
    "LEAN_HOGS_future": 102.9749984741211,
    "COPPER_future": 6.306000232696533,
    "High_Yield_Bond_ETF": 79.53500366210938,
    "LIVE_CATTLE_future": 247.10000610351562,
    "GOLD_near_month_future": 4553.5,
    "NATURAL_GAS_future": 3.0399999618530273,
    "PLATINUM_future": 1979.9000244140625,
    "SILVER_future": 77.37999725341797,
    "Long_Term_Treasury_ETF": 83.63809967041016,
    "CORN_future": 476.5,
    "SOYBEANS_future": 1216.0,
    "WHEAT_future": 665.75,
    "SP500_close": 7385.669921875,
    "NASDAQ_close": 26030.119140625,
    "US_10Y_Treasury_Yield": 4.598999977111816,
    "VIX_close": 18.270000457763672,
    "GOLD_basis_spot_vs_near": -0.10009765625,
    "China_10Y_Treasury_Yield": 1.7585
  }
}