{
  "latest_date": "2025-12-02",
  "latest_values": {
    "Shanghai_Composite_Index": 3914.006103515625,
    "CSI_300_Index": 4576.490234375,
    "Shenzhen_Component_Index": 13146.7197265625,
    "ALUMINUM_future": 2902.25,
    "BTC_price": 87264.6953125,
    "OIL_price": 59.400001525878906,
    "USD_CNY_exchange_rate": 7.068999767303467,
    "Commodity_Index_ETF": 23.1200008392334,
    "US_Dollar_Index": 99.51200103759766,
    "ETH_price": 2824.853515625,
    "GOLD_spot_price": 4215.60009765625,
    "LEAN_HOGS_future": 80.19999694824219,
    "COPPER_future": 5.188499927520752,
    "High_Yield_Bond_ETF": 80.47000122070312,
    "LIVE_CATTLE_future": 214.3249969482422,
    "GOLD_near_month_future": 4215.60009765625,
    "NATURAL_GAS_future": 4.888999938964844,
    "PLATINUM_future": 1635.199951171875,
    "SILVER_future": 57.68000030517578,
    "Long_Term_Treasury_ETF": 88.7699966430664,
    "CORN_future": 445.25,
    "SOYBEANS_future": 1132.25,
    "WHEAT_future": 531.75,
    "SP500_close": 6812.6298828125,
    "NASDAQ_close": 23275.919921875,
    "US_10Y_Treasury_Yield": 4.0960001945495605,
    "VIX_close": 16.770000457763672,
    "GOLD_basis_spot_vs_near": 0.0,
    "China_10Y_Treasury_Yield": 1.8442
  }
}