{
  "latest_date": "2026-03-27",
  "latest_values": {
    "Shanghai_Composite_Index": 3913.723876953125,
    "CSI_300_Index": 4502.56982421875,
    "Shenzhen_Component_Index": 13760.369140625,
    "ALUMINUM_future": 3132.0,
    "BTC_price": 66578.4453125,
    "OIL_price": 97.08999633789062,
    "USD_CNY_exchange_rate": 6.910099983215332,
    "Commodity_Index_ETF": 28.440000534057617,
    "US_Dollar_Index": 100.072998046875,
    "ETH_price": 1993.0709228515625,
    "GOLD_spot_price": 4434.7998046875,
    "LEAN_HOGS_future": 90.82499694824219,
    "COPPER_future": 5.4604997634887695,
    "High_Yield_Bond_ETF": 78.91999816894531,
    "LIVE_CATTLE_future": 235.10000610351562,
    "GOLD_near_month_future": 4435.0,
    "NATURAL_GAS_future": 3.0439999103546143,
    "PLATINUM_future": 1835.800048828125,
    "SILVER_future": 68.12000274658203,
    "Long_Term_Treasury_ETF": 86.11000061035156,
    "CORN_future": 470.0,
    "SOYBEANS_future": 1177.5,
    "WHEAT_future": 610.25,
    "SP500_close": 6477.16015625,
    "NASDAQ_close": 21408.080078125,
    "US_10Y_Treasury_Yield": 4.415999889373779,
    "VIX_close": 29.649999618530273,
    "GOLD_basis_spot_vs_near": -0.2001953125,
    "China_10Y_Treasury_Yield": 1.8172
  }
}