{
  "latest_date": "2025-10-19",
  "latest_values": {
    "Shanghai_Composite_Index": 3839.7548828125,
    "CSI_300_Index": 4514.22998046875,
    "Shenzhen_Component_Index": 12688.9404296875,
    "ALUMINUM_future": 2707.5,
    "BTC_price": 108686.328125,
    "OIL_price": 57.540000915527344,
    "USD_CNY_exchange_rate": 7.125899791717529,
    "Commodity_Index_ETF": 22.1200008392334,
    "US_Dollar_Index": 98.54100036621094,
    "ETH_price": 3983.73095703125,
    "GOLD_spot_price": 4213.2998046875,
    "LEAN_HOGS_future": 82.375,
    "COPPER_future": 4.9695000648498535,
    "High_Yield_Bond_ETF": 80.72000122070312,
    "LIVE_CATTLE_future": 242.8249969482422,
    "GOLD_near_month_future": 4213.2998046875,
    "NATURAL_GAS_future": 3.007999897003174,
    "PLATINUM_future": 1619.5,
    "SILVER_future": 50.104000091552734,
    "Long_Term_Treasury_ETF": 91.19999694824219,
    "CORN_future": 422.5,
    "SOYBEANS_future": 1019.5,
    "WHEAT_future": 503.75,
    "SP500_close": 6664.009765625,
    "NASDAQ_close": 22679.970703125,
    "US_10Y_Treasury_Yield": 4.006999969482422,
    "VIX_close": 20.780000686645508,
    "GOLD_basis_spot_vs_near": 0.0,
    "China_10Y_Treasury_Yield": 1.8246
  }
}