{
  "latest_date": "2025-09-25",
  "latest_values": {
    "Shanghai_Composite_Index": 3853.64208984375,
    "CSI_300_Index": 4566.06982421875,
    "Shenzhen_Component_Index": 13356.1396484375,
    "ALUMINUM_future": 2590.0,
    "BTC_price": 113163.609375,
    "OIL_price": 64.69999694824219,
    "USD_CNY_exchange_rate": 7.111599922180176,
    "Commodity_Index_ETF": 22.639999389648438,
    "US_Dollar_Index": 97.79100036621094,
    "ETH_price": 4127.09912109375,
    "GOLD_spot_price": 3764.10009765625,
    "LEAN_HOGS_future": 89.6500015258789,
    "COPPER_future": 4.855999946594238,
    "High_Yield_Bond_ETF": 81.1500015258789,
    "LIVE_CATTLE_future": 234.25,
    "GOLD_near_month_future": 3764.10009765625,
    "NATURAL_GAS_future": 3.1480000019073486,
    "PLATINUM_future": 1483.9000244140625,
    "SILVER_future": 44.1150016784668,
    "Long_Term_Treasury_ETF": 88.9800033569336,
    "CORN_future": 425.0,
    "SOYBEANS_future": 1011.75,
    "WHEAT_future": 520.5,
    "SP500_close": 6637.97021484375,
    "NASDAQ_close": 22497.859375,
    "US_10Y_Treasury_Yield": 4.146999835968018,
    "VIX_close": 16.18000030517578,
    "GOLD_basis_spot_vs_near": 0.0,
    "China_10Y_Treasury_Yield": 1.9022
  }
}