{
  "latest_date": "2026-06-18",
  "latest_values": {
    "Shanghai_Composite_Index": 4108.076171875,
    "CSI_300_Index": 4777.31982421875,
    "Shenzhen_Component_Index": 15880.9501953125,
    "ALUMINUM_future": 3404.25,
    "BTC_price": 64387.44921875,
    "OIL_price": 74.31999969482422,
    "USD_CNY_exchange_rate": 6.757199764251709,
    "Commodity_Index_ETF": 27.709999084472656,
    "US_Dollar_Index": 100.33100128173828,
    "ETH_price": 1747.6199951171875,
    "GOLD_spot_price": 4315.89990234375,
    "LEAN_HOGS_future": 94.6500015258789,
    "COPPER_future": 6.428500175476074,
    "High_Yield_Bond_ETF": 79.7300033569336,
    "LIVE_CATTLE_future": 255.72500610351562,
    "GOLD_near_month_future": 4315.7998046875,
    "NATURAL_GAS_future": 3.1519999504089355,
    "PLATINUM_future": 1740.300048828125,
    "SILVER_future": 68.7699966430664,
    "Long_Term_Treasury_ETF": 86.33000183105469,
    "CORN_future": 421.5,
    "SOYBEANS_future": 1151.5,
    "WHEAT_future": 626.0,
    "SP500_close": 7420.10009765625,
    "NASDAQ_close": 26021.66015625,
    "US_10Y_Treasury_Yield": 4.486999988555908,
    "VIX_close": 17.1299991607666,
    "GOLD_basis_spot_vs_near": 0.10009765625,
    "China_10Y_Treasury_Yield": 1.727
  }
}