{
  "latest_date": "2026-01-29",
  "latest_values": {
    "Shanghai_Composite_Index": 4151.23779296875,
    "CSI_300_Index": 4717.990234375,
    "Shenzhen_Component_Index": 14342.8896484375,
    "ALUMINUM_future": 3273.75,
    "BTC_price": 88009.0390625,
    "OIL_price": 63.970001220703125,
    "USD_CNY_exchange_rate": 6.946899890899658,
    "Commodity_Index_ETF": 24.940000534057617,
    "US_Dollar_Index": 96.15499877929688,
    "ETH_price": 2954.5078125,
    "GOLD_spot_price": 5550.39990234375,
    "LEAN_HOGS_future": 95.25,
    "COPPER_future": 6.238999843597412,
    "High_Yield_Bond_ETF": 81.04000091552734,
    "LIVE_CATTLE_future": 238.625,
    "GOLD_near_month_future": 5550.60009765625,
    "NATURAL_GAS_future": 3.822999954223633,
    "PLATINUM_future": 2729.39990234375,
    "SILVER_future": 117.42500305175781,
    "Long_Term_Treasury_ETF": 87.5999984741211,
    "CORN_future": 430.75,
    "SOYBEANS_future": 1076.5,
    "WHEAT_future": 536.5,
    "SP500_close": 6978.02978515625,
    "NASDAQ_close": 23857.44921875,
    "US_10Y_Treasury_Yield": 4.250999927520752,
    "VIX_close": 16.350000381469727,
    "GOLD_basis_spot_vs_near": -0.2001953125,
    "China_10Y_Treasury_Yield": 1.8164
  }
}