{
  "latest_date": "2025-10-14",
  "latest_values": {
    "Shanghai_Composite_Index": 3865.22900390625,
    "CSI_300_Index": 4539.064453125,
    "Shenzhen_Component_Index": 13231.4697265625,
    "ALUMINUM_future": 2672.25,
    "BTC_price": 111819.8984375,
    "OIL_price": 58.43000030517578,
    "USD_CNY_exchange_rate": 7.099999904632568,
    "Commodity_Index_ETF": 22.075000762939453,
    "US_Dollar_Index": 99.16799926757812,
    "ETH_price": 3991.778076171875,
    "GOLD_spot_price": 4145.2998046875,
    "LEAN_HOGS_future": 83.0,
    "COPPER_future": 5.006499767303467,
    "High_Yield_Bond_ETF": 80.4000015258789,
    "LIVE_CATTLE_future": 245.60000610351562,
    "GOLD_near_month_future": 4145.2998046875,
    "NATURAL_GAS_future": 3.062000036239624,
    "PLATINUM_future": 1664.5,
    "SILVER_future": 50.165000915527344,
    "Long_Term_Treasury_ETF": 90.54499816894531,
    "CORN_future": 412.25,
    "SOYBEANS_future": 1020.0,
    "WHEAT_future": 499.5,
    "SP500_close": 6632.16015625,
    "NASDAQ_close": 22495.177734375,
    "US_10Y_Treasury_Yield": 4.043999671936035,
    "VIX_close": 21.010000228881836,
    "GOLD_basis_spot_vs_near": 0.0,
    "China_10Y_Treasury_Yield": 1.8368
  }
}