{
  "latest_date": "2026-06-26",
  "latest_values": {
    "Shanghai_Composite_Index": 4120.28076171875,
    "CSI_300_Index": 4941.60009765625,
    "Shenzhen_Component_Index": 16344.080078125,
    "ALUMINUM_future": 3324.5,
    "BTC_price": 59814.23046875,
    "OIL_price": 69.2300033569336,
    "USD_CNY_exchange_rate": 6.789999961853027,
    "Commodity_Index_ETF": 26.554800033569336,
    "US_Dollar_Index": 101.37000274658203,
    "ETH_price": 1577.2900390625,
    "GOLD_spot_price": 4083.60009765625,
    "LEAN_HOGS_future": 96.625,
    "COPPER_future": 6.18149995803833,
    "High_Yield_Bond_ETF": 79.87000274658203,
    "LIVE_CATTLE_future": 246.0749969482422,
    "GOLD_near_month_future": 4083.10009765625,
    "NATURAL_GAS_future": 3.302000045776367,
    "PLATINUM_future": 1641.199951171875,
    "SILVER_future": 59.3849983215332,
    "Long_Term_Treasury_ETF": 87.29499816894531,
    "CORN_future": 420.5,
    "SOYBEANS_future": 1155.0,
    "WHEAT_future": 588.75,
    "SP500_close": 7359.89013671875,
    "NASDAQ_close": 25347.71484375,
    "US_10Y_Treasury_Yield": 4.372000217437744,
    "VIX_close": 18.799999237060547,
    "GOLD_basis_spot_vs_near": 0.5,
    "China_10Y_Treasury_Yield": 1.7314
  }
}