{
  "latest_date": "2026-06-29",
  "latest_values": {
    "Shanghai_Composite_Index": 4027.264892578125,
    "CSI_300_Index": 4868.22021484375,
    "Shenzhen_Component_Index": 15782.2197265625,
    "ALUMINUM_future": 3697.5,
    "BTC_price": 59839.30859375,
    "OIL_price": 69.58999633789062,
    "USD_CNY_exchange_rate": 6.789999961853027,
    "Commodity_Index_ETF": 26.56999969482422,
    "US_Dollar_Index": 101.3270034790039,
    "ETH_price": 1575.97998046875,
    "GOLD_spot_price": 4056.39990234375,
    "LEAN_HOGS_future": 92.92500305175781,
    "COPPER_future": 6.184999942779541,
    "High_Yield_Bond_ETF": 79.83000183105469,
    "LIVE_CATTLE_future": 257.45001220703125,
    "GOLD_near_month_future": 4056.199951171875,
    "NATURAL_GAS_future": 3.2820000648498535,
    "PLATINUM_future": 1612.199951171875,
    "SILVER_future": 58.3650016784668,
    "Long_Term_Treasury_ETF": 87.36000061035156,
    "CORN_future": 416.25,
    "SOYBEANS_future": 1147.25,
    "WHEAT_future": 586.75,
    "SP500_close": 7354.02001953125,
    "NASDAQ_close": 25297.619140625,
    "US_10Y_Treasury_Yield": 4.372000217437744,
    "VIX_close": 18.40999984741211,
    "GOLD_basis_spot_vs_near": 0.199951171875,
    "China_10Y_Treasury_Yield": 1.7314
  }
}