{
  "latest_date": "2025-12-02",
  "latest_values": {
    "Shanghai_Composite_Index": 3914.006103515625,
    "CSI_300_Index": 4576.48583984375,
    "Shenzhen_Component_Index": 13146.7158203125,
    "ALUMINUM_future": 2740.5,
    "BTC_price": 86407.765625,
    "OIL_price": 59.59000015258789,
    "USD_CNY_exchange_rate": 7.071199893951416,
    "Commodity_Index_ETF": 23.1200008392334,
    "US_Dollar_Index": 99.40699768066406,
    "ETH_price": 2797.0673828125,
    "GOLD_spot_price": 4260.39990234375,
    "LEAN_HOGS_future": 80.32499694824219,
    "COPPER_future": 5.188499927520752,
    "High_Yield_Bond_ETF": 80.47000122070312,
    "LIVE_CATTLE_future": 215.9499969482422,
    "GOLD_near_month_future": 4260.5,
    "NATURAL_GAS_future": 4.9029998779296875,
    "PLATINUM_future": 1668.5,
    "SILVER_future": 58.15999984741211,
    "Long_Term_Treasury_ETF": 88.7699966430664,
    "CORN_future": 432.75,
    "SOYBEANS_future": 1127.25,
    "WHEAT_future": 535.25,
    "SP500_close": 6812.6298828125,
    "NASDAQ_close": 23275.921875,
    "US_10Y_Treasury_Yield": 4.095999717712402,
    "VIX_close": 17.239999771118164,
    "GOLD_basis_spot_vs_near": -0.10009765625,
    "China_10Y_Treasury_Yield": 1.8366
  }
}