{
  "latest_date": "2026-05-01",
  "latest_values": {
    "Shanghai_Composite_Index": 4112.1591796875,
    "CSI_300_Index": 4807.31005859375,
    "Shenzhen_Component_Index": 15107.5498046875,
    "ALUMINUM_future": 3461.5,
    "BTC_price": 78420.03125,
    "OIL_price": 102.01000213623047,
    "USD_CNY_exchange_rate": 6.837500095367432,
    "Commodity_Index_ETF": 30.770000457763672,
    "US_Dollar_Index": 98.18000030517578,
    "ETH_price": 2306.070068359375,
    "GOLD_spot_price": 4637.2998046875,
    "LEAN_HOGS_future": 101.32499694824219,
    "COPPER_future": 5.9695000648498535,
    "High_Yield_Bond_ETF": 80.07499694824219,
    "LIVE_CATTLE_future": 253.0,
    "GOLD_near_month_future": 4637.5,
    "NATURAL_GAS_future": 2.7880001068115234,
    "PLATINUM_future": 2002.4000244140625,
    "SILVER_future": 76.33999633789062,
    "Long_Term_Treasury_ETF": 85.63999938964844,
    "CORN_future": 479.5,
    "SOYBEANS_future": 1201.5,
    "WHEAT_future": 636.5,
    "SP500_close": 7246.56005859375,
    "NASDAQ_close": 25171.509765625,
    "US_10Y_Treasury_Yield": 4.377999782562256,
    "VIX_close": 16.75,
    "GOLD_basis_spot_vs_near": -0.2001953125,
    "China_10Y_Treasury_Yield": 1.7473
  }
}