{
  "latest_date": "2025-12-10",
  "latest_values": {
    "Shanghai_Composite_Index": 3900.49609375,
    "CSI_300_Index": 4591.8271484375,
    "Shenzhen_Component_Index": 13316.423828125,
    "ALUMINUM_future": 2877.5,
    "BTC_price": 92491.0703125,
    "OIL_price": 58.959999084472656,
    "USD_CNY_exchange_rate": 7.063499927520752,
    "Commodity_Index_ETF": 23.1299991607666,
    "US_Dollar_Index": 98.66699981689453,
    "ETH_price": 3348.71728515625,
    "GOLD_spot_price": 4258.2998046875,
    "LEAN_HOGS_future": 82.375,
    "COPPER_future": 5.4070000648498535,
    "High_Yield_Bond_ETF": 80.7300033569336,
    "LIVE_CATTLE_future": 228.52499389648438,
    "GOLD_near_month_future": 4258.2998046875,
    "NATURAL_GAS_future": 4.632999897003174,
    "PLATINUM_future": 1672.9000244140625,
    "SILVER_future": 62.20000076293945,
    "Long_Term_Treasury_ETF": 88.30999755859375,
    "CORN_future": 444.0,
    "SOYBEANS_future": 1092.0,
    "WHEAT_future": 529.25,
    "SP500_close": 6886.68017578125,
    "NASDAQ_close": 23654.15625,
    "US_10Y_Treasury_Yield": 4.164000034332275,
    "VIX_close": 15.770000457763672,
    "GOLD_basis_spot_vs_near": 0.0,
    "China_10Y_Treasury_Yield": 1.8447
  }
}