{
  "latest_date": "2025-11-07",
  "latest_values": {
    "Shanghai_Composite_Index": 3960.18603515625,
    "CSI_300_Index": 4618.7001953125,
    "Shenzhen_Component_Index": 13175.2197265625,
    "ALUMINUM_future": 2790.5,
    "BTC_price": 101916.4765625,
    "OIL_price": 60.06999969482422,
    "USD_CNY_exchange_rate": 7.121600151062012,
    "Commodity_Index_ETF": 22.850000381469727,
    "US_Dollar_Index": 99.83200073242188,
    "ETH_price": 3355.31103515625,
    "GOLD_spot_price": 4014.39990234375,
    "LEAN_HOGS_future": 79.05000305175781,
    "COPPER_future": 4.996500015258789,
    "High_Yield_Bond_ETF": 80.26000213623047,
    "LIVE_CATTLE_future": 216.72500610351562,
    "GOLD_near_month_future": 4014.5,
    "PLATINUM_future": 1558.0,
    "SILVER_future": 48.505001068115234,
    "Long_Term_Treasury_ETF": 89.76000213623047,
    "CORN_future": 429.0,
    "SOYBEANS_future": 1112.5,
    "WHEAT_future": 536.25,
    "SP500_close": 6720.31982421875,
    "NASDAQ_close": 23053.9921875,
    "US_10Y_Treasury_Yield": 4.0929999351501465,
    "VIX_close": 19.5,
    "GOLD_basis_spot_vs_near": -0.10009765625,
    "China_10Y_Treasury_Yield": 1.81
  }
}