{
  "latest_date": "2025-12-15",
  "latest_values": {
    "Shanghai_Composite_Index": 3873.318115234375,
    "CSI_300_Index": 4552.18994140625,
    "Shenzhen_Component_Index": 13147.3896484375,
    "ALUMINUM_future": 2852.75,
    "BTC_price": 89552.171875,
    "OIL_price": 57.06999969482422,
    "USD_CNY_exchange_rate": 7.046500205993652,
    "Commodity_Index_ETF": 22.920000076293945,
    "US_Dollar_Index": 98.28399658203125,
    "ETH_price": 3136.825927734375,
    "GOLD_spot_price": 4366.5,
    "LEAN_HOGS_future": 84.5250015258789,
    "COPPER_future": 5.459499835968018,
    "High_Yield_Bond_ETF": 80.56999969482422,
    "LIVE_CATTLE_future": 229.5500030517578,
    "GOLD_near_month_future": 4366.5,
    "NATURAL_GAS_future": 4.0929999351501465,
    "PLATINUM_future": 1802.0,
    "SILVER_future": 63.85499954223633,
    "Long_Term_Treasury_ETF": 87.33999633789062,
    "CORN_future": 440.25,
    "SOYBEANS_future": 1077.25,
    "WHEAT_future": 525.5,
    "SP500_close": 6827.41015625,
    "NASDAQ_close": 23195.169921875,
    "US_10Y_Treasury_Yield": 4.163000106811523,
    "VIX_close": 16.079999923706055,
    "GOLD_basis_spot_vs_near": 0.0,
    "China_10Y_Treasury_Yield": 1.8488
  }
}