{
  "latest_date": "2026-07-01",
  "latest_values": {
    "Shanghai_Composite_Index": 4094.39697265625,
    "CSI_300_Index": 4868.22021484375,
    "Shenzhen_Component_Index": 16205.5595703125,
    "ALUMINUM_future": 3260.0,
    "BTC_price": 59839.2890625,
    "OIL_price": 68.36000061035156,
    "USD_CNY_exchange_rate": 6.793600082397461,
    "Commodity_Index_ETF": 26.530000686645508,
    "US_Dollar_Index": 101.35600280761719,
    "ETH_price": 1612.1700439453125,
    "GOLD_spot_price": 4086.800048828125,
    "LEAN_HOGS_future": 97.7750015258789,
    "COPPER_future": 6.183499813079834,
    "High_Yield_Bond_ETF": 79.58000183105469,
    "LIVE_CATTLE_future": 243.47500610351562,
    "GOLD_near_month_future": 4086.89990234375,
    "NATURAL_GAS_future": 3.2209999561309814,
    "PLATINUM_future": 1598.199951171875,
    "SILVER_future": 60.619998931884766,
    "Long_Term_Treasury_ETF": 85.6449966430664,
    "CORN_future": 441.5,
    "SOYBEANS_future": 1148.25,
    "WHEAT_future": 600.5,
    "SP500_close": 7502.08984375,
    "NASDAQ_close": 26109.7734375,
    "US_10Y_Treasury_Yield": 4.465000152587891,
    "VIX_close": 16.0,
    "GOLD_basis_spot_vs_near": -0.099853515625,
    "China_10Y_Treasury_Yield": 1.7448
  }
}