{
  "latest_date": "2025-10-02",
  "latest_values": {
    "Shanghai_Composite_Index": 3882.777099609375,
    "CSI_300_Index": 4640.68994140625,
    "Shenzhen_Component_Index": 13526.509765625,
    "ALUMINUM_future": 2616.25,
    "BTC_price": 118766.5625,
    "OIL_price": 60.97999954223633,
    "USD_CNY_exchange_rate": 7.11899995803833,
    "Commodity_Index_ETF": 22.360000610351562,
    "US_Dollar_Index": 97.96099853515625,
    "ETH_price": 4344.46630859375,
    "GOLD_spot_price": 3853.800048828125,
    "LEAN_HOGS_future": 86.625,
    "COPPER_future": 4.900000095367432,
    "High_Yield_Bond_ETF": 80.8499984741211,
    "LIVE_CATTLE_future": 234.0,
    "GOLD_near_month_future": 3853.800048828125,
    "NATURAL_GAS_future": 3.5380001068115234,
    "PLATINUM_future": 1557.800048828125,
    "SILVER_future": 45.80500030517578,
    "Long_Term_Treasury_ETF": 89.47010040283203,
    "CORN_future": 417.5,
    "SOYBEANS_future": 1017.75,
    "WHEAT_future": 514.75,
    "SP500_close": 6698.02001953125,
    "NASDAQ_close": 22751.267578125,
    "US_10Y_Treasury_Yield": 4.1080002784729,
    "VIX_close": 16.610000610351562,
    "GOLD_basis_spot_vs_near": 0.0,
    "China_10Y_Treasury_Yield": 1.8605
  }
}