{
  "latest_date": "2026-03-20",
  "latest_values": {
    "Shanghai_Composite_Index": 3957.052734375,
    "CSI_300_Index": 4567.01806640625,
    "Shenzhen_Component_Index": 13866.2021484375,
    "ALUMINUM_future": 3113.25,
    "BTC_price": 69921.2890625,
    "OIL_price": 97.69000244140625,
    "USD_CNY_exchange_rate": 6.885200023651123,
    "Commodity_Index_ETF": 28.969999313354492,
    "US_Dollar_Index": 99.55599975585938,
    "ETH_price": 2133.506103515625,
    "GOLD_spot_price": 4573.2998046875,
    "LEAN_HOGS_future": 104.5250015258789,
    "COPPER_future": 5.366499900817871,
    "High_Yield_Bond_ETF": 79.15499877929688,
    "LIVE_CATTLE_future": 233.22500610351562,
    "GOLD_near_month_future": 4573.5,
    "NATURAL_GAS_future": 3.061000108718872,
    "PLATINUM_future": 1961.0,
    "SILVER_future": 69.61499786376953,
    "Long_Term_Treasury_ETF": 85.97989654541016,
    "CORN_future": 464.5,
    "SOYBEANS_future": 1160.75,
    "WHEAT_future": 595.0,
    "SP500_close": 6531.81982421875,
    "NASDAQ_close": 21732.6796875,
    "US_10Y_Treasury_Yield": 4.375999927520752,
    "VIX_close": 26.1299991607666,
    "GOLD_basis_spot_vs_near": -0.2001953125,
    "China_10Y_Treasury_Yield": 1.8299
  }
}