{
  "latest_date": "2025-12-09",
  "latest_values": {
    "Shanghai_Composite_Index": 3924.077880859375,
    "CSI_300_Index": 4621.75,
    "Shenzhen_Component_Index": 13329.990234375,
    "ALUMINUM_future": 2863.0,
    "BTC_price": 90111.4609375,
    "OIL_price": 58.720001220703125,
    "USD_CNY_exchange_rate": 7.068699836730957,
    "Commodity_Index_ETF": 23.040000915527344,
    "US_Dollar_Index": 99.05999755859375,
    "ETH_price": 3113.19775390625,
    "GOLD_spot_price": 4210.10009765625,
    "LEAN_HOGS_future": 82.3499984741211,
    "COPPER_future": 5.3480000495910645,
    "High_Yield_Bond_ETF": 80.55000305175781,
    "LIVE_CATTLE_future": 227.3249969482422,
    "GOLD_near_month_future": 4210.0,
    "NATURAL_GAS_future": 4.807000160217285,
    "PLATINUM_future": 1652.300048828125,
    "SILVER_future": 58.42499923706055,
    "Long_Term_Treasury_ETF": 87.87999725341797,
    "CORN_future": 437.75,
    "SOYBEANS_future": 1091.5,
    "WHEAT_future": 535.75,
    "SP500_close": 6846.509765625,
    "NASDAQ_close": 23545.900390625,
    "US_10Y_Treasury_Yield": 4.171999931335449,
    "VIX_close": 16.65999984741211,
    "GOLD_basis_spot_vs_near": 0.10009765625,
    "China_10Y_Treasury_Yield": 1.8499
  }
}