{
  "latest_date": "2025-12-02",
  "latest_values": {
    "Shanghai_Composite_Index": 3914.006103515625,
    "CSI_300_Index": 4576.490234375,
    "Shenzhen_Component_Index": 13146.7197265625,
    "ALUMINUM_future": 2890.25,
    "BTC_price": 86958.328125,
    "OIL_price": 59.369998931884766,
    "USD_CNY_exchange_rate": 7.073699951171875,
    "Commodity_Index_ETF": 23.1200008392334,
    "US_Dollar_Index": 99.41999816894531,
    "ETH_price": 2804.32958984375,
    "GOLD_spot_price": 4249.60009765625,
    "LEAN_HOGS_future": 80.19999694824219,
    "COPPER_future": 5.150000095367432,
    "High_Yield_Bond_ETF": 80.47000122070312,
    "LIVE_CATTLE_future": 215.9499969482422,
    "GOLD_near_month_future": 4249.7001953125,
    "NATURAL_GAS_future": 4.877999782562256,
    "PLATINUM_future": 1655.5,
    "SILVER_future": 57.845001220703125,
    "Long_Term_Treasury_ETF": 88.7699966430664,
    "CORN_future": 445.5,
    "SOYBEANS_future": 1130.75,
    "WHEAT_future": 529.25,
    "SP500_close": 6812.6298828125,
    "NASDAQ_close": 23275.919921875,
    "US_10Y_Treasury_Yield": 4.0960001945495605,
    "VIX_close": 17.239999771118164,
    "GOLD_basis_spot_vs_near": -0.10009765625,
    "China_10Y_Treasury_Yield": 1.8366
  }
}