{
  "latest_date": "2026-03-27",
  "latest_values": {
    "Shanghai_Composite_Index": 3889.0830078125,
    "CSI_300_Index": 4477.52978515625,
    "Shenzhen_Component_Index": 13606.4404296875,
    "ALUMINUM_future": 3162.0,
    "BTC_price": 68854.984375,
    "OIL_price": 93.44999694824219,
    "USD_CNY_exchange_rate": 6.912199974060059,
    "Commodity_Index_ETF": 28.440000534057617,
    "US_Dollar_Index": 99.83599853515625,
    "ETH_price": 2067.283203125,
    "GOLD_spot_price": 4424.5,
    "LEAN_HOGS_future": 104.32499694824219,
    "COPPER_future": 5.513500213623047,
    "High_Yield_Bond_ETF": 78.91999816894531,
    "LIVE_CATTLE_future": 234.8249969482422,
    "GOLD_near_month_future": 4425.2001953125,
    "NATURAL_GAS_future": 2.927000045776367,
    "PLATINUM_future": 1866.4000244140625,
    "SILVER_future": 68.72000122070312,
    "Long_Term_Treasury_ETF": 86.11000061035156,
    "CORN_future": 467.25,
    "SOYBEANS_future": 1173.5,
    "WHEAT_future": 604.5,
    "SP500_close": 6477.16015625,
    "NASDAQ_close": 21408.080078125,
    "US_10Y_Treasury_Yield": 4.415999889373779,
    "VIX_close": 27.440000534057617,
    "GOLD_basis_spot_vs_near": -0.7001953125,
    "China_10Y_Treasury_Yield": 1.8194
  }
}