{
  "latest_date": "2026-05-21",
  "latest_values": {
    "Shanghai_Composite_Index": 4077.276611328125,
    "CSI_300_Index": 4783.09765625,
    "Shenzhen_Component_Index": 15247.2705078125,
    "ALUMINUM_future": 3619.25,
    "BTC_price": 76931.9375,
    "OIL_price": 101.29000091552734,
    "USD_CNY_exchange_rate": 6.814499855041504,
    "Commodity_Index_ETF": 31.140100479125977,
    "US_Dollar_Index": 99.375,
    "ETH_price": 2121.14990234375,
    "GOLD_spot_price": 4508.7998046875,
    "LEAN_HOGS_future": 100.4000015258789,
    "COPPER_future": 6.28849983215332,
    "High_Yield_Bond_ETF": 79.69499969482422,
    "LIVE_CATTLE_future": 243.85000610351562,
    "GOLD_near_month_future": 4508.7001953125,
    "NATURAL_GAS_future": 3.1700000762939453,
    "PLATINUM_future": 1945.5999755859375,
    "SILVER_future": 75.37000274658203,
    "Long_Term_Treasury_ETF": 83.57499694824219,
    "CORN_future": 467.5,
    "SOYBEANS_future": 1198.25,
    "WHEAT_future": 654.0,
    "SP500_close": 7399.85986328125,
    "NASDAQ_close": 26103.560546875,
    "US_10Y_Treasury_Yield": 4.615000247955322,
    "VIX_close": 17.68000030517578,
    "GOLD_basis_spot_vs_near": 0.099609375,
    "China_10Y_Treasury_Yield": 1.7448
  }
}