{
  "latest_date": "2026-05-14",
  "latest_values": {
    "Shanghai_Composite_Index": 4242.57177734375,
    "CSI_300_Index": 4998.33984375,
    "Shenzhen_Component_Index": 16089.75,
    "ALUMINUM_future": 3626.75,
    "BTC_price": 81599.9921875,
    "OIL_price": 101.29000091552734,
    "USD_CNY_exchange_rate": 6.785099983215332,
    "Commodity_Index_ETF": 31.100000381469727,
    "US_Dollar_Index": 98.8239974975586,
    "ETH_price": 2309.580078125,
    "GOLD_spot_price": 4679.89990234375,
    "LEAN_HOGS_future": 99.6500015258789,
    "COPPER_future": 6.597499847412109,
    "High_Yield_Bond_ETF": 79.91999816894531,
    "LIVE_CATTLE_future": 246.39999389648438,
    "GOLD_near_month_future": 4680.0,
    "NATURAL_GAS_future": 2.8970000743865967,
    "PLATINUM_future": 2083.0,
    "SILVER_future": 85.16500091552734,
    "Long_Term_Treasury_ETF": 85.13500213623047,
    "CORN_future": 467.75,
    "SOYBEANS_future": 1193.5,
    "WHEAT_future": 658.25,
    "SP500_close": 7497.60986328125,
    "NASDAQ_close": 26623.337890625,
    "US_10Y_Treasury_Yield": 4.456999778747559,
    "VIX_close": 17.469999313354492,
    "GOLD_basis_spot_vs_near": -0.10009765625,
    "China_10Y_Treasury_Yield": 1.7588
  }
}