{
  "latest_date": "2026-02-17",
  "latest_values": {
    "Shanghai_Composite_Index": 4082.072998046875,
    "CSI_300_Index": 4660.41015625,
    "Shenzhen_Component_Index": 14100.1904296875,
    "ALUMINUM_future": 3012.5,
    "BTC_price": 68829.6796875,
    "OIL_price": 63.72999954223633,
    "USD_CNY_exchange_rate": 6.90749979019165,
    "Commodity_Index_ETF": 23.8799991607666,
    "US_Dollar_Index": 97.0999984741211,
    "ETH_price": 1998.1834716796875,
    "GOLD_spot_price": 4996.2001953125,
    "LEAN_HOGS_future": 86.94999694824219,
    "COPPER_future": 5.749000072479248,
    "High_Yield_Bond_ETF": 80.8499984741211,
    "LIVE_CATTLE_future": 243.0749969482422,
    "GOLD_near_month_future": 4996.7001953125,
    "NATURAL_GAS_future": 3.0869998931884766,
    "PLATINUM_future": 2035.0,
    "SILVER_future": 75.82499694824219,
    "Long_Term_Treasury_ETF": 89.72000122070312,
    "CORN_future": 431.75,
    "SOYBEANS_future": 1133.0,
    "WHEAT_future": 548.75,
    "SP500_close": 6836.169921875,
    "NASDAQ_close": 22546.669921875,
    "US_10Y_Treasury_Yield": 4.056000232696533,
    "VIX_close": 21.200000762939453,
    "GOLD_basis_spot_vs_near": -0.5,
    "China_10Y_Treasury_Yield": 1.7899
  }
}