{
  "latest_date": "2025-11-24",
  "latest_values": {
    "Shanghai_Composite_Index": 3836.765380859375,
    "CSI_300_Index": 4448.0478515625,
    "Shenzhen_Component_Index": 12538.0703125,
    "ALUMINUM_future": 2774.5,
    "BTC_price": 87062.1875,
    "OIL_price": 58.13999938964844,
    "USD_CNY_exchange_rate": 7.101500034332275,
    "Commodity_Index_ETF": 22.524999618530273,
    "US_Dollar_Index": 100.18900299072266,
    "ETH_price": 2858.625,
    "GOLD_spot_price": 4089.39990234375,
    "LEAN_HOGS_future": 79.17500305175781,
    "COPPER_future": 5.059999942779541,
    "High_Yield_Bond_ETF": 80.49500274658203,
    "LIVE_CATTLE_future": 207.52499389648438,
    "GOLD_near_month_future": 4089.39990234375,
    "NATURAL_GAS_future": 4.677000045776367,
    "PLATINUM_future": 1555.199951171875,
    "SILVER_future": 50.09000015258789,
    "Long_Term_Treasury_ETF": 89.81500244140625,
    "CORN_future": 425.5,
    "SOYBEANS_future": 1125.75,
    "WHEAT_future": 532.75,
    "SP500_close": 6690.6201171875,
    "NASDAQ_close": 22747.806640625,
    "US_10Y_Treasury_Yield": 4.053999900817871,
    "VIX_close": 21.020000457763672,
    "GOLD_basis_spot_vs_near": 0.0,
    "China_10Y_Treasury_Yield": 1.821
  }
}