{
  "latest_date": "2026-02-05",
  "latest_values": {
    "Shanghai_Composite_Index": 4102.2021484375,
    "CSI_300_Index": 4698.68017578125,
    "Shenzhen_Component_Index": 14156.26953125,
    "ALUMINUM_future": 2966.25,
    "BTC_price": 70160.6015625,
    "OIL_price": 64.66000366210938,
    "USD_CNY_exchange_rate": 6.939899921417236,
    "Commodity_Index_ETF": 24.190000534057617,
    "US_Dollar_Index": 97.84100341796875,
    "ETH_price": 2074.095947265625,
    "GOLD_spot_price": 4894.89990234375,
    "LEAN_HOGS_future": 87.9000015258789,
    "COPPER_future": 5.847499847412109,
    "High_Yield_Bond_ETF": 80.62000274658203,
    "LIVE_CATTLE_future": 240.52499389648438,
    "GOLD_near_month_future": 4894.89990234375,
    "NATURAL_GAS_future": 3.5160000324249268,
    "PLATINUM_future": 2084.199951171875,
    "SILVER_future": 78.26499938964844,
    "Long_Term_Treasury_ETF": 86.54000091552734,
    "CORN_future": 430.5,
    "SOYBEANS_future": 1105.5,
    "WHEAT_future": 528.75,
    "SP500_close": 6882.72021484375,
    "NASDAQ_close": 22904.580078125,
    "US_10Y_Treasury_Yield": 4.275000095367432,
    "VIX_close": 19.34000015258789,
    "GOLD_basis_spot_vs_near": 0.0,
    "China_10Y_Treasury_Yield": 1.8169
  }
}