{
  "latest_date": "2026-02-06",
  "latest_values": {
    "Shanghai_Composite_Index": 4065.58349609375,
    "CSI_300_Index": 4643.595703125,
    "Shenzhen_Component_Index": 13906.734375,
    "ALUMINUM_future": 3033.25,
    "BTC_price": 70277.3515625,
    "OIL_price": 64.25,
    "USD_CNY_exchange_rate": 6.938300132751465,
    "Commodity_Index_ETF": 24.11009979248047,
    "US_Dollar_Index": 97.6510009765625,
    "ETH_price": 2047.1302490234375,
    "GOLD_spot_price": 4978.7998046875,
    "LEAN_HOGS_future": 87.44999694824219,
    "COPPER_future": 5.86899995803833,
    "High_Yield_Bond_ETF": 80.7300033569336,
    "LIVE_CATTLE_future": 240.27499389648438,
    "GOLD_near_month_future": 4978.10009765625,
    "NATURAL_GAS_future": 3.5420000553131104,
    "PLATINUM_future": 2085.0,
    "SILVER_future": 76.41500091552734,
    "Long_Term_Treasury_ETF": 87.30500030517578,
    "CORN_future": 431.0,
    "SOYBEANS_future": 1121.5,
    "WHEAT_future": 531.0,
    "SP500_close": 6900.66015625,
    "NASDAQ_close": 22917.65234375,
    "US_10Y_Treasury_Yield": 4.2179999351501465,
    "VIX_close": 18.040000915527344,
    "GOLD_basis_spot_vs_near": 0.69970703125,
    "China_10Y_Treasury_Yield": 1.8102
  }
}