{
  "latest_date": "2026-04-01",
  "latest_values": {
    "Shanghai_Composite_Index": 3891.861083984375,
    "CSI_300_Index": 4450.0498046875,
    "Shenzhen_Component_Index": 13478.0595703125,
    "ALUMINUM_future": 3425.0,
    "BTC_price": 68721.2421875,
    "OIL_price": 100.48999786376953,
    "USD_CNY_exchange_rate": 6.871500015258789,
    "Commodity_Index_ETF": 28.739999771118164,
    "US_Dollar_Index": 99.44499969482422,
    "ETH_price": 2130.83837890625,
    "GOLD_spot_price": 4806.0,
    "LEAN_HOGS_future": 105.125,
    "COPPER_future": 5.630000114440918,
    "High_Yield_Bond_ETF": 79.38500213623047,
    "LIVE_CATTLE_future": 244.3249969482422,
    "GOLD_near_month_future": 4806.10009765625,
    "NATURAL_GAS_future": 2.8350000381469727,
    "PLATINUM_future": 1979.199951171875,
    "SILVER_future": 75.70999908447266,
    "Long_Term_Treasury_ETF": 86.63500213623047,
    "CORN_future": 452.0,
    "SOYBEANS_future": 1163.75,
    "WHEAT_future": 596.5,
    "SP500_close": 6600.830078125,
    "NASDAQ_close": 21956.712890625,
    "US_10Y_Treasury_Yield": 4.309000015258789,
    "VIX_close": 23.559999465942383,
    "GOLD_basis_spot_vs_near": -0.10009765625,
    "China_10Y_Treasury_Yield": 1.8244
  }
}