{
  "latest_date": "2026-07-15",
  "latest_values": {
    "Shanghai_Composite_Index": 3955.578125,
    "CSI_300_Index": 4786.78271484375,
    "Shenzhen_Component_Index": 14779.396484375,
    "ALUMINUM_future": 3349.75,
    "BTC_price": 65336.6484375,
    "OIL_price": 78.79000091552734,
    "USD_CNY_exchange_rate": 6.7795000076293945,
    "Commodity_Index_ETF": 28.510000228881836,
    "US_Dollar_Index": 100.73999786376953,
    "ETH_price": 1929.0699462890625,
    "GOLD_spot_price": 4048.0,
    "LEAN_HOGS_future": 85.57499694824219,
    "COPPER_future": 6.370500087738037,
    "High_Yield_Bond_ETF": 79.82499694824219,
    "LIVE_CATTLE_future": 226.5749969482422,
    "GOLD_near_month_future": 4048.0,
    "NATURAL_GAS_future": 2.9130001068115234,
    "PLATINUM_future": 1641.800048828125,
    "SILVER_future": 57.790000915527344,
    "Long_Term_Treasury_ETF": 84.33999633789062,
    "CORN_future": 469.25,
    "SOYBEANS_future": 1201.25,
    "WHEAT_future": 679.5,
    "SP500_close": 7561.4501953125,
    "NASDAQ_close": 26210.142578125,
    "US_10Y_Treasury_Yield": 4.560999870300293,
    "VIX_close": 16.360000610351562,
    "GOLD_basis_spot_vs_near": 0.0,
    "China_10Y_Treasury_Yield": 1.7406
  }
}