{
  "latest_date": "2026-04-08",
  "latest_values": {
    "Shanghai_Composite_Index": 3880.096923828125,
    "CSI_300_Index": 4440.7900390625,
    "Shenzhen_Component_Index": 13352.900390625,
    "ALUMINUM_future": 3410.75,
    "BTC_price": 71405.3984375,
    "OIL_price": 96.44000244140625,
    "USD_CNY_exchange_rate": 6.882299900054932,
    "Commodity_Index_ETF": 29.3700008392334,
    "US_Dollar_Index": 98.98799896240234,
    "ETH_price": 2236.850341796875,
    "GOLD_spot_price": 4832.39990234375,
    "LEAN_HOGS_future": 107.07499694824219,
    "COPPER_future": 5.7210001945495605,
    "High_Yield_Bond_ETF": 79.72000122070312,
    "LIVE_CATTLE_future": 245.5500030517578,
    "GOLD_near_month_future": 4832.2001953125,
    "NATURAL_GAS_future": 2.746999979019165,
    "PLATINUM_future": 2029.699951171875,
    "SILVER_future": 76.43000030517578,
    "Long_Term_Treasury_ETF": 86.63999938964844,
    "CORN_future": 444.5,
    "SOYBEANS_future": 1157.25,
    "WHEAT_future": 581.5,
    "SP500_close": 6616.85009765625,
    "NASDAQ_close": 22017.849609375,
    "US_10Y_Treasury_Yield": 4.3429999351501465,
    "VIX_close": 25.780000686645508,
    "GOLD_basis_spot_vs_near": 0.19970703125,
    "China_10Y_Treasury_Yield": 1.8171
  }
}